{
  "type": "FeatureCollection",
  "metadata": {
    "source": "Oklahoma Department of Transportation (ODOT) AADT Network",
    "url": "https://services6.arcgis.com/RBtoEUQ2lmN0K3GY/ArcGIS/rest/services/AADT_Network/FeatureServer/0",
    "description": "Annual Average Daily Traffic counts for Tulsa metro area (AADT >= 5000)",
    "bounds": {
      "north": 36.35,
      "south": 35.85,
      "west": -96.25,
      "east": -95.65
    },
    "extracted": "2026-07-05",
    "note": "Points are segment midpoints derived from ODOT polyline geometry"
  },
  "features": [
    {
      "type": "Feature",
      "properties": {
        "road": "US-169",
        "aadt": 120300,
        "year": 2023,
        "location": "US-169, Tulsa County, MP 5.7-6.2",
        "tier": "core",
        "route_id": "7200083HX0000",
        "previous_aadt": 119400
      },
      "geometry": {
        "type": "Point",
        "coordinates": [
          -95.859538,
          36.095321
        ]
      }
    },
    {
      "type": "Feature",
      "properties": {
        "road": "US-169",
        "aadt": 118700,
        "year": 2023,
        "location": "US-169, Tulsa County, MP 4.7-5.7",
        "tier": "core",
        "route_id": "7200083HX0000",
        "previous_aadt": 114000
      },
      "geometry": {
        "type": "Point",
        "coordinates": [
          -95.858606,
          36.085412
        ]
      }
    },
    {
      "type": "Feature",
      "properties": {
        "road": "SH-51",
        "aadt": 113200,
        "year": 2023,
        "location": "SH-51, Tulsa County, MP 8.1-8.6",
        "tier": "core",
        "route_id": "7200080HX0000",
        "previous_aadt": 104700
      },
      "geometry": {
        "type": "Point",
        "coordinates": [
          -95.856176,
          36.097078
        ]
      }
    },
    {
      "type": "Feature",
      "properties": {
        "road": "US-169",
        "aadt": 112200,
        "year": 2023,
        "location": "US-169, Tulsa County, MP 0.0-0.6",
        "tier": "core",
        "route_id": "7200081HX0000",
        "previous_aadt": 112200
      },
      "geometry": {
        "type": "Point",
        "coordinates": [
          -95.860093,
          36.142614
        ]
      }
    },
    {
      "type": "Feature",
      "properties": {
        "road": "US-169",
        "aadt": 111000,
        "year": 2023,
        "location": "US-169, Tulsa County, MP 0.6-1.7",
        "tier": "core",
        "route_id": "7200081HX0000",
        "previous_aadt": 110800
      },
      "geometry": {
        "type": "Point",
        "coordinates": [
          -95.860812,
          36.161259
        ]
      }
    },
    {
      "type": "Feature",
      "properties": {
        "road": "US-169",
        "aadt": 110600,
        "year": 2023,
        "location": "US-169, Tulsa County, MP 3.6-4.7",
        "tier": "core",
        "route_id": "7200083HX0000",
        "previous_aadt": 105700
      },
      "geometry": {
        "type": "Point",
        "coordinates": [
          -95.85932,
          36.066041
        ]
      }
    },
    {
      "type": "Feature",
      "properties": {
        "road": "I-44",
        "aadt": 108300,
        "year": 2023,
        "location": "I-44, Tulsa County, MP 7.7-8.6",
        "tier": "core",
        "route_id": "7200078HX0000",
        "previous_aadt": 91300
      },
      "geometry": {
        "type": "Point",
        "coordinates": [
          -95.903381,
          36.108629
        ]
      }
    },
    {
      "type": "Feature",
      "properties": {
        "road": "SH-51",
        "aadt": 107900,
        "year": 2023,
        "location": "SH-51, Tulsa County, MP 5.7-6.4",
        "tier": "core",
        "route_id": "7200080HX0000",
        "previous_aadt": 102200
      },
      "geometry": {
        "type": "Point",
        "coordinates": [
          -95.893143,
          36.111763
        ]
      }
    },
    {
      "type": "Feature",
      "properties": {
        "road": "US-169",
        "aadt": 107600,
        "year": 2023,
        "location": "US-169, Tulsa County, MP 8.7-9.1",
        "tier": "core",
        "route_id": "7200083HX0000",
        "previous_aadt": 104900
      },
      "geometry": {
        "type": "Point",
        "coordinates": [
          -95.859885,
          36.137038
        ]
      }
    },
    {
      "type": "Feature",
      "properties": {
        "road": "SH-51",
        "aadt": 106800,
        "year": 2023,
        "location": "SH-51, Tulsa County, MP 8.6-9.4",
        "tier": "core",
        "route_id": "7200080HX0000",
        "previous_aadt": 106200
      },
      "geometry": {
        "type": "Point",
        "coordinates": [
          -95.842542,
          36.09226
        ]
      }
    },
    {
      "type": "Feature",
      "properties": {
        "road": "US-169",
        "aadt": 105400,
        "year": 2023,
        "location": "US-169, Tulsa County, MP 7.7-8.7",
        "tier": "core",
        "route_id": "7200083HX0000",
        "previous_aadt": 104500
      },
      "geometry": {
        "type": "Point",
        "coordinates": [
          -95.859646,
          36.12645
        ]
      }
    },
    {
      "type": "Feature",
      "properties": {
        "road": "I-44",
        "aadt": 104800,
        "year": 2023,
        "location": "I-44, Tulsa County, MP 6.7-7.7",
        "tier": "core",
        "route_id": "7200078HX0000",
        "previous_aadt": 91700
      },
      "geometry": {
        "type": "Point",
        "coordinates": [
          -95.914511,
          36.100759
        ]
      }
    },
    {
      "type": "Feature",
      "properties": {
        "road": "US-169",
        "aadt": 103400,
        "year": 2023,
        "location": "US-169, Tulsa County, MP 6.7-7.7",
        "tier": "core",
        "route_id": "7200083HX0000",
        "previous_aadt": 104000
      },
      "geometry": {
        "type": "Point",
        "coordinates": [
          -95.859641,
          36.112267
        ]
      }
    },
    {
      "type": "Feature",
      "properties": {
        "road": "US-169",
        "aadt": 103000,
        "year": 2023,
        "location": "US-169, Tulsa County, MP 6.2-6.7",
        "tier": "core",
        "route_id": "7200083HX0000",
        "previous_aadt": 101800
      },
      "geometry": {
        "type": "Point",
        "coordinates": [
          -95.859593,
          36.101328
        ]
      }
    },
    {
      "type": "Feature",
      "properties": {
        "road": "I-44",
        "aadt": 102400,
        "year": 2023,
        "location": "I-44, Tulsa County, MP 5.7-6.7",
        "tier": "core",
        "route_id": "7200078HX0000",
        "previous_aadt": 78500
      },
      "geometry": {
        "type": "Point",
        "coordinates": [
          -95.928909,
          36.091747
        ]
      }
    },
    {
      "type": "Feature",
      "properties": {
        "road": "I-44",
        "aadt": 101600,
        "year": 2023,
        "location": "I-44, Tulsa County, MP 4.7-5.7",
        "tier": "core",
        "route_id": "7200078HX0000",
        "previous_aadt": 84700
      },
      "geometry": {
        "type": "Point",
        "coordinates": [
          -95.945146,
          36.09028
        ]
      }
    },
    {
      "type": "Feature",
      "properties": {
        "road": "SH-51",
        "aadt": 101100,
        "year": 2023,
        "location": "SH-51, Tulsa County, MP 9.7-10.9",
        "tier": "core",
        "route_id": "7200080HX0000",
        "previous_aadt": 96800
      },
      "geometry": {
        "type": "Point",
        "coordinates": [
          -95.820707,
          36.081799
        ]
      }
    },
    {
      "type": "Feature",
      "properties": {
        "road": "SH-51",
        "aadt": 100200,
        "year": 2023,
        "location": "SH-51, Tulsa County, MP 6.4-7.0",
        "tier": "core",
        "route_id": "7200080HX0000",
        "previous_aadt": 99700
      },
      "geometry": {
        "type": "Point",
        "coordinates": [
          -95.88102,
          36.105656
        ]
      }
    },
    {
      "type": "Feature",
      "properties": {
        "road": "US-169",
        "aadt": 97900,
        "year": 2023,
        "location": "US-169, Tulsa County, MP 2.7-3.6",
        "tier": "core",
        "route_id": "7200083HX0000",
        "previous_aadt": 96000
      },
      "geometry": {
        "type": "Point",
        "coordinates": [
          -95.859269,
          36.053672
        ]
      }
    },
    {
      "type": "Feature",
      "properties": {
        "road": "I-244",
        "aadt": 97700,
        "year": 2023,
        "location": "I-244, Tulsa County, MP 12.6-13.3",
        "tier": "core",
        "route_id": "7200009HX0000",
        "previous_aadt": 82600
      },
      "geometry": {
        "type": "Point",
        "coordinates": [
          -95.873996,
          36.163407
        ]
      }
    },
    {
      "type": "Feature",
      "properties": {
        "road": "I-44",
        "aadt": 97600,
        "year": 2023,
        "location": "I-44, Tulsa County, MP 3.6-4.7",
        "tier": "core",
        "route_id": "7200078HX0000",
        "previous_aadt": 79700
      },
      "geometry": {
        "type": "Point",
        "coordinates": [
          -95.964509,
          36.089692
        ]
      }
    },
    {
      "type": "Feature",
      "properties": {
        "road": "SH-51",
        "aadt": 97100,
        "year": 2023,
        "location": "SH-51, Tulsa County, MP 7.0-8.1",
        "tier": "core",
        "route_id": "7200080HX0000",
        "previous_aadt": 91200
      },
      "geometry": {
        "type": "Point",
        "coordinates": [
          -95.863579,
          36.099626
        ]
      }
    },
    {
      "type": "Feature",
      "properties": {
        "road": "SH-51",
        "aadt": 94100,
        "year": 2023,
        "location": "SH-51, Tulsa County, MP 9.4-9.7",
        "tier": "core",
        "route_id": "7200080HX0000",
        "previous_aadt": 87600
      },
      "geometry": {
        "type": "Point",
        "coordinates": [
          -95.833248,
          36.087913
        ]
      }
    },
    {
      "type": "Feature",
      "properties": {
        "road": "SH-51",
        "aadt": 90000,
        "year": 2023,
        "location": "SH-51, Tulsa County, MP 10.9-12.0",
        "tier": "core",
        "route_id": "7200080HX0000",
        "previous_aadt": 85800
      },
      "geometry": {
        "type": "Point",
        "coordinates": [
          -95.803194,
          36.073281
        ]
      }
    },
    {
      "type": "Feature",
      "properties": {
        "road": "SH-51",
        "aadt": 85200,
        "year": 2023,
        "location": "SH-51, Tulsa County, MP 5.2-5.7",
        "tier": "core",
        "route_id": "7200080HX0000",
        "previous_aadt": 77000
      },
      "geometry": {
        "type": "Point",
        "coordinates": [
          -95.901331,
          36.115864
        ]
      }
    },
    {
      "type": "Feature",
      "properties": {
        "road": "US-169",
        "aadt": 84500,
        "year": 2023,
        "location": "US-169, Tulsa County, MP 1.6-2.7",
        "tier": "core",
        "route_id": "7200083HX0000",
        "previous_aadt": 73500
      },
      "geometry": {
        "type": "Point",
        "coordinates": [
          -95.859091,
          36.036237
        ]
      }
    },
    {
      "type": "Feature",
      "properties": {
        "road": "SH-51",
        "aadt": 83800,
        "year": 2023,
        "location": "SH-51, Tulsa County, MP 4.2-5.2",
        "tier": "core",
        "route_id": "7200080HX0000",
        "previous_aadt": 75100
      },
      "geometry": {
        "type": "Point",
        "coordinates": [
          -95.912117,
          36.11467
        ]
      }
    },
    {
      "type": "Feature",
      "properties": {
        "road": "SH-51",
        "aadt": 81300,
        "year": 2023,
        "location": "SH-51, Tulsa County, MP 2.3-3.0",
        "tier": "core",
        "route_id": "7200080HX0000",
        "previous_aadt": 70800
      },
      "geometry": {
        "type": "Point",
        "coordinates": [
          -95.944695,
          36.127864
        ]
      }
    },
    {
      "type": "Feature",
      "properties": {
        "road": "I-44",
        "aadt": 80900,
        "year": 2023,
        "location": "I-44, Tulsa County, MP 1.9-3.2",
        "tier": "core",
        "route_id": "7200078HX0000",
        "previous_aadt": 68200
      },
      "geometry": {
        "type": "Point",
        "coordinates": [
          -95.997724,
          36.089647
        ]
      }
    },
    {
      "type": "Feature",
      "properties": {
        "road": "I-44",
        "aadt": 80900,
        "year": 2023,
        "location": "I-44, Rogers County, MP 0.0-1.2",
        "tier": "core",
        "route_id": "6600036HX0000",
        "previous_aadt": 76100
      },
      "geometry": {
        "type": "Point",
        "coordinates": [
          -95.799697,
          36.162454
        ]
      }
    },
    {
      "type": "Feature",
      "properties": {
        "road": "I-244",
        "aadt": 80100,
        "year": 2023,
        "location": "I-244, Tulsa County, MP 2.6-3.6",
        "tier": "core",
        "route_id": "7200009HX0000",
        "previous_aadt": 74000
      },
      "geometry": {
        "type": "Point",
        "coordinates": [
          -96.008712,
          36.119034
        ]
      }
    },
    {
      "type": "Feature",
      "properties": {
        "road": "US-169",
        "aadt": 79200,
        "year": 2023,
        "location": "US-169, Tulsa County, MP 1.7-2.6",
        "tier": "core",
        "route_id": "7200081HX0000",
        "previous_aadt": 79600
      },
      "geometry": {
        "type": "Point",
        "coordinates": [
          -95.860219,
          36.169806
        ]
      }
    },
    {
      "type": "Feature",
      "properties": {
        "road": "SH-51",
        "aadt": 78100,
        "year": 2023,
        "location": "SH-51, Tulsa County, MP 3.0-4.2",
        "tier": "core",
        "route_id": "7200080HX0000",
        "previous_aadt": 66900
      },
      "geometry": {
        "type": "Point",
        "coordinates": [
          -95.926386,
          36.120685
        ]
      }
    },
    {
      "type": "Feature",
      "properties": {
        "road": "I-244",
        "aadt": 76600,
        "year": 2023,
        "location": "I-244, Tulsa County, MP 13.3-13.7",
        "tier": "core",
        "route_id": "7200009HX0000",
        "previous_aadt": 76200
      },
      "geometry": {
        "type": "Point",
        "coordinates": [
          -95.864602,
          36.164292
        ]
      }
    },
    {
      "type": "Feature",
      "properties": {
        "road": "SH-51",
        "aadt": 75400,
        "year": 2023,
        "location": "SH-51, Tulsa County, MP 12.0-13.1",
        "tier": "core",
        "route_id": "7200080HX0000",
        "previous_aadt": 67000
      },
      "geometry": {
        "type": "Point",
        "coordinates": [
          -95.784078,
          36.066403
        ]
      }
    },
    {
      "type": "Feature",
      "properties": {
        "road": "I-44",
        "aadt": 75000,
        "year": 2023,
        "location": "I-44, Rogers County, MP 1.2-3.0",
        "tier": "core",
        "route_id": "6600036HX0000",
        "previous_aadt": 74200
      },
      "geometry": {
        "type": "Point",
        "coordinates": [
          -95.770555,
          36.162404
        ]
      }
    },
    {
      "type": "Feature",
      "properties": {
        "road": "I-44",
        "aadt": 74500,
        "year": 2023,
        "location": "I-44, Tulsa County, MP 3.2-3.6",
        "tier": "core",
        "route_id": "7200078HX0000",
        "previous_aadt": 72300
      },
      "geometry": {
        "type": "Point",
        "coordinates": [
          -95.981219,
          36.089608
        ]
      }
    },
    {
      "type": "Feature",
      "properties": {
        "road": "I-244",
        "aadt": 74300,
        "year": 2023,
        "location": "I-244, Tulsa County, MP 10.2-11.3",
        "tier": "core",
        "route_id": "7200009HX0000",
        "previous_aadt": 68500
      },
      "geometry": {
        "type": "Point",
        "coordinates": [
          -95.916057,
          36.159644
        ]
      }
    },
    {
      "type": "Feature",
      "properties": {
        "road": "I-244",
        "aadt": 72400,
        "year": 2023,
        "location": "I-244, Tulsa County, MP 9.2-10.2",
        "tier": "core",
        "route_id": "7200009HX0000",
        "previous_aadt": 68300
      },
      "geometry": {
        "type": "Point",
        "coordinates": [
          -95.927852,
          36.159349
        ]
      }
    },
    {
      "type": "Feature",
      "properties": {
        "road": "I-44",
        "aadt": 72300,
        "year": 2023,
        "location": "I-44, Tulsa County, MP 10.1-11.3",
        "tier": "core",
        "route_id": "7200078HX0000",
        "previous_aadt": 68600
      },
      "geometry": {
        "type": "Point",
        "coordinates": [
          -95.866435,
          36.134775
        ]
      }
    },
    {
      "type": "Feature",
      "properties": {
        "road": "US-169",
        "aadt": 72200,
        "year": 2023,
        "location": "US-169, Tulsa County, MP 4.7-5.7",
        "tier": "core",
        "route_id": "7200081HX0000",
        "previous_aadt": 69300
      },
      "geometry": {
        "type": "Point",
        "coordinates": [
          -95.851635,
          36.210529
        ]
      }
    },
    {
      "type": "Feature",
      "properties": {
        "road": "I-244",
        "aadt": 72000,
        "year": 2023,
        "location": "I-244, Tulsa County, MP 5.4-6.3",
        "tier": "core",
        "route_id": "7200009HX0000",
        "previous_aadt": 70400
      },
      "geometry": {
        "type": "Point",
        "coordinates": [
          -95.999278,
          36.160051
        ]
      }
    },
    {
      "type": "Feature",
      "properties": {
        "road": "SH-51",
        "aadt": 72000,
        "year": 2023,
        "location": "SH-51, Tulsa County, MP 1.7-2.3",
        "tier": "core",
        "route_id": "7200080HX0000",
        "previous_aadt": 71800
      },
      "geometry": {
        "type": "Point",
        "coordinates": [
          -95.950741,
          36.135438
        ]
      }
    },
    {
      "type": "Feature",
      "properties": {
        "road": "US-169",
        "aadt": 70500,
        "year": 2023,
        "location": "US-169, Tulsa County, MP 6.7-8.7",
        "tier": "core",
        "route_id": "7200081HX0000",
        "previous_aadt": 65600
      },
      "geometry": {
        "type": "Point",
        "coordinates": [
          -95.848028,
          36.237934
        ]
      }
    },
    {
      "type": "Feature",
      "properties": {
        "road": "I-244",
        "aadt": 70300,
        "year": 2023,
        "location": "I-244, Tulsa County, MP 7.7-8.7",
        "tier": "core",
        "route_id": "7200009HX0000",
        "previous_aadt": 58800
      },
      "geometry": {
        "type": "Point",
        "coordinates": [
          -95.960625,
          36.160691
        ]
      }
    },
    {
      "type": "Feature",
      "properties": {
        "road": "US-169",
        "aadt": 70300,
        "year": 2023,
        "location": "US-169, Tulsa County, MP 2.6-4.7",
        "tier": "core",
        "route_id": "7200081HX0000",
        "previous_aadt": 70100
      },
      "geometry": {
        "type": "Point",
        "coordinates": [
          -95.852146,
          36.185374
        ]
      }
    },
    {
      "type": "Feature",
      "properties": {
        "road": "I-244",
        "aadt": 69500,
        "year": 2023,
        "location": "I-244, Tulsa County, MP 3.6-4.5",
        "tier": "core",
        "route_id": "7200009HX0000",
        "previous_aadt": 68700
      },
      "geometry": {
        "type": "Point",
        "coordinates": [
          -96.007199,
          36.139936
        ]
      }
    },
    {
      "type": "Feature",
      "properties": {
        "road": "US-75",
        "aadt": 69300,
        "year": 2023,
        "location": "US-75, Tulsa County, MP 9.0-10.0",
        "tier": "core",
        "route_id": "7200018HX0000",
        "previous_aadt": 65400
      },
      "geometry": {
        "type": "Point",
        "coordinates": [
          -96.006556,
          36.084424
        ]
      }
    },
    {
      "type": "Feature",
      "properties": {
        "road": "US-75",
        "aadt": 68000,
        "year": 2023,
        "location": "US-75, Tulsa County, MP 8.1-9.0",
        "tier": "core",
        "route_id": "7200018HX0000",
        "previous_aadt": 59400
      },
      "geometry": {
        "type": "Point",
        "coordinates": [
          -96.006544,
          36.067618
        ]
      }
    },
    {
      "type": "Feature",
      "properties": {
        "road": "I-244",
        "aadt": 66200,
        "year": 2023,
        "location": "I-244, Tulsa County, MP 8.7-9.2",
        "tier": "core",
        "route_id": "7200009HX0000",
        "previous_aadt": 60100
      },
      "geometry": {
        "type": "Point",
        "coordinates": [
          -95.944726,
          36.159584
        ]
      }
    },
    {
      "type": "Feature",
      "properties": {
        "road": "US-169",
        "aadt": 65800,
        "year": 2023,
        "location": "US-169, Tulsa County, MP 5.7-6.7",
        "tier": "core",
        "route_id": "7200081HX0000",
        "previous_aadt": 64200
      },
      "geometry": {
        "type": "Point",
        "coordinates": [
          -95.850614,
          36.22788
        ]
      }
    },
    {
      "type": "Feature",
      "properties": {
        "road": "I-244",
        "aadt": 65000,
        "year": 2023,
        "location": "I-244, Tulsa County, MP 6.3-7.0",
        "tier": "core",
        "route_id": "7200009HX0000",
        "previous_aadt": 65700
      },
      "geometry": {
        "type": "Point",
        "coordinates": [
          -95.989014,
          36.161546
        ]
      }
    },
    {
      "type": "Feature",
      "properties": {
        "road": "SH-51",
        "aadt": 64700,
        "year": 2023,
        "location": "SH-51, Tulsa County, MP 0.0-0.9",
        "tier": "core",
        "route_id": "7200080HX0000",
        "previous_aadt": 67200
      },
      "geometry": {
        "type": "Point",
        "coordinates": [
          -95.978973,
          36.141995
        ]
      }
    },
    {
      "type": "Feature",
      "properties": {
        "road": "I-244",
        "aadt": 64600,
        "year": 2023,
        "location": "I-244, Tulsa County, MP 11.3-12.6",
        "tier": "core",
        "route_id": "7200009HX0000",
        "previous_aadt": 65200
      },
      "geometry": {
        "type": "Point",
        "coordinates": [
          -95.895985,
          36.161935
        ]
      }
    },
    {
      "type": "Feature",
      "properties": {
        "road": "US-75",
        "aadt": 64000,
        "year": 2023,
        "location": "US-75, Tulsa County, MP 4.0-4.5",
        "tier": "core",
        "route_id": "7200018HX0000",
        "previous_aadt": 65200
      },
      "geometry": {
        "type": "Point",
        "coordinates": [
          -96.011526,
          36.006288
        ]
      }
    },
    {
      "type": "Feature",
      "properties": {
        "road": "SH-51",
        "aadt": 63800,
        "year": 2023,
        "location": "SH-51, Tulsa County, MP 0.9-1.7",
        "tier": "core",
        "route_id": "7200080HX0000",
        "previous_aadt": 63100
      },
      "geometry": {
        "type": "Point",
        "coordinates": [
          -95.956757,
          36.14234
        ]
      }
    },
    {
      "type": "Feature",
      "properties": {
        "road": "I-44",
        "aadt": 63100,
        "year": 2023,
        "location": "I-44, Tulsa County, MP 8.6-10.1",
        "tier": "core",
        "route_id": "7200078HX0000",
        "previous_aadt": 56100
      },
      "geometry": {
        "type": "Point",
        "coordinates": [
          -95.879638,
          36.125441
        ]
      }
    },
    {
      "type": "Feature",
      "properties": {
        "road": "US-169",
        "aadt": 62700,
        "year": 2023,
        "location": "US-169, Tulsa County, MP 0.0-1.6",
        "tier": "core",
        "route_id": "7200083HX0000",
        "previous_aadt": 65200
      },
      "geometry": {
        "type": "Point",
        "coordinates": [
          -95.868232,
          36.025576
        ]
      }
    },
    {
      "type": "Feature",
      "properties": {
        "road": "US-64",
        "aadt": 62200,
        "year": 2023,
        "location": "US-64, Tulsa County, MP 13.9-14.6",
        "tier": "core",
        "route_id": "7200086HX0000",
        "previous_aadt": 61500
      },
      "geometry": {
        "type": "Point",
        "coordinates": [
          -96.01578,
          36.156585
        ]
      }
    },
    {
      "type": "Feature",
      "properties": {
        "road": "I-44",
        "aadt": 61300,
        "year": 2023,
        "location": "I-44, Tulsa County, MP 11.3-12.2",
        "tier": "core",
        "route_id": "7200078HX0000",
        "previous_aadt": 55900
      },
      "geometry": {
        "type": "Point",
        "coordinates": [
          -95.854197,
          36.143425
        ]
      }
    },
    {
      "type": "Feature",
      "properties": {
        "road": "SH-364",
        "aadt": 60800,
        "year": 2023,
        "location": "SH-364, Tulsa County, MP 5.3-7.4",
        "tier": "core",
        "route_id": "7200098HX0000",
        "previous_aadt": 55300
      },
      "geometry": {
        "type": "Point",
        "coordinates": [
          -95.903226,
          36.025779
        ]
      }
    },
    {
      "type": "Feature",
      "properties": {
        "road": "SH-364",
        "aadt": 60600,
        "year": 2023,
        "location": "SH-364, Tulsa County, MP 3.9-5.3",
        "tier": "core",
        "route_id": "7200098HX0000",
        "previous_aadt": 55100
      },
      "geometry": {
        "type": "Point",
        "coordinates": [
          -95.939687,
          36.025036
        ]
      }
    },
    {
      "type": "Feature",
      "properties": {
        "road": "US-75",
        "aadt": 60300,
        "year": 2023,
        "location": "US-75, Tulsa County, MP 5.5-7.0",
        "tier": "core",
        "route_id": "7200018HX0000",
        "previous_aadt": 56900
      },
      "geometry": {
        "type": "Point",
        "coordinates": [
          -96.008738,
          36.036148
        ]
      }
    },
    {
      "type": "Feature",
      "properties": {
        "road": "I-244",
        "aadt": 59800,
        "year": 2023,
        "location": "I-244, Tulsa County, MP 4.5-5.4",
        "tier": "core",
        "route_id": "7200009HX0000",
        "previous_aadt": 76600
      },
      "geometry": {
        "type": "Point",
        "coordinates": [
          -96.002268,
          36.149908
        ]
      }
    },
    {
      "type": "Feature",
      "properties": {
        "road": "US-75",
        "aadt": 59700,
        "year": 2023,
        "location": "US-75, Tulsa County, MP 7.0-8.1",
        "tier": "core",
        "route_id": "7200018HX0000",
        "previous_aadt": 55900
      },
      "geometry": {
        "type": "Point",
        "coordinates": [
          -96.006648,
          36.050663
        ]
      }
    },
    {
      "type": "Feature",
      "properties": {
        "road": "US-75",
        "aadt": 59000,
        "year": 2023,
        "location": "US-75, Tulsa County, MP 4.5-5.5",
        "tier": "core",
        "route_id": "7200018HX0000",
        "previous_aadt": 58400
      },
      "geometry": {
        "type": "Point",
        "coordinates": [
          -96.011482,
          36.022446
        ]
      }
    },
    {
      "type": "Feature",
      "properties": {
        "road": "US-169",
        "aadt": 58800,
        "year": 2023,
        "location": "US-169, Tulsa County, MP 8.7-9.7",
        "tier": "core",
        "route_id": "7200081HX0000",
        "previous_aadt": 60100
      },
      "geometry": {
        "type": "Point",
        "coordinates": [
          -95.847905,
          36.276096
        ]
      }
    },
    {
      "type": "Feature",
      "properties": {
        "road": "SH-51",
        "aadt": 58700,
        "year": 2023,
        "location": "SH-51, Tulsa County, MP 13.1-13.7",
        "tier": "core",
        "route_id": "7200080HX0000",
        "previous_aadt": 53300
      },
      "geometry": {
        "type": "Point",
        "coordinates": [
          -95.770732,
          36.061701
        ]
      }
    },
    {
      "type": "Feature",
      "properties": {
        "road": "SH-364",
        "aadt": 56600,
        "year": 2023,
        "location": "SH-364, Tulsa County, MP 2.1-3.9",
        "tier": "core",
        "route_id": "7200098HX0000",
        "previous_aadt": 51400
      },
      "geometry": {
        "type": "Point",
        "coordinates": [
          -95.957398,
          36.01684
        ]
      }
    },
    {
      "type": "Feature",
      "properties": {
        "road": "I-44",
        "aadt": 56500,
        "year": 2023,
        "location": "I-44, Rogers County, MP 3.0-3.4",
        "tier": "core",
        "route_id": "6600036HX0000",
        "previous_aadt": 53500
      },
      "geometry": {
        "type": "Point",
        "coordinates": [
          -95.754294,
          36.162678
        ]
      }
    },
    {
      "type": "Feature",
      "properties": {
        "road": "I-244",
        "aadt": 56300,
        "year": 2023,
        "location": "I-244, Tulsa County, MP 7.0-7.7",
        "tier": "core",
        "route_id": "7200009HX0000",
        "previous_aadt": 56900
      },
      "geometry": {
        "type": "Point",
        "coordinates": [
          -95.976236,
          36.15905
        ]
      }
    },
    {
      "type": "Feature",
      "properties": {
        "road": "US-64",
        "aadt": 55600,
        "year": 2023,
        "location": "US-64, Tulsa County, MP 14.6-15.2",
        "tier": "core",
        "route_id": "7200086HX0000",
        "previous_aadt": 61000
      },
      "geometry": {
        "type": "Point",
        "coordinates": [
          -96.002715,
          36.158057
        ]
      }
    },
    {
      "type": "Feature",
      "properties": {
        "road": "I-44",
        "aadt": 53600,
        "year": 2023,
        "location": "I-44, Tulsa County, MP 0.6-1.9",
        "tier": "core",
        "route_id": "7200078HX0000",
        "previous_aadt": 47400
      },
      "geometry": {
        "type": "Point",
        "coordinates": [
          -96.023233,
          36.088837
        ]
      }
    },
    {
      "type": "Feature",
      "properties": {
        "road": "I-44",
        "aadt": 53200,
        "year": 2023,
        "location": "I-44, Tulsa County, MP 12.2-13.3",
        "tier": "core",
        "route_id": "7200078HX0000",
        "previous_aadt": 51300
      },
      "geometry": {
        "type": "Point",
        "coordinates": [
          -95.838289,
          36.154676
        ]
      }
    },
    {
      "type": "Feature",
      "properties": {
        "road": "SH-51",
        "aadt": 52700,
        "year": 2023,
        "location": "SH-51, Tulsa County, MP 13.7-14.3",
        "tier": "core",
        "route_id": "7200080HX0000",
        "previous_aadt": 46900
      },
      "geometry": {
        "type": "Point",
        "coordinates": [
          -95.766801,
          36.059429
        ]
      }
    },
    {
      "type": "Feature",
      "properties": {
        "road": "I-44",
        "aadt": 51800,
        "year": 2023,
        "location": "I-44, Tulsa County, MP 13.3-14.4",
        "tier": "core",
        "route_id": "7200078HX0000",
        "previous_aadt": 44500
      },
      "geometry": {
        "type": "Point",
        "coordinates": [
          -95.825741,
          36.161772
        ]
      }
    },
    {
      "type": "Feature",
      "properties": {
        "road": "US-75",
        "aadt": 51700,
        "year": 2023,
        "location": "US-75, Tulsa County, MP 10.0-11.1",
        "tier": "core",
        "route_id": "7200018HX0000",
        "previous_aadt": 46900
      },
      "geometry": {
        "type": "Point",
        "coordinates": [
          -96.006758,
          36.098032
        ]
      }
    },
    {
      "type": "Feature",
      "properties": {
        "road": "I-44",
        "aadt": 50600,
        "year": 2023,
        "location": "I-44, Rogers County, MP 3.4-4.7",
        "tier": "core",
        "route_id": "6600036HX0000",
        "previous_aadt": 47900
      },
      "geometry": {
        "type": "Point",
        "coordinates": [
          -95.74096,
          36.162942
        ]
      }
    },
    {
      "type": "Feature",
      "properties": {
        "road": "US-75",
        "aadt": 50000,
        "year": 2023,
        "location": "US-75, Tulsa County, MP 3.0-4.0",
        "tier": "core",
        "route_id": "7200018HX0000",
        "previous_aadt": 52800
      },
      "geometry": {
        "type": "Point",
        "coordinates": [
          -96.011563,
          35.993955
        ]
      }
    },
    {
      "type": "Feature",
      "properties": {
        "road": "I-44",
        "aadt": 49500,
        "year": 2023,
        "location": "I-44, Tulsa County, MP 0.0-0.6",
        "tier": "core",
        "route_id": "7200078HX0000",
        "previous_aadt": 44200
      },
      "geometry": {
        "type": "Point",
        "coordinates": [
          -96.036778,
          36.088694
        ]
      }
    },
    {
      "type": "Feature",
      "properties": {
        "road": "US-75",
        "aadt": 49400,
        "year": 2023,
        "location": "US-75, Tulsa County, MP 11.1-11.9",
        "tier": "core",
        "route_id": "7200018HX0000",
        "previous_aadt": 48900
      },
      "geometry": {
        "type": "Point",
        "coordinates": [
          -96.011673,
          36.11087
        ]
      }
    },
    {
      "type": "Feature",
      "properties": {
        "road": "US-64",
        "aadt": 48300,
        "year": 2023,
        "location": "US-64, Tulsa County, MP 10.0-11.2",
        "tier": "core",
        "route_id": "7200086HX0000",
        "previous_aadt": 45100
      },
      "geometry": {
        "type": "Point",
        "coordinates": [
          -96.072379,
          36.146802
        ]
      }
    },
    {
      "type": "Feature",
      "properties": {
        "road": "US-64",
        "aadt": 46000,
        "year": 2023,
        "location": "US-64, Tulsa County, MP 12.3-13.9",
        "tier": "core",
        "route_id": "7200086HX0000",
        "previous_aadt": 50400
      },
      "geometry": {
        "type": "Point",
        "coordinates": [
          -96.028946,
          36.157147
        ]
      }
    },
    {
      "type": "Feature",
      "properties": {
        "road": "US-64",
        "aadt": 45100,
        "year": 2023,
        "location": "US-64, Tulsa County, MP 0.0-0.6",
        "tier": "core",
        "route_id": "7200006HX0000",
        "previous_aadt": 44700
      },
      "geometry": {
        "type": "Point",
        "coordinates": [
          -95.886399,
          36.023241
        ]
      }
    },
    {
      "type": "Feature",
      "properties": {
        "road": "I-44",
        "aadt": 44900,
        "year": 2023,
        "location": "I-44, Tulsa County, MP 0.0-1.1",
        "tier": "core",
        "route_id": "7200008HX0000",
        "previous_aadt": 50100
      },
      "geometry": {
        "type": "Point",
        "coordinates": [
          -96.048937,
          36.078809
        ]
      }
    },
    {
      "type": "Feature",
      "properties": {
        "road": "US-75",
        "aadt": 44900,
        "year": 2023,
        "location": "US-75, Tulsa County, MP 0.0-3.0",
        "tier": "core",
        "route_id": "7200018HX0000",
        "previous_aadt": 44600
      },
      "geometry": {
        "type": "Point",
        "coordinates": [
          -96.011696,
          35.959175
        ]
      }
    },
    {
      "type": "Feature",
      "properties": {
        "road": "US-169",
        "aadt": 44700,
        "year": 2023,
        "location": "US-169, Tulsa County, MP 9.7-12.2",
        "tier": "core",
        "route_id": "7200081HX0000",
        "previous_aadt": 48200
      },
      "geometry": {
        "type": "Point",
        "coordinates": [
          -95.834578,
          36.292599
        ]
      }
    },
    {
      "type": "Feature",
      "properties": {
        "road": "US-64",
        "aadt": 44500,
        "year": 2023,
        "location": "US-64, Tulsa County, MP 8.9-10.0",
        "tier": "core",
        "route_id": "7200086HX0000",
        "previous_aadt": 42300
      },
      "geometry": {
        "type": "Point",
        "coordinates": [
          -96.100074,
          36.138197
        ]
      }
    },
    {
      "type": "Feature",
      "properties": {
        "road": "I-44",
        "aadt": 44500,
        "year": 2023,
        "location": "I-44, Delaware County, MP 33.4-35.4",
        "tier": "core",
        "route_id": "1900037HX0000",
        "previous_aadt": 38200
      },
      "geometry": {
        "type": "Point",
        "coordinates": [
          -96.096713,
          36.018607
        ]
      }
    },
    {
      "type": "Feature",
      "properties": {
        "road": "US-64",
        "aadt": 44400,
        "year": 2023,
        "location": "US-64, Tulsa County, MP 11.2-12.3",
        "tier": "core",
        "route_id": "7200086HX0000",
        "previous_aadt": 49600
      },
      "geometry": {
        "type": "Point",
        "coordinates": [
          -96.056861,
          36.1569
        ]
      }
    },
    {
      "type": "Feature",
      "properties": {
        "road": "SH-364",
        "aadt": 42300,
        "year": 2023,
        "location": "SH-364, Tulsa County, MP 0.0-2.1",
        "tier": "core",
        "route_id": "7200098HX0000",
        "previous_aadt": 37500
      },
      "geometry": {
        "type": "Point",
        "coordinates": [
          -95.987258,
          36.011809
        ]
      }
    },
    {
      "type": "Feature",
      "properties": {
        "road": "Local Road",
        "aadt": 42000,
        "year": 2023,
        "location": "ODOT CS-46, Tulsa County, MP 7.0-7.4",
        "tier": "core",
        "route_id": "7200046UX0101",
        "previous_aadt": 41400
      },
      "geometry": {
        "type": "Point",
        "coordinates": [
          -95.922164,
          36.093764
        ]
      }
    },
    {
      "type": "Feature",
      "properties": {
        "road": "US-75",
        "aadt": 41900,
        "year": 2023,
        "location": "US-75, Tulsa County, MP 4.0-6.0",
        "tier": "core",
        "route_id": "7200093HX0000",
        "previous_aadt": 39700
      },
      "geometry": {
        "type": "Point",
        "coordinates": [
          -95.944464,
          36.219662
        ]
      }
    },
    {
      "type": "Feature",
      "properties": {
        "road": "US-75",
        "aadt": 41800,
        "year": 2023,
        "location": "US-75, Tulsa County, MP 0.0-1.4",
        "tier": "core",
        "route_id": "7200093HX0000",
        "previous_aadt": 38400
      },
      "geometry": {
        "type": "Point",
        "coordinates": [
          -95.979607,
          36.171859
        ]
      }
    },
    {
      "type": "Feature",
      "properties": {
        "road": "I-244",
        "aadt": 41700,
        "year": 2023,
        "location": "I-244, Tulsa County, MP 13.7-14.3",
        "tier": "core",
        "route_id": "7200009HX0000",
        "previous_aadt": 41100
      },
      "geometry": {
        "type": "Point",
        "coordinates": [
          -95.853334,
          36.165864
        ]
      }
    },
    {
      "type": "Feature",
      "properties": {
        "road": "I-44",
        "aadt": 40500,
        "year": 2023,
        "location": "I-44, Delaware County, MP 28.7-33.4",
        "tier": "core",
        "route_id": "1900037HX0000",
        "previous_aadt": 34800
      },
      "geometry": {
        "type": "Point",
        "coordinates": [
          -96.169134,
          35.996307
        ]
      }
    },
    {
      "type": "Feature",
      "properties": {
        "road": "I-444",
        "aadt": 40400,
        "year": 2023,
        "location": "I-444, Tulsa County, MP 0.9-1.4",
        "tier": "core",
        "route_id": "7200094HX0000",
        "previous_aadt": 47600
      },
      "geometry": {
        "type": "Point",
        "coordinates": [
          -95.987199,
          36.143583
        ]
      }
    },
    {
      "type": "Feature",
      "properties": {
        "road": "Local Road",
        "aadt": 39300,
        "year": 2023,
        "location": "ODOT CS-22, Tulsa County, MP 7.0-9.5",
        "tier": "core",
        "route_id": "7200022UX0000",
        "previous_aadt": 36000
      },
      "geometry": {
        "type": "Point",
        "coordinates": [
          -95.873627,
          36.06084
        ]
      }
    },
    {
      "type": "Feature",
      "properties": {
        "road": "US-75",
        "aadt": 39300,
        "year": 2023,
        "location": "US-75, Tulsa County, MP 3.4-4.0",
        "tier": "core",
        "route_id": "7200093HX0000",
        "previous_aadt": 41700
      },
      "geometry": {
        "type": "Point",
        "coordinates": [
          -95.948206,
          36.200708
        ]
      }
    },
    {
      "type": "Feature",
      "properties": {
        "road": "SH-11",
        "aadt": 39100,
        "year": 2023,
        "location": "SH-11, Tulsa County, MP 3.5-4.2",
        "tier": "core",
        "route_id": "7200090HX0000",
        "previous_aadt": 34400
      },
      "geometry": {
        "type": "Point",
        "coordinates": [
          -95.885951,
          36.178892
        ]
      }
    },
    {
      "type": "Feature",
      "properties": {
        "road": "US-169",
        "aadt": 38900,
        "year": 2023,
        "location": "US-169, Tulsa County, MP 12.2-13.2",
        "tier": "core",
        "route_id": "7200081HX0000",
        "previous_aadt": 43200
      },
      "geometry": {
        "type": "Point",
        "coordinates": [
          -95.821055,
          36.311716
        ]
      }
    },
    {
      "type": "Feature",
      "properties": {
        "road": "US-75",
        "aadt": 38100,
        "year": 2023,
        "location": "US-75, Tulsa County, MP 7.2-8.4",
        "tier": "core",
        "route_id": "7200093HX0000",
        "previous_aadt": 30400
      },
      "geometry": {
        "type": "Point",
        "coordinates": [
          -95.925279,
          36.25662
        ]
      }
    },
    {
      "type": "Feature",
      "properties": {
        "road": "I-244",
        "aadt": 38000,
        "year": 2023,
        "location": "I-244, Tulsa County, MP 14.3-15.3",
        "tier": "core",
        "route_id": "7200009HX0000",
        "previous_aadt": 37500
      },
      "geometry": {
        "type": "Point",
        "coordinates": [
          -95.837155,
          36.166579
        ]
      }
    },
    {
      "type": "Feature",
      "properties": {
        "road": "SH-11",
        "aadt": 37600,
        "year": 2023,
        "location": "SH-11, Tulsa County, MP 4.2-4.9",
        "tier": "core",
        "route_id": "7200090HX0000",
        "previous_aadt": 33500
      },
      "geometry": {
        "type": "Point",
        "coordinates": [
          -95.884931,
          36.170239
        ]
      }
    },
    {
      "type": "Feature",
      "properties": {
        "road": "US-64",
        "aadt": 37200,
        "year": 2023,
        "location": "US-64, Tulsa County, MP 8.1-8.9",
        "tier": "core",
        "route_id": "7200086HX0000",
        "previous_aadt": 38300
      },
      "geometry": {
        "type": "Point",
        "coordinates": [
          -96.106662,
          36.137562
        ]
      }
    },
    {
      "type": "Feature",
      "properties": {
        "road": "I-444",
        "aadt": 36600,
        "year": 2023,
        "location": "I-444, Tulsa County, MP 0.0-0.9",
        "tier": "core",
        "route_id": "7200094HX0000",
        "previous_aadt": 43600
      },
      "geometry": {
        "type": "Point",
        "coordinates": [
          -96.000218,
          36.145263
        ]
      }
    },
    {
      "type": "Feature",
      "properties": {
        "road": "Local Road",
        "aadt": 36400,
        "year": 2023,
        "location": "ODOT CS-46, Tulsa County, MP 6.0-7.0",
        "tier": "core",
        "route_id": "7200046UX0101",
        "previous_aadt": 22200
      },
      "geometry": {
        "type": "Point",
        "coordinates": [
          -95.922136,
          36.083042
        ]
      }
    },
    {
      "type": "Feature",
      "properties": {
        "road": "SH-135",
        "aadt": 36000,
        "year": 2023,
        "location": "SH-135, Tulsa County, MP 3.0-3.6",
        "tier": "core",
        "route_id": "7200084UX0000",
        "previous_aadt": 22100
      },
      "geometry": {
        "type": "Point",
        "coordinates": [
          -95.951477,
          36.025235
        ]
      }
    },
    {
      "type": "Feature",
      "properties": {
        "road": "Local Road",
        "aadt": 35800,
        "year": 2023,
        "location": "ODOT CS-22, Tulsa County, MP 2.0-3.0",
        "tier": "core",
        "route_id": "7200022UX0000",
        "previous_aadt": 32700
      },
      "geometry": {
        "type": "Point",
        "coordinates": [
          -95.986371,
          36.060827
        ]
      }
    },
    {
      "type": "Feature",
      "properties": {
        "road": "US-75",
        "aadt": 35800,
        "year": 2023,
        "location": "US-75, Tulsa County, MP 6.0-7.2",
        "tier": "core",
        "route_id": "7200093HX0000",
        "previous_aadt": 31800
      },
      "geometry": {
        "type": "Point",
        "coordinates": [
          -95.943826,
          36.239734
        ]
      }
    },
    {
      "type": "Feature",
      "properties": {
        "road": "Local Road",
        "aadt": 35500,
        "year": 2023,
        "location": "ODOT CS-52, Tulsa County, MP 5.6-7.6",
        "tier": "core",
        "route_id": "7200052UX0184",
        "previous_aadt": 20600
      },
      "geometry": {
        "type": "Point",
        "coordinates": [
          -95.815262,
          36.057506
        ]
      }
    },
    {
      "type": "Feature",
      "properties": {
        "road": "Local Road",
        "aadt": 35400,
        "year": 2023,
        "location": "ODOT CS-38, Tulsa County, MP 2.5-2.9",
        "tier": "core",
        "route_id": "7200038UX0000",
        "previous_aadt": 30400
      },
      "geometry": {
        "type": "Point",
        "coordinates": [
          -95.949244,
          36.023383
        ]
      }
    },
    {
      "type": "Feature",
      "properties": {
        "road": "US-75",
        "aadt": 34800,
        "year": 2023,
        "location": "US-75, Tulsa County, MP 8.4-9.4",
        "tier": "core",
        "route_id": "7200093HX0000",
        "previous_aadt": 31500
      },
      "geometry": {
        "type": "Point",
        "coordinates": [
          -95.923769,
          36.274459
        ]
      }
    },
    {
      "type": "Feature",
      "properties": {
        "road": "I-44",
        "aadt": 34500,
        "year": 2023,
        "location": "I-44, Delaware County, MP 14.4-28.7",
        "tier": "core",
        "route_id": "1900037HX0000",
        "previous_aadt": 29500
      },
      "geometry": {
        "type": "Point",
        "coordinates": [
          -96.325155,
          35.891892
        ]
      }
    },
    {
      "type": "Feature",
      "properties": {
        "road": "US-64",
        "aadt": 34400,
        "year": 2023,
        "location": "US-64, Tulsa County, MP 0.6-3.6",
        "tier": "core",
        "route_id": "7200006HX0000",
        "previous_aadt": 37800
      },
      "geometry": {
        "type": "Point",
        "coordinates": [
          -95.886522,
          35.996322
        ]
      }
    },
    {
      "type": "Feature",
      "properties": {
        "road": "I-44",
        "aadt": 33200,
        "year": 2023,
        "location": "I-44, Rogers County, MP 0.0-1.0",
        "tier": "core",
        "route_id": "6600030HX0000",
        "previous_aadt": 30900
      },
      "geometry": {
        "type": "Point",
        "coordinates": [
          -95.731971,
          36.170523
        ]
      }
    },
    {
      "type": "Feature",
      "properties": {
        "road": "I-44",
        "aadt": 33200,
        "year": 2023,
        "location": "I-44, Rogers County, MP 1.0-6.8",
        "tier": "core",
        "route_id": "6600030HX0000",
        "previous_aadt": 30900
      },
      "geometry": {
        "type": "Point",
        "coordinates": [
          -95.707189,
          36.203645
        ]
      }
    },
    {
      "type": "Feature",
      "properties": {
        "road": "US-75",
        "aadt": 32700,
        "year": 2023,
        "location": "US-75, Tulsa County, MP 0.0-6.1",
        "tier": "core",
        "route_id": "7200017HX0000",
        "previous_aadt": 32400
      },
      "geometry": {
        "type": "Point",
        "coordinates": [
          -96.014466,
          35.910907
        ]
      }
    },
    {
      "type": "Feature",
      "properties": {
        "road": "US-75",
        "aadt": 32000,
        "year": 2023,
        "location": "US-75, Tulsa County, MP 1.4-2.8",
        "tier": "core",
        "route_id": "7200093HX0000",
        "previous_aadt": 28900
      },
      "geometry": {
        "type": "Point",
        "coordinates": [
          -95.959804,
          36.188542
        ]
      }
    },
    {
      "type": "Feature",
      "properties": {
        "road": "I-44",
        "aadt": 31900,
        "year": 2023,
        "location": "I-44, Delaware County, MP 35.4-39.3",
        "tier": "core",
        "route_id": "1900037HX0000",
        "previous_aadt": 25700
      },
      "geometry": {
        "type": "Point",
        "coordinates": [
          -96.067444,
          36.066024
        ]
      }
    },
    {
      "type": "Feature",
      "properties": {
        "road": "Local Road",
        "aadt": 31700,
        "year": 2023,
        "location": "ODOT CS-47, Tulsa County, MP 9.2-9.8",
        "tier": "core",
        "route_id": "7200047UX0399",
        "previous_aadt": 19200
      },
      "geometry": {
        "type": "Point",
        "coordinates": [
          -95.904487,
          36.112158
        ]
      }
    },
    {
      "type": "Feature",
      "properties": {
        "road": "SH-11",
        "aadt": 31700,
        "year": 2023,
        "location": "SH-11, Tulsa County, MP 0.5-1.5",
        "tier": "core",
        "route_id": "7200090HX0000",
        "previous_aadt": 23600
      },
      "geometry": {
        "type": "Point",
        "coordinates": [
          -95.927426,
          36.199163
        ]
      }
    },
    {
      "type": "Feature",
      "properties": {
        "road": "US-64",
        "aadt": 31100,
        "year": 2023,
        "location": "US-64, Tulsa County, MP 3.6-7.0",
        "tier": "core",
        "route_id": "7200086HX0000",
        "previous_aadt": 28200
      },
      "geometry": {
        "type": "Point",
        "coordinates": [
          -96.163591,
          36.152806
        ]
      }
    },
    {
      "type": "Feature",
      "properties": {
        "road": "Local Road",
        "aadt": 30900,
        "year": 2023,
        "location": "ODOT CS-48, Tulsa County, MP 4.4-5.7",
        "tier": "core",
        "route_id": "7200048UX0233",
        "previous_aadt": 27900
      },
      "geometry": {
        "type": "Point",
        "coordinates": [
          -95.886487,
          36.097785
        ]
      }
    },
    {
      "type": "Feature",
      "properties": {
        "road": "US-75",
        "aadt": 30900,
        "year": 2023,
        "location": "US-75, Tulsa County, MP 9.4-12.4",
        "tier": "core",
        "route_id": "7200093HX0000",
        "previous_aadt": 24000
      },
      "geometry": {
        "type": "Point",
        "coordinates": [
          -95.924098,
          36.294297
        ]
      }
    },
    {
      "type": "Feature",
      "properties": {
        "road": "SH-51",
        "aadt": 30800,
        "year": 2023,
        "location": "SH-51, Tulsa County, MP 0.0-1.2",
        "tier": "core",
        "route_id": "7200020HX0000",
        "previous_aadt": 30500
      },
      "geometry": {
        "type": "Point",
        "coordinates": [
          -96.115814,
          36.13435
        ]
      }
    },
    {
      "type": "Feature",
      "properties": {
        "road": "I-44",
        "aadt": 30800,
        "year": 2023,
        "location": "I-44, Rogers County, MP 6.8-12.8",
        "tier": "core",
        "route_id": "6600030HX0000",
        "previous_aadt": 28400
      },
      "geometry": {
        "type": "Point",
        "coordinates": [
          -95.612789,
          36.289808
        ]
      }
    },
    {
      "type": "Feature",
      "properties": {
        "road": "SH-11",
        "aadt": 30700,
        "year": 2023,
        "location": "SH-11, Tulsa County, MP 2.7-3.5",
        "tier": "core",
        "route_id": "7200090HX0000",
        "previous_aadt": 29400
      },
      "geometry": {
        "type": "Point",
        "coordinates": [
          -95.895574,
          36.187359
        ]
      }
    },
    {
      "type": "Feature",
      "properties": {
        "road": "US-64",
        "aadt": 30400,
        "year": 2023,
        "location": "US-64, Tulsa County, MP 7.0-8.1",
        "tier": "core",
        "route_id": "7200086HX0000",
        "previous_aadt": 31500
      },
      "geometry": {
        "type": "Point",
        "coordinates": [
          -96.121184,
          36.137677
        ]
      }
    },
    {
      "type": "Feature",
      "properties": {
        "road": "US-169",
        "aadt": 30300,
        "year": 2023,
        "location": "US-169, Tulsa County, MP 13.2-14.2",
        "tier": "core",
        "route_id": "7200081HX0000",
        "previous_aadt": 32100
      },
      "geometry": {
        "type": "Point",
        "coordinates": [
          -95.821043,
          36.32864
        ]
      }
    },
    {
      "type": "Feature",
      "properties": {
        "road": "Local Road",
        "aadt": 30100,
        "year": 2023,
        "location": "ODOT CS-22, Tulsa County, MP 1.3-2.0",
        "tier": "core",
        "route_id": "7200022UX0000",
        "previous_aadt": 24200
      },
      "geometry": {
        "type": "Point",
        "coordinates": [
          -96.001973,
          36.060943
        ]
      }
    },
    {
      "type": "Feature",
      "properties": {
        "road": "SH-11",
        "aadt": 30000,
        "year": 2023,
        "location": "SH-11, Tulsa County, MP 1.5-2.7",
        "tier": "core",
        "route_id": "7200090HX0000",
        "previous_aadt": 27500
      },
      "geometry": {
        "type": "Point",
        "coordinates": [
          -95.917625,
          36.196125
        ]
      }
    },
    {
      "type": "Feature",
      "properties": {
        "road": "Local Road",
        "aadt": 29900,
        "year": 2023,
        "location": "ODOT CS-22, Tulsa County, MP 3.0-7.0",
        "tier": "core",
        "route_id": "7200022UX0000",
        "previous_aadt": 31700
      },
      "geometry": {
        "type": "Point",
        "coordinates": [
          -95.939851,
          36.060768
        ]
      }
    },
    {
      "type": "Feature",
      "properties": {
        "road": "I-444",
        "aadt": 29700,
        "year": 2023,
        "location": "I-444, Tulsa County, MP 1.0-1.4",
        "tier": "core",
        "route_id": "7200092HX0000",
        "previous_aadt": 24800
      },
      "geometry": {
        "type": "Point",
        "coordinates": [
          -95.980345,
          36.156549
        ]
      }
    },
    {
      "type": "Feature",
      "properties": {
        "road": "SH-11",
        "aadt": 29700,
        "year": 2023,
        "location": "SH-11, Tulsa County, MP 0.0-0.5",
        "tier": "core",
        "route_id": "7200090HX0000",
        "previous_aadt": 26700
      },
      "geometry": {
        "type": "Point",
        "coordinates": [
          -95.944189,
          36.199114
        ]
      }
    },
    {
      "type": "Feature",
      "properties": {
        "road": "US-64",
        "aadt": 29400,
        "year": 2023,
        "location": "US-64, Tulsa County, MP 3.6-5.6",
        "tier": "core",
        "route_id": "7200006HX0000",
        "previous_aadt": 29100
      },
      "geometry": {
        "type": "Point",
        "coordinates": [
          -95.886393,
          35.963959
        ]
      }
    },
    {
      "type": "Feature",
      "properties": {
        "road": "Local Road",
        "aadt": 29300,
        "year": 2023,
        "location": "ODOT CS-47, Tulsa County, MP 7.0-8.5",
        "tier": "core",
        "route_id": "7200047UX0399",
        "previous_aadt": 21200
      },
      "geometry": {
        "type": "Point",
        "coordinates": [
          -95.90439,
          36.086778
        ]
      }
    },
    {
      "type": "Feature",
      "properties": {
        "road": "US-75",
        "aadt": 29100,
        "year": 2023,
        "location": "US-75, Tulsa County, MP 2.8-3.4",
        "tier": "core",
        "route_id": "7200093HX0000",
        "previous_aadt": 28200
      },
      "geometry": {
        "type": "Point",
        "coordinates": [
          -95.951153,
          36.195581
        ]
      }
    },
    {
      "type": "Feature",
      "properties": {
        "road": "Local Road",
        "aadt": 29000,
        "year": 2023,
        "location": "ODOT CS-46, Tulsa County, MP 8.0-9.1",
        "tier": "core",
        "route_id": "7200046UX0101",
        "previous_aadt": 26000
      },
      "geometry": {
        "type": "Point",
        "coordinates": [
          -95.922323,
          36.112695
        ]
      }
    },
    {
      "type": "Feature",
      "properties": {
        "road": "US-75",
        "aadt": 28100,
        "year": 2023,
        "location": "US-75, Tulsa County, MP 12.4-15.4",
        "tier": "core",
        "route_id": "7200093HX0000",
        "previous_aadt": 28300
      },
      "geometry": {
        "type": "Point",
        "coordinates": [
          -95.921635,
          36.347549
        ]
      }
    },
    {
      "type": "Feature",
      "properties": {
        "road": "Local Road",
        "aadt": 27900,
        "year": 2023,
        "location": "ODOT CS-43, Tulsa County, MP 3.1-4.2",
        "tier": "core",
        "route_id": "7200043UX0203",
        "previous_aadt": 26400
      },
      "geometry": {
        "type": "Point",
        "coordinates": [
          -95.957971,
          36.08145
        ]
      }
    },
    {
      "type": "Feature",
      "properties": {
        "road": "US-64",
        "aadt": 27800,
        "year": 2023,
        "location": "US-64, Tulsa County, MP 1.6-3.6",
        "tier": "core",
        "route_id": "7200086HX0000",
        "previous_aadt": 26100
      },
      "geometry": {
        "type": "Point",
        "coordinates": [
          -96.20814,
          36.152232
        ]
      }
    },
    {
      "type": "Feature",
      "properties": {
        "road": "Local Road",
        "aadt": 27700,
        "year": 2023,
        "location": "ODOT CS-46, Tulsa County, MP 7.4-8.0",
        "tier": "core",
        "route_id": "7200046UX0101",
        "previous_aadt": 22900
      },
      "geometry": {
        "type": "Point",
        "coordinates": [
          -95.922337,
          36.099933
        ]
      }
    },
    {
      "type": "Feature",
      "properties": {
        "road": "I-244",
        "aadt": 27700,
        "year": 2023,
        "location": "I-244, Tulsa County, MP 15.3-16.3",
        "tier": "core",
        "route_id": "7200009HX0000",
        "previous_aadt": 26700
      },
      "geometry": {
        "type": "Point",
        "coordinates": [
          -95.824375,
          36.161212
        ]
      }
    },
    {
      "type": "Feature",
      "properties": {
        "road": "Local Road",
        "aadt": 27600,
        "year": 2023,
        "location": "ODOT CS-46, Tulsa County, MP 4.0-6.0",
        "tier": "core",
        "route_id": "7200046UX0101",
        "previous_aadt": 29200
      },
      "geometry": {
        "type": "Point",
        "coordinates": [
          -95.922004,
          36.057827
        ]
      }
    },
    {
      "type": "Feature",
      "properties": {
        "road": "SH-167",
        "aadt": 27400,
        "year": 2023,
        "location": "SH-167, Rogers County, MP 0.0-0.3",
        "tier": "core",
        "route_id": "6600034HX0000",
        "previous_aadt": 19700
      },
      "geometry": {
        "type": "Point",
        "coordinates": [
          -95.76145,
          36.165082
        ]
      }
    },
    {
      "type": "Feature",
      "properties": {
        "road": "Local Road",
        "aadt": 27200,
        "year": 2023,
        "location": "ODOT CS-39, Tulsa County, MP 0.0-2.8",
        "tier": "core",
        "route_id": "7200039UX0000",
        "previous_aadt": 30800
      },
      "geometry": {
        "type": "Point",
        "coordinates": [
          -95.957727,
          36.036133
        ]
      }
    },
    {
      "type": "Feature",
      "properties": {
        "road": "Local Road",
        "aadt": 27100,
        "year": 2023,
        "location": "ODOT CS-52, Tulsa County, MP 7.6-7.9",
        "tier": "core",
        "route_id": "7200052UX0184",
        "previous_aadt": 24700
      },
      "geometry": {
        "type": "Point",
        "coordinates": [
          -95.8153,
          36.077881
        ]
      }
    },
    {
      "type": "Feature",
      "properties": {
        "road": "US-412",
        "aadt": 27000,
        "year": 2023,
        "location": "US-412, Rogers County, MP 0.0-5.3",
        "tier": "core",
        "route_id": "6600018HX0000",
        "previous_aadt": 21900
      },
      "geometry": {
        "type": "Point",
        "coordinates": [
          -95.687126,
          36.16417
        ]
      }
    },
    {
      "type": "Feature",
      "properties": {
        "road": "Local Road",
        "aadt": 26700,
        "year": 2023,
        "location": "ODOT CS-46, Tulsa County, MP 3.0-4.0",
        "tier": "core",
        "route_id": "7200046UX0101",
        "previous_aadt": 26300
      },
      "geometry": {
        "type": "Point",
        "coordinates": [
          -95.921634,
          36.041344
        ]
      }
    },
    {
      "type": "Feature",
      "properties": {
        "road": "Local Road",
        "aadt": 26700,
        "year": 2023,
        "location": "ODOT CS-43, Tulsa County, MP 7.1-7.8",
        "tier": "core",
        "route_id": "7200043UX0203",
        "previous_aadt": 17300
      },
      "geometry": {
        "type": "Point",
        "coordinates": [
          -95.958195,
          36.138734
        ]
      }
    },
    {
      "type": "Feature",
      "properties": {
        "road": "SH-364",
        "aadt": 26500,
        "year": 2023,
        "location": "SH-364, Tulsa County, MP 0.0-1.0",
        "tier": "core",
        "route_id": "7200060HX0000",
        "previous_aadt": 21800
      },
      "geometry": {
        "type": "Point",
        "coordinates": [
          -96.017934,
          36.00959
        ]
      }
    },
    {
      "type": "Feature",
      "properties": {
        "road": "SH-364",
        "aadt": 26500,
        "year": 2023,
        "location": "SH-364, Delaware County, MP 3.1-4.2",
        "tier": "core",
        "route_id": "1900050HX0000",
        "previous_aadt": 21800
      },
      "geometry": {
        "type": "Point",
        "coordinates": [
          -96.039383,
          36.00925
        ]
      }
    },
    {
      "type": "Feature",
      "properties": {
        "road": "Local Road",
        "aadt": 26300,
        "year": 2023,
        "location": "ODOT CS-47, Tulsa County, MP 5.0-6.0",
        "tier": "core",
        "route_id": "7200047UX0399",
        "previous_aadt": 11900
      },
      "geometry": {
        "type": "Point",
        "coordinates": [
          -95.90425,
          36.055934
        ]
      }
    },
    {
      "type": "Feature",
      "properties": {
        "road": "Local Road",
        "aadt": 26200,
        "year": 2023,
        "location": "ODOT CS-39, Tulsa County, MP 2.8-3.9",
        "tier": "core",
        "route_id": "7200039UX0000",
        "previous_aadt": 22100
      },
      "geometry": {
        "type": "Point",
        "coordinates": [
          -95.977846,
          36.063496
        ]
      }
    },
    {
      "type": "Feature",
      "properties": {
        "road": "SH-364",
        "aadt": 26200,
        "year": 2023,
        "location": "SH-364, Wagoner County, MP 0.0-2.2",
        "tier": "core",
        "route_id": "7300036HX0000",
        "previous_aadt": 21400
      },
      "geometry": {
        "type": "Point",
        "coordinates": [
          -95.749318,
          35.998371
        ]
      }
    },
    {
      "type": "Feature",
      "properties": {
        "road": "US-169",
        "aadt": 26200,
        "year": 2023,
        "location": "US-169, Tulsa County, MP 14.2-15.2",
        "tier": "core",
        "route_id": "7200081HX0000",
        "previous_aadt": 26800
      },
      "geometry": {
        "type": "Point",
        "coordinates": [
          -95.821056,
          36.345944
        ]
      }
    },
    {
      "type": "Feature",
      "properties": {
        "road": "Local Road",
        "aadt": 26100,
        "year": 2023,
        "location": "ODOT CS-47, Tulsa County, MP 8.5-9.2",
        "tier": "core",
        "route_id": "7200047UX0399",
        "previous_aadt": 21900
      },
      "geometry": {
        "type": "Point",
        "coordinates": [
          -95.904502,
          36.101985
        ]
      }
    },
    {
      "type": "Feature",
      "properties": {
        "road": "Local Road",
        "aadt": 25700,
        "year": 2023,
        "location": "ODOT CS-22, Tulsa County, MP 9.5-13.0",
        "tier": "core",
        "route_id": "7200022UX0000",
        "previous_aadt": 21500
      },
      "geometry": {
        "type": "Point",
        "coordinates": [
          -95.82777,
          36.060884
        ]
      }
    },
    {
      "type": "Feature",
      "properties": {
        "road": "SH-66",
        "aadt": 25700,
        "year": 2023,
        "location": "SH-66, Rogers County, MP 7.7-13.3",
        "tier": "core",
        "route_id": "6600002HX0000",
        "previous_aadt": 25500
      },
      "geometry": {
        "type": "Point",
        "coordinates": [
          -95.639833,
          36.278883
        ]
      }
    },
    {
      "type": "Feature",
      "properties": {
        "road": "Local Road",
        "aadt": 25500,
        "year": 2023,
        "location": "ODOT CS-39, Tulsa County, MP 5.0-7.0",
        "tier": "core",
        "route_id": "7200039UX0000",
        "previous_aadt": 18300
      },
      "geometry": {
        "type": "Point",
        "coordinates": [
          -95.983566,
          36.102918
        ]
      }
    },
    {
      "type": "Feature",
      "properties": {
        "road": "SH-51",
        "aadt": 25500,
        "year": 2023,
        "location": "SH-51, Wagoner County, MP 0.8-1.8",
        "tier": "core",
        "route_id": "7300012HX0000",
        "previous_aadt": 25200
      },
      "geometry": {
        "type": "Point",
        "coordinates": [
          -95.750134,
          36.044731
        ]
      }
    },
    {
      "type": "Feature",
      "properties": {
        "road": "Local Road",
        "aadt": 25400,
        "year": 2023,
        "location": "ODOT CS-48, Tulsa County, MP 5.7-6.5",
        "tier": "core",
        "route_id": "7200048UX0233",
        "previous_aadt": 25600
      },
      "geometry": {
        "type": "Point",
        "coordinates": [
          -95.886543,
          36.117336
        ]
      }
    },
    {
      "type": "Feature",
      "properties": {
        "road": "Local Road",
        "aadt": 25300,
        "year": 2023,
        "location": "ODOT CS-19, Tulsa County, MP 4.2-4.4",
        "tier": "core",
        "route_id": "7200019UX1086",
        "previous_aadt": 22200
      },
      "geometry": {
        "type": "Point",
        "coordinates": [
          -95.907865,
          36.104392
        ]
      }
    },
    {
      "type": "Feature",
      "properties": {
        "road": "Local Road",
        "aadt": 25100,
        "year": 2023,
        "location": "ODOT CS-70115, Tulsa County, MP 0.0-0.4",
        "tier": "core",
        "route_id": "7270115RX0000",
        "previous_aadt": 24700
      },
      "geometry": {
        "type": "Point",
        "coordinates": [
          -95.86087,
          36.165592
        ]
      }
    },
    {
      "type": "Feature",
      "properties": {
        "road": "Local Road",
        "aadt": 25000,
        "year": 2023,
        "location": "ODOT CS-45, Tulsa County, MP 5.5-6.5",
        "tier": "core",
        "route_id": "7200045UX0429",
        "previous_aadt": 20200
      },
      "geometry": {
        "type": "Point",
        "coordinates": [
          -95.940293,
          36.119712
        ]
      }
    },
    {
      "type": "Feature",
      "properties": {
        "road": "I-244",
        "aadt": 25000,
        "year": 2023,
        "location": "I-244, Tulsa County, MP 1.6-2.6",
        "tier": "core",
        "route_id": "7200009HX0000",
        "previous_aadt": 27000
      },
      "geometry": {
        "type": "Point",
        "coordinates": [
          -96.012909,
          36.111312
        ]
      }
    },
    {
      "type": "Feature",
      "properties": {
        "road": "I-444",
        "aadt": 25000,
        "year": 2023,
        "location": "I-444, Tulsa County, MP 0.0-1.0",
        "tier": "core",
        "route_id": "7200092HX0000",
        "previous_aadt": 27200
      },
      "geometry": {
        "type": "Point",
        "coordinates": [
          -95.978783,
          36.143673
        ]
      }
    },
    {
      "type": "Feature",
      "properties": {
        "road": "SH-351",
        "aadt": 24900,
        "year": 2023,
        "location": "SH-351, Wagoner County, MP 0.0-1.0",
        "tier": "core",
        "route_id": "7300029HX0000",
        "previous_aadt": 23200
      },
      "geometry": {
        "type": "Point",
        "coordinates": [
          -95.749593,
          36.049736
        ]
      }
    },
    {
      "type": "Feature",
      "properties": {
        "road": "SH-364",
        "aadt": 24700,
        "year": 2023,
        "location": "SH-364, Tulsa County, MP 0.0-3.2",
        "tier": "core",
        "route_id": "7200062HX0000",
        "previous_aadt": 19900
      },
      "geometry": {
        "type": "Point",
        "coordinates": [
          -95.849077,
          36.018764
        ]
      }
    },
    {
      "type": "Feature",
      "properties": {
        "road": "Local Road",
        "aadt": 24500,
        "year": 2023,
        "location": "ODOT CS-45, Tulsa County, MP 3.0-4.1",
        "tier": "core",
        "route_id": "7200045UX0429",
        "previous_aadt": 15200
      },
      "geometry": {
        "type": "Point",
        "coordinates": [
          -95.94012,
          36.082564
        ]
      }
    },
    {
      "type": "Feature",
      "properties": {
        "road": "Local Road",
        "aadt": 24300,
        "year": 2023,
        "location": "ODOT CS-47, Tulsa County, MP 9.8-10.6",
        "tier": "core",
        "route_id": "7200047UX0399",
        "previous_aadt": 20800
      },
      "geometry": {
        "type": "Point",
        "coordinates": [
          -95.90457,
          36.122145
        ]
      }
    },
    {
      "type": "Feature",
      "properties": {
        "road": "Local Road",
        "aadt": 24300,
        "year": 2023,
        "location": "ODOT CS-45, Tulsa County, MP 4.1-5.5",
        "tier": "core",
        "route_id": "7200045UX0429",
        "previous_aadt": 20100
      },
      "geometry": {
        "type": "Point",
        "coordinates": [
          -95.940179,
          36.09956
        ]
      }
    },
    {
      "type": "Feature",
      "properties": {
        "road": "Local Road",
        "aadt": 24300,
        "year": 2023,
        "location": "ODOT CS-49, Tulsa County, MP 3.0-4.0",
        "tier": "core",
        "route_id": "7200049UX0200",
        "previous_aadt": 17400
      },
      "geometry": {
        "type": "Point",
        "coordinates": [
          -95.868504,
          36.024605
        ]
      }
    },
    {
      "type": "Feature",
      "properties": {
        "road": "Local Road",
        "aadt": 23900,
        "year": 2023,
        "location": "ODOT CS-48, Tulsa County, MP 2.4-4.4",
        "tier": "core",
        "route_id": "7200048UX0233",
        "previous_aadt": 23200
      },
      "geometry": {
        "type": "Point",
        "coordinates": [
          -95.886361,
          36.073493
        ]
      }
    },
    {
      "type": "Feature",
      "properties": {
        "road": "US-75",
        "aadt": 23800,
        "year": 2023,
        "location": "US-75, Tulsa County, MP 6.5-7.5",
        "tier": "core",
        "route_id": "7200018UX0000",
        "previous_aadt": 24000
      },
      "geometry": {
        "type": "Point",
        "coordinates": [
          -95.861149,
          36.118887
        ]
      }
    },
    {
      "type": "Feature",
      "properties": {
        "road": "Local Road",
        "aadt": 23800,
        "year": 2023,
        "location": "ODOT CS-15, Tulsa County, MP 9.1-9.8",
        "tier": "core",
        "route_id": "7200015UX0000",
        "previous_aadt": 19600
      },
      "geometry": {
        "type": "Point",
        "coordinates": [
          -95.953748,
          36.133263
        ]
      }
    },
    {
      "type": "Feature",
      "properties": {
        "road": "Local Road",
        "aadt": 23700,
        "year": 2023,
        "location": "ODOT CS-22, Tulsa County, MP 13.0-15.0",
        "tier": "core",
        "route_id": "7200022UX0000",
        "previous_aadt": 22000
      },
      "geometry": {
        "type": "Point",
        "coordinates": [
          -95.789499,
          36.060962
        ]
      }
    },
    {
      "type": "Feature",
      "properties": {
        "road": "SH-364",
        "aadt": 23700,
        "year": 2023,
        "location": "SH-364, Tulsa County, MP 5.3-7.4",
        "tier": "core",
        "route_id": "7200062HX0000",
        "previous_aadt": 18800
      },
      "geometry": {
        "type": "Point",
        "coordinates": [
          -95.780821,
          35.991164
        ]
      }
    },
    {
      "type": "Feature",
      "properties": {
        "road": "SH-364",
        "aadt": 23700,
        "year": 2023,
        "location": "SH-364, Delaware County, MP 1.9-3.1",
        "tier": "core",
        "route_id": "1900050HX0000",
        "previous_aadt": 19200
      },
      "geometry": {
        "type": "Point",
        "coordinates": [
          -96.056092,
          36.013953
        ]
      }
    },
    {
      "type": "Feature",
      "properties": {
        "road": "Local Road",
        "aadt": 23400,
        "year": 2023,
        "location": "ODOT CS-70117, Tulsa County, MP 0.0-0.6",
        "tier": "core",
        "route_id": "7270117RX0000",
        "previous_aadt": 20300
      },
      "geometry": {
        "type": "Point",
        "coordinates": [
          -95.862306,
          36.163258
        ]
      }
    },
    {
      "type": "Feature",
      "properties": {
        "road": "Local Road",
        "aadt": 23200,
        "year": 2023,
        "location": "ODOT CS-47, Tulsa County, MP 6.0-7.0",
        "tier": "core",
        "route_id": "7200047UX0399",
        "previous_aadt": 19100
      },
      "geometry": {
        "type": "Point",
        "coordinates": [
          -95.904274,
          36.066023
        ]
      }
    },
    {
      "type": "Feature",
      "properties": {
        "road": "Local Road",
        "aadt": 23100,
        "year": 2023,
        "location": "ODOT CS-23, Tulsa County, MP 4.4-6.0",
        "tier": "core",
        "route_id": "7200023UX0313",
        "previous_aadt": 20600
      },
      "geometry": {
        "type": "Point",
        "coordinates": [
          -95.863447,
          36.046402
        ]
      }
    },
    {
      "type": "Feature",
      "properties": {
        "road": "SH-364",
        "aadt": 23100,
        "year": 2023,
        "location": "SH-364, Tulsa County, MP 3.2-4.3",
        "tier": "core",
        "route_id": "7200062HX0000",
        "previous_aadt": 18300
      },
      "geometry": {
        "type": "Point",
        "coordinates": [
          -95.820379,
          35.992676
        ]
      }
    },
    {
      "type": "Feature",
      "properties": {
        "road": "Local Road",
        "aadt": 22900,
        "year": 2023,
        "location": "ODOT CS-19, Tulsa County, MP 5.9-7.4",
        "tier": "core",
        "route_id": "7200019UX1086",
        "previous_aadt": 22400
      },
      "geometry": {
        "type": "Point",
        "coordinates": [
          -95.865417,
          36.104407
        ]
      }
    },
    {
      "type": "Feature",
      "properties": {
        "road": "Local Road",
        "aadt": 22500,
        "year": 2023,
        "location": "ODOT CS-46, Tulsa County, MP 9.1-10.5",
        "tier": "core",
        "route_id": "7200046UX0101",
        "previous_aadt": 20200
      },
      "geometry": {
        "type": "Point",
        "coordinates": [
          -95.922497,
          36.128348
        ]
      }
    },
    {
      "type": "Feature",
      "properties": {
        "road": "US-64",
        "aadt": 22400,
        "year": 2023,
        "location": "US-64, Tulsa County, MP 0.3-1.6",
        "tier": "core",
        "route_id": "7200086HX0000",
        "previous_aadt": 22000
      },
      "geometry": {
        "type": "Point",
        "coordinates": [
          -96.237831,
          36.152283
        ]
      }
    },
    {
      "type": "Feature",
      "properties": {
        "road": "SH-364",
        "aadt": 22200,
        "year": 2023,
        "location": "SH-364, Tulsa County, MP 4.3-5.3",
        "tier": "core",
        "route_id": "7200062HX0000",
        "previous_aadt": 17200
      },
      "geometry": {
        "type": "Point",
        "coordinates": [
          -95.804217,
          35.993466
        ]
      }
    },
    {
      "type": "Feature",
      "properties": {
        "road": "SH-51",
        "aadt": 22100,
        "year": 2023,
        "location": "SH-51, Wagoner County, MP 1.8-6.0",
        "tier": "core",
        "route_id": "7300012HX0000",
        "previous_aadt": 21900
      },
      "geometry": {
        "type": "Point",
        "coordinates": [
          -95.713382,
          36.020632
        ]
      }
    },
    {
      "type": "Feature",
      "properties": {
        "road": "SH-351",
        "aadt": 21900,
        "year": 2023,
        "location": "SH-351, Wagoner County, MP 1.0-12.0",
        "tier": "core",
        "route_id": "7300029HX0000",
        "previous_aadt": 20900
      },
      "geometry": {
        "type": "Point",
        "coordinates": [
          -95.618897,
          35.984808
        ]
      }
    },
    {
      "type": "Feature",
      "properties": {
        "road": "I-244",
        "aadt": 21700,
        "year": 2023,
        "location": "I-244, Tulsa County, MP 0.9-1.6",
        "tier": "core",
        "route_id": "7200009HX0000",
        "previous_aadt": 23600
      },
      "geometry": {
        "type": "Point",
        "coordinates": [
          -96.024063,
          36.102025
        ]
      }
    },
    {
      "type": "Feature",
      "properties": {
        "road": "Local Road",
        "aadt": 21600,
        "year": 2023,
        "location": "ODOT CS-21, Tulsa County, MP 7.0-8.5",
        "tier": "core",
        "route_id": "7200021UX0164",
        "previous_aadt": 18400
      },
      "geometry": {
        "type": "Point",
        "coordinates": [
          -95.846296,
          36.075448
        ]
      }
    },
    {
      "type": "Feature",
      "properties": {
        "road": "Local Road",
        "aadt": 21500,
        "year": 2023,
        "location": "ODOT CS-70379, Tulsa County, MP 0.0-0.1",
        "tier": "core",
        "route_id": "7270379RX0000",
        "previous_aadt": null
      },
      "geometry": {
        "type": "Point",
        "coordinates": [
          -95.940523,
          36.126589
        ]
      }
    },
    {
      "type": "Feature",
      "properties": {
        "road": "US-64",
        "aadt": 21400,
        "year": 2023,
        "location": "US-64, Tulsa County, MP 0.0-0.3",
        "tier": "core",
        "route_id": "7200086HX0000",
        "previous_aadt": 21000
      },
      "geometry": {
        "type": "Point",
        "coordinates": [
          -96.24783,
          36.159261
        ]
      }
    },
    {
      "type": "Feature",
      "properties": {
        "road": "SH-364",
        "aadt": 21400,
        "year": 2023,
        "location": "SH-364, Delaware County, MP 0.0-1.9",
        "tier": "core",
        "route_id": "1900050HX0000",
        "previous_aadt": 16900
      },
      "geometry": {
        "type": "Point",
        "coordinates": [
          -96.080328,
          36.027869
        ]
      }
    },
    {
      "type": "Feature",
      "properties": {
        "road": "Local Road",
        "aadt": 21300,
        "year": 2023,
        "location": "ODOT CS-43, Tulsa County, MP 1.1-3.1",
        "tier": "core",
        "route_id": "7200043UX0203",
        "previous_aadt": 18300
      },
      "geometry": {
        "type": "Point",
        "coordinates": [
          -95.957791,
          36.060883
        ]
      }
    },
    {
      "type": "Feature",
      "properties": {
        "road": "Local Road",
        "aadt": 21200,
        "year": 2023,
        "location": "ODOT CS-52, Tulsa County, MP 3.6-4.6",
        "tier": "core",
        "route_id": "7200052UX0184",
        "previous_aadt": 14700
      },
      "geometry": {
        "type": "Point",
        "coordinates": [
          -95.815362,
          36.025042
        ]
      }
    },
    {
      "type": "Feature",
      "properties": {
        "road": "Local Road",
        "aadt": 21100,
        "year": 2023,
        "location": "ODOT CS-46, Tulsa County, MP 1.0-3.0",
        "tier": "core",
        "route_id": "7200046UX0101",
        "previous_aadt": 14200
      },
      "geometry": {
        "type": "Point",
        "coordinates": [
          -95.922148,
          36.01738
        ]
      }
    },
    {
      "type": "Feature",
      "properties": {
        "road": "Local Road",
        "aadt": 20800,
        "year": 2023,
        "location": "ODOT CS-19, Tulsa County, MP 3.4-4.2",
        "tier": "core",
        "route_id": "7200019UX1086",
        "previous_aadt": 17900
      },
      "geometry": {
        "type": "Point",
        "coordinates": [
          -95.91372,
          36.104316
        ]
      }
    },
    {
      "type": "Feature",
      "properties": {
        "road": "Local Road",
        "aadt": 20700,
        "year": 2023,
        "location": "ODOT CS-50, Tulsa County, MP 8.0-8.4",
        "tier": "core",
        "route_id": "7200050UX0000",
        "previous_aadt": 16300
      },
      "geometry": {
        "type": "Point",
        "coordinates": [
          -95.851067,
          36.093532
        ]
      }
    },
    {
      "type": "Feature",
      "properties": {
        "road": "Local Road",
        "aadt": 20700,
        "year": 2023,
        "location": "ODOT CS-50, Tulsa County, MP 8.4-9.0",
        "tier": "core",
        "route_id": "7200050UX0000",
        "previous_aadt": 20400
      },
      "geometry": {
        "type": "Point",
        "coordinates": [
          -95.851054,
          36.098897
        ]
      }
    },
    {
      "type": "Feature",
      "properties": {
        "road": "Local Road",
        "aadt": 20700,
        "year": 2023,
        "location": "ODOT CS-41, Tulsa County, MP 6.0-6.5",
        "tier": "core",
        "route_id": "7200041UX0000",
        "previous_aadt": 20000
      },
      "geometry": {
        "type": "Point",
        "coordinates": [
          -95.975854,
          36.021173
        ]
      }
    },
    {
      "type": "Feature",
      "properties": {
        "road": "SH-51",
        "aadt": 20600,
        "year": 2023,
        "location": "SH-51, Tulsa County, MP 0.0-2.1",
        "tier": "core",
        "route_id": "7200020UX0693",
        "previous_aadt": 13800
      },
      "geometry": {
        "type": "Point",
        "coordinates": [
          -95.935836,
          36.089788
        ]
      }
    },
    {
      "type": "Feature",
      "properties": {
        "road": "Local Road",
        "aadt": 20600,
        "year": 2023,
        "location": "ODOT CS-47, Tulsa County, MP 10.6-11.0",
        "tier": "core",
        "route_id": "7200047UX0399",
        "previous_aadt": 19600
      },
      "geometry": {
        "type": "Point",
        "coordinates": [
          -95.904568,
          36.12989
        ]
      }
    },
    {
      "type": "Feature",
      "properties": {
        "road": "SH-51",
        "aadt": 20500,
        "year": 2023,
        "location": "SH-51, Tulsa County, MP 2.1-5.7",
        "tier": "core",
        "route_id": "7200020UX0693",
        "previous_aadt": 15800
      },
      "geometry": {
        "type": "Point",
        "coordinates": [
          -95.892708,
          36.089921
        ]
      }
    },
    {
      "type": "Feature",
      "properties": {
        "road": "Local Road",
        "aadt": 20500,
        "year": 2023,
        "location": "ODOT CS-53, Tulsa County, MP 1.4-6.7",
        "tier": "core",
        "route_id": "7200053UX0000",
        "previous_aadt": 20500
      },
      "geometry": {
        "type": "Point",
        "coordinates": [
          -95.797495,
          36.037892
        ]
      }
    },
    {
      "type": "Feature",
      "properties": {
        "road": "SH-20",
        "aadt": 20500,
        "year": 2023,
        "location": "SH-20, Tulsa County, MP 5.3-7.0",
        "tier": "core",
        "route_id": "7200054UX0000",
        "previous_aadt": 16700
      },
      "geometry": {
        "type": "Point",
        "coordinates": [
          -95.779578,
          36.075531
        ]
      }
    },
    {
      "type": "Feature",
      "properties": {
        "road": "Local Road",
        "aadt": 20400,
        "year": 2023,
        "location": "ODOT CS-48, Tulsa County, MP 6.5-8.4",
        "tier": "core",
        "route_id": "7200048UX0233",
        "previous_aadt": 13800
      },
      "geometry": {
        "type": "Point",
        "coordinates": [
          -95.886623,
          36.131524
        ]
      }
    },
    {
      "type": "Feature",
      "properties": {
        "road": "I-244",
        "aadt": 20400,
        "year": 2023,
        "location": "I-244, Tulsa County, MP 0.0-0.9",
        "tier": "core",
        "route_id": "7200009HX0000",
        "previous_aadt": 23200
      },
      "geometry": {
        "type": "Point",
        "coordinates": [
          -96.036031,
          36.092792
        ]
      }
    },
    {
      "type": "Feature",
      "properties": {
        "road": "Local Road",
        "aadt": 20200,
        "year": 2023,
        "location": "ODOT CS-22, Wagoner County, MP 0.0-1.3",
        "tier": "core",
        "route_id": "7300022UX0000",
        "previous_aadt": 19900
      },
      "geometry": {
        "type": "Point",
        "coordinates": [
          -95.745607,
          36.0609
        ]
      }
    },
    {
      "type": "Feature",
      "properties": {
        "road": "Local Road",
        "aadt": 20200,
        "year": 2023,
        "location": "ODOT CS-47, Tulsa County, MP 11.5-12.0",
        "tier": "core",
        "route_id": "7200047UX0399",
        "previous_aadt": 16200
      },
      "geometry": {
        "type": "Point",
        "coordinates": [
          -95.904571,
          36.144328
        ]
      }
    },
    {
      "type": "Feature",
      "properties": {
        "road": "Local Road",
        "aadt": 20200,
        "year": 2023,
        "location": "ODOT CS-52, Tulsa County, MP 4.6-5.6",
        "tier": "core",
        "route_id": "7200052UX0184",
        "previous_aadt": 16800
      },
      "geometry": {
        "type": "Point",
        "coordinates": [
          -95.815308,
          36.039919
        ]
      }
    },
    {
      "type": "Feature",
      "properties": {
        "road": "SH-20",
        "aadt": 20200,
        "year": 2023,
        "location": "SH-20, Tulsa County, MP 0.0-0.5",
        "tier": "core",
        "route_id": "7200054HX0000",
        "previous_aadt": 17800
      },
      "geometry": {
        "type": "Point",
        "coordinates": [
          -95.818672,
          36.322056
        ]
      }
    },
    {
      "type": "Feature",
      "properties": {
        "road": "Local Road",
        "aadt": 20000,
        "year": 2023,
        "location": "ODOT CS-70317, Tulsa County, MP 0.0-0.3",
        "tier": "core",
        "route_id": "7270317RX0000",
        "previous_aadt": 18900
      },
      "geometry": {
        "type": "Point",
        "coordinates": [
          -95.897282,
          36.112037
        ]
      }
    },
    {
      "type": "Feature",
      "properties": {
        "road": "US-75",
        "aadt": 20000,
        "year": 2023,
        "location": "US-75, Okmulgee County, MP 9.9-18.0",
        "tier": "core",
        "route_id": "5600011HX0000",
        "previous_aadt": 19700
      },
      "geometry": {
        "type": "Point",
        "coordinates": [
          -96.015004,
          35.760926
        ]
      }
    },
    {
      "type": "Feature",
      "properties": {
        "road": "Local Road",
        "aadt": 20000,
        "year": 2023,
        "location": "ODOT CS-41, Tulsa County, MP 4.0-6.0",
        "tier": "core",
        "route_id": "7200041UX0000",
        "previous_aadt": 20600
      },
      "geometry": {
        "type": "Point",
        "coordinates": [
          -95.97568,
          36.009047
        ]
      }
    },
    {
      "type": "Feature",
      "properties": {
        "road": "Local Road",
        "aadt": 19400,
        "year": 2023,
        "location": "ODOT CS-50, Tulsa County, MP 9.0-10.0",
        "tier": "secondary",
        "route_id": "7200050UX0000",
        "previous_aadt": 19100
      },
      "geometry": {
        "type": "Point",
        "coordinates": [
          -95.851112,
          36.113388
        ]
      }
    },
    {
      "type": "Feature",
      "properties": {
        "road": "SH-20",
        "aadt": 19400,
        "year": 2023,
        "location": "SH-20, Rogers County, MP 0.0-7.5",
        "tier": "secondary",
        "route_id": "6600008HX0000",
        "previous_aadt": 17200
      },
      "geometry": {
        "type": "Point",
        "coordinates": [
          -95.735373,
          36.320109
        ]
      }
    },
    {
      "type": "Feature",
      "properties": {
        "road": "Local Road",
        "aadt": 19300,
        "year": 2023,
        "location": "ODOT CS-39, Tulsa County, MP 7.0-9.1",
        "tier": "secondary",
        "route_id": "7200039UX0000",
        "previous_aadt": 13800
      },
      "geometry": {
        "type": "Point",
        "coordinates": [
          -95.99154,
          36.134671
        ]
      }
    },
    {
      "type": "Feature",
      "properties": {
        "road": "Local Road",
        "aadt": 19300,
        "year": 2023,
        "location": "ODOT CS-7, Tulsa County, MP 8.0-9.0",
        "tier": "secondary",
        "route_id": "7200007YX0000",
        "previous_aadt": 17700
      },
      "geometry": {
        "type": "Point",
        "coordinates": [
          -95.839602,
          36.278553
        ]
      }
    },
    {
      "type": "Feature",
      "properties": {
        "road": "Local Road",
        "aadt": 19200,
        "year": 2023,
        "location": "ODOT CS-39, Tulsa County, MP 3.9-5.0",
        "tier": "secondary",
        "route_id": "7200039UX0000",
        "previous_aadt": 36800
      },
      "geometry": {
        "type": "Point",
        "coordinates": [
          -95.984271,
          36.084147
        ]
      }
    },
    {
      "type": "Feature",
      "properties": {
        "road": "Local Road",
        "aadt": 19200,
        "year": 2023,
        "location": "ODOT CS-7, Tulsa County, MP 5.0-8.0",
        "tier": "secondary",
        "route_id": "7200007YX0000",
        "previous_aadt": 16000
      },
      "geometry": {
        "type": "Point",
        "coordinates": [
          -95.867828,
          36.278582
        ]
      }
    },
    {
      "type": "Feature",
      "properties": {
        "road": "SH-51",
        "aadt": 19200,
        "year": 2023,
        "location": "SH-51, Wagoner County, MP 6.0-9.4",
        "tier": "secondary",
        "route_id": "7300012HX0000",
        "previous_aadt": 18900
      },
      "geometry": {
        "type": "Point",
        "coordinates": [
          -95.658127,
          35.96858
        ]
      }
    },
    {
      "type": "Feature",
      "properties": {
        "road": "SH-67",
        "aadt": 19200,
        "year": 2023,
        "location": "SH-67, Tulsa County, MP 6.0-8.0",
        "tier": "secondary",
        "route_id": "7200074HX0000",
        "previous_aadt": 16200
      },
      "geometry": {
        "type": "Point",
        "coordinates": [
          -95.910873,
          35.944774
        ]
      }
    },
    {
      "type": "Feature",
      "properties": {
        "road": "Local Road",
        "aadt": 19100,
        "year": 2023,
        "location": "ODOT CS-45, Tulsa County, MP 6.5-8.0",
        "tier": "secondary",
        "route_id": "7200045UX0429",
        "previous_aadt": 16700
      },
      "geometry": {
        "type": "Point",
        "coordinates": [
          -95.940352,
          36.135085
        ]
      }
    },
    {
      "type": "Feature",
      "properties": {
        "road": "Local Road",
        "aadt": 19000,
        "year": 2023,
        "location": "ODOT CS-21, Tulsa County, MP 5.5-7.0",
        "tier": "secondary",
        "route_id": "7200021UX0164",
        "previous_aadt": 22200
      },
      "geometry": {
        "type": "Point",
        "coordinates": [
          -95.8725,
          36.075435
        ]
      }
    },
    {
      "type": "Feature",
      "properties": {
        "road": "SH-67",
        "aadt": 19000,
        "year": 2023,
        "location": "SH-67, Tulsa County, MP 0.0-1.0",
        "tier": "secondary",
        "route_id": "7200074HX0000",
        "previous_aadt": 7700
      },
      "geometry": {
        "type": "Point",
        "coordinates": [
          -96.018624,
          35.944613
        ]
      }
    },
    {
      "type": "Feature",
      "properties": {
        "road": "SH-51",
        "aadt": 18900,
        "year": 2023,
        "location": "SH-51, Wagoner County, MP 9.4-9.6",
        "tier": "secondary",
        "route_id": "7300012HX0000",
        "previous_aadt": 18600
      },
      "geometry": {
        "type": "Point",
        "coordinates": [
          -95.650911,
          35.957926
        ]
      }
    },
    {
      "type": "Feature",
      "properties": {
        "road": "SH-20",
        "aadt": 18700,
        "year": 2023,
        "location": "SH-20, Tulsa County, MP 4.6-5.3",
        "tier": "secondary",
        "route_id": "7200054UX0000",
        "previous_aadt": 18400
      },
      "geometry": {
        "type": "Point",
        "coordinates": [
          -95.779579,
          36.061007
        ]
      }
    },
    {
      "type": "Feature",
      "properties": {
        "road": "SH-117",
        "aadt": 18600,
        "year": 2023,
        "location": "SH-117, Delaware County, MP 0.0-0.8",
        "tier": "secondary",
        "route_id": "1900036HX0000",
        "previous_aadt": 18100
      },
      "geometry": {
        "type": "Point",
        "coordinates": [
          -96.102255,
          35.988436
        ]
      }
    },
    {
      "type": "Feature",
      "properties": {
        "road": "Local Road",
        "aadt": 18100,
        "year": 2023,
        "location": "ODOT CS-49, Tulsa County, MP 4.0-7.0",
        "tier": "secondary",
        "route_id": "7200049UX0200",
        "previous_aadt": 13900
      },
      "geometry": {
        "type": "Point",
        "coordinates": [
          -95.868558,
          36.058254
        ]
      }
    },
    {
      "type": "Feature",
      "properties": {
        "road": "Local Road",
        "aadt": 18000,
        "year": 2023,
        "location": "ODOT CS-47, Tulsa County, MP 12.0-13.1",
        "tier": "secondary",
        "route_id": "7200047UX0399",
        "previous_aadt": 16700
      },
      "geometry": {
        "type": "Point",
        "coordinates": [
          -95.904567,
          36.155176
        ]
      }
    },
    {
      "type": "Feature",
      "properties": {
        "road": "Local Road",
        "aadt": 18000,
        "year": 2023,
        "location": "ODOT CS-23, Tulsa County, MP 2.4-4.4",
        "tier": "secondary",
        "route_id": "7200023UX0313",
        "previous_aadt": 15200
      },
      "geometry": {
        "type": "Point",
        "coordinates": [
          -95.902343,
          36.046353
        ]
      }
    },
    {
      "type": "Feature",
      "properties": {
        "road": "Local Road",
        "aadt": 17900,
        "year": 2023,
        "location": "ODOT CS-24, Tulsa County, MP 5.2-8.8",
        "tier": "secondary",
        "route_id": "7200024UX0366",
        "previous_aadt": 12500
      },
      "geometry": {
        "type": "Point",
        "coordinates": [
          -95.822788,
          36.031914
        ]
      }
    },
    {
      "type": "Feature",
      "properties": {
        "road": "Local Road",
        "aadt": 17900,
        "year": 2023,
        "location": "ODOT CS-23, Tulsa County, MP 6.0-9.8",
        "tier": "secondary",
        "route_id": "7200023UX0313",
        "previous_aadt": 15200
      },
      "geometry": {
        "type": "Point",
        "coordinates": [
          -95.820977,
          36.046396
        ]
      }
    },
    {
      "type": "Feature",
      "properties": {
        "road": "Local Road",
        "aadt": 17800,
        "year": 2023,
        "location": "ODOT CS-48, Tulsa County, MP 0.4-2.4",
        "tier": "secondary",
        "route_id": "7200048UX0233",
        "previous_aadt": 20700
      },
      "geometry": {
        "type": "Point",
        "coordinates": [
          -95.886112,
          36.052995
        ]
      }
    },
    {
      "type": "Feature",
      "properties": {
        "road": "Local Road",
        "aadt": 17700,
        "year": 2023,
        "location": "ODOT CS-43, Tulsa County, MP 4.2-5.1",
        "tier": "secondary",
        "route_id": "7200043UX0203",
        "previous_aadt": 15600
      },
      "geometry": {
        "type": "Point",
        "coordinates": [
          -95.957964,
          36.095199
        ]
      }
    },
    {
      "type": "Feature",
      "properties": {
        "road": "Local Road",
        "aadt": 17700,
        "year": 2023,
        "location": "ODOT CS-47, Tulsa County, MP 11.0-11.5",
        "tier": "secondary",
        "route_id": "7200047UX0399",
        "previous_aadt": 17400
      },
      "geometry": {
        "type": "Point",
        "coordinates": [
          -95.90457,
          36.135889
        ]
      }
    },
    {
      "type": "Feature",
      "properties": {
        "road": "Local Road",
        "aadt": 17700,
        "year": 2023,
        "location": "ODOT CS-49, Tulsa County, MP 7.0-8.8",
        "tier": "secondary",
        "route_id": "7200049UX0200",
        "previous_aadt": 17000
      },
      "geometry": {
        "type": "Point",
        "coordinates": [
          -95.868623,
          36.09476
        ]
      }
    },
    {
      "type": "Feature",
      "properties": {
        "road": "SH-66",
        "aadt": 17700,
        "year": 2023,
        "location": "SH-66, Rogers County, MP 0.2-7.7",
        "tier": "secondary",
        "route_id": "6600002HX0000",
        "previous_aadt": 15500
      },
      "geometry": {
        "type": "Point",
        "coordinates": [
          -95.742252,
          36.186373
        ]
      }
    },
    {
      "type": "Feature",
      "properties": {
        "road": "SH-364",
        "aadt": 17700,
        "year": 2023,
        "location": "SH-364, Wagoner County, MP 2.2-4.2",
        "tier": "secondary",
        "route_id": "7300036HX0000",
        "previous_aadt": 14100
      },
      "geometry": {
        "type": "Point",
        "coordinates": [
          -95.742923,
          36.031462
        ]
      }
    },
    {
      "type": "Feature",
      "properties": {
        "road": "I-244",
        "aadt": 17600,
        "year": 2023,
        "location": "I-244, Tulsa County, MP 1.0-1.8",
        "tier": "secondary",
        "route_id": "7200009YX0000",
        "previous_aadt": 17300
      },
      "geometry": {
        "type": "Point",
        "coordinates": [
          -95.837287,
          36.29304
        ]
      }
    },
    {
      "type": "Feature",
      "properties": {
        "road": "Local Road",
        "aadt": 17500,
        "year": 2023,
        "location": "ODOT CS-70337, Tulsa County, MP 0.0-0.4",
        "tier": "secondary",
        "route_id": "7270337RX0000",
        "previous_aadt": 17300
      },
      "geometry": {
        "type": "Point",
        "coordinates": [
          -95.861612,
          36.140088
        ]
      }
    },
    {
      "type": "Feature",
      "properties": {
        "road": "Local Road",
        "aadt": 17500,
        "year": 2023,
        "location": "ODOT CS-11, Tulsa County, MP 0.0-1.4",
        "tier": "secondary",
        "route_id": "7200011YX0000",
        "previous_aadt": 11200
      },
      "geometry": {
        "type": "Point",
        "coordinates": [
          -96.003159,
          36.057899
        ]
      }
    },
    {
      "type": "Feature",
      "properties": {
        "road": "Local Road",
        "aadt": 17500,
        "year": 2023,
        "location": "ODOT CS-46, Tulsa County, MP 10.5-11.8",
        "tier": "secondary",
        "route_id": "7200046UX0101",
        "previous_aadt": 16400
      },
      "geometry": {
        "type": "Point",
        "coordinates": [
          -95.922497,
          36.15143
        ]
      }
    },
    {
      "type": "Feature",
      "properties": {
        "road": "Local Road",
        "aadt": 17400,
        "year": 2023,
        "location": "ODOT CS-70407, Tulsa County, MP 0.0-0.6",
        "tier": "secondary",
        "route_id": "7270407RX0000",
        "previous_aadt": 14900
      },
      "geometry": {
        "type": "Point",
        "coordinates": [
          -95.86127,
          36.097016
        ]
      }
    },
    {
      "type": "Feature",
      "properties": {
        "road": "Local Road",
        "aadt": 17400,
        "year": 2023,
        "location": "ODOT CS-50, Tulsa County, MP 10.0-11.0",
        "tier": "secondary",
        "route_id": "7200050UX0000",
        "previous_aadt": 17100
      },
      "geometry": {
        "type": "Point",
        "coordinates": [
          -95.851107,
          36.13306
        ]
      }
    },
    {
      "type": "Feature",
      "properties": {
        "road": "Local Road",
        "aadt": 17200,
        "year": 2023,
        "location": "ODOT CS-15, Tulsa County, MP 14.8-16.9",
        "tier": "secondary",
        "route_id": "7200015UX0000",
        "previous_aadt": 11400
      },
      "geometry": {
        "type": "Point",
        "coordinates": [
          -95.847422,
          36.133431
        ]
      }
    },
    {
      "type": "Feature",
      "properties": {
        "road": "Local Road",
        "aadt": 17200,
        "year": 2023,
        "location": "ODOT CS-52, Tulsa County, MP 7.9-8.6",
        "tier": "secondary",
        "route_id": "7200052UX0184",
        "previous_aadt": 14400
      },
      "geometry": {
        "type": "Point",
        "coordinates": [
          -95.81529,
          36.081201
        ]
      }
    },
    {
      "type": "Feature",
      "properties": {
        "road": "Local Road",
        "aadt": 17200,
        "year": 2023,
        "location": "ODOT CS-24, Tulsa County, MP 0.3-1.8",
        "tier": "secondary",
        "route_id": "7200024UX0366",
        "previous_aadt": 14600
      },
      "geometry": {
        "type": "Point",
        "coordinates": [
          -95.942887,
          36.031891
        ]
      }
    },
    {
      "type": "Feature",
      "properties": {
        "road": "Local Road",
        "aadt": 17200,
        "year": 2023,
        "location": "ODOT CS-48, Tulsa County, MP 8.4-9.4",
        "tier": "secondary",
        "route_id": "7200048UX0233",
        "previous_aadt": 12600
      },
      "geometry": {
        "type": "Point",
        "coordinates": [
          -95.886648,
          36.153403
        ]
      }
    },
    {
      "type": "Feature",
      "properties": {
        "road": "US-64",
        "aadt": 17100,
        "year": 2023,
        "location": "US-64, Osage County, MP 0.0-1.5",
        "tier": "secondary",
        "route_id": "5700042HX0000",
        "previous_aadt": 16000
      },
      "geometry": {
        "type": "Point",
        "coordinates": [
          -96.249954,
          36.161793
        ]
      }
    },
    {
      "type": "Feature",
      "properties": {
        "road": "Local Road",
        "aadt": 17100,
        "year": 2023,
        "location": "ODOT CS-42, Tulsa County, MP 2.7-3.8",
        "tier": "secondary",
        "route_id": "7200042UX0140",
        "previous_aadt": 14100
      },
      "geometry": {
        "type": "Point",
        "coordinates": [
          -95.967051,
          36.150141
        ]
      }
    },
    {
      "type": "Feature",
      "properties": {
        "road": "Local Road",
        "aadt": 17000,
        "year": 2023,
        "location": "ODOT CS-48, Tulsa County, MP 0.0-0.4",
        "tier": "secondary",
        "route_id": "7200048UX0233",
        "previous_aadt": 25500
      },
      "geometry": {
        "type": "Point",
        "coordinates": [
          -95.886381,
          36.028215
        ]
      }
    },
    {
      "type": "Feature",
      "properties": {
        "road": "Local Road",
        "aadt": 16900,
        "year": 2023,
        "location": "ODOT CS-15, Tulsa County, MP 14.3-14.8",
        "tier": "secondary",
        "route_id": "7200015UX0000",
        "previous_aadt": 28800
      },
      "geometry": {
        "type": "Point",
        "coordinates": [
          -95.862066,
          36.13342
        ]
      }
    },
    {
      "type": "Feature",
      "properties": {
        "road": "Local Road",
        "aadt": 16800,
        "year": 2023,
        "location": "ODOT CS-21, Tulsa County, MP 3.5-5.5",
        "tier": "secondary",
        "route_id": "7200021UX0164",
        "previous_aadt": 15400
      },
      "geometry": {
        "type": "Point",
        "coordinates": [
          -95.903361,
          36.075334
        ]
      }
    },
    {
      "type": "Feature",
      "properties": {
        "road": "Local Road",
        "aadt": 16700,
        "year": 2023,
        "location": "ODOT CS-70322, Tulsa County, MP 0.0-0.2",
        "tier": "secondary",
        "route_id": "7270322RX0000",
        "previous_aadt": 14400
      },
      "geometry": {
        "type": "Point",
        "coordinates": [
          -95.896788,
          36.114964
        ]
      }
    },
    {
      "type": "Feature",
      "properties": {
        "road": "Local Road",
        "aadt": 16700,
        "year": 2023,
        "location": "ODOT CS-45, Tulsa County, MP 8.0-8.8",
        "tier": "secondary",
        "route_id": "7200045UX0429",
        "previous_aadt": 12300
      },
      "geometry": {
        "type": "Point",
        "coordinates": [
          -95.94032,
          36.155088
        ]
      }
    },
    {
      "type": "Feature",
      "properties": {
        "road": "SH-117",
        "aadt": 16700,
        "year": 2023,
        "location": "SH-117, Tulsa County, MP 0.0-1.0",
        "tier": "secondary",
        "route_id": "7200082HX0000",
        "previous_aadt": 15700
      },
      "geometry": {
        "type": "Point",
        "coordinates": [
          -96.017591,
          35.988368
        ]
      }
    },
    {
      "type": "Feature",
      "properties": {
        "road": "Local Road",
        "aadt": 16500,
        "year": 2023,
        "location": "ODOT CS-51, Tulsa County, MP 10.0-11.0",
        "tier": "secondary",
        "route_id": "7200051UX0221",
        "previous_aadt": 14200
      },
      "geometry": {
        "type": "Point",
        "coordinates": [
          -95.833259,
          36.129789
        ]
      }
    },
    {
      "type": "Feature",
      "properties": {
        "road": "SH-67",
        "aadt": 16500,
        "year": 2023,
        "location": "SH-67, Tulsa County, MP 1.0-6.0",
        "tier": "secondary",
        "route_id": "7200074HX0000",
        "previous_aadt": 12100
      },
      "geometry": {
        "type": "Point",
        "coordinates": [
          -95.978746,
          35.944802
        ]
      }
    },
    {
      "type": "Feature",
      "properties": {
        "road": "Local Road",
        "aadt": 16400,
        "year": 2023,
        "location": "ODOT CS-43, Tulsa County, MP 7.8-8.1",
        "tier": "secondary",
        "route_id": "7200043UX0203",
        "previous_aadt": 13400
      },
      "geometry": {
        "type": "Point",
        "coordinates": [
          -95.958207,
          36.144176
        ]
      }
    },
    {
      "type": "Feature",
      "properties": {
        "road": "US-75",
        "aadt": 16400,
        "year": 2023,
        "location": "US-75, Tulsa County, MP 7.5-8.5",
        "tier": "secondary",
        "route_id": "7200018UX0000",
        "previous_aadt": 17900
      },
      "geometry": {
        "type": "Point",
        "coordinates": [
          -95.841645,
          36.11896
        ]
      }
    },
    {
      "type": "Feature",
      "properties": {
        "road": "SH-97",
        "aadt": 16400,
        "year": 2023,
        "location": "SH-97, Tulsa County, MP 0.0-3.0",
        "tier": "secondary",
        "route_id": "7200076HX0000",
        "previous_aadt": 16300
      },
      "geometry": {
        "type": "Point",
        "coordinates": [
          -96.116852,
          36.100226
        ]
      }
    },
    {
      "type": "Feature",
      "properties": {
        "road": "Local Road",
        "aadt": 16300,
        "year": 2023,
        "location": "ODOT CS-45, Tulsa County, MP 2.0-3.0",
        "tier": "secondary",
        "route_id": "7200045UX0429",
        "previous_aadt": 13800
      },
      "geometry": {
        "type": "Point",
        "coordinates": [
          -95.940006,
          36.066281
        ]
      }
    },
    {
      "type": "Feature",
      "properties": {
        "road": "US-75",
        "aadt": 16300,
        "year": 2023,
        "location": "US-75, Tulsa County, MP 5.4-6.5",
        "tier": "secondary",
        "route_id": "7200018UX0000",
        "previous_aadt": 12800
      },
      "geometry": {
        "type": "Point",
        "coordinates": [
          -95.878277,
          36.118942
        ]
      }
    },
    {
      "type": "Feature",
      "properties": {
        "road": "Local Road",
        "aadt": 16200,
        "year": 2023,
        "location": "ODOT CS-41, Tulsa County, MP 1.9-2.9",
        "tier": "secondary",
        "route_id": "7200041UX0802",
        "previous_aadt": 20600
      },
      "geometry": {
        "type": "Point",
        "coordinates": [
          -95.975744,
          36.095225
        ]
      }
    },
    {
      "type": "Feature",
      "properties": {
        "road": "Local Road",
        "aadt": 16200,
        "year": 2023,
        "location": "ODOT CS-47, Tulsa County, MP 13.1-14.0",
        "tier": "secondary",
        "route_id": "7200047UX0399",
        "previous_aadt": 15800
      },
      "geometry": {
        "type": "Point",
        "coordinates": [
          -95.904565,
          36.169693
        ]
      }
    },
    {
      "type": "Feature",
      "properties": {
        "road": "SH-66",
        "aadt": 16200,
        "year": 2023,
        "location": "SH-66, Delaware County, MP 3.1-6.9",
        "tier": "secondary",
        "route_id": "1900006HX0000",
        "previous_aadt": 16700
      },
      "geometry": {
        "type": "Point",
        "coordinates": [
          -96.067562,
          36.065096
        ]
      }
    },
    {
      "type": "Feature",
      "properties": {
        "road": "Local Road",
        "aadt": 16100,
        "year": 2023,
        "location": "ODOT CS-47, Tulsa County, MP 2.0-4.0",
        "tier": "secondary",
        "route_id": "7200047UX0399",
        "previous_aadt": 14100
      },
      "geometry": {
        "type": "Point",
        "coordinates": [
          -95.904236,
          36.017345
        ]
      }
    },
    {
      "type": "Feature",
      "properties": {
        "road": "Local Road",
        "aadt": 16000,
        "year": 2023,
        "location": "ODOT CS-51, Tulsa County, MP 9.0-10.0",
        "tier": "secondary",
        "route_id": "7200051UX0221",
        "previous_aadt": 15700
      },
      "geometry": {
        "type": "Point",
        "coordinates": [
          -95.833253,
          36.112274
        ]
      }
    },
    {
      "type": "Feature",
      "properties": {
        "road": "Local Road",
        "aadt": 16000,
        "year": 2023,
        "location": "ODOT CS-50, Tulsa County, MP 7.0-8.0",
        "tier": "secondary",
        "route_id": "7200050UX0000",
        "previous_aadt": 19200
      },
      "geometry": {
        "type": "Point",
        "coordinates": [
          -95.851066,
          36.083596
        ]
      }
    },
    {
      "type": "Feature",
      "properties": {
        "road": "Local Road",
        "aadt": 16000,
        "year": 2023,
        "location": "ODOT CS-50, Tulsa County, MP 0.0-2.0",
        "tier": "secondary",
        "route_id": "7200050UX1606",
        "previous_aadt": 12500
      },
      "geometry": {
        "type": "Point",
        "coordinates": [
          -95.848165,
          36.287655
        ]
      }
    },
    {
      "type": "Feature",
      "properties": {
        "road": "Local Road",
        "aadt": 16000,
        "year": 2023,
        "location": "ODOT CS-51, Tulsa County, MP 7.0-7.9",
        "tier": "secondary",
        "route_id": "7200051UX0221",
        "previous_aadt": 15700
      },
      "geometry": {
        "type": "Point",
        "coordinates": [
          -95.833189,
          36.084318
        ]
      }
    },
    {
      "type": "Feature",
      "properties": {
        "road": "SH-11",
        "aadt": 16000,
        "year": 2023,
        "location": "SH-11, Tulsa County, MP 4.9-5.5",
        "tier": "secondary",
        "route_id": "7200090HX0000",
        "previous_aadt": 37100
      },
      "geometry": {
        "type": "Point",
        "coordinates": [
          -95.880374,
          36.161545
        ]
      }
    },
    {
      "type": "Feature",
      "properties": {
        "road": "SH-135",
        "aadt": 15900,
        "year": 2023,
        "location": "SH-135, Tulsa County, MP 1.5-2.7",
        "tier": "secondary",
        "route_id": "7200084UX0000",
        "previous_aadt": 12200
      },
      "geometry": {
        "type": "Point",
        "coordinates": [
          -95.977454,
          36.022688
        ]
      }
    },
    {
      "type": "Feature",
      "properties": {
        "road": "Local Road",
        "aadt": 15900,
        "year": 2023,
        "location": "ODOT CS-23, Tulsa County, MP 0.0-2.4",
        "tier": "secondary",
        "route_id": "7200023UX0313",
        "previous_aadt": 15800
      },
      "geometry": {
        "type": "Point",
        "coordinates": [
          -95.943404,
          36.046379
        ]
      }
    },
    {
      "type": "Feature",
      "properties": {
        "road": "Local Road",
        "aadt": 15800,
        "year": 2023,
        "location": "ODOT CS-15, Tulsa County, MP 7.9-9.1",
        "tier": "secondary",
        "route_id": "7200015UX0000",
        "previous_aadt": 13000
      },
      "geometry": {
        "type": "Point",
        "coordinates": [
          -95.972527,
          36.133341
        ]
      }
    },
    {
      "type": "Feature",
      "properties": {
        "road": "Local Road",
        "aadt": 15800,
        "year": 2023,
        "location": "ODOT CS-50, Tulsa County, MP 11.0-12.0",
        "tier": "secondary",
        "route_id": "7200050UX0000",
        "previous_aadt": 15500
      },
      "geometry": {
        "type": "Point",
        "coordinates": [
          -95.851114,
          36.137971
        ]
      }
    },
    {
      "type": "Feature",
      "properties": {
        "road": "Local Road",
        "aadt": 15700,
        "year": 2023,
        "location": "ODOT CS-43, Tulsa County, MP 5.6-6.6",
        "tier": "secondary",
        "route_id": "7200043UX0203",
        "previous_aadt": 13400
      },
      "geometry": {
        "type": "Point",
        "coordinates": [
          -95.958104,
          36.117775
        ]
      }
    },
    {
      "type": "Feature",
      "properties": {
        "road": "SH-97",
        "aadt": 15700,
        "year": 2023,
        "location": "SH-97, Delaware County, MP 0.0-0.3",
        "tier": "secondary",
        "route_id": "1900026HX0000",
        "previous_aadt": 14100
      },
      "geometry": {
        "type": "Point",
        "coordinates": [
          -96.114345,
          36.001869
        ]
      }
    },
    {
      "type": "Feature",
      "properties": {
        "road": "Local Road",
        "aadt": 15600,
        "year": 2023,
        "location": "ODOT CS-70314, Tulsa County, MP 0.0-1.2",
        "tier": "secondary",
        "route_id": "7270314RX0000",
        "previous_aadt": 15300
      },
      "geometry": {
        "type": "Point",
        "coordinates": [
          -95.896212,
          36.114079
        ]
      }
    },
    {
      "type": "Feature",
      "properties": {
        "road": "Local Road",
        "aadt": 15600,
        "year": 2023,
        "location": "ODOT CS-19, Tulsa County, MP 7.4-8.4",
        "tier": "secondary",
        "route_id": "7200019UX1086",
        "previous_aadt": 15300
      },
      "geometry": {
        "type": "Point",
        "coordinates": [
          -95.839656,
          36.104474
        ]
      }
    },
    {
      "type": "Feature",
      "properties": {
        "road": "Local Road",
        "aadt": 15600,
        "year": 2023,
        "location": "ODOT CS-19, Tulsa County, MP 4.4-5.9",
        "tier": "secondary",
        "route_id": "7200019UX1086",
        "previous_aadt": 15500
      },
      "geometry": {
        "type": "Point",
        "coordinates": [
          -95.88799,
          36.104383
        ]
      }
    },
    {
      "type": "Feature",
      "properties": {
        "road": "SH-117",
        "aadt": 15600,
        "year": 2023,
        "location": "SH-117, Delaware County, MP 0.4-1.7",
        "tier": "secondary",
        "route_id": "1900048HX0000",
        "previous_aadt": 13900
      },
      "geometry": {
        "type": "Point",
        "coordinates": [
          -96.127997,
          35.988257
        ]
      }
    },
    {
      "type": "Feature",
      "properties": {
        "road": "SH-51",
        "aadt": 15500,
        "year": 2023,
        "location": "SH-51, Tulsa County, MP 5.7-8.1",
        "tier": "secondary",
        "route_id": "7200020UX0693",
        "previous_aadt": 16200
      },
      "geometry": {
        "type": "Point",
        "coordinates": [
          -95.839111,
          36.089951
        ]
      }
    },
    {
      "type": "Feature",
      "properties": {
        "road": "Local Road",
        "aadt": 15500,
        "year": 2023,
        "location": "ODOT CS-10, Tulsa County, MP 6.4-6.9",
        "tier": "secondary",
        "route_id": "7200010UX0114",
        "previous_aadt": 15200
      },
      "geometry": {
        "type": "Point",
        "coordinates": [
          -95.861519,
          36.147921
        ]
      }
    },
    {
      "type": "Feature",
      "properties": {
        "road": "Local Road",
        "aadt": 15400,
        "year": 2023,
        "location": "ODOT CS-41, Tulsa County, MP 7.8-8.4",
        "tier": "secondary",
        "route_id": "7200041UX0802",
        "previous_aadt": 17100
      },
      "geometry": {
        "type": "Point",
        "coordinates": [
          -95.975562,
          36.178904
        ]
      }
    },
    {
      "type": "Feature",
      "properties": {
        "road": "US-64",
        "aadt": 15400,
        "year": 2023,
        "location": "US-64, Tulsa County, MP 5.6-6.6",
        "tier": "secondary",
        "route_id": "7200006HX0000",
        "previous_aadt": 14600
      },
      "geometry": {
        "type": "Point",
        "coordinates": [
          -95.886622,
          35.937819
        ]
      }
    },
    {
      "type": "Feature",
      "properties": {
        "road": "Local Road",
        "aadt": 15300,
        "year": 2023,
        "location": "ODOT CS-43, Tulsa County, MP 5.1-5.6",
        "tier": "secondary",
        "route_id": "7200043UX0203",
        "previous_aadt": 14500
      },
      "geometry": {
        "type": "Point",
        "coordinates": [
          -95.958007,
          36.107867
        ]
      }
    },
    {
      "type": "Feature",
      "properties": {
        "road": "Local Road",
        "aadt": 15200,
        "year": 2023,
        "location": "ODOT CS-70362, Tulsa County, MP 0.0-0.5",
        "tier": "secondary",
        "route_id": "7270362RX0000",
        "previous_aadt": 14900
      },
      "geometry": {
        "type": "Point",
        "coordinates": [
          -95.977483,
          36.143624
        ]
      }
    },
    {
      "type": "Feature",
      "properties": {
        "road": "Local Road",
        "aadt": 15200,
        "year": 2023,
        "location": "ODOT CS-50, Tulsa County, MP 5.0-7.0",
        "tier": "secondary",
        "route_id": "7200050UX0000",
        "previous_aadt": 13100
      },
      "geometry": {
        "type": "Point",
        "coordinates": [
          -95.851028,
          36.068546
        ]
      }
    },
    {
      "type": "Feature",
      "properties": {
        "road": "Local Road",
        "aadt": 15200,
        "year": 2023,
        "location": "ODOT CS-38, Tulsa County, MP 1.5-3.5",
        "tier": "secondary",
        "route_id": "7200038WX0042",
        "previous_aadt": 12400
      },
      "geometry": {
        "type": "Point",
        "coordinates": [
          -95.901274,
          36.017342
        ]
      }
    },
    {
      "type": "Feature",
      "properties": {
        "road": "US-75A",
        "aadt": 15200,
        "year": 2023,
        "location": "US-75A, Delaware County, MP 10.8-11.5",
        "tier": "secondary",
        "route_id": "1900008HX0000",
        "previous_aadt": 13200
      },
      "geometry": {
        "type": "Point",
        "coordinates": [
          -96.113978,
          35.993051
        ]
      }
    },
    {
      "type": "Feature",
      "properties": {
        "road": "Local Road",
        "aadt": 15100,
        "year": 2023,
        "location": "ODOT CS-70525, Tulsa County, MP 0.0-0.3",
        "tier": "secondary",
        "route_id": "7270525RX0000",
        "previous_aadt": 14900
      },
      "geometry": {
        "type": "Point",
        "coordinates": [
          -95.8599,
          36.062845
        ]
      }
    },
    {
      "type": "Feature",
      "properties": {
        "road": "SH-364",
        "aadt": 15100,
        "year": 2023,
        "location": "SH-364, Wagoner County, MP 0.0-1.0",
        "tier": "secondary",
        "route_id": "7300038HX0000",
        "previous_aadt": 12300
      },
      "geometry": {
        "type": "Point",
        "coordinates": [
          -95.739396,
          36.056713
        ]
      }
    },
    {
      "type": "Feature",
      "properties": {
        "road": "SH-364",
        "aadt": 15000,
        "year": 2023,
        "location": "SH-364, Wagoner County, MP 3.5-5.6",
        "tier": "secondary",
        "route_id": "7300038HX0000",
        "previous_aadt": 12200
      },
      "geometry": {
        "type": "Point",
        "coordinates": [
          -95.720266,
          36.106901
        ]
      }
    },
    {
      "type": "Feature",
      "properties": {
        "road": "SH-364",
        "aadt": 15000,
        "year": 2023,
        "location": "SH-364, Wagoner County, MP 1.0-3.5",
        "tier": "secondary",
        "route_id": "7300038HX0000",
        "previous_aadt": 12100
      },
      "geometry": {
        "type": "Point",
        "coordinates": [
          -95.728262,
          36.081703
        ]
      }
    },
    {
      "type": "Feature",
      "properties": {
        "road": "Local Road",
        "aadt": 14900,
        "year": 2023,
        "location": "ODOT CS-40, Tulsa County, MP 1.8-3.8",
        "tier": "secondary",
        "route_id": "7200040WX0300",
        "previous_aadt": 13400
      },
      "geometry": {
        "type": "Point",
        "coordinates": [
          -95.883078,
          36.002831
        ]
      }
    },
    {
      "type": "Feature",
      "properties": {
        "road": "Local Road",
        "aadt": 14800,
        "year": 2023,
        "location": "ODOT CS-7, Tulsa County, MP 9.0-10.0",
        "tier": "secondary",
        "route_id": "7200007YX0000",
        "previous_aadt": 14100
      },
      "geometry": {
        "type": "Point",
        "coordinates": [
          -95.81876,
          36.278568
        ]
      }
    },
    {
      "type": "Feature",
      "properties": {
        "road": "Local Road",
        "aadt": 14800,
        "year": 2023,
        "location": "ODOT CS-24, Tulsa County, MP 1.8-5.2",
        "tier": "secondary",
        "route_id": "7200024UX0366",
        "previous_aadt": 14500
      },
      "geometry": {
        "type": "Point",
        "coordinates": [
          -95.88156,
          36.031885
        ]
      }
    },
    {
      "type": "Feature",
      "properties": {
        "road": "Local Road",
        "aadt": 14700,
        "year": 2023,
        "location": "ODOT CS-51, Tulsa County, MP 11.0-12.0",
        "tier": "secondary",
        "route_id": "7200051UX0221",
        "previous_aadt": 12000
      },
      "geometry": {
        "type": "Point",
        "coordinates": [
          -95.833261,
          36.13901
        ]
      }
    },
    {
      "type": "Feature",
      "properties": {
        "road": "SH-364",
        "aadt": 14700,
        "year": 2023,
        "location": "SH-364, Wagoner County, MP 5.6-7.7",
        "tier": "secondary",
        "route_id": "7300038HX0000",
        "previous_aadt": 12000
      },
      "geometry": {
        "type": "Point",
        "coordinates": [
          -95.732329,
          36.125988
        ]
      }
    },
    {
      "type": "Feature",
      "properties": {
        "road": "SH-364",
        "aadt": 14700,
        "year": 2023,
        "location": "SH-364, Wagoner County, MP 7.7-8.7",
        "tier": "secondary",
        "route_id": "7300038HX0000",
        "previous_aadt": 12000
      },
      "geometry": {
        "type": "Point",
        "coordinates": [
          -95.732074,
          36.158842
        ]
      }
    },
    {
      "type": "Feature",
      "properties": {
        "road": "Local Road",
        "aadt": 14600,
        "year": 2023,
        "location": "ODOT CS-70411, Tulsa County, MP 0.0-0.3",
        "tier": "secondary",
        "route_id": "7270411RX0000",
        "previous_aadt": 14700
      },
      "geometry": {
        "type": "Point",
        "coordinates": [
          -95.859147,
          36.100179
        ]
      }
    },
    {
      "type": "Feature",
      "properties": {
        "road": "Local Road",
        "aadt": 14500,
        "year": 2023,
        "location": "ODOT CS-41, Tulsa County, MP 2.9-3.9",
        "tier": "secondary",
        "route_id": "7200041UX0802",
        "previous_aadt": 13500
      },
      "geometry": {
        "type": "Point",
        "coordinates": [
          -95.975666,
          36.114282
        ]
      }
    },
    {
      "type": "Feature",
      "properties": {
        "road": "Local Road",
        "aadt": 14500,
        "year": 2023,
        "location": "ODOT CS-43, Tulsa County, MP 6.6-7.1",
        "tier": "secondary",
        "route_id": "7200043UX0203",
        "previous_aadt": 12300
      },
      "geometry": {
        "type": "Point",
        "coordinates": [
          -95.958194,
          36.128692
        ]
      }
    },
    {
      "type": "Feature",
      "properties": {
        "road": "Local Road",
        "aadt": 14400,
        "year": 2023,
        "location": "ODOT CS-70530, Tulsa County, MP 0.0-0.4",
        "tier": "secondary",
        "route_id": "7270530RX0000",
        "previous_aadt": 14200
      },
      "geometry": {
        "type": "Point",
        "coordinates": [
          -95.858868,
          36.062701
        ]
      }
    },
    {
      "type": "Feature",
      "properties": {
        "road": "Local Road",
        "aadt": 14400,
        "year": 2023,
        "location": "ODOT CS-53, Tulsa County, MP 0.0-1.4",
        "tier": "secondary",
        "route_id": "7200053UX0000",
        "previous_aadt": 17400
      },
      "geometry": {
        "type": "Point",
        "coordinates": [
          -95.797402,
          35.988376
        ]
      }
    },
    {
      "type": "Feature",
      "properties": {
        "road": "I-244",
        "aadt": 14400,
        "year": 2023,
        "location": "I-244, Tulsa County, MP 2.5-5.5",
        "tier": "secondary",
        "route_id": "7200009UX0000",
        "previous_aadt": 14200
      },
      "geometry": {
        "type": "Point",
        "coordinates": [
          -95.882211,
          36.160744
        ]
      }
    },
    {
      "type": "Feature",
      "properties": {
        "road": "SH-117",
        "aadt": 14400,
        "year": 2023,
        "location": "SH-117, Delaware County, MP 0.8-4.7",
        "tier": "secondary",
        "route_id": "1900036HX0000",
        "previous_aadt": 13600
      },
      "geometry": {
        "type": "Point",
        "coordinates": [
          -96.07133,
          35.988417
        ]
      }
    },
    {
      "type": "Feature",
      "properties": {
        "road": "SH-66",
        "aadt": 14300,
        "year": 2023,
        "location": "SH-66, Delaware County, MP 0.9-3.1",
        "tier": "secondary",
        "route_id": "1900006HX0000",
        "previous_aadt": 15500
      },
      "geometry": {
        "type": "Point",
        "coordinates": [
          -96.098543,
          36.013037
        ]
      }
    },
    {
      "type": "Feature",
      "properties": {
        "road": "Local Road",
        "aadt": 14100,
        "year": 2023,
        "location": "ODOT CS-21, Tulsa County, MP 8.5-9.9",
        "tier": "secondary",
        "route_id": "7200021UX0164",
        "previous_aadt": 13200
      },
      "geometry": {
        "type": "Point",
        "coordinates": [
          -95.822004,
          36.075461
        ]
      }
    },
    {
      "type": "Feature",
      "properties": {
        "road": "SH-97",
        "aadt": 14100,
        "year": 2023,
        "location": "SH-97, Delaware County, MP 0.3-0.9",
        "tier": "secondary",
        "route_id": "1900026HX0000",
        "previous_aadt": 13000
      },
      "geometry": {
        "type": "Point",
        "coordinates": [
          -96.112277,
          36.005807
        ]
      }
    },
    {
      "type": "Feature",
      "properties": {
        "road": "SH-97",
        "aadt": 14100,
        "year": 2023,
        "location": "SH-97, Delaware County, MP 0.9-1.5",
        "tier": "secondary",
        "route_id": "1900026HX0000",
        "previous_aadt": 12400
      },
      "geometry": {
        "type": "Point",
        "coordinates": [
          -96.111915,
          36.015223
        ]
      }
    },
    {
      "type": "Feature",
      "properties": {
        "road": "Local Road",
        "aadt": 13900,
        "year": 2023,
        "location": "ODOT CS-88, Osage County, MP 0.0-1.3",
        "tier": "secondary",
        "route_id": "5700088YX0000",
        "previous_aadt": 13700
      },
      "geometry": {
        "type": "Point",
        "coordinates": [
          -96.004879,
          36.186619
        ]
      }
    },
    {
      "type": "Feature",
      "properties": {
        "road": "Local Road",
        "aadt": 13800,
        "year": 2023,
        "location": "ODOT CS-45, Tulsa County, MP 8.8-10.1",
        "tier": "secondary",
        "route_id": "7200045UX0429",
        "previous_aadt": 3700
      },
      "geometry": {
        "type": "Point",
        "coordinates": [
          -95.940267,
          36.161954
        ]
      }
    },
    {
      "type": "Feature",
      "properties": {
        "road": "Local Road",
        "aadt": 13700,
        "year": 2023,
        "location": "ODOT CS-15, Tulsa County, MP 13.3-14.3",
        "tier": "secondary",
        "route_id": "7200015UX0000",
        "previous_aadt": 12600
      },
      "geometry": {
        "type": "Point",
        "coordinates": [
          -95.875499,
          36.133417
        ]
      }
    },
    {
      "type": "Feature",
      "properties": {
        "road": "Local Road",
        "aadt": 13600,
        "year": 2023,
        "location": "ODOT CS-70412, Tulsa County, MP 0.0-0.2",
        "tier": "secondary",
        "route_id": "7270412RX0000",
        "previous_aadt": 18500
      },
      "geometry": {
        "type": "Point",
        "coordinates": [
          -95.858339,
          36.099061
        ]
      }
    },
    {
      "type": "Feature",
      "properties": {
        "road": "Local Road",
        "aadt": 13600,
        "year": 2023,
        "location": "ODOT CS-56, Tulsa County, MP 2.8-3.0",
        "tier": "secondary",
        "route_id": "7200056UX0000",
        "previous_aadt": 13400
      },
      "geometry": {
        "type": "Point",
        "coordinates": [
          -95.950772,
          36.198508
        ]
      }
    },
    {
      "type": "Feature",
      "properties": {
        "road": "SH-51",
        "aadt": 13600,
        "year": 2023,
        "location": "SH-51, Tulsa County, MP 8.1-9.2",
        "tier": "secondary",
        "route_id": "7200020UX0693",
        "previous_aadt": 9400
      },
      "geometry": {
        "type": "Point",
        "coordinates": [
          -95.807776,
          36.08997
        ]
      }
    },
    {
      "type": "Feature",
      "properties": {
        "road": "Local Road",
        "aadt": 13500,
        "year": 2023,
        "location": "ODOT CS-32, Tulsa County, MP 0.3-0.7",
        "tier": "secondary",
        "route_id": "7200032UX0000",
        "previous_aadt": 13300
      },
      "geometry": {
        "type": "Point",
        "coordinates": [
          -96.020272,
          36.16029
        ]
      }
    },
    {
      "type": "Feature",
      "properties": {
        "road": "SH-266",
        "aadt": 13500,
        "year": 2023,
        "location": "SH-266, Tulsa County, MP 0.0-2.1",
        "tier": "secondary",
        "route_id": "7200031HX0000",
        "previous_aadt": 13900
      },
      "geometry": {
        "type": "Point",
        "coordinates": [
          -95.831805,
          36.220331
        ]
      }
    },
    {
      "type": "Feature",
      "properties": {
        "road": "Local Road",
        "aadt": 13400,
        "year": 2023,
        "location": "ODOT CS-15, Tulsa County, MP 9.8-10.3",
        "tier": "secondary",
        "route_id": "7200015UX0000",
        "previous_aadt": 12000
      },
      "geometry": {
        "type": "Point",
        "coordinates": [
          -95.945935,
          36.133264
        ]
      }
    },
    {
      "type": "Feature",
      "properties": {
        "road": "SH-135",
        "aadt": 13400,
        "year": 2023,
        "location": "SH-135, Tulsa County, MP 0.0-0.4",
        "tier": "secondary",
        "route_id": "7200084HX0000",
        "previous_aadt": 11400
      },
      "geometry": {
        "type": "Point",
        "coordinates": [
          -95.850665,
          36.263981
        ]
      }
    },
    {
      "type": "Feature",
      "properties": {
        "road": "SH-97",
        "aadt": 13400,
        "year": 2023,
        "location": "SH-97, Delaware County, MP 1.5-5.4",
        "tier": "secondary",
        "route_id": "1900026HX0000",
        "previous_aadt": 12100
      },
      "geometry": {
        "type": "Point",
        "coordinates": [
          -96.113634,
          36.030547
        ]
      }
    },
    {
      "type": "Feature",
      "properties": {
        "road": "Local Road",
        "aadt": 13300,
        "year": 2023,
        "location": "ODOT CS-70054, Tulsa County, MP 0.0-0.3",
        "tier": "secondary",
        "route_id": "7270054RX0000",
        "previous_aadt": 17000
      },
      "geometry": {
        "type": "Point",
        "coordinates": [
          -96.002434,
          36.15748
        ]
      }
    },
    {
      "type": "Feature",
      "properties": {
        "road": "Local Road",
        "aadt": 13200,
        "year": 2023,
        "location": "ODOT CS-41, Tulsa County, MP 9.3-9.9",
        "tier": "secondary",
        "route_id": "7200041UX0802",
        "previous_aadt": 15100
      },
      "geometry": {
        "type": "Point",
        "coordinates": [
          -95.97558,
          36.200256
        ]
      }
    },
    {
      "type": "Feature",
      "properties": {
        "road": "Local Road",
        "aadt": 13100,
        "year": 2023,
        "location": "ODOT CS-70007, Tulsa County, MP 0.0-0.4",
        "tier": "secondary",
        "route_id": "7270007RX0000",
        "previous_aadt": 12900
      },
      "geometry": {
        "type": "Point",
        "coordinates": [
          -95.883311,
          36.025836
        ]
      }
    },
    {
      "type": "Feature",
      "properties": {
        "road": "Local Road",
        "aadt": 13100,
        "year": 2023,
        "location": "ODOT CS-70237, Tulsa County, MP 0.0-0.6",
        "tier": "secondary",
        "route_id": "7270237RX0000",
        "previous_aadt": 11500
      },
      "geometry": {
        "type": "Point",
        "coordinates": [
          -95.858752,
          36.036194
        ]
      }
    },
    {
      "type": "Feature",
      "properties": {
        "road": "SH-266",
        "aadt": 13100,
        "year": 2023,
        "location": "SH-266, Rogers County, MP 0.0-3.2",
        "tier": "secondary",
        "route_id": "6600033HX0000",
        "previous_aadt": 11800
      },
      "geometry": {
        "type": "Point",
        "coordinates": [
          -95.794854,
          36.226753
        ]
      }
    },
    {
      "type": "Feature",
      "properties": {
        "road": "Local Road",
        "aadt": 13000,
        "year": 2023,
        "location": "ODOT CS-70055, Tulsa County, MP 0.0-0.4",
        "tier": "secondary",
        "route_id": "7270055RX0000",
        "previous_aadt": 24800
      },
      "geometry": {
        "type": "Point",
        "coordinates": [
          -96.0008,
          36.158401
        ]
      }
    },
    {
      "type": "Feature",
      "properties": {
        "road": "Local Road",
        "aadt": 13000,
        "year": 2023,
        "location": "ODOT CS-41, Tulsa County, MP 3.9-5.6",
        "tier": "secondary",
        "route_id": "7200041UX0802",
        "previous_aadt": 12100
      },
      "geometry": {
        "type": "Point",
        "coordinates": [
          -95.975657,
          36.130715
        ]
      }
    },
    {
      "type": "Feature",
      "properties": {
        "road": "Local Road",
        "aadt": 13000,
        "year": 2023,
        "location": "ODOT CS-51, Tulsa County, MP 12.7-13.2",
        "tier": "secondary",
        "route_id": "7200051UX0221",
        "previous_aadt": 12800
      },
      "geometry": {
        "type": "Point",
        "coordinates": [
          -95.83331,
          36.160616
        ]
      }
    },
    {
      "type": "Feature",
      "properties": {
        "road": "Local Road",
        "aadt": 13000,
        "year": 2023,
        "location": "ODOT CS-38, Tulsa County, MP 3.5-5.6",
        "tier": "secondary",
        "route_id": "7200038WX0042",
        "previous_aadt": 12200
      },
      "geometry": {
        "type": "Point",
        "coordinates": [
          -95.865921,
          36.017392
        ]
      }
    },
    {
      "type": "Feature",
      "properties": {
        "road": "Local Road",
        "aadt": 12900,
        "year": 2023,
        "location": "ODOT CS-10, Tulsa County, MP 0.4-1.4",
        "tier": "secondary",
        "route_id": "7200010UX0114",
        "previous_aadt": 12700
      },
      "geometry": {
        "type": "Point",
        "coordinates": [
          -95.965671,
          36.147834
        ]
      }
    },
    {
      "type": "Feature",
      "properties": {
        "road": "SH-51",
        "aadt": 12900,
        "year": 2023,
        "location": "SH-51, Wagoner County, MP 0.0-0.8",
        "tier": "secondary",
        "route_id": "7300012HX0000",
        "previous_aadt": 12700
      },
      "geometry": {
        "type": "Point",
        "coordinates": [
          -95.754251,
          36.050826
        ]
      }
    },
    {
      "type": "Feature",
      "properties": {
        "road": "SH-117",
        "aadt": 12900,
        "year": 2023,
        "location": "SH-117, Delaware County, MP 0.0-0.4",
        "tier": "secondary",
        "route_id": "1900048HX0000",
        "previous_aadt": 7100
      },
      "geometry": {
        "type": "Point",
        "coordinates": [
          -96.140334,
          35.990523
        ]
      }
    },
    {
      "type": "Feature",
      "properties": {
        "road": "Local Road",
        "aadt": 12800,
        "year": 2023,
        "location": "ODOT CS-88, Tulsa County, MP 0.0-0.7",
        "tier": "secondary",
        "route_id": "7200088YX0138",
        "previous_aadt": 15700
      },
      "geometry": {
        "type": "Point",
        "coordinates": [
          -95.998779,
          36.201968
        ]
      }
    },
    {
      "type": "Feature",
      "properties": {
        "road": "Local Road",
        "aadt": 12800,
        "year": 2023,
        "location": "ODOT CS-39, Tulsa County, MP 0.0-0.5",
        "tier": "secondary",
        "route_id": "7200039WX0000",
        "previous_aadt": 8900
      },
      "geometry": {
        "type": "Point",
        "coordinates": [
          -96.048258,
          36.078526
        ]
      }
    },
    {
      "type": "Feature",
      "properties": {
        "road": "Local Road",
        "aadt": 12700,
        "year": 2023,
        "location": "ODOT CS-7, Tulsa County, MP 6.5-8.1",
        "tier": "secondary",
        "route_id": "7200007UX0000",
        "previous_aadt": 9000
      },
      "geometry": {
        "type": "Point",
        "coordinates": [
          -95.873388,
          36.177041
        ]
      }
    },
    {
      "type": "Feature",
      "properties": {
        "road": "Local Road",
        "aadt": 12700,
        "year": 2023,
        "location": "ODOT CS-7, Tulsa County, MP 0.8-1.6",
        "tier": "secondary",
        "route_id": "7200007UX0000",
        "previous_aadt": 11900
      },
      "geometry": {
        "type": "Point",
        "coordinates": [
          -95.977845,
          36.176936
        ]
      }
    },
    {
      "type": "Feature",
      "properties": {
        "road": "Local Road",
        "aadt": 12600,
        "year": 2023,
        "location": "ODOT CS-70049, Tulsa County, MP 0.0-0.3",
        "tier": "secondary",
        "route_id": "7270049RX0000",
        "previous_aadt": 11200
      },
      "geometry": {
        "type": "Point",
        "coordinates": [
          -96.002165,
          36.146296
        ]
      }
    },
    {
      "type": "Feature",
      "properties": {
        "road": "SH-135",
        "aadt": 12600,
        "year": 2023,
        "location": "SH-135, Tulsa County, MP 0.0-1.5",
        "tier": "secondary",
        "route_id": "7200084UX0000",
        "previous_aadt": 9800
      },
      "geometry": {
        "type": "Point",
        "coordinates": [
          -96.000504,
          36.024658
        ]
      }
    },
    {
      "type": "Feature",
      "properties": {
        "road": "Local Road",
        "aadt": 12600,
        "year": 2023,
        "location": "ODOT CS-55, Tulsa County, MP 8.0-11.0",
        "tier": "secondary",
        "route_id": "7200055UX0000",
        "previous_aadt": 12200
      },
      "geometry": {
        "type": "Point",
        "coordinates": [
          -95.761691,
          36.080586
        ]
      }
    },
    {
      "type": "Feature",
      "properties": {
        "road": "Local Road",
        "aadt": 12600,
        "year": 2023,
        "location": "ODOT CS-41, Tulsa County, MP 8.4-9.3",
        "tier": "secondary",
        "route_id": "7200041UX0802",
        "previous_aadt": 13500
      },
      "geometry": {
        "type": "Point",
        "coordinates": [
          -95.975818,
          36.193389
        ]
      }
    },
    {
      "type": "Feature",
      "properties": {
        "road": "Local Road",
        "aadt": 12500,
        "year": 2023,
        "location": "ODOT CS-47, Tulsa County, MP 4.0-5.0",
        "tier": "secondary",
        "route_id": "7200047UX0399",
        "previous_aadt": 18000
      },
      "geometry": {
        "type": "Point",
        "coordinates": [
          -95.904216,
          36.039959
        ]
      }
    },
    {
      "type": "Feature",
      "properties": {
        "road": "Local Road",
        "aadt": 12400,
        "year": 2023,
        "location": "ODOT CS-70340, Tulsa County, MP 0.0-0.3",
        "tier": "secondary",
        "route_id": "7270340RX0000",
        "previous_aadt": 8400
      },
      "geometry": {
        "type": "Point",
        "coordinates": [
          -95.858586,
          36.138548
        ]
      }
    },
    {
      "type": "Feature",
      "properties": {
        "road": "Local Road",
        "aadt": 12400,
        "year": 2023,
        "location": "ODOT CS-11, Tulsa County, MP 2.4-3.7",
        "tier": "secondary",
        "route_id": "7200011UX0000",
        "previous_aadt": 11400
      },
      "geometry": {
        "type": "Point",
        "coordinates": [
          -95.94149,
          36.140556
        ]
      }
    },
    {
      "type": "Feature",
      "properties": {
        "road": "Local Road",
        "aadt": 12300,
        "year": 2023,
        "location": "ODOT CS-70335, Tulsa County, MP 0.0-0.6",
        "tier": "secondary",
        "route_id": "7270335RX0000",
        "previous_aadt": 12100
      },
      "geometry": {
        "type": "Point",
        "coordinates": [
          -95.859037,
          36.140379
        ]
      }
    },
    {
      "type": "Feature",
      "properties": {
        "road": "SH-20",
        "aadt": 12300,
        "year": 2023,
        "location": "SH-20, Tulsa County, MP 4.0-4.6",
        "tier": "secondary",
        "route_id": "7200054UX0000",
        "previous_aadt": 12100
      },
      "geometry": {
        "type": "Point",
        "coordinates": [
          -95.779584,
          36.052399
        ]
      }
    },
    {
      "type": "Feature",
      "properties": {
        "road": "Local Road",
        "aadt": 12300,
        "year": 2023,
        "location": "ODOT CS-49, Tulsa County, MP 1.0-3.0",
        "tier": "secondary",
        "route_id": "7200049UX0200",
        "previous_aadt": 9000
      },
      "geometry": {
        "type": "Point",
        "coordinates": [
          -95.86858,
          36.004095
        ]
      }
    },
    {
      "type": "Feature",
      "properties": {
        "road": "SH-97",
        "aadt": 12300,
        "year": 2023,
        "location": "SH-97, Tulsa County, MP 0.0-0.6",
        "tier": "secondary",
        "route_id": "7200077HX0000",
        "previous_aadt": 12100
      },
      "geometry": {
        "type": "Point",
        "coordinates": [
          -96.112821,
          36.138407
        ]
      }
    },
    {
      "type": "Feature",
      "properties": {
        "road": "Local Road",
        "aadt": 12200,
        "year": 2023,
        "location": "ODOT CS-56, Tulsa County, MP 1.5-2.8",
        "tier": "secondary",
        "route_id": "7200056UX0000",
        "previous_aadt": 12000
      },
      "geometry": {
        "type": "Point",
        "coordinates": [
          -95.964264,
          36.197403
        ]
      }
    },
    {
      "type": "Feature",
      "properties": {
        "road": "Local Road",
        "aadt": 12200,
        "year": 2023,
        "location": "ODOT CS-52, Tulsa County, MP 1.6-2.6",
        "tier": "secondary",
        "route_id": "7200052UX0184",
        "previous_aadt": 9800
      },
      "geometry": {
        "type": "Point",
        "coordinates": [
          -95.815195,
          35.99342
        ]
      }
    },
    {
      "type": "Feature",
      "properties": {
        "road": "Local Road",
        "aadt": 12100,
        "year": 2023,
        "location": "ODOT CS-10, Tulsa County, MP 3.0-4.5",
        "tier": "secondary",
        "route_id": "7200010YX0000",
        "previous_aadt": 9800
      },
      "geometry": {
        "type": "Point",
        "coordinates": [
          -95.83014,
          36.322089
        ]
      }
    },
    {
      "type": "Feature",
      "properties": {
        "road": "Local Road",
        "aadt": 12000,
        "year": 2023,
        "location": "ODOT CS-50, Tulsa County, MP 12.0-12.5",
        "tier": "secondary",
        "route_id": "7200050UX0000",
        "previous_aadt": 8800
      },
      "geometry": {
        "type": "Point",
        "coordinates": [
          -95.851207,
          36.153461
        ]
      }
    },
    {
      "type": "Feature",
      "properties": {
        "road": "Local Road",
        "aadt": 12000,
        "year": 2023,
        "location": "ODOT CS-51, Tulsa County, MP 7.9-9.0",
        "tier": "secondary",
        "route_id": "7200051UX0221",
        "previous_aadt": 16400
      },
      "geometry": {
        "type": "Point",
        "coordinates": [
          -95.833213,
          36.093852
        ]
      }
    },
    {
      "type": "Feature",
      "properties": {
        "road": "Local Road",
        "aadt": 11900,
        "year": 2023,
        "location": "ODOT CS-70012, Rogers County, MP 0.0-0.7",
        "tier": "secondary",
        "route_id": "6670012RX0000",
        "previous_aadt": 11700
      },
      "geometry": {
        "type": "Point",
        "coordinates": [
          -95.734458,
          36.164157
        ]
      }
    },
    {
      "type": "Feature",
      "properties": {
        "road": "SH-20",
        "aadt": 11900,
        "year": 2023,
        "location": "SH-20, Tulsa County, MP 3.0-4.0",
        "tier": "secondary",
        "route_id": "7200054UX0000",
        "previous_aadt": 7400
      },
      "geometry": {
        "type": "Point",
        "coordinates": [
          -95.779597,
          36.043567
        ]
      }
    },
    {
      "type": "Feature",
      "properties": {
        "road": "Local Road",
        "aadt": 11900,
        "year": 2023,
        "location": "ODOT CS-52, Tulsa County, MP 2.6-3.6",
        "tier": "secondary",
        "route_id": "7200052UX0184",
        "previous_aadt": 9200
      },
      "geometry": {
        "type": "Point",
        "coordinates": [
          -95.815312,
          36.010545
        ]
      }
    },
    {
      "type": "Feature",
      "properties": {
        "road": "US-64",
        "aadt": 11900,
        "year": 2023,
        "location": "US-64, Tulsa County, MP 6.6-8.4",
        "tier": "secondary",
        "route_id": "7200006HX0000",
        "previous_aadt": 11700
      },
      "geometry": {
        "type": "Point",
        "coordinates": [
          -95.884594,
          35.917129
        ]
      }
    },
    {
      "type": "Feature",
      "properties": {
        "road": "Local Road",
        "aadt": 11900,
        "year": 2023,
        "location": "ODOT CS-43, Delaware County, MP 0.0-0.7",
        "tier": "secondary",
        "route_id": "1900043HX0000",
        "previous_aadt": 11600
      },
      "geometry": {
        "type": "Point",
        "coordinates": [
          -96.098812,
          35.994243
        ]
      }
    },
    {
      "type": "Feature",
      "properties": {
        "road": "Local Road",
        "aadt": 11800,
        "year": 2023,
        "location": "ODOT CS-70341, Tulsa County, MP 0.0-0.2",
        "tier": "secondary",
        "route_id": "7270341RX0000",
        "previous_aadt": 11600
      },
      "geometry": {
        "type": "Point",
        "coordinates": [
          -95.858836,
          36.138631
        ]
      }
    },
    {
      "type": "Feature",
      "properties": {
        "road": "Local Road",
        "aadt": 11800,
        "year": 2023,
        "location": "ODOT CS-41, Tulsa County, MP 0.0-1.9",
        "tier": "secondary",
        "route_id": "7200041UX0802",
        "previous_aadt": 11500
      },
      "geometry": {
        "type": "Point",
        "coordinates": [
          -95.97578,
          36.072363
        ]
      }
    },
    {
      "type": "Feature",
      "properties": {
        "road": "Local Road",
        "aadt": 11800,
        "year": 2023,
        "location": "ODOT CS-1, Tulsa County, MP 0.0-1.0",
        "tier": "secondary",
        "route_id": "7200001YX0383",
        "previous_aadt": 13200
      },
      "geometry": {
        "type": "Point",
        "coordinates": [
          -95.837511,
          36.264008
        ]
      }
    },
    {
      "type": "Feature",
      "properties": {
        "road": "Local Road",
        "aadt": 11700,
        "year": 2023,
        "location": "ODOT CS-41, Tulsa County, MP 1.4-2.4",
        "tier": "secondary",
        "route_id": "7200041WX0357",
        "previous_aadt": 7200
      },
      "geometry": {
        "type": "Point",
        "coordinates": [
          -95.893959,
          35.988313
        ]
      }
    },
    {
      "type": "Feature",
      "properties": {
        "road": "Local Road",
        "aadt": 11700,
        "year": 2023,
        "location": "ODOT CS-3, Tulsa County, MP 2.6-3.5",
        "tier": "secondary",
        "route_id": "7200003UX0197",
        "previous_aadt": 11200
      },
      "geometry": {
        "type": "Point",
        "coordinates": [
          -95.856368,
          36.220492
        ]
      }
    },
    {
      "type": "Feature",
      "properties": {
        "road": "Local Road",
        "aadt": 11700,
        "year": 2023,
        "location": "ODOT CS-51, Tulsa County, MP 12.0-12.7",
        "tier": "secondary",
        "route_id": "7200051UX0221",
        "previous_aadt": 9000
      },
      "geometry": {
        "type": "Point",
        "coordinates": [
          -95.833328,
          36.155229
        ]
      }
    },
    {
      "type": "Feature",
      "properties": {
        "road": "Local Road",
        "aadt": 11600,
        "year": 2023,
        "location": "ODOT CS-70233, Tulsa County, MP 0.0-0.4",
        "tier": "secondary",
        "route_id": "7270233RX0000",
        "previous_aadt": 12900
      },
      "geometry": {
        "type": "Point",
        "coordinates": [
          -95.860209,
          36.033794
        ]
      }
    },
    {
      "type": "Feature",
      "properties": {
        "road": "Local Road",
        "aadt": 11600,
        "year": 2023,
        "location": "ODOT CS-70183, Tulsa County, MP 0.0-0.4",
        "tier": "secondary",
        "route_id": "7270183RX0000",
        "previous_aadt": 8000
      },
      "geometry": {
        "type": "Point",
        "coordinates": [
          -96.005526,
          36.087452
        ]
      }
    },
    {
      "type": "Feature",
      "properties": {
        "road": "Local Road",
        "aadt": 11600,
        "year": 2023,
        "location": "ODOT CS-38, Tulsa County, MP 7.5-9.5",
        "tier": "secondary",
        "route_id": "7200038WX0042",
        "previous_aadt": 11300
      },
      "geometry": {
        "type": "Point",
        "coordinates": [
          -95.798358,
          36.017392
        ]
      }
    },
    {
      "type": "Feature",
      "properties": {
        "road": "Local Road",
        "aadt": 11600,
        "year": 2023,
        "location": "ODOT CS-45, Tulsa County, MP 0.0-2.0",
        "tier": "secondary",
        "route_id": "7200045UX0429",
        "previous_aadt": 8200
      },
      "geometry": {
        "type": "Point",
        "coordinates": [
          -95.941204,
          36.052649
        ]
      }
    },
    {
      "type": "Feature",
      "properties": {
        "road": "SH-51",
        "aadt": 11600,
        "year": 2023,
        "location": "SH-51, Tulsa County, MP 9.2-11.1",
        "tier": "secondary",
        "route_id": "7200020UX0693",
        "previous_aadt": 10000
      },
      "geometry": {
        "type": "Point",
        "coordinates": [
          -95.7739,
          36.089972
        ]
      }
    },
    {
      "type": "Feature",
      "properties": {
        "road": "Local Road",
        "aadt": 11500,
        "year": 2023,
        "location": "ODOT CS-22, Wagoner County, MP 1.3-6.0",
        "tier": "secondary",
        "route_id": "7300022UX0000",
        "previous_aadt": 11300
      },
      "geometry": {
        "type": "Point",
        "coordinates": [
          -95.703632,
          36.060772
        ]
      }
    },
    {
      "type": "Feature",
      "properties": {
        "road": "Local Road",
        "aadt": 11500,
        "year": 2023,
        "location": "ODOT CS-15, Tulsa County, MP 6.4-7.9",
        "tier": "secondary",
        "route_id": "7200015UX0000",
        "previous_aadt": 9100
      },
      "geometry": {
        "type": "Point",
        "coordinates": [
          -95.996319,
          36.129905
        ]
      }
    },
    {
      "type": "Feature",
      "properties": {
        "road": "Local Road",
        "aadt": 11400,
        "year": 2023,
        "location": "ODOT CS-10, Tulsa County, MP 6.9-7.5",
        "tier": "secondary",
        "route_id": "7200010UX0114",
        "previous_aadt": 15300
      },
      "geometry": {
        "type": "Point",
        "coordinates": [
          -95.853434,
          36.147905
        ]
      }
    },
    {
      "type": "Feature",
      "properties": {
        "road": "Local Road",
        "aadt": 11300,
        "year": 2023,
        "location": "ODOT CS-15, Tulsa County, MP 12.3-13.3",
        "tier": "secondary",
        "route_id": "7200015UX0000",
        "previous_aadt": 9800
      },
      "geometry": {
        "type": "Point",
        "coordinates": [
          -95.891191,
          36.133455
        ]
      }
    },
    {
      "type": "Feature",
      "properties": {
        "road": "Local Road",
        "aadt": 11300,
        "year": 2023,
        "location": "ODOT CS-41, Tulsa County, MP 5.6-6.7",
        "tier": "secondary",
        "route_id": "7200041UX0802",
        "previous_aadt": 8800
      },
      "geometry": {
        "type": "Point",
        "coordinates": [
          -95.97561,
          36.153751
        ]
      }
    },
    {
      "type": "Feature",
      "properties": {
        "road": "SH-20",
        "aadt": 11300,
        "year": 2023,
        "location": "SH-20, Rogers County, MP 7.5-10.5",
        "tier": "secondary",
        "route_id": "6600008HX0000",
        "previous_aadt": 12200
      },
      "geometry": {
        "type": "Point",
        "coordinates": [
          -95.650793,
          36.307365
        ]
      }
    },
    {
      "type": "Feature",
      "properties": {
        "road": "US-75",
        "aadt": 11200,
        "year": 2023,
        "location": "US-75, Tulsa County, MP 3.5-4.0",
        "tier": "secondary",
        "route_id": "7200093UX0104",
        "previous_aadt": 9000
      },
      "geometry": {
        "type": "Point",
        "coordinates": [
          -95.819106,
          36.307557
        ]
      }
    },
    {
      "type": "Feature",
      "properties": {
        "road": "SH-51",
        "aadt": 11200,
        "year": 2023,
        "location": "SH-51, Tulsa County, MP 8.7-10.4",
        "tier": "secondary",
        "route_id": "7200085HX0000",
        "previous_aadt": 10400
      },
      "geometry": {
        "type": "Point",
        "coordinates": [
          -96.118775,
          36.120427
        ]
      }
    },
    {
      "type": "Feature",
      "properties": {
        "road": "Local Road",
        "aadt": 11100,
        "year": 2023,
        "location": "ODOT CS-19, Tulsa County, MP 7.0-7.4",
        "tier": "secondary",
        "route_id": "7200019UX0000",
        "previous_aadt": 13400
      },
      "geometry": {
        "type": "Point",
        "coordinates": [
          -96.060786,
          36.104549
        ]
      }
    },
    {
      "type": "Feature",
      "properties": {
        "road": "Local Road",
        "aadt": 10900,
        "year": 2023,
        "location": "ODOT CS-70068, Tulsa County, MP 0.0-0.4",
        "tier": "secondary",
        "route_id": "7270068RX0000",
        "previous_aadt": 2900
      },
      "geometry": {
        "type": "Point",
        "coordinates": [
          -95.981075,
          36.160642
        ]
      }
    },
    {
      "type": "Feature",
      "properties": {
        "road": "Local Road",
        "aadt": 10900,
        "year": 2023,
        "location": "ODOT CS-15, Tulsa County, MP 11.3-12.3",
        "tier": "secondary",
        "route_id": "7200015UX0000",
        "previous_aadt": 9100
      },
      "geometry": {
        "type": "Point",
        "coordinates": [
          -95.916018,
          36.133372
        ]
      }
    },
    {
      "type": "Feature",
      "properties": {
        "road": "Local Road",
        "aadt": 10900,
        "year": 2023,
        "location": "ODOT CS-24, Tulsa County, MP 0.0-0.3",
        "tier": "secondary",
        "route_id": "7200024UX0366",
        "previous_aadt": 9500
      },
      "geometry": {
        "type": "Point",
        "coordinates": [
          -95.953274,
          36.031852
        ]
      }
    },
    {
      "type": "Feature",
      "properties": {
        "road": "Local Road",
        "aadt": 10900,
        "year": 2023,
        "location": "ODOT CS-44, Tulsa County, MP 0.0-1.5",
        "tier": "secondary",
        "route_id": "7200044UX0000",
        "previous_aadt": 13200
      },
      "geometry": {
        "type": "Point",
        "coordinates": [
          -95.948915,
          36.031928
        ]
      }
    },
    {
      "type": "Feature",
      "properties": {
        "road": "Local Road",
        "aadt": 10800,
        "year": 2023,
        "location": "ODOT CS-41, Tulsa County, MP 2.4-3.4",
        "tier": "secondary",
        "route_id": "7200041WX0357",
        "previous_aadt": 9700
      },
      "geometry": {
        "type": "Point",
        "coordinates": [
          -95.879442,
          35.988321
        ]
      }
    },
    {
      "type": "Feature",
      "properties": {
        "road": "Local Road",
        "aadt": 10600,
        "year": 2023,
        "location": "ODOT CS-15, Tulsa County, MP 10.3-11.3",
        "tier": "secondary",
        "route_id": "7200015UX0000",
        "previous_aadt": 9700
      },
      "geometry": {
        "type": "Point",
        "coordinates": [
          -95.931413,
          36.133305
        ]
      }
    },
    {
      "type": "Feature",
      "properties": {
        "road": "Local Road",
        "aadt": 10600,
        "year": 2023,
        "location": "ODOT CS-7, Tulsa County, MP 3.8-5.0",
        "tier": "secondary",
        "route_id": "7200007YX0000",
        "previous_aadt": 8300
      },
      "geometry": {
        "type": "Point",
        "coordinates": [
          -95.914987,
          36.278574
        ]
      }
    },
    {
      "type": "Feature",
      "properties": {
        "road": "Local Road",
        "aadt": 10600,
        "year": 2023,
        "location": "ODOT CS-38, Tulsa County, MP 5.6-7.5",
        "tier": "secondary",
        "route_id": "7200038WX0042",
        "previous_aadt": 11700
      },
      "geometry": {
        "type": "Point",
        "coordinates": [
          -95.823579,
          36.017406
        ]
      }
    },
    {
      "type": "Feature",
      "properties": {
        "road": "Local Road",
        "aadt": 10500,
        "year": 2023,
        "location": "ODOT CS-70430, Tulsa County, MP 0.0-0.3",
        "tier": "secondary",
        "route_id": "7270430RX0000",
        "previous_aadt": 10400
      },
      "geometry": {
        "type": "Point",
        "coordinates": [
          -95.798474,
          36.070987
        ]
      }
    },
    {
      "type": "Feature",
      "properties": {
        "road": "Local Road",
        "aadt": 10500,
        "year": 2023,
        "location": "ODOT CS-70408, Tulsa County, MP 0.0-0.2",
        "tier": "secondary",
        "route_id": "7270408RX0000",
        "previous_aadt": 17400
      },
      "geometry": {
        "type": "Point",
        "coordinates": [
          -95.860982,
          36.097676
        ]
      }
    },
    {
      "type": "Feature",
      "properties": {
        "road": "Local Road",
        "aadt": 10400,
        "year": 2023,
        "location": "ODOT CS-70523, Tulsa County, MP 0.0-0.4",
        "tier": "secondary",
        "route_id": "7270523RX0000",
        "previous_aadt": 9600
      },
      "geometry": {
        "type": "Point",
        "coordinates": [
          -95.858185,
          36.049312
        ]
      }
    },
    {
      "type": "Feature",
      "properties": {
        "road": "Local Road",
        "aadt": 10400,
        "year": 2023,
        "location": "ODOT CS-70424, Tulsa County, MP 0.0-0.3",
        "tier": "secondary",
        "route_id": "7270424RX0000",
        "previous_aadt": 11100
      },
      "geometry": {
        "type": "Point",
        "coordinates": [
          -95.816706,
          36.078421
        ]
      }
    },
    {
      "type": "Feature",
      "properties": {
        "road": "Local Road",
        "aadt": 10400,
        "year": 2023,
        "location": "ODOT CS-70429, Tulsa County, MP 0.0-0.2",
        "tier": "secondary",
        "route_id": "7270429RX0000",
        "previous_aadt": 10400
      },
      "geometry": {
        "type": "Point",
        "coordinates": [
          -95.800278,
          36.07242
        ]
      }
    },
    {
      "type": "Feature",
      "properties": {
        "road": "Local Road",
        "aadt": 10400,
        "year": 2023,
        "location": "ODOT CS-70307, Tulsa County, MP 0.0-0.2",
        "tier": "secondary",
        "route_id": "7270307RX0000",
        "previous_aadt": 9900
      },
      "geometry": {
        "type": "Point",
        "coordinates": [
          -95.9192,
          36.097902
        ]
      }
    },
    {
      "type": "Feature",
      "properties": {
        "road": "Local Road",
        "aadt": 10400,
        "year": 2023,
        "location": "ODOT CS-75, Tulsa County, MP 0.0-0.6",
        "tier": "secondary",
        "route_id": "7200075UX0000",
        "previous_aadt": 7400
      },
      "geometry": {
        "type": "Point",
        "coordinates": [
          -95.992407,
          36.141982
        ]
      }
    },
    {
      "type": "Feature",
      "properties": {
        "road": "US-75",
        "aadt": 10400,
        "year": 2023,
        "location": "US-75, Tulsa County, MP 2.5-5.4",
        "tier": "secondary",
        "route_id": "7200018UX0000",
        "previous_aadt": 7100
      },
      "geometry": {
        "type": "Point",
        "coordinates": [
          -95.916049,
          36.118802
        ]
      }
    },
    {
      "type": "Feature",
      "properties": {
        "road": "Local Road",
        "aadt": 10400,
        "year": 2023,
        "location": "ODOT CS-38, Tulsa County, MP 0.0-2.5",
        "tier": "secondary",
        "route_id": "7200038UX0000",
        "previous_aadt": 8500
      },
      "geometry": {
        "type": "Point",
        "coordinates": [
          -95.940423,
          36.000044
        ]
      }
    },
    {
      "type": "Feature",
      "properties": {
        "road": "Local Road",
        "aadt": 10300,
        "year": 2023,
        "location": "ODOT CS-70534, Tulsa County, MP 0.0-0.3",
        "tier": "secondary",
        "route_id": "7270534RX0000",
        "previous_aadt": 5800
      },
      "geometry": {
        "type": "Point",
        "coordinates": [
          -95.860031,
          36.073815
        ]
      }
    },
    {
      "type": "Feature",
      "properties": {
        "road": "Local Road",
        "aadt": 10300,
        "year": 2023,
        "location": "ODOT CS-10, Tulsa County, MP 1.4-2.4",
        "tier": "secondary",
        "route_id": "7200010UX0114",
        "previous_aadt": 11400
      },
      "geometry": {
        "type": "Point",
        "coordinates": [
          -95.94831,
          36.147812
        ]
      }
    },
    {
      "type": "Feature",
      "properties": {
        "road": "Local Road",
        "aadt": 10300,
        "year": 2023,
        "location": "ODOT CS-21, Tulsa County, MP 9.9-12.7",
        "tier": "secondary",
        "route_id": "7200021UX0164",
        "previous_aadt": 7800
      },
      "geometry": {
        "type": "Point",
        "coordinates": [
          -95.792731,
          36.072495
        ]
      }
    },
    {
      "type": "Feature",
      "properties": {
        "road": "Local Road",
        "aadt": 10200,
        "year": 2023,
        "location": "ODOT CS-19, Tulsa County, MP 2.4-3.4",
        "tier": "secondary",
        "route_id": "7200019UX1086",
        "previous_aadt": 8800
      },
      "geometry": {
        "type": "Point",
        "coordinates": [
          -95.928351,
          36.104333
        ]
      }
    },
    {
      "type": "Feature",
      "properties": {
        "road": "Local Road",
        "aadt": 10200,
        "year": 2023,
        "location": "ODOT CS-19, Tulsa County, MP 2.9-4.0",
        "tier": "secondary",
        "route_id": "7200019UX0000",
        "previous_aadt": 8600
      },
      "geometry": {
        "type": "Point",
        "coordinates": [
          -96.121176,
          36.104686
        ]
      }
    },
    {
      "type": "Feature",
      "properties": {
        "road": "Local Road",
        "aadt": 10200,
        "year": 2023,
        "location": "ODOT CS-50, Tulsa County, MP 12.5-13.3",
        "tier": "secondary",
        "route_id": "7200050UX0000",
        "previous_aadt": 7300
      },
      "geometry": {
        "type": "Point",
        "coordinates": [
          -95.851177,
          36.162534
        ]
      }
    },
    {
      "type": "Feature",
      "properties": {
        "road": "Local Road",
        "aadt": 10200,
        "year": 2023,
        "location": "ODOT CS-41, Tulsa County, MP 0.0-1.4",
        "tier": "secondary",
        "route_id": "7200041WX0357",
        "previous_aadt": 8100
      },
      "geometry": {
        "type": "Point",
        "coordinates": [
          -95.922238,
          35.988348
        ]
      }
    },
    {
      "type": "Feature",
      "properties": {
        "road": "Local Road",
        "aadt": 10200,
        "year": 2023,
        "location": "ODOT CS-42, Tulsa County, MP 1.0-2.7",
        "tier": "secondary",
        "route_id": "7200042UX0140",
        "previous_aadt": 8800
      },
      "geometry": {
        "type": "Point",
        "coordinates": [
          -95.967208,
          36.125083
        ]
      }
    },
    {
      "type": "Feature",
      "properties": {
        "road": "SH-11",
        "aadt": 10200,
        "year": 2023,
        "location": "SH-11, Tulsa County, MP 13.7-15.7",
        "tier": "secondary",
        "route_id": "7200036HX0000",
        "previous_aadt": 10100
      },
      "geometry": {
        "type": "Point",
        "coordinates": [
          -95.97556,
          36.224189
        ]
      }
    },
    {
      "type": "Feature",
      "properties": {
        "road": "Local Road",
        "aadt": 10100,
        "year": 2023,
        "location": "ODOT CS-70532, Tulsa County, MP 0.0-0.5",
        "tier": "secondary",
        "route_id": "7270532RX0000",
        "previous_aadt": 10500
      },
      "geometry": {
        "type": "Point",
        "coordinates": [
          -95.860212,
          36.076984
        ]
      }
    },
    {
      "type": "Feature",
      "properties": {
        "road": "Local Road",
        "aadt": 10100,
        "year": 2023,
        "location": "ODOT CS-70520, Tulsa County, MP 0.0-0.4",
        "tier": "secondary",
        "route_id": "7270520RX0000",
        "previous_aadt": 11500
      },
      "geometry": {
        "type": "Point",
        "coordinates": [
          -95.860774,
          36.048928
        ]
      }
    },
    {
      "type": "Feature",
      "properties": {
        "road": "Local Road",
        "aadt": 10100,
        "year": 2023,
        "location": "ODOT CS-43, Tulsa County, MP 9.0-10.1",
        "tier": "secondary",
        "route_id": "7200043UX0203",
        "previous_aadt": 9500
      },
      "geometry": {
        "type": "Point",
        "coordinates": [
          -95.958164,
          36.169373
        ]
      }
    },
    {
      "type": "Feature",
      "properties": {
        "road": "Local Road",
        "aadt": 10100,
        "year": 2023,
        "location": "ODOT CS-7, Tulsa County, MP 1.6-3.4",
        "tier": "secondary",
        "route_id": "7200007UX0000",
        "previous_aadt": 12200
      },
      "geometry": {
        "type": "Point",
        "coordinates": [
          -95.955658,
          36.177132
        ]
      }
    },
    {
      "type": "Feature",
      "properties": {
        "road": "Local Road",
        "aadt": 10100,
        "year": 2023,
        "location": "ODOT CS-52, Tulsa County, MP 9.6-10.6",
        "tier": "secondary",
        "route_id": "7200052UX0184",
        "previous_aadt": 9500
      },
      "geometry": {
        "type": "Point",
        "coordinates": [
          -95.815356,
          36.112175
        ]
      }
    },
    {
      "type": "Feature",
      "properties": {
        "road": "SH-135",
        "aadt": 10000,
        "year": 2023,
        "location": "SH-135, Tulsa County, MP 2.7-3.0",
        "tier": "secondary",
        "route_id": "7200084UX0000",
        "previous_aadt": 7000
      },
      "geometry": {
        "type": "Point",
        "coordinates": [
          -95.961691,
          36.022756
        ]
      }
    },
    {
      "type": "Feature",
      "properties": {
        "road": "Local Road",
        "aadt": 10000,
        "year": 2023,
        "location": "ODOT CS-70409, Tulsa County, MP 0.0-0.3",
        "tier": "secondary",
        "route_id": "7270409RX0000",
        "previous_aadt": 9600
      },
      "geometry": {
        "type": "Point",
        "coordinates": [
          -95.858496,
          36.096809
        ]
      }
    },
    {
      "type": "Feature",
      "properties": {
        "road": "Local Road",
        "aadt": 10000,
        "year": 2023,
        "location": "ODOT CS-70419, Tulsa County, MP 0.0-0.4",
        "tier": "secondary",
        "route_id": "7270419RX0000",
        "previous_aadt": 10400
      },
      "geometry": {
        "type": "Point",
        "coordinates": [
          -95.836918,
          36.09038
        ]
      }
    },
    {
      "type": "Feature",
      "properties": {
        "road": "Local Road",
        "aadt": 10000,
        "year": 2023,
        "location": "ODOT CS-10, Tulsa County, MP 1.0-3.0",
        "tier": "secondary",
        "route_id": "7200010YX0000",
        "previous_aadt": 7700
      },
      "geometry": {
        "type": "Point",
        "coordinates": [
          -95.856846,
          36.322076
        ]
      }
    },
    {
      "type": "Feature",
      "properties": {
        "road": "SH-72",
        "aadt": 10000,
        "year": 2023,
        "location": "SH-72, Wagoner County, MP 6.5-7.3",
        "tier": "secondary",
        "route_id": "7300020HX0000",
        "previous_aadt": 9800
      },
      "geometry": {
        "type": "Point",
        "coordinates": [
          -95.650553,
          35.954992
        ]
      }
    },
    {
      "type": "Feature",
      "properties": {
        "road": "Local Road",
        "aadt": 9900,
        "year": 2023,
        "location": "ODOT CS-70336, Tulsa County, MP 0.0-0.8",
        "tier": "tertiary",
        "route_id": "7270336RX0000",
        "previous_aadt": 10100
      },
      "geometry": {
        "type": "Point",
        "coordinates": [
          -95.86194,
          36.137785
        ]
      }
    },
    {
      "type": "Feature",
      "properties": {
        "road": "Local Road",
        "aadt": 9900,
        "year": 2023,
        "location": "ODOT CS-50, Tulsa County, MP 2.0-3.0",
        "tier": "tertiary",
        "route_id": "7200050UX1606",
        "previous_aadt": 9200
      },
      "geometry": {
        "type": "Point",
        "coordinates": [
          -95.848138,
          36.313908
        ]
      }
    },
    {
      "type": "Feature",
      "properties": {
        "road": "I-44",
        "aadt": 9900,
        "year": 2023,
        "location": "I-44, Tulsa County, MP 0.0-0.7",
        "tier": "tertiary",
        "route_id": "7200008YX0000",
        "previous_aadt": 5500
      },
      "geometry": {
        "type": "Point",
        "coordinates": [
          -95.841825,
          36.289514
        ]
      }
    },
    {
      "type": "Feature",
      "properties": {
        "road": "SH-66",
        "aadt": 9900,
        "year": 2023,
        "location": "SH-66, Delaware County, MP 17.9-20.8",
        "tier": "tertiary",
        "route_id": "1900004HX0000",
        "previous_aadt": 10300
      },
      "geometry": {
        "type": "Point",
        "coordinates": [
          -96.184634,
          35.989413
        ]
      }
    },
    {
      "type": "Feature",
      "properties": {
        "road": "Local Road",
        "aadt": 9800,
        "year": 2023,
        "location": "ODOT CS-21, Tulsa County, MP 1.4-3.5",
        "tier": "tertiary",
        "route_id": "7200021UX0164",
        "previous_aadt": 9500
      },
      "geometry": {
        "type": "Point",
        "coordinates": [
          -95.94259,
          36.077004
        ]
      }
    },
    {
      "type": "Feature",
      "properties": {
        "road": "Local Road",
        "aadt": 9700,
        "year": 2023,
        "location": "ODOT CS-70180, Tulsa County, MP 0.0-0.2",
        "tier": "tertiary",
        "route_id": "7270180RX0000",
        "previous_aadt": 9900
      },
      "geometry": {
        "type": "Point",
        "coordinates": [
          -96.00797,
          36.08996
        ]
      }
    },
    {
      "type": "Feature",
      "properties": {
        "road": "Local Road",
        "aadt": 9700,
        "year": 2023,
        "location": "ODOT CS-43, Tulsa County, MP 8.1-8.4",
        "tier": "tertiary",
        "route_id": "7200043UX0203",
        "previous_aadt": 9900
      },
      "geometry": {
        "type": "Point",
        "coordinates": [
          -95.958197,
          36.149784
        ]
      }
    },
    {
      "type": "Feature",
      "properties": {
        "road": "Local Road",
        "aadt": 9600,
        "year": 2023,
        "location": "ODOT CS-70306, Tulsa County, MP 0.0-0.2",
        "tier": "tertiary",
        "route_id": "7270306RX0000",
        "previous_aadt": 9400
      },
      "geometry": {
        "type": "Point",
        "coordinates": [
          -95.919032,
          36.097395
        ]
      }
    },
    {
      "type": "Feature",
      "properties": {
        "road": "Local Road",
        "aadt": 9600,
        "year": 2023,
        "location": "ODOT CS-70006, Tulsa County, MP 0.0-0.4",
        "tier": "tertiary",
        "route_id": "7270006RX0000",
        "previous_aadt": 13800
      },
      "geometry": {
        "type": "Point",
        "coordinates": [
          -95.883011,
          36.02496
        ]
      }
    },
    {
      "type": "Feature",
      "properties": {
        "road": "Local Road",
        "aadt": 9600,
        "year": 2023,
        "location": "ODOT CS-38, Tulsa County, MP 0.0-1.5",
        "tier": "tertiary",
        "route_id": "7200038WX0042",
        "previous_aadt": 7000
      },
      "geometry": {
        "type": "Point",
        "coordinates": [
          -95.929051,
          36.017367
        ]
      }
    },
    {
      "type": "Feature",
      "properties": {
        "road": "Local Road",
        "aadt": 9500,
        "year": 2023,
        "location": "ODOT CS-7, Tulsa County, MP 0.0-0.8",
        "tier": "tertiary",
        "route_id": "7200007UX0000",
        "previous_aadt": 9200
      },
      "geometry": {
        "type": "Point",
        "coordinates": [
          -95.996853,
          36.176949
        ]
      }
    },
    {
      "type": "Feature",
      "properties": {
        "road": "Local Road",
        "aadt": 9500,
        "year": 2023,
        "location": "ODOT CS-52, Tulsa County, MP 8.6-9.6",
        "tier": "tertiary",
        "route_id": "7200052UX0184",
        "previous_aadt": 9700
      },
      "geometry": {
        "type": "Point",
        "coordinates": [
          -95.815318,
          36.097121
        ]
      }
    },
    {
      "type": "Feature",
      "properties": {
        "road": "Local Road",
        "aadt": 9500,
        "year": 2023,
        "location": "ODOT CS-23, Tulsa County, MP 1.0-3.1",
        "tier": "tertiary",
        "route_id": "7200023UX0000",
        "previous_aadt": 9000
      },
      "geometry": {
        "type": "Point",
        "coordinates": [
          -95.984137,
          36.048623
        ]
      }
    },
    {
      "type": "Feature",
      "properties": {
        "road": "US-75A",
        "aadt": 9500,
        "year": 2023,
        "location": "US-75A, Delaware County, MP 6.2-10.8",
        "tier": "tertiary",
        "route_id": "1900008HX0000",
        "previous_aadt": 8300
      },
      "geometry": {
        "type": "Point",
        "coordinates": [
          -96.085683,
          35.96679
        ]
      }
    },
    {
      "type": "Feature",
      "properties": {
        "road": "Local Road",
        "aadt": 9400,
        "year": 2023,
        "location": "ODOT CS-75, Tulsa County, MP 0.6-1.3",
        "tier": "tertiary",
        "route_id": "7200075UX0000",
        "previous_aadt": 6400
      },
      "geometry": {
        "type": "Point",
        "coordinates": [
          -95.992352,
          36.147913
        ]
      }
    },
    {
      "type": "Feature",
      "properties": {
        "road": "Local Road",
        "aadt": 9400,
        "year": 2023,
        "location": "ODOT CS-42, Tulsa County, MP 1.0-2.0",
        "tier": "tertiary",
        "route_id": "7200042WX0452",
        "previous_aadt": 4500
      },
      "geometry": {
        "type": "Point",
        "coordinates": [
          -95.873643,
          35.973781
        ]
      }
    },
    {
      "type": "Feature",
      "properties": {
        "road": "Local Road",
        "aadt": 9400,
        "year": 2023,
        "location": "ODOT CS-1, Tulsa County, MP 3.2-3.8",
        "tier": "tertiary",
        "route_id": "7200001YX0000",
        "previous_aadt": 8400
      },
      "geometry": {
        "type": "Point",
        "coordinates": [
          -95.856302,
          36.264046
        ]
      }
    },
    {
      "type": "Feature",
      "properties": {
        "road": "Local Road",
        "aadt": 9300,
        "year": 2023,
        "location": "ODOT CS-48, Tulsa County, MP 9.4-10.6",
        "tier": "tertiary",
        "route_id": "7200048UX0233",
        "previous_aadt": 7800
      },
      "geometry": {
        "type": "Point",
        "coordinates": [
          -95.886653,
          36.172658
        ]
      }
    },
    {
      "type": "Feature",
      "properties": {
        "road": "Local Road",
        "aadt": 9300,
        "year": 2023,
        "location": "ODOT CS-41, Tulsa County, MP 0.0-2.0",
        "tier": "tertiary",
        "route_id": "7200041WX0000",
        "previous_aadt": 12500
      },
      "geometry": {
        "type": "Point",
        "coordinates": [
          -95.998703,
          35.988366
        ]
      }
    },
    {
      "type": "Feature",
      "properties": {
        "road": "Local Road",
        "aadt": 9300,
        "year": 2023,
        "location": "ODOT CS-43, Tulsa County, MP 8.4-9.0",
        "tier": "tertiary",
        "route_id": "7200043UX0203",
        "previous_aadt": 8700
      },
      "geometry": {
        "type": "Point",
        "coordinates": [
          -95.958148,
          36.156601
        ]
      }
    },
    {
      "type": "Feature",
      "properties": {
        "road": "SH-167",
        "aadt": 9300,
        "year": 2023,
        "location": "SH-167, Rogers County, MP 0.3-2.0",
        "tier": "tertiary",
        "route_id": "6600034HX0000",
        "previous_aadt": 8000
      },
      "geometry": {
        "type": "Point",
        "coordinates": [
          -95.761367,
          36.172956
        ]
      }
    },
    {
      "type": "Feature",
      "properties": {
        "road": "SH-266",
        "aadt": 9300,
        "year": 2023,
        "location": "SH-266, Rogers County, MP 3.2-8.8",
        "tier": "tertiary",
        "route_id": "6600033HX0000",
        "previous_aadt": 9500
      },
      "geometry": {
        "type": "Point",
        "coordinates": [
          -95.71804,
          36.248931
        ]
      }
    },
    {
      "type": "Feature",
      "properties": {
        "road": "Local Road",
        "aadt": 9200,
        "year": 2023,
        "location": "ODOT CS-70008, Rogers County, MP 0.0-1.2",
        "tier": "tertiary",
        "route_id": "6670008RX0000",
        "previous_aadt": 9000
      },
      "geometry": {
        "type": "Point",
        "coordinates": [
          -95.73285,
          36.162547
        ]
      }
    },
    {
      "type": "Feature",
      "properties": {
        "road": "Local Road",
        "aadt": 9200,
        "year": 2023,
        "location": "ODOT CS-70433, Tulsa County, MP 0.0-0.3",
        "tier": "tertiary",
        "route_id": "7270433RX0000",
        "previous_aadt": 9400
      },
      "geometry": {
        "type": "Point",
        "coordinates": [
          -95.782198,
          36.065577
        ]
      }
    },
    {
      "type": "Feature",
      "properties": {
        "road": "Local Road",
        "aadt": 9200,
        "year": 2023,
        "location": "ODOT CS-70313, Tulsa County, MP 0.0-0.1",
        "tier": "tertiary",
        "route_id": "7270313RX0000",
        "previous_aadt": 9000
      },
      "geometry": {
        "type": "Point",
        "coordinates": [
          -95.908126,
          36.105001
        ]
      }
    },
    {
      "type": "Feature",
      "properties": {
        "road": "Local Road",
        "aadt": 9200,
        "year": 2023,
        "location": "ODOT CS-70406, Tulsa County, MP 0.0-0.2",
        "tier": "tertiary",
        "route_id": "7270406RX0000",
        "previous_aadt": 9800
      },
      "geometry": {
        "type": "Point",
        "coordinates": [
          -95.860712,
          36.099832
        ]
      }
    },
    {
      "type": "Feature",
      "properties": {
        "road": "Local Road",
        "aadt": 9200,
        "year": 2023,
        "location": "ODOT CS-10, Tulsa County, MP 1.1-1.1",
        "tier": "tertiary",
        "route_id": "7200010UX0000",
        "previous_aadt": 9200
      },
      "geometry": {
        "type": "Point",
        "coordinates": [
          -95.983132,
          36.14818
        ]
      }
    },
    {
      "type": "Feature",
      "properties": {
        "road": "Local Road",
        "aadt": 9100,
        "year": 2023,
        "location": "ODOT CS-70003, Rogers County, MP 0.0-0.4",
        "tier": "tertiary",
        "route_id": "6670003RX0000",
        "previous_aadt": 12700
      },
      "geometry": {
        "type": "Point",
        "coordinates": [
          -95.763013,
          36.163272
        ]
      }
    },
    {
      "type": "Feature",
      "properties": {
        "road": "Local Road",
        "aadt": 9100,
        "year": 2023,
        "location": "ODOT CS-70002, Tulsa County, MP 0.0-1.3",
        "tier": "tertiary",
        "route_id": "7270002RX0000",
        "previous_aadt": 8900
      },
      "geometry": {
        "type": "Point",
        "coordinates": [
          -95.7644,
          36.162322
        ]
      }
    },
    {
      "type": "Feature",
      "properties": {
        "road": "SH-151",
        "aadt": 9100,
        "year": 2023,
        "location": "SH-151, Tulsa County, MP 0.0-2.3",
        "tier": "tertiary",
        "route_id": "7200097HX0000",
        "previous_aadt": 7800
      },
      "geometry": {
        "type": "Point",
        "coordinates": [
          -96.253605,
          36.148999
        ]
      }
    },
    {
      "type": "Feature",
      "properties": {
        "road": "SH-33",
        "aadt": 9100,
        "year": 2023,
        "location": "SH-33, Delaware County, MP 24.5-24.7",
        "tier": "tertiary",
        "route_id": "1900018HX0000",
        "previous_aadt": 8100
      },
      "geometry": {
        "type": "Point",
        "coordinates": [
          -96.191594,
          35.985881
        ]
      }
    },
    {
      "type": "Feature",
      "properties": {
        "road": "Local Road",
        "aadt": 9000,
        "year": 2023,
        "location": "ODOT CS-70417, Tulsa County, MP 0.0-0.2",
        "tier": "tertiary",
        "route_id": "7270417RX0000",
        "previous_aadt": 11700
      },
      "geometry": {
        "type": "Point",
        "coordinates": [
          -95.839874,
          36.090907
        ]
      }
    },
    {
      "type": "Feature",
      "properties": {
        "road": "Local Road",
        "aadt": 9000,
        "year": 2023,
        "location": "ODOT CS-70064, Tulsa County, MP 0.0-0.2",
        "tier": "tertiary",
        "route_id": "7270064RX0000",
        "previous_aadt": 9100
      },
      "geometry": {
        "type": "Point",
        "coordinates": [
          -95.980975,
          36.161578
        ]
      }
    },
    {
      "type": "Feature",
      "properties": {
        "road": "Local Road",
        "aadt": 9000,
        "year": 2023,
        "location": "ODOT CS-49, Tulsa County, MP 5.0-6.0",
        "tier": "tertiary",
        "route_id": "7200049UX1201",
        "previous_aadt": 3500
      },
      "geometry": {
        "type": "Point",
        "coordinates": [
          -95.868815,
          36.23249
        ]
      }
    },
    {
      "type": "Feature",
      "properties": {
        "road": "Local Road",
        "aadt": 8900,
        "year": 2023,
        "location": "ODOT CS-51, Tulsa County, MP 1.0-2.0",
        "tier": "tertiary",
        "route_id": "7200051UX1920",
        "previous_aadt": 7600
      },
      "geometry": {
        "type": "Point",
        "coordinates": [
          -95.830145,
          36.269903
        ]
      }
    },
    {
      "type": "Feature",
      "properties": {
        "road": "Local Road",
        "aadt": 8900,
        "year": 2023,
        "location": "ODOT CS-19, Tulsa County, MP 0.4-2.4",
        "tier": "tertiary",
        "route_id": "7200019UX1086",
        "previous_aadt": 8900
      },
      "geometry": {
        "type": "Point",
        "coordinates": [
          -95.955764,
          36.104267
        ]
      }
    },
    {
      "type": "Feature",
      "properties": {
        "road": "Local Road",
        "aadt": 8800,
        "year": 2023,
        "location": "ODOT CS-70050, Tulsa County, MP 0.0-0.3",
        "tier": "tertiary",
        "route_id": "7270050RX0000",
        "previous_aadt": 9900
      },
      "geometry": {
        "type": "Point",
        "coordinates": [
          -96.00127,
          36.146171
        ]
      }
    },
    {
      "type": "Feature",
      "properties": {
        "road": "Local Road",
        "aadt": 8800,
        "year": 2023,
        "location": "ODOT CS-51, Tulsa County, MP 5.0-6.0",
        "tier": "tertiary",
        "route_id": "7200051UX0221",
        "previous_aadt": 7700
      },
      "geometry": {
        "type": "Point",
        "coordinates": [
          -95.833144,
          36.052372
        ]
      }
    },
    {
      "type": "Feature",
      "properties": {
        "road": "Local Road",
        "aadt": 8800,
        "year": 2023,
        "location": "ODOT CS-22, Tulsa County, MP 0.0-1.3",
        "tier": "tertiary",
        "route_id": "7200022UX0000",
        "previous_aadt": 8700
      },
      "geometry": {
        "type": "Point",
        "coordinates": [
          -96.010091,
          36.061037
        ]
      }
    },
    {
      "type": "Feature",
      "properties": {
        "road": "Local Road",
        "aadt": 8800,
        "year": 2023,
        "location": "ODOT CS-53, Tulsa County, MP 6.7-8.1",
        "tier": "tertiary",
        "route_id": "7200053UX0000",
        "previous_aadt": 6200
      },
      "geometry": {
        "type": "Point",
        "coordinates": [
          -95.794924,
          36.083615
        ]
      }
    },
    {
      "type": "Feature",
      "properties": {
        "road": "Local Road",
        "aadt": 8700,
        "year": 2023,
        "location": "ODOT CS-51, Tulsa County, MP 6.0-7.0",
        "tier": "tertiary",
        "route_id": "7200051UX0221",
        "previous_aadt": 9400
      },
      "geometry": {
        "type": "Point",
        "coordinates": [
          -95.833145,
          36.070278
        ]
      }
    },
    {
      "type": "Feature",
      "properties": {
        "road": "Local Road",
        "aadt": 8700,
        "year": 2023,
        "location": "ODOT CS-24, Tulsa County, MP 8.8-10.8",
        "tier": "tertiary",
        "route_id": "7200024UX0366",
        "previous_aadt": 6000
      },
      "geometry": {
        "type": "Point",
        "coordinates": [
          -95.7796,
          36.031949
        ]
      }
    },
    {
      "type": "Feature",
      "properties": {
        "road": "Local Road",
        "aadt": 8600,
        "year": 2023,
        "location": "ODOT CS-70718, Tulsa County, MP 0.0-0.4",
        "tier": "tertiary",
        "route_id": "7270718RX0000",
        "previous_aadt": 7300
      },
      "geometry": {
        "type": "Point",
        "coordinates": [
          -95.97209,
          36.016462
        ]
      }
    },
    {
      "type": "Feature",
      "properties": {
        "road": "I-244",
        "aadt": 8600,
        "year": 2023,
        "location": "I-244, Tulsa County, MP 1.8-3.0",
        "tier": "tertiary",
        "route_id": "7200009YX0000",
        "previous_aadt": 13700
      },
      "geometry": {
        "type": "Point",
        "coordinates": [
          -95.824881,
          36.292987
        ]
      }
    },
    {
      "type": "Feature",
      "properties": {
        "road": "Local Road",
        "aadt": 8600,
        "year": 2023,
        "location": "ODOT CS-47, Tulsa County, MP 14.0-14.8",
        "tier": "tertiary",
        "route_id": "7200047UX0399",
        "previous_aadt": 7100
      },
      "geometry": {
        "type": "Point",
        "coordinates": [
          -95.904582,
          36.184336
        ]
      }
    },
    {
      "type": "Feature",
      "properties": {
        "road": "US-75",
        "aadt": 8600,
        "year": 2023,
        "location": "US-75, Tulsa County, MP 8.5-9.5",
        "tier": "tertiary",
        "route_id": "7200018UX0000",
        "previous_aadt": 9000
      },
      "geometry": {
        "type": "Point",
        "coordinates": [
          -95.826429,
          36.118962
        ]
      }
    },
    {
      "type": "Feature",
      "properties": {
        "road": "Local Road",
        "aadt": 8600,
        "year": 2023,
        "location": "ODOT CS-49, Tulsa County, MP 2.0-5.0",
        "tier": "tertiary",
        "route_id": "7200049UX1201",
        "previous_aadt": 4900
      },
      "geometry": {
        "type": "Point",
        "coordinates": [
          -95.868803,
          36.213157
        ]
      }
    },
    {
      "type": "Feature",
      "properties": {
        "road": "Local Road",
        "aadt": 8600,
        "year": 2023,
        "location": "ODOT CS-1, Tulsa County, MP 0.9-3.2",
        "tier": "tertiary",
        "route_id": "7200001YX0000",
        "previous_aadt": 7200
      },
      "geometry": {
        "type": "Point",
        "coordinates": [
          -95.884013,
          36.264053
        ]
      }
    },
    {
      "type": "Feature",
      "properties": {
        "road": "Local Road",
        "aadt": 8500,
        "year": 2023,
        "location": "ODOT CS-70301, Tulsa County, MP 0.0-0.1",
        "tier": "tertiary",
        "route_id": "7270301RX0000",
        "previous_aadt": 8300
      },
      "geometry": {
        "type": "Point",
        "coordinates": [
          -95.926312,
          36.093075
        ]
      }
    },
    {
      "type": "Feature",
      "properties": {
        "road": "Local Road",
        "aadt": 8500,
        "year": 2023,
        "location": "ODOT CS-70720, Tulsa County, MP 0.0-0.3",
        "tier": "tertiary",
        "route_id": "7270720RX0000",
        "previous_aadt": 6200
      },
      "geometry": {
        "type": "Point",
        "coordinates": [
          -95.97283,
          36.017318
        ]
      }
    },
    {
      "type": "Feature",
      "properties": {
        "road": "Local Road",
        "aadt": 8500,
        "year": 2023,
        "location": "ODOT CS-70171, Tulsa County, MP 0.0-0.5",
        "tier": "tertiary",
        "route_id": "7270171RX0000",
        "previous_aadt": 9200
      },
      "geometry": {
        "type": "Point",
        "coordinates": [
          -96.006199,
          36.063088
        ]
      }
    },
    {
      "type": "Feature",
      "properties": {
        "road": "Local Road",
        "aadt": 8500,
        "year": 2023,
        "location": "ODOT CS-10, Tulsa County, MP 2.4-4.4",
        "tier": "tertiary",
        "route_id": "7200010UX0114",
        "previous_aadt": 8300
      },
      "geometry": {
        "type": "Point",
        "coordinates": [
          -95.922505,
          36.147806
        ]
      }
    },
    {
      "type": "Feature",
      "properties": {
        "road": "Local Road",
        "aadt": 8500,
        "year": 2023,
        "location": "ODOT CS-46, Tulsa County, MP 11.8-13.1",
        "tier": "tertiary",
        "route_id": "7200046UX0101",
        "previous_aadt": 10000
      },
      "geometry": {
        "type": "Point",
        "coordinates": [
          -95.922494,
          36.168549
        ]
      }
    },
    {
      "type": "Feature",
      "properties": {
        "road": "Local Road",
        "aadt": 8400,
        "year": 2023,
        "location": "ODOT CS-70338, Tulsa County, MP 0.0-0.2",
        "tier": "tertiary",
        "route_id": "7270338RX0000",
        "previous_aadt": 10100
      },
      "geometry": {
        "type": "Point",
        "coordinates": [
          -95.861353,
          36.140088
        ]
      }
    },
    {
      "type": "Feature",
      "properties": {
        "road": "Local Road",
        "aadt": 8400,
        "year": 2023,
        "location": "ODOT CS-45, Tulsa County, MP 10.1-11.6",
        "tier": "tertiary",
        "route_id": "7200045UX0429",
        "previous_aadt": 7600
      },
      "geometry": {
        "type": "Point",
        "coordinates": [
          -95.940334,
          36.187511
        ]
      }
    },
    {
      "type": "Feature",
      "properties": {
        "road": "Local Road",
        "aadt": 8400,
        "year": 2023,
        "location": "ODOT CS-38, Tulsa County, MP 9.5-10.5",
        "tier": "tertiary",
        "route_id": "7200038WX0042",
        "previous_aadt": 8000
      },
      "geometry": {
        "type": "Point",
        "coordinates": [
          -95.7719,
          36.017459
        ]
      }
    },
    {
      "type": "Feature",
      "properties": {
        "road": "Local Road",
        "aadt": 8400,
        "year": 2023,
        "location": "ODOT CS-51, Tulsa County, MP 3.0-5.0",
        "tier": "tertiary",
        "route_id": "7200051UX0221",
        "previous_aadt": 5900
      },
      "geometry": {
        "type": "Point",
        "coordinates": [
          -95.833181,
          36.034093
        ]
      }
    },
    {
      "type": "Feature",
      "properties": {
        "road": "Local Road",
        "aadt": 8300,
        "year": 2023,
        "location": "ODOT CS-70361, Tulsa County, MP 0.0-0.3",
        "tier": "tertiary",
        "route_id": "7270361RX0000",
        "previous_aadt": 9600
      },
      "geometry": {
        "type": "Point",
        "coordinates": [
          -95.979497,
          36.14433
        ]
      }
    },
    {
      "type": "Feature",
      "properties": {
        "road": "Local Road",
        "aadt": 8300,
        "year": 2023,
        "location": "ODOT CS-70112, Tulsa County, MP 0.0-0.4",
        "tier": "tertiary",
        "route_id": "7270112RX0000",
        "previous_aadt": 11700
      },
      "geometry": {
        "type": "Point",
        "coordinates": [
          -95.86149,
          36.167524
        ]
      }
    },
    {
      "type": "Feature",
      "properties": {
        "road": "Local Road",
        "aadt": 8300,
        "year": 2023,
        "location": "ODOT CS-10, Tulsa County, MP 4.4-6.4",
        "tier": "tertiary",
        "route_id": "7200010UX0114",
        "previous_aadt": 8300
      },
      "geometry": {
        "type": "Point",
        "coordinates": [
          -95.888909,
          36.147954
        ]
      }
    },
    {
      "type": "Feature",
      "properties": {
        "road": "Local Road",
        "aadt": 8300,
        "year": 2023,
        "location": "ODOT CS-11, Tulsa County, MP 0.8-2.4",
        "tier": "tertiary",
        "route_id": "7200011UX0000",
        "previous_aadt": 6100
      },
      "geometry": {
        "type": "Point",
        "coordinates": [
          -95.96955,
          36.140597
        ]
      }
    },
    {
      "type": "Feature",
      "properties": {
        "road": "Local Road",
        "aadt": 8300,
        "year": 2023,
        "location": "ODOT CS-49, Tulsa County, MP 1.1-2.0",
        "tier": "tertiary",
        "route_id": "7200049UX1201",
        "previous_aadt": 5400
      },
      "geometry": {
        "type": "Point",
        "coordinates": [
          -95.868744,
          36.169772
        ]
      }
    },
    {
      "type": "Feature",
      "properties": {
        "road": "Local Road",
        "aadt": 8200,
        "year": 2023,
        "location": "ODOT CS-70119, Tulsa County, MP 0.0-0.2",
        "tier": "tertiary",
        "route_id": "7270119RX0000",
        "previous_aadt": 11200
      },
      "geometry": {
        "type": "Point",
        "coordinates": [
          -95.85892,
          36.165674
        ]
      }
    },
    {
      "type": "Feature",
      "properties": {
        "road": "Local Road",
        "aadt": 8200,
        "year": 2023,
        "location": "ODOT CS-88, Tulsa County, MP 0.0-1.4",
        "tier": "tertiary",
        "route_id": "7200088YX0000",
        "previous_aadt": 15900
      },
      "geometry": {
        "type": "Point",
        "coordinates": [
          -96.000583,
          36.161545
        ]
      }
    },
    {
      "type": "Feature",
      "properties": {
        "road": "Local Road",
        "aadt": 8200,
        "year": 2023,
        "location": "ODOT CS-49, Tulsa County, MP 8.8-10.0",
        "tier": "tertiary",
        "route_id": "7200049UX0200",
        "previous_aadt": 6100
      },
      "geometry": {
        "type": "Point",
        "coordinates": [
          -95.868693,
          36.108758
        ]
      }
    },
    {
      "type": "Feature",
      "properties": {
        "road": "SH-11",
        "aadt": 8100,
        "year": 2023,
        "location": "SH-11, Tulsa County, MP 0.5-1.0",
        "tier": "tertiary",
        "route_id": "7200090UX0000",
        "previous_aadt": 8100
      },
      "geometry": {
        "type": "Point",
        "coordinates": [
          -95.91344,
          36.084526
        ]
      }
    },
    {
      "type": "Feature",
      "properties": {
        "road": "Local Road",
        "aadt": 8100,
        "year": 2023,
        "location": "ODOT CS-70302, Tulsa County, MP 0.0-0.2",
        "tier": "tertiary",
        "route_id": "7270302RX0000",
        "previous_aadt": 8800
      },
      "geometry": {
        "type": "Point",
        "coordinates": [
          -95.926179,
          36.092673
        ]
      }
    },
    {
      "type": "Feature",
      "properties": {
        "road": "Local Road",
        "aadt": 8100,
        "year": 2023,
        "location": "ODOT CS-3, Tulsa County, MP 0.5-1.0",
        "tier": "tertiary",
        "route_id": "7200003UX0000",
        "previous_aadt": 7000
      },
      "geometry": {
        "type": "Point",
        "coordinates": [
          -95.982994,
          36.220487
        ]
      }
    },
    {
      "type": "Feature",
      "properties": {
        "road": "Local Road",
        "aadt": 8000,
        "year": 2023,
        "location": "ODOT CS-49, Tulsa County, MP 0.0-1.0",
        "tier": "tertiary",
        "route_id": "7200049UX2005",
        "previous_aadt": 5300
      },
      "geometry": {
        "type": "Point",
        "coordinates": [
          -95.86629,
          36.289299
        ]
      }
    },
    {
      "type": "Feature",
      "properties": {
        "road": "Local Road",
        "aadt": 8000,
        "year": 2023,
        "location": "ODOT CS-43, Tulsa County, MP 0.0-1.1",
        "tier": "tertiary",
        "route_id": "7200043UX0203",
        "previous_aadt": 8100
      },
      "geometry": {
        "type": "Point",
        "coordinates": [
          -95.954126,
          36.03531
        ]
      }
    },
    {
      "type": "Feature",
      "properties": {
        "road": "Local Road",
        "aadt": 8000,
        "year": 2023,
        "location": "ODOT CS-51, Tulsa County, MP 2.0-4.0",
        "tier": "tertiary",
        "route_id": "7200051UX1920",
        "previous_aadt": 8700
      },
      "geometry": {
        "type": "Point",
        "coordinates": [
          -95.830179,
          36.294344
        ]
      }
    },
    {
      "type": "Feature",
      "properties": {
        "road": "Local Road",
        "aadt": 8000,
        "year": 2023,
        "location": "ODOT CS-7, Tulsa County, MP 3.4-5.4",
        "tier": "tertiary",
        "route_id": "7200007UX0000",
        "previous_aadt": 8100
      },
      "geometry": {
        "type": "Point",
        "coordinates": [
          -95.924198,
          36.177106
        ]
      }
    },
    {
      "type": "Feature",
      "properties": {
        "road": "SH-20",
        "aadt": 8000,
        "year": 2023,
        "location": "SH-20, Tulsa County, MP 7.0-8.0",
        "tier": "tertiary",
        "route_id": "7200054UX0000",
        "previous_aadt": 6600
      },
      "geometry": {
        "type": "Point",
        "coordinates": [
          -95.779579,
          36.095964
        ]
      }
    },
    {
      "type": "Feature",
      "properties": {
        "road": "Local Road",
        "aadt": 8000,
        "year": 2023,
        "location": "ODOT CS-43, Tulsa County, MP 12.1-13.1",
        "tier": "tertiary",
        "route_id": "7200043UX0203",
        "previous_aadt": 6100
      },
      "geometry": {
        "type": "Point",
        "coordinates": [
          -95.95823,
          36.213327
        ]
      }
    },
    {
      "type": "Feature",
      "properties": {
        "road": "SH-11",
        "aadt": 8000,
        "year": 2023,
        "location": "SH-11, Tulsa County, MP 8.0-11.2",
        "tier": "tertiary",
        "route_id": "7200036UX0000",
        "previous_aadt": 5400
      },
      "geometry": {
        "type": "Point",
        "coordinates": [
          -95.993781,
          36.07004
        ]
      }
    },
    {
      "type": "Feature",
      "properties": {
        "road": "Local Road",
        "aadt": 7900,
        "year": 2023,
        "location": "ODOT CS-11, Tulsa County, MP 3.7-5.2",
        "tier": "tertiary",
        "route_id": "7200011UX0000",
        "previous_aadt": 6800
      },
      "geometry": {
        "type": "Point",
        "coordinates": [
          -95.921609,
          36.140519
        ]
      }
    },
    {
      "type": "Feature",
      "properties": {
        "road": "Local Road",
        "aadt": 7900,
        "year": 2023,
        "location": "ODOT CS-19, Tulsa County, MP 4.0-7.0",
        "tier": "tertiary",
        "route_id": "7200019UX0000",
        "previous_aadt": 8600
      },
      "geometry": {
        "type": "Point",
        "coordinates": [
          -96.097023,
          36.10459
        ]
      }
    },
    {
      "type": "Feature",
      "properties": {
        "road": "Local Road",
        "aadt": 7900,
        "year": 2023,
        "location": "ODOT CS-47, Tulsa County, MP 0.0-2.0",
        "tier": "tertiary",
        "route_id": "7200047UX0399",
        "previous_aadt": 5400
      },
      "geometry": {
        "type": "Point",
        "coordinates": [
          -95.904414,
          35.988307
        ]
      }
    },
    {
      "type": "Feature",
      "properties": {
        "road": "Local Road",
        "aadt": 7900,
        "year": 2023,
        "location": "ODOT CS-40, Tulsa County, MP 5.4-6.7",
        "tier": "tertiary",
        "route_id": "7200040WX0300",
        "previous_aadt": 11300
      },
      "geometry": {
        "type": "Point",
        "coordinates": [
          -95.823071,
          36.002868
        ]
      }
    },
    {
      "type": "Feature",
      "properties": {
        "road": "SH-167",
        "aadt": 7900,
        "year": 2023,
        "location": "SH-167, Rogers County, MP 2.0-4.9",
        "tier": "tertiary",
        "route_id": "6600034HX0000",
        "previous_aadt": 6400
      },
      "geometry": {
        "type": "Point",
        "coordinates": [
          -95.759063,
          36.215395
        ]
      }
    },
    {
      "type": "Feature",
      "properties": {
        "road": "I-44",
        "aadt": 7900,
        "year": 2023,
        "location": "I-44, Tulsa County, MP 5.1-6.3",
        "tier": "tertiary",
        "route_id": "7200008CX0000",
        "previous_aadt": 7000
      },
      "geometry": {
        "type": "Point",
        "coordinates": [
          -95.92001,
          36.32212
        ]
      }
    },
    {
      "type": "Feature",
      "properties": {
        "road": "Local Road",
        "aadt": 7800,
        "year": 2023,
        "location": "ODOT CS-70481, Tulsa County, MP 0.0-0.2",
        "tier": "tertiary",
        "route_id": "7270481RX0000",
        "previous_aadt": 7400
      },
      "geometry": {
        "type": "Point",
        "coordinates": [
          -95.847537,
          36.262163
        ]
      }
    },
    {
      "type": "Feature",
      "properties": {
        "road": "Local Road",
        "aadt": 7800,
        "year": 2023,
        "location": "ODOT CS-41, Tulsa County, MP 6.7-7.8",
        "tier": "tertiary",
        "route_id": "7200041UX0802",
        "previous_aadt": 6700
      },
      "geometry": {
        "type": "Point",
        "coordinates": [
          -95.975596,
          36.166061
        ]
      }
    },
    {
      "type": "Feature",
      "properties": {
        "road": "Local Road",
        "aadt": 7800,
        "year": 2023,
        "location": "ODOT CS-10, Tulsa County, MP 7.5-8.4",
        "tier": "tertiary",
        "route_id": "7200010UX0114",
        "previous_aadt": 4900
      },
      "geometry": {
        "type": "Point",
        "coordinates": [
          -95.839963,
          36.148019
        ]
      }
    },
    {
      "type": "Feature",
      "properties": {
        "road": "Local Road",
        "aadt": 7800,
        "year": 2023,
        "location": "ODOT CS-52, Tulsa County, MP 10.6-11.6",
        "tier": "tertiary",
        "route_id": "7200052UX0184",
        "previous_aadt": 6500
      },
      "geometry": {
        "type": "Point",
        "coordinates": [
          -95.815317,
          36.129938
        ]
      }
    },
    {
      "type": "Feature",
      "properties": {
        "road": "Local Road",
        "aadt": 7700,
        "year": 2023,
        "location": "ODOT CS-70487, Tulsa County, MP 0.0-0.5",
        "tier": "tertiary",
        "route_id": "7270487RX0000",
        "previous_aadt": 7500
      },
      "geometry": {
        "type": "Point",
        "coordinates": [
          -95.848283,
          36.273883
        ]
      }
    },
    {
      "type": "Feature",
      "properties": {
        "road": "Local Road",
        "aadt": 7700,
        "year": 2023,
        "location": "ODOT CS-70488, Tulsa County, MP 0.0-0.3",
        "tier": "tertiary",
        "route_id": "7270488RX0000",
        "previous_aadt": 7600
      },
      "geometry": {
        "type": "Point",
        "coordinates": [
          -95.847597,
          36.279476
        ]
      }
    },
    {
      "type": "Feature",
      "properties": {
        "road": "Local Road",
        "aadt": 7700,
        "year": 2023,
        "location": "ODOT CS-70367, Tulsa County, MP 0.0-0.1",
        "tier": "tertiary",
        "route_id": "7270367RX0000",
        "previous_aadt": 6200
      },
      "geometry": {
        "type": "Point",
        "coordinates": [
          -95.961589,
          36.143146
        ]
      }
    },
    {
      "type": "Feature",
      "properties": {
        "road": "Local Road",
        "aadt": 7600,
        "year": 2023,
        "location": "ODOT CS-70616, Tulsa County, MP 0.0-0.7",
        "tier": "tertiary",
        "route_id": "7270616RX0000",
        "previous_aadt": 7000
      },
      "geometry": {
        "type": "Point",
        "coordinates": [
          -95.948747,
          36.200429
        ]
      }
    },
    {
      "type": "Feature",
      "properties": {
        "road": "Local Road",
        "aadt": 7600,
        "year": 2023,
        "location": "ODOT CS-23, Wagoner County, MP 0.0-0.6",
        "tier": "tertiary",
        "route_id": "7300023UX0000",
        "previous_aadt": 7600
      },
      "geometry": {
        "type": "Point",
        "coordinates": [
          -95.755772,
          36.046448
        ]
      }
    },
    {
      "type": "Feature",
      "properties": {
        "road": "Local Road",
        "aadt": 7600,
        "year": 2023,
        "location": "ODOT CS-70493, Tulsa County, MP 0.0-0.4",
        "tier": "tertiary",
        "route_id": "7270493RX0000",
        "previous_aadt": 6700
      },
      "geometry": {
        "type": "Point",
        "coordinates": [
          -95.837537,
          36.291283
        ]
      }
    },
    {
      "type": "Feature",
      "properties": {
        "road": "Local Road",
        "aadt": 7600,
        "year": 2023,
        "location": "ODOT CS-55, Tulsa County, MP 14.0-15.0",
        "tier": "tertiary",
        "route_id": "7200055UX0000",
        "previous_aadt": 7700
      },
      "geometry": {
        "type": "Point",
        "coordinates": [
          -95.761685,
          36.158843
        ]
      }
    },
    {
      "type": "Feature",
      "properties": {
        "road": "Local Road",
        "aadt": 7600,
        "year": 2023,
        "location": "ODOT CS-70617, Tulsa County, MP 0.0-0.5",
        "tier": "tertiary",
        "route_id": "7270617RX0000",
        "previous_aadt": 6700
      },
      "geometry": {
        "type": "Point",
        "coordinates": [
          -95.946908,
          36.200512
        ]
      }
    },
    {
      "type": "Feature",
      "properties": {
        "road": "Local Road",
        "aadt": 7600,
        "year": 2023,
        "location": "ODOT CS-40, Tulsa County, MP 0.8-1.8",
        "tier": "tertiary",
        "route_id": "7200040WX0300",
        "previous_aadt": 5600
      },
      "geometry": {
        "type": "Point",
        "coordinates": [
          -95.91193,
          36.002834
        ]
      }
    },
    {
      "type": "Feature",
      "properties": {
        "road": "Local Road",
        "aadt": 7600,
        "year": 2023,
        "location": "ODOT CS-40, Tulsa County, MP 3.8-5.4",
        "tier": "tertiary",
        "route_id": "7200040WX0300",
        "previous_aadt": 7500
      },
      "geometry": {
        "type": "Point",
        "coordinates": [
          -95.859117,
          36.002862
        ]
      }
    },
    {
      "type": "Feature",
      "properties": {
        "road": "Local Road",
        "aadt": 7600,
        "year": 2023,
        "location": "ODOT CS-52, Tulsa County, MP 0.0-1.7",
        "tier": "tertiary",
        "route_id": "7200052UX1748",
        "previous_aadt": 3500
      },
      "geometry": {
        "type": "Point",
        "coordinates": [
          -95.815097,
          36.2304
        ]
      }
    },
    {
      "type": "Feature",
      "properties": {
        "road": "US-75",
        "aadt": 7600,
        "year": 2023,
        "location": "US-75, Tulsa County, MP 1.0-2.5",
        "tier": "tertiary",
        "route_id": "7200018UX0000",
        "previous_aadt": 6400
      },
      "geometry": {
        "type": "Point",
        "coordinates": [
          -95.94855,
          36.118801
        ]
      }
    },
    {
      "type": "Feature",
      "properties": {
        "road": "Local Road",
        "aadt": 7600,
        "year": 2023,
        "location": "ODOT CS-41, Tulsa County, MP 3.4-5.4",
        "tier": "tertiary",
        "route_id": "7200041WX0357",
        "previous_aadt": 7100
      },
      "geometry": {
        "type": "Point",
        "coordinates": [
          -95.856365,
          35.988354
        ]
      }
    },
    {
      "type": "Feature",
      "properties": {
        "road": "Local Road",
        "aadt": 7600,
        "year": 2023,
        "location": "ODOT CS-52, Tulsa County, MP 0.0-2.0",
        "tier": "tertiary",
        "route_id": "7200052UX1922",
        "previous_aadt": 4600
      },
      "geometry": {
        "type": "Point",
        "coordinates": [
          -95.812216,
          36.288105
        ]
      }
    },
    {
      "type": "Feature",
      "properties": {
        "road": "SH-67",
        "aadt": 7600,
        "year": 2023,
        "location": "SH-67, Delaware County, MP 0.0-1.9",
        "tier": "tertiary",
        "route_id": "1900024HX0000",
        "previous_aadt": 6000
      },
      "geometry": {
        "type": "Point",
        "coordinates": [
          -96.054525,
          35.944644
        ]
      }
    },
    {
      "type": "Feature",
      "properties": {
        "road": "Local Road",
        "aadt": 7500,
        "year": 2023,
        "location": "ODOT CS-70235, Tulsa County, MP 0.0-0.8",
        "tier": "tertiary",
        "route_id": "7270235RX0000",
        "previous_aadt": 7400
      },
      "geometry": {
        "type": "Point",
        "coordinates": [
          -95.859946,
          36.030692
        ]
      }
    },
    {
      "type": "Feature",
      "properties": {
        "road": "Local Road",
        "aadt": 7500,
        "year": 2023,
        "location": "ODOT CS-56, Tulsa County, MP 0.0-1.5",
        "tier": "tertiary",
        "route_id": "7200056UX0000",
        "previous_aadt": 7500
      },
      "geometry": {
        "type": "Point",
        "coordinates": [
          -95.989266,
          36.199205
        ]
      }
    },
    {
      "type": "Feature",
      "properties": {
        "road": "SH-20",
        "aadt": 7500,
        "year": 2023,
        "location": "SH-20, Tulsa County, MP 1.0-3.0",
        "tier": "tertiary",
        "route_id": "7200054UX0000",
        "previous_aadt": 4100
      },
      "geometry": {
        "type": "Point",
        "coordinates": [
          -95.779875,
          36.006876
        ]
      }
    },
    {
      "type": "Feature",
      "properties": {
        "road": "Local Road",
        "aadt": 7400,
        "year": 2023,
        "location": "ODOT CS-1, Tulsa County, MP 0.0-3.0",
        "tier": "tertiary",
        "route_id": "7200001VX0000",
        "previous_aadt": 6700
      },
      "geometry": {
        "type": "Point",
        "coordinates": [
          -95.999379,
          35.95918
        ]
      }
    },
    {
      "type": "Feature",
      "properties": {
        "road": "Local Road",
        "aadt": 7400,
        "year": 2023,
        "location": "ODOT CS-70227, Tulsa County, MP 0.0-0.4",
        "tier": "tertiary",
        "route_id": "7270227RX0000",
        "previous_aadt": 6700
      },
      "geometry": {
        "type": "Point",
        "coordinates": [
          -95.821572,
          36.319362
        ]
      }
    },
    {
      "type": "Feature",
      "properties": {
        "road": "Local Road",
        "aadt": 7400,
        "year": 2023,
        "location": "ODOT CS-12, Tulsa County, MP 1.4-2.2",
        "tier": "tertiary",
        "route_id": "7200012UX0000",
        "previous_aadt": 8800
      },
      "geometry": {
        "type": "Point",
        "coordinates": [
          -96.106393,
          36.133632
        ]
      }
    },
    {
      "type": "Feature",
      "properties": {
        "road": "Local Road",
        "aadt": 7400,
        "year": 2023,
        "location": "ODOT CS-41, Tulsa County, MP 5.4-7.4",
        "tier": "tertiary",
        "route_id": "7200041WX0357",
        "previous_aadt": 7300
      },
      "geometry": {
        "type": "Point",
        "coordinates": [
          -95.809552,
          35.988338
        ]
      }
    },
    {
      "type": "Feature",
      "properties": {
        "road": "SH-66",
        "aadt": 7400,
        "year": 2023,
        "location": "SH-66, Delaware County, MP 20.8-22.5",
        "tier": "tertiary",
        "route_id": "1900004HX0000",
        "previous_aadt": 7500
      },
      "geometry": {
        "type": "Point",
        "coordinates": [
          -96.13284,
          35.9937
        ]
      }
    },
    {
      "type": "Feature",
      "properties": {
        "road": "Local Road",
        "aadt": 7300,
        "year": 2023,
        "location": "ODOT CS-70480, Tulsa County, MP 0.0-0.3",
        "tier": "tertiary",
        "route_id": "7270480RX0000",
        "previous_aadt": 6800
      },
      "geometry": {
        "type": "Point",
        "coordinates": [
          -95.848436,
          36.261728
        ]
      }
    },
    {
      "type": "Feature",
      "properties": {
        "road": "Local Road",
        "aadt": 7300,
        "year": 2023,
        "location": "ODOT CS-70295, Tulsa County, MP 0.0-0.3",
        "tier": "tertiary",
        "route_id": "7270295RX0000",
        "previous_aadt": 8300
      },
      "geometry": {
        "type": "Point",
        "coordinates": [
          -95.954443,
          36.090127
        ]
      }
    },
    {
      "type": "Feature",
      "properties": {
        "road": "Local Road",
        "aadt": 7300,
        "year": 2023,
        "location": "ODOT CS-49, Tulsa County, MP 6.0-8.1",
        "tier": "tertiary",
        "route_id": "7200049UX1201",
        "previous_aadt": 2200
      },
      "geometry": {
        "type": "Point",
        "coordinates": [
          -95.866144,
          36.25039
        ]
      }
    },
    {
      "type": "Feature",
      "properties": {
        "road": "Local Road",
        "aadt": 7300,
        "year": 2023,
        "location": "ODOT CS-28, Tulsa County, MP 0.0-0.1",
        "tier": "tertiary",
        "route_id": "7200028UX0000",
        "previous_aadt": 7300
      },
      "geometry": {
        "type": "Point",
        "coordinates": [
          -96.101291,
          36.137099
        ]
      }
    },
    {
      "type": "Feature",
      "properties": {
        "road": "Local Road",
        "aadt": 7300,
        "year": 2023,
        "location": "ODOT CS-1, Tulsa County, MP 0.0-0.9",
        "tier": "tertiary",
        "route_id": "7200001YX0000",
        "previous_aadt": 7200
      },
      "geometry": {
        "type": "Point",
        "coordinates": [
          -95.921364,
          36.264059
        ]
      }
    },
    {
      "type": "Feature",
      "properties": {
        "road": "Local Road",
        "aadt": 7200,
        "year": 2023,
        "location": "ODOT CS-70438, Tulsa County, MP 0.0-0.4",
        "tier": "tertiary",
        "route_id": "7270438RX0000",
        "previous_aadt": 7300
      },
      "geometry": {
        "type": "Point",
        "coordinates": [
          -95.768628,
          36.062488
        ]
      }
    },
    {
      "type": "Feature",
      "properties": {
        "road": "Local Road",
        "aadt": 7200,
        "year": 2023,
        "location": "ODOT CS-70435, Tulsa County, MP 0.0-0.5",
        "tier": "tertiary",
        "route_id": "7270435RX0000",
        "previous_aadt": 8300
      },
      "geometry": {
        "type": "Point",
        "coordinates": [
          -95.778096,
          36.065422
        ]
      }
    },
    {
      "type": "Feature",
      "properties": {
        "road": "Local Road",
        "aadt": 7200,
        "year": 2023,
        "location": "ODOT CS-70228, Tulsa County, MP 0.0-0.4",
        "tier": "tertiary",
        "route_id": "7270228RX0000",
        "previous_aadt": 6900
      },
      "geometry": {
        "type": "Point",
        "coordinates": [
          -95.820714,
          36.319233
        ]
      }
    },
    {
      "type": "Feature",
      "properties": {
        "road": "Local Road",
        "aadt": 7200,
        "year": 2023,
        "location": "ODOT CS-19, Tulsa County, MP 8.4-12.4",
        "tier": "tertiary",
        "route_id": "7200019UX1086",
        "previous_aadt": 6500
      },
      "geometry": {
        "type": "Point",
        "coordinates": [
          -95.815333,
          36.104455
        ]
      }
    },
    {
      "type": "Feature",
      "properties": {
        "road": "Local Road",
        "aadt": 7200,
        "year": 2023,
        "location": "ODOT CS-40, Tulsa County, MP 1.0-3.0",
        "tier": "tertiary",
        "route_id": "7200040WX0000",
        "previous_aadt": 6400
      },
      "geometry": {
        "type": "Point",
        "coordinates": [
          -95.997642,
          36.002879
        ]
      }
    },
    {
      "type": "Feature",
      "properties": {
        "road": "Local Road",
        "aadt": 7200,
        "year": 2023,
        "location": "ODOT CS-44, Tulsa County, MP 1.4-1.6",
        "tier": "tertiary",
        "route_id": "7200044UX0195",
        "previous_aadt": 5100
      },
      "geometry": {
        "type": "Point",
        "coordinates": [
          -95.949221,
          36.159059
        ]
      }
    },
    {
      "type": "Feature",
      "properties": {
        "road": "Local Road",
        "aadt": 7100,
        "year": 2023,
        "location": "ODOT CS-70195, Tulsa County, MP 0.0-0.4",
        "tier": "tertiary",
        "route_id": "7270195RX0000",
        "previous_aadt": 7500
      },
      "geometry": {
        "type": "Point",
        "coordinates": [
          -96.113262,
          36.136597
        ]
      }
    },
    {
      "type": "Feature",
      "properties": {
        "road": "Local Road",
        "aadt": 7100,
        "year": 2023,
        "location": "ODOT CS-70310, Tulsa County, MP 0.0-0.2",
        "tier": "tertiary",
        "route_id": "7270310RX0000",
        "previous_aadt": 6900
      },
      "geometry": {
        "type": "Point",
        "coordinates": [
          -95.913401,
          36.101322
        ]
      }
    },
    {
      "type": "Feature",
      "properties": {
        "road": "Local Road",
        "aadt": 7100,
        "year": 2023,
        "location": "ODOT CS-70152, Tulsa County, MP 0.0-0.6",
        "tier": "tertiary",
        "route_id": "7270152RX0000",
        "previous_aadt": 8000
      },
      "geometry": {
        "type": "Point",
        "coordinates": [
          -96.009022,
          36.00894
        ]
      }
    },
    {
      "type": "Feature",
      "properties": {
        "road": "Local Road",
        "aadt": 7100,
        "year": 2023,
        "location": "ODOT CS-43, Tulsa County, MP 11.0-12.1",
        "tier": "tertiary",
        "route_id": "7200043UX0203",
        "previous_aadt": 5700
      },
      "geometry": {
        "type": "Point",
        "coordinates": [
          -95.958212,
          36.197024
        ]
      }
    },
    {
      "type": "Feature",
      "properties": {
        "road": "Local Road",
        "aadt": 7100,
        "year": 2023,
        "location": "ODOT CS-7, Rogers County, MP 0.0-2.0",
        "tier": "tertiary",
        "route_id": "6600007YX0000",
        "previous_aadt": 6700
      },
      "geometry": {
        "type": "Point",
        "coordinates": [
          -95.796973,
          36.27855
        ]
      }
    },
    {
      "type": "Feature",
      "properties": {
        "road": "Local Road",
        "aadt": 7100,
        "year": 2023,
        "location": "ODOT CS-50, Tulsa County, MP 4.0-5.0",
        "tier": "tertiary",
        "route_id": "7200050UX0000",
        "previous_aadt": 9000
      },
      "geometry": {
        "type": "Point",
        "coordinates": [
          -95.851014,
          36.040289
        ]
      }
    },
    {
      "type": "Feature",
      "properties": {
        "road": "SH-66",
        "aadt": 7100,
        "year": 2023,
        "location": "SH-66, Rogers County, MP 0.0-0.2",
        "tier": "tertiary",
        "route_id": "6600002HX0000",
        "previous_aadt": 20500
      },
      "geometry": {
        "type": "Point",
        "coordinates": [
          -95.752171,
          36.16363
        ]
      }
    },
    {
      "type": "Feature",
      "properties": {
        "road": "SH-33",
        "aadt": 7100,
        "year": 2023,
        "location": "SH-33, Delaware County, MP 13.4-24.5",
        "tier": "tertiary",
        "route_id": "1900018HX0000",
        "previous_aadt": 5900
      },
      "geometry": {
        "type": "Point",
        "coordinates": [
          -96.327496,
          35.986724
        ]
      }
    },
    {
      "type": "Feature",
      "properties": {
        "road": "Local Road",
        "aadt": 7000,
        "year": 2023,
        "location": "ODOT CS-70758, Tulsa County, MP 0.0-0.2",
        "tier": "tertiary",
        "route_id": "7270758RX0000",
        "previous_aadt": null
      },
      "geometry": {
        "type": "Point",
        "coordinates": [
          -95.889046,
          36.182852
        ]
      }
    },
    {
      "type": "Feature",
      "properties": {
        "road": "Local Road",
        "aadt": 7000,
        "year": 2023,
        "location": "ODOT CS-70135, Tulsa County, MP 0.0-0.3",
        "tier": "tertiary",
        "route_id": "7270135RX0000",
        "previous_aadt": 8000
      },
      "geometry": {
        "type": "Point",
        "coordinates": [
          -96.012589,
          35.989607
        ]
      }
    },
    {
      "type": "Feature",
      "properties": {
        "road": "Local Road",
        "aadt": 7000,
        "year": 2023,
        "location": "ODOT CS-43, Tulsa County, MP 10.1-11.0",
        "tier": "tertiary",
        "route_id": "7200043UX0203",
        "previous_aadt": 6300
      },
      "geometry": {
        "type": "Point",
        "coordinates": [
          -95.958219,
          36.181955
        ]
      }
    },
    {
      "type": "Feature",
      "properties": {
        "road": "Local Road",
        "aadt": 7000,
        "year": 2023,
        "location": "ODOT CS-21, Tulsa County, MP 0.0-1.4",
        "tier": "tertiary",
        "route_id": "7200021UX0164",
        "previous_aadt": 7100
      },
      "geometry": {
        "type": "Point",
        "coordinates": [
          -95.971394,
          36.075264
        ]
      }
    },
    {
      "type": "Feature",
      "properties": {
        "road": "Local Road",
        "aadt": 7000,
        "year": 2023,
        "location": "ODOT CS-51, Tulsa County, MP 0.3-0.7",
        "tier": "tertiary",
        "route_id": "7200051WX0000",
        "previous_aadt": 4000
      },
      "geometry": {
        "type": "Point",
        "coordinates": [
          -95.997992,
          36.147981
        ]
      }
    },
    {
      "type": "Feature",
      "properties": {
        "road": "Local Road",
        "aadt": 6900,
        "year": 2023,
        "location": "ODOT CS-70363, Tulsa County, MP 0.0-0.1",
        "tier": "tertiary",
        "route_id": "7270363RX0000",
        "previous_aadt": 5100
      },
      "geometry": {
        "type": "Point",
        "coordinates": [
          -95.969581,
          36.143205
        ]
      }
    },
    {
      "type": "Feature",
      "properties": {
        "road": "Local Road",
        "aadt": 6900,
        "year": 2023,
        "location": "ODOT CS-70364, Tulsa County, MP 0.0-0.2",
        "tier": "tertiary",
        "route_id": "7270364RX0000",
        "previous_aadt": 5900
      },
      "geometry": {
        "type": "Point",
        "coordinates": [
          -95.9694,
          36.142567
        ]
      }
    },
    {
      "type": "Feature",
      "properties": {
        "road": "Local Road",
        "aadt": 6900,
        "year": 2023,
        "location": "ODOT CS-3, Tulsa County, MP 0.0-2.6",
        "tier": "tertiary",
        "route_id": "7200003UX0197",
        "previous_aadt": 3500
      },
      "geometry": {
        "type": "Point",
        "coordinates": [
          -95.895461,
          36.20837
        ]
      }
    },
    {
      "type": "Feature",
      "properties": {
        "road": "Local Road",
        "aadt": 6900,
        "year": 2023,
        "location": "ODOT CS-12, Tulsa County, MP 2.2-3.4",
        "tier": "tertiary",
        "route_id": "7200012UX0000",
        "previous_aadt": 5800
      },
      "geometry": {
        "type": "Point",
        "coordinates": [
          -96.101223,
          36.134751
        ]
      }
    },
    {
      "type": "Feature",
      "properties": {
        "road": "Local Road",
        "aadt": 6900,
        "year": 2023,
        "location": "ODOT CS-37, Tulsa County, MP 8.0-9.0",
        "tier": "tertiary",
        "route_id": "7200037UX0000",
        "previous_aadt": 7200
      },
      "geometry": {
        "type": "Point",
        "coordinates": [
          -95.993536,
          36.183768
        ]
      }
    },
    {
      "type": "Feature",
      "properties": {
        "road": "Local Road",
        "aadt": 6800,
        "year": 2023,
        "location": "ODOT CS-70185, Tulsa County, MP 0.0-0.4",
        "tier": "tertiary",
        "route_id": "7270185RX0000",
        "previous_aadt": 5900
      },
      "geometry": {
        "type": "Point",
        "coordinates": [
          -96.00593,
          36.090695
        ]
      }
    },
    {
      "type": "Feature",
      "properties": {
        "road": "Local Road",
        "aadt": 6800,
        "year": 2023,
        "location": "ODOT CS-70537, Tulsa County, MP 0.0-0.4",
        "tier": "tertiary",
        "route_id": "7270537RX0000",
        "previous_aadt": 9200
      },
      "geometry": {
        "type": "Point",
        "coordinates": [
          -95.859006,
          36.077127
        ]
      }
    },
    {
      "type": "Feature",
      "properties": {
        "road": "Local Road",
        "aadt": 6800,
        "year": 2023,
        "location": "ODOT CS-70436, Tulsa County, MP 0.0-0.3",
        "tier": "tertiary",
        "route_id": "7270436RX0000",
        "previous_aadt": 6900
      },
      "geometry": {
        "type": "Point",
        "coordinates": [
          -95.77318,
          36.062142
        ]
      }
    },
    {
      "type": "Feature",
      "properties": {
        "road": "Local Road",
        "aadt": 6800,
        "year": 2023,
        "location": "ODOT CS-70398, Tulsa County, MP 0.0-0.3",
        "tier": "tertiary",
        "route_id": "7270398RX0000",
        "previous_aadt": 6600
      },
      "geometry": {
        "type": "Point",
        "coordinates": [
          -95.888339,
          36.108951
        ]
      }
    },
    {
      "type": "Feature",
      "properties": {
        "road": "Local Road",
        "aadt": 6800,
        "year": 2023,
        "location": "ODOT CS-70169, Tulsa County, MP 0.0-0.8",
        "tier": "tertiary",
        "route_id": "7270169RX0000",
        "previous_aadt": 7900
      },
      "geometry": {
        "type": "Point",
        "coordinates": [
          -96.007524,
          36.05979
        ]
      }
    },
    {
      "type": "Feature",
      "properties": {
        "road": "Local Road",
        "aadt": 6800,
        "year": 2023,
        "location": "ODOT CS-50, Tulsa County, MP 13.3-14.0",
        "tier": "tertiary",
        "route_id": "7200050UX0000",
        "previous_aadt": 5400
      },
      "geometry": {
        "type": "Point",
        "coordinates": [
          -95.851158,
          36.171267
        ]
      }
    },
    {
      "type": "Feature",
      "properties": {
        "road": "Local Road",
        "aadt": 6800,
        "year": 2023,
        "location": "ODOT CS-32, Tulsa County, MP 0.0-0.3",
        "tier": "tertiary",
        "route_id": "7200032UX0000",
        "previous_aadt": 3500
      },
      "geometry": {
        "type": "Point",
        "coordinates": [
          -96.020746,
          36.154886
        ]
      }
    },
    {
      "type": "Feature",
      "properties": {
        "road": "Local Road",
        "aadt": 6800,
        "year": 2023,
        "location": "ODOT CS-76, Rogers County, MP 0.0-0.9",
        "tier": "tertiary",
        "route_id": "6600076UX0000",
        "previous_aadt": 5300
      },
      "geometry": {
        "type": "Point",
        "coordinates": [
          -95.75995,
          36.167721
        ]
      }
    },
    {
      "type": "Feature",
      "properties": {
        "road": "Local Road",
        "aadt": 6700,
        "year": 2023,
        "location": "ODOT CS-70324, Tulsa County, MP 0.0-0.3",
        "tier": "tertiary",
        "route_id": "7270324RX0000",
        "previous_aadt": 6000
      },
      "geometry": {
        "type": "Point",
        "coordinates": [
          -95.892421,
          36.116855
        ]
      }
    },
    {
      "type": "Feature",
      "properties": {
        "road": "Local Road",
        "aadt": 6700,
        "year": 2023,
        "location": "ODOT CS-70375, Tulsa County, MP 0.0-0.2",
        "tier": "tertiary",
        "route_id": "7270375RX0000",
        "previous_aadt": 5800
      },
      "geometry": {
        "type": "Point",
        "coordinates": [
          -95.949636,
          36.132262
        ]
      }
    },
    {
      "type": "Feature",
      "properties": {
        "road": "Local Road",
        "aadt": 6700,
        "year": 2023,
        "location": "ODOT CS-41, Tulsa County, MP 7.4-8.4",
        "tier": "tertiary",
        "route_id": "7200041WX0357",
        "previous_aadt": 4300
      },
      "geometry": {
        "type": "Point",
        "coordinates": [
          -95.788977,
          35.988387
        ]
      }
    },
    {
      "type": "Feature",
      "properties": {
        "road": "Local Road",
        "aadt": 6700,
        "year": 2023,
        "location": "ODOT CS-15, Tulsa County, MP 3.5-6.4",
        "tier": "tertiary",
        "route_id": "7200015UX0000",
        "previous_aadt": 7200
      },
      "geometry": {
        "type": "Point",
        "coordinates": [
          -96.016787,
          36.133446
        ]
      }
    },
    {
      "type": "Feature",
      "properties": {
        "road": "SH-51",
        "aadt": 6700,
        "year": 2023,
        "location": "SH-51, Tulsa County, MP 1.6-8.7",
        "tier": "tertiary",
        "route_id": "7200085HX0000",
        "previous_aadt": 8700
      },
      "geometry": {
        "type": "Point",
        "coordinates": [
          -96.203394,
          36.135546
        ]
      }
    },
    {
      "type": "Feature",
      "properties": {
        "road": "Local Road",
        "aadt": 6600,
        "year": 2023,
        "location": "ODOT CS-70729, Tulsa County, MP 0.0-0.6",
        "tier": "tertiary",
        "route_id": "7270729RX0000",
        "previous_aadt": 5300
      },
      "geometry": {
        "type": "Point",
        "coordinates": [
          -95.926392,
          36.026122
        ]
      }
    },
    {
      "type": "Feature",
      "properties": {
        "road": "Local Road",
        "aadt": 6600,
        "year": 2023,
        "location": "ODOT CS-55, Tulsa County, MP 11.0-14.0",
        "tier": "tertiary",
        "route_id": "7200055UX0000",
        "previous_aadt": 6700
      },
      "geometry": {
        "type": "Point",
        "coordinates": [
          -95.761685,
          36.119005
        ]
      }
    },
    {
      "type": "Feature",
      "properties": {
        "road": "Local Road",
        "aadt": 6600,
        "year": 2023,
        "location": "ODOT CS-70, Tulsa County, MP 0.0-0.4",
        "tier": "tertiary",
        "route_id": "7200070UX0000",
        "previous_aadt": 4500
      },
      "geometry": {
        "type": "Point",
        "coordinates": [
          -95.995173,
          36.14785
        ]
      }
    },
    {
      "type": "Feature",
      "properties": {
        "road": "Local Road",
        "aadt": 6600,
        "year": 2023,
        "location": "ODOT CS-10, Tulsa County, MP 0.0-1.0",
        "tier": "tertiary",
        "route_id": "7200010YX0000",
        "previous_aadt": 6900
      },
      "geometry": {
        "type": "Point",
        "coordinates": [
          -95.884254,
          36.322033
        ]
      }
    },
    {
      "type": "Feature",
      "properties": {
        "road": "Local Road",
        "aadt": 6600,
        "year": 2023,
        "location": "ODOT CS-42, Tulsa County, MP 2.0-3.0",
        "tier": "tertiary",
        "route_id": "7200042WX0452",
        "previous_aadt": 6700
      },
      "geometry": {
        "type": "Point",
        "coordinates": [
          -95.859649,
          35.973807
        ]
      }
    },
    {
      "type": "Feature",
      "properties": {
        "road": "Local Road",
        "aadt": 6600,
        "year": 2023,
        "location": "ODOT CS-37, Tulsa County, MP 9.9-10.1",
        "tier": "tertiary",
        "route_id": "7200037UX0000",
        "previous_aadt": 3600
      },
      "geometry": {
        "type": "Point",
        "coordinates": [
          -95.993414,
          36.163328
        ]
      }
    },
    {
      "type": "Feature",
      "properties": {
        "road": "Local Road",
        "aadt": 6600,
        "year": 2023,
        "location": "ODOT CS-2, Delaware County, MP 4.0-5.0",
        "tier": "tertiary",
        "route_id": "1900002UX0000",
        "previous_aadt": 6600
      },
      "geometry": {
        "type": "Point",
        "coordinates": [
          -96.118851,
          35.982529
        ]
      }
    },
    {
      "type": "Feature",
      "properties": {
        "road": "US-75",
        "aadt": 6500,
        "year": 2023,
        "location": "US-75, Tulsa County, MP 2.0-3.5",
        "tier": "tertiary",
        "route_id": "7200093UX0104",
        "previous_aadt": 6600
      },
      "geometry": {
        "type": "Point",
        "coordinates": [
          -95.830174,
          36.307559
        ]
      }
    },
    {
      "type": "Feature",
      "properties": {
        "road": "Local Road",
        "aadt": 6500,
        "year": 2023,
        "location": "ODOT CS-70290, Tulsa County, MP 0.0-0.1",
        "tier": "tertiary",
        "route_id": "7270290RX0000",
        "previous_aadt": 8300
      },
      "geometry": {
        "type": "Point",
        "coordinates": [
          -95.9717,
          36.089401
        ]
      }
    },
    {
      "type": "Feature",
      "properties": {
        "road": "Local Road",
        "aadt": 6500,
        "year": 2023,
        "location": "ODOT CS-70450, Tulsa County, MP 0.0-0.2",
        "tier": "tertiary",
        "route_id": "7270450RX0000",
        "previous_aadt": 5500
      },
      "geometry": {
        "type": "Point",
        "coordinates": [
          -95.856089,
          36.175987
        ]
      }
    },
    {
      "type": "Feature",
      "properties": {
        "road": "Local Road",
        "aadt": 6500,
        "year": 2023,
        "location": "ODOT CS-70394, Tulsa County, MP 0.0-0.2",
        "tier": "tertiary",
        "route_id": "7270394RX0000",
        "previous_aadt": 5900
      },
      "geometry": {
        "type": "Point",
        "coordinates": [
          -95.902492,
          36.115804
        ]
      }
    },
    {
      "type": "Feature",
      "properties": {
        "road": "Local Road",
        "aadt": 6500,
        "year": 2023,
        "location": "ODOT CS-70285, Tulsa County, MP 0.0-0.3",
        "tier": "tertiary",
        "route_id": "7270285RX0000",
        "previous_aadt": 8200
      },
      "geometry": {
        "type": "Point",
        "coordinates": [
          -95.983371,
          36.089692
        ]
      }
    },
    {
      "type": "Feature",
      "properties": {
        "road": "SH-51",
        "aadt": 6500,
        "year": 2023,
        "location": "SH-51, Tulsa County, MP 4.1-5.5",
        "tier": "tertiary",
        "route_id": "7200020UX0000",
        "previous_aadt": 5100
      },
      "geometry": {
        "type": "Point",
        "coordinates": [
          -96.05064,
          36.089965
        ]
      }
    },
    {
      "type": "Feature",
      "properties": {
        "road": "I-244",
        "aadt": 6500,
        "year": 2023,
        "location": "I-244, Tulsa County, MP 0.0-1.0",
        "tier": "tertiary",
        "route_id": "7200009YX0000",
        "previous_aadt": 6300
      },
      "geometry": {
        "type": "Point",
        "coordinates": [
          -95.853577,
          36.293035
        ]
      }
    },
    {
      "type": "Feature",
      "properties": {
        "road": "US-64",
        "aadt": 6500,
        "year": 2023,
        "location": "US-64, Tulsa County, MP 2.6-3.9",
        "tier": "tertiary",
        "route_id": "7200006UX0000",
        "previous_aadt": 6800
      },
      "geometry": {
        "type": "Point",
        "coordinates": [
          -95.943314,
          36.19161
        ]
      }
    },
    {
      "type": "Feature",
      "properties": {
        "road": "SH-66",
        "aadt": 6500,
        "year": 2023,
        "location": "SH-66, Delaware County, MP 3.7-17.9",
        "tier": "tertiary",
        "route_id": "1900004HX0000",
        "previous_aadt": 6000
      },
      "geometry": {
        "type": "Point",
        "coordinates": [
          -96.252769,
          35.924299
        ]
      }
    },
    {
      "type": "Feature",
      "properties": {
        "road": "Local Road",
        "aadt": 6400,
        "year": 2023,
        "location": "ODOT CS-70231, Tulsa County, MP 0.0-1.2",
        "tier": "tertiary",
        "route_id": "7270231RX0000",
        "previous_aadt": 6300
      },
      "geometry": {
        "type": "Point",
        "coordinates": [
          -95.862362,
          36.031264
        ]
      }
    },
    {
      "type": "Feature",
      "properties": {
        "road": "Local Road",
        "aadt": 6400,
        "year": 2023,
        "location": "ODOT CS-70325, Tulsa County, MP 0.0-0.3",
        "tier": "tertiary",
        "route_id": "7270325RX0000",
        "previous_aadt": 6200
      },
      "geometry": {
        "type": "Point",
        "coordinates": [
          -95.889668,
          36.117845
        ]
      }
    },
    {
      "type": "Feature",
      "properties": {
        "road": "Local Road",
        "aadt": 6400,
        "year": 2023,
        "location": "ODOT CS-70528, Tulsa County, MP 0.0-0.3",
        "tier": "tertiary",
        "route_id": "7270528RX0000",
        "previous_aadt": 6400
      },
      "geometry": {
        "type": "Point",
        "coordinates": [
          -95.85891,
          36.058904
        ]
      }
    },
    {
      "type": "Feature",
      "properties": {
        "road": "Local Road",
        "aadt": 6400,
        "year": 2023,
        "location": "ODOT CS-70142, Tulsa County, MP 0.0-0.2",
        "tier": "tertiary",
        "route_id": "7270142RX0000",
        "previous_aadt": 6000
      },
      "geometry": {
        "type": "Point",
        "coordinates": [
          -96.012081,
          36.001787
        ]
      }
    },
    {
      "type": "Feature",
      "properties": {
        "road": "Local Road",
        "aadt": 6400,
        "year": 2023,
        "location": "ODOT CS-23, Wagoner County, MP 0.6-1.3",
        "tier": "tertiary",
        "route_id": "7300023UX0000",
        "previous_aadt": 6400
      },
      "geometry": {
        "type": "Point",
        "coordinates": [
          -95.74394,
          36.046846
        ]
      }
    },
    {
      "type": "Feature",
      "properties": {
        "road": "Local Road",
        "aadt": 6400,
        "year": 2023,
        "location": "ODOT CS-51, Tulsa County, MP 0.0-1.7",
        "tier": "tertiary",
        "route_id": "7200051UX0221",
        "previous_aadt": 5600
      },
      "geometry": {
        "type": "Point",
        "coordinates": [
          -95.832941,
          35.986258
        ]
      }
    },
    {
      "type": "Feature",
      "properties": {
        "road": "SH-51",
        "aadt": 6400,
        "year": 2023,
        "location": "SH-51, Tulsa County, MP 2.9-4.1",
        "tier": "tertiary",
        "route_id": "7200020UX0000",
        "previous_aadt": 5300
      },
      "geometry": {
        "type": "Point",
        "coordinates": [
          -96.074307,
          36.088791
        ]
      }
    },
    {
      "type": "Feature",
      "properties": {
        "road": "Local Road",
        "aadt": 6400,
        "year": 2023,
        "location": "ODOT CS-7, Tulsa County, MP 8.1-10.4",
        "tier": "tertiary",
        "route_id": "7200007UX0000",
        "previous_aadt": 5800
      },
      "geometry": {
        "type": "Point",
        "coordinates": [
          -95.846062,
          36.177037
        ]
      }
    },
    {
      "type": "Feature",
      "properties": {
        "road": "Local Road",
        "aadt": 6300,
        "year": 2023,
        "location": "ODOT CS-70652, Tulsa County, MP 0.0-0.2",
        "tier": "tertiary",
        "route_id": "7270652RX0000",
        "previous_aadt": 5900
      },
      "geometry": {
        "type": "Point",
        "coordinates": [
          -95.976617,
          36.174961
        ]
      }
    },
    {
      "type": "Feature",
      "properties": {
        "road": "Local Road",
        "aadt": 6300,
        "year": 2023,
        "location": "ODOT CS-70368, Tulsa County, MP 0.0-0.2",
        "tier": "tertiary",
        "route_id": "7270368RX0000",
        "previous_aadt": 6200
      },
      "geometry": {
        "type": "Point",
        "coordinates": [
          -95.961243,
          36.142661
        ]
      }
    },
    {
      "type": "Feature",
      "properties": {
        "road": "Local Road",
        "aadt": 6300,
        "year": 2023,
        "location": "ODOT CS-70357, Tulsa County, MP 0.0-0.3",
        "tier": "tertiary",
        "route_id": "7270357RX0000",
        "previous_aadt": 6200
      },
      "geometry": {
        "type": "Point",
        "coordinates": [
          -95.980701,
          36.150151
        ]
      }
    },
    {
      "type": "Feature",
      "properties": {
        "road": "Local Road",
        "aadt": 6300,
        "year": 2023,
        "location": "ODOT CS-21, Tulsa County, MP 0.0-1.6",
        "tier": "tertiary",
        "route_id": "7200021UX0000",
        "previous_aadt": 6400
      },
      "geometry": {
        "type": "Point",
        "coordinates": [
          -96.007374,
          36.075329
        ]
      }
    },
    {
      "type": "Feature",
      "properties": {
        "road": "Local Road",
        "aadt": 6300,
        "year": 2023,
        "location": "ODOT CS-7, Tulsa County, MP 5.4-6.5",
        "tier": "tertiary",
        "route_id": "7200007UX0000",
        "previous_aadt": 6800
      },
      "geometry": {
        "type": "Point",
        "coordinates": [
          -95.89291,
          36.177076
        ]
      }
    },
    {
      "type": "Feature",
      "properties": {
        "road": "Local Road",
        "aadt": 6300,
        "year": 2023,
        "location": "ODOT CS-42, Tulsa County, MP 6.0-8.0",
        "tier": "tertiary",
        "route_id": "7200042WX0452",
        "previous_aadt": 6200
      },
      "geometry": {
        "type": "Point",
        "coordinates": [
          -95.786475,
          35.97381
        ]
      }
    },
    {
      "type": "Feature",
      "properties": {
        "road": "Local Road",
        "aadt": 6300,
        "year": 2023,
        "location": "ODOT CS-23, Tulsa County, MP 0.0-1.7",
        "tier": "tertiary",
        "route_id": "7200023UX1289",
        "previous_aadt": 6600
      },
      "geometry": {
        "type": "Point",
        "coordinates": [
          -95.787653,
          36.046514
        ]
      }
    },
    {
      "type": "Feature",
      "properties": {
        "road": "SH-344",
        "aadt": 6300,
        "year": 2023,
        "location": "SH-344, Tulsa County, MP 0.0-5.7",
        "tier": "tertiary",
        "route_id": "7200087HX0000",
        "previous_aadt": null
      },
      "geometry": {
        "type": "Point",
        "coordinates": [
          -96.05518,
          36.095167
        ]
      }
    },
    {
      "type": "Feature",
      "properties": {
        "road": "Local Road",
        "aadt": 6300,
        "year": 2023,
        "location": "ODOT CS-2, Delaware County, MP 0.0-4.0",
        "tier": "tertiary",
        "route_id": "1900002UX0000",
        "previous_aadt": 6300
      },
      "geometry": {
        "type": "Point",
        "coordinates": [
          -96.118843,
          35.952103
        ]
      }
    },
    {
      "type": "Feature",
      "properties": {
        "road": "Local Road",
        "aadt": 6200,
        "year": 2023,
        "location": "ODOT CS-70401, Tulsa County, MP 0.0-0.3",
        "tier": "tertiary",
        "route_id": "7270401RX0000",
        "previous_aadt": 5100
      },
      "geometry": {
        "type": "Point",
        "coordinates": [
          -95.884631,
          36.107756
        ]
      }
    },
    {
      "type": "Feature",
      "properties": {
        "road": "Local Road",
        "aadt": 6200,
        "year": 2023,
        "location": "ODOT CS-44, Tulsa County, MP 0.5-1.4",
        "tier": "tertiary",
        "route_id": "7200044UX0195",
        "previous_aadt": 4800
      },
      "geometry": {
        "type": "Point",
        "coordinates": [
          -95.949197,
          36.15193
        ]
      }
    },
    {
      "type": "Feature",
      "properties": {
        "road": "Local Road",
        "aadt": 6200,
        "year": 2023,
        "location": "ODOT CS-57, Tulsa County, MP 0.0-0.4",
        "tier": "tertiary",
        "route_id": "7200057WX0115",
        "previous_aadt": 5500
      },
      "geometry": {
        "type": "Point",
        "coordinates": [
          -96.1063,
          36.138427
        ]
      }
    },
    {
      "type": "Feature",
      "properties": {
        "road": "SH-266",
        "aadt": 6200,
        "year": 2023,
        "location": "SH-266, Tulsa County, MP 0.9-1.5",
        "tier": "tertiary",
        "route_id": "7200031UX0000",
        "previous_aadt": 6700
      },
      "geometry": {
        "type": "Point",
        "coordinates": [
          -96.029527,
          36.094474
        ]
      }
    },
    {
      "type": "Feature",
      "properties": {
        "road": "Local Road",
        "aadt": 6200,
        "year": 2023,
        "location": "ODOT CS-34, Tulsa County, MP 4.6-6.1",
        "tier": "tertiary",
        "route_id": "7200034UX0000",
        "previous_aadt": 6200
      },
      "geometry": {
        "type": "Point",
        "coordinates": [
          -96.007142,
          36.125629
        ]
      }
    },
    {
      "type": "Feature",
      "properties": {
        "road": "SH-20",
        "aadt": 6200,
        "year": 2023,
        "location": "SH-20, Tulsa County, MP 0.0-1.2",
        "tier": "tertiary",
        "route_id": "7200054WX0000",
        "previous_aadt": 6700
      },
      "geometry": {
        "type": "Point",
        "coordinates": [
          -96.118975,
          36.118216
        ]
      }
    },
    {
      "type": "Feature",
      "properties": {
        "road": "Local Road",
        "aadt": 6100,
        "year": 2023,
        "location": "ODOT CS-70561, Tulsa County, MP 0.0-0.2",
        "tier": "tertiary",
        "route_id": "7270561RX0000",
        "previous_aadt": 6000
      },
      "geometry": {
        "type": "Point",
        "coordinates": [
          -95.859257,
          36.134139
        ]
      }
    },
    {
      "type": "Feature",
      "properties": {
        "road": "Local Road",
        "aadt": 6100,
        "year": 2023,
        "location": "ODOT CS-70200, Tulsa County, MP 0.0-0.3",
        "tier": "tertiary",
        "route_id": "7270200RX0000",
        "previous_aadt": 4600
      },
      "geometry": {
        "type": "Point",
        "coordinates": [
          -95.850968,
          36.219001
        ]
      }
    },
    {
      "type": "Feature",
      "properties": {
        "road": "Local Road",
        "aadt": 6100,
        "year": 2023,
        "location": "ODOT CS-70084, Tulsa County, MP 0.0-0.2",
        "tier": "tertiary",
        "route_id": "7270084RX0000",
        "previous_aadt": 4900
      },
      "geometry": {
        "type": "Point",
        "coordinates": [
          -95.969913,
          36.158862
        ]
      }
    },
    {
      "type": "Feature",
      "properties": {
        "road": "Local Road",
        "aadt": 6100,
        "year": 2023,
        "location": "ODOT CS-70296, Tulsa County, MP 0.0-0.2",
        "tier": "tertiary",
        "route_id": "7270296RX0000",
        "previous_aadt": 8000
      },
      "geometry": {
        "type": "Point",
        "coordinates": [
          -95.95399,
          36.090593
        ]
      }
    },
    {
      "type": "Feature",
      "properties": {
        "road": "Local Road",
        "aadt": 6100,
        "year": 2023,
        "location": "ODOT CS-51, Tulsa County, MP 13.2-14.0",
        "tier": "tertiary",
        "route_id": "7200051UX0221",
        "previous_aadt": 3600
      },
      "geometry": {
        "type": "Point",
        "coordinates": [
          -95.833334,
          36.169537
        ]
      }
    },
    {
      "type": "Feature",
      "properties": {
        "road": "Local Road",
        "aadt": 6100,
        "year": 2023,
        "location": "ODOT CS-42, Tulsa County, MP 3.8-5.0",
        "tier": "tertiary",
        "route_id": "7200042UX0140",
        "previous_aadt": 5300
      },
      "geometry": {
        "type": "Point",
        "coordinates": [
          -95.967129,
          36.167849
        ]
      }
    },
    {
      "type": "Feature",
      "properties": {
        "road": "Local Road",
        "aadt": 6100,
        "year": 2023,
        "location": "ODOT CS-42, Rogers County, MP 0.0-2.3",
        "tier": "tertiary",
        "route_id": "6600042YX0000",
        "previous_aadt": 4700
      },
      "geometry": {
        "type": "Point",
        "coordinates": [
          -95.760802,
          36.239449
        ]
      }
    },
    {
      "type": "Feature",
      "properties": {
        "road": "Local Road",
        "aadt": 6100,
        "year": 2023,
        "location": "ODOT CS-10, Tulsa County, MP 0.0-0.4",
        "tier": "tertiary",
        "route_id": "7200010UX0114",
        "previous_aadt": 5200
      },
      "geometry": {
        "type": "Point",
        "coordinates": [
          -95.982148,
          36.147865
        ]
      }
    },
    {
      "type": "Feature",
      "properties": {
        "road": "Local Road",
        "aadt": 6100,
        "year": 2023,
        "location": "ODOT CS-41, Tulsa County, MP 0.0-4.0",
        "tier": "tertiary",
        "route_id": "7200041UX0000",
        "previous_aadt": 4900
      },
      "geometry": {
        "type": "Point",
        "coordinates": [
          -95.975943,
          35.964359
        ]
      }
    },
    {
      "type": "Feature",
      "properties": {
        "road": "SH-11",
        "aadt": 6100,
        "year": 2023,
        "location": "SH-11, Tulsa County, MP 2.0-8.0",
        "tier": "tertiary",
        "route_id": "7200036UX0000",
        "previous_aadt": 3500
      },
      "geometry": {
        "type": "Point",
        "coordinates": [
          -95.993793,
          35.994158
        ]
      }
    },
    {
      "type": "Feature",
      "properties": {
        "road": "Local Road",
        "aadt": 6000,
        "year": 2023,
        "location": "ODOT CS-70004, Rogers County, MP 0.0-0.3",
        "tier": "tertiary",
        "route_id": "6670004RX0000",
        "previous_aadt": 5900
      },
      "geometry": {
        "type": "Point",
        "coordinates": [
          -95.758352,
          36.162993
        ]
      }
    },
    {
      "type": "Feature",
      "properties": {
        "road": "Local Road",
        "aadt": 6000,
        "year": 2023,
        "location": "ODOT CS-70428, Tulsa County, MP 0.0-0.2",
        "tier": "tertiary",
        "route_id": "7270428RX0000",
        "previous_aadt": 8900
      },
      "geometry": {
        "type": "Point",
        "coordinates": [
          -95.813412,
          36.07971
        ]
      }
    },
    {
      "type": "Feature",
      "properties": {
        "road": "Local Road",
        "aadt": 6000,
        "year": 2023,
        "location": "ODOT CS-70606, Tulsa County, MP 0.0-0.2",
        "tier": "tertiary",
        "route_id": "7270606RX0000",
        "previous_aadt": 11600
      },
      "geometry": {
        "type": "Point",
        "coordinates": [
          -96.018814,
          36.156549
        ]
      }
    },
    {
      "type": "Feature",
      "properties": {
        "road": "Local Road",
        "aadt": 6000,
        "year": 2023,
        "location": "ODOT CS-70396, Tulsa County, MP 0.0-0.2",
        "tier": "tertiary",
        "route_id": "7270396RX0000",
        "previous_aadt": 6500
      },
      "geometry": {
        "type": "Point",
        "coordinates": [
          -95.902475,
          36.11623
        ]
      }
    },
    {
      "type": "Feature",
      "properties": {
        "road": "Local Road",
        "aadt": 6000,
        "year": 2023,
        "location": "ODOT CS-70297, Tulsa County, MP 0.0-0.3",
        "tier": "tertiary",
        "route_id": "7270297RX0000",
        "previous_aadt": 6100
      },
      "geometry": {
        "type": "Point",
        "coordinates": [
          -95.944128,
          36.090834
        ]
      }
    },
    {
      "type": "Feature",
      "properties": {
        "road": "Local Road",
        "aadt": 6000,
        "year": 2023,
        "location": "ODOT CS-70140, Tulsa County, MP 0.0-0.4",
        "tier": "tertiary",
        "route_id": "7270140RX0000",
        "previous_aadt": 9700
      },
      "geometry": {
        "type": "Point",
        "coordinates": [
          -96.011178,
          35.990491
        ]
      }
    },
    {
      "type": "Feature",
      "properties": {
        "road": "Local Road",
        "aadt": 6000,
        "year": 2023,
        "location": "ODOT CS-70496, Tulsa County, MP 0.0-0.3",
        "tier": "tertiary",
        "route_id": "7270496RX0000",
        "previous_aadt": 5900
      },
      "geometry": {
        "type": "Point",
        "coordinates": [
          -95.831722,
          36.293907
        ]
      }
    },
    {
      "type": "Feature",
      "properties": {
        "road": "Local Road",
        "aadt": 6000,
        "year": 2023,
        "location": "ODOT CS-70542, Tulsa County, MP 0.0-0.2",
        "tier": "tertiary",
        "route_id": "7270542RX0000",
        "previous_aadt": 6200
      },
      "geometry": {
        "type": "Point",
        "coordinates": [
          -95.85806,
          36.091503
        ]
      }
    },
    {
      "type": "Feature",
      "properties": {
        "road": "Local Road",
        "aadt": 6000,
        "year": 2023,
        "location": "ODOT CS-70196, Tulsa County, MP 0.0-0.2",
        "tier": "tertiary",
        "route_id": "7270196RX0000",
        "previous_aadt": 6400
      },
      "geometry": {
        "type": "Point",
        "coordinates": [
          -96.114206,
          36.137179
        ]
      }
    },
    {
      "type": "Feature",
      "properties": {
        "road": "Local Road",
        "aadt": 6000,
        "year": 2023,
        "location": "ODOT CS-12, Tulsa County, MP 0.0-1.1",
        "tier": "tertiary",
        "route_id": "7200012UX0000",
        "previous_aadt": 5100
      },
      "geometry": {
        "type": "Point",
        "coordinates": [
          -96.12913,
          36.140708
        ]
      }
    },
    {
      "type": "Feature",
      "properties": {
        "road": "Local Road",
        "aadt": 6000,
        "year": 2023,
        "location": "ODOT CS-51, Tulsa County, MP 1.7-3.0",
        "tier": "tertiary",
        "route_id": "7200051UX0221",
        "previous_aadt": 5300
      },
      "geometry": {
        "type": "Point",
        "coordinates": [
          -95.833103,
          36.011751
        ]
      }
    },
    {
      "type": "Feature",
      "properties": {
        "road": "Local Road",
        "aadt": 6000,
        "year": 2023,
        "location": "ODOT CS-28, Osage County, MP 0.0-1.9",
        "tier": "tertiary",
        "route_id": "5700028UX0000",
        "previous_aadt": 6000
      },
      "geometry": {
        "type": "Point",
        "coordinates": [
          -96.00969,
          36.2053
        ]
      }
    },
    {
      "type": "Feature",
      "properties": {
        "road": "Local Road",
        "aadt": 5900,
        "year": 2023,
        "location": "ODOT CS-70087, Tulsa County, MP 0.0-0.2",
        "tier": "tertiary",
        "route_id": "7270087RX0000",
        "previous_aadt": 9400
      },
      "geometry": {
        "type": "Point",
        "coordinates": [
          -95.962198,
          36.16036
        ]
      }
    },
    {
      "type": "Feature",
      "properties": {
        "road": "Local Road",
        "aadt": 5900,
        "year": 2023,
        "location": "ODOT CS-101, Tulsa County, MP 0.0-0.1",
        "tier": "tertiary",
        "route_id": "7200101UX0000",
        "previous_aadt": 5900
      },
      "geometry": {
        "type": "Point",
        "coordinates": [
          -95.982901,
          36.148115
        ]
      }
    },
    {
      "type": "Feature",
      "properties": {
        "road": "Local Road",
        "aadt": 5900,
        "year": 2023,
        "location": "ODOT CS-70607, Tulsa County, MP 0.0-0.3",
        "tier": "tertiary",
        "route_id": "7270607RX0000",
        "previous_aadt": 6300
      },
      "geometry": {
        "type": "Point",
        "coordinates": [
          -96.01747,
          36.157145
        ]
      }
    },
    {
      "type": "Feature",
      "properties": {
        "road": "Local Road",
        "aadt": 5900,
        "year": 2023,
        "location": "ODOT CS-70088, Tulsa County, MP 0.0-0.2",
        "tier": "tertiary",
        "route_id": "7270088RX0000",
        "previous_aadt": 5300
      },
      "geometry": {
        "type": "Point",
        "coordinates": [
          -95.962722,
          36.160722
        ]
      }
    },
    {
      "type": "Feature",
      "properties": {
        "road": "Local Road",
        "aadt": 5900,
        "year": 2023,
        "location": "ODOT CS-70284, Tulsa County, MP 0.0-0.3",
        "tier": "tertiary",
        "route_id": "7270284RX0000",
        "previous_aadt": 8400
      },
      "geometry": {
        "type": "Point",
        "coordinates": [
          -95.98299,
          36.090018
        ]
      }
    },
    {
      "type": "Feature",
      "properties": {
        "road": "Local Road",
        "aadt": 5900,
        "year": 2023,
        "location": "ODOT CS-70040, Tulsa County, MP 0.0-0.2",
        "tier": "tertiary",
        "route_id": "7270040RX0000",
        "previous_aadt": 5700
      },
      "geometry": {
        "type": "Point",
        "coordinates": [
          -96.008067,
          36.127734
        ]
      }
    },
    {
      "type": "Feature",
      "properties": {
        "road": "Local Road",
        "aadt": 5900,
        "year": 2023,
        "location": "ODOT CS-70443, Tulsa County, MP 0.0-0.2",
        "tier": "tertiary",
        "route_id": "7270443RX0000",
        "previous_aadt": 3900
      },
      "geometry": {
        "type": "Point",
        "coordinates": [
          -95.859473,
          36.149091
        ]
      }
    },
    {
      "type": "Feature",
      "properties": {
        "road": "Local Road",
        "aadt": 5900,
        "year": 2023,
        "location": "ODOT CS-50, Tulsa County, MP 2.0-4.0",
        "tier": "tertiary",
        "route_id": "7200050UX0000",
        "previous_aadt": 7700
      },
      "geometry": {
        "type": "Point",
        "coordinates": [
          -95.850966,
          36.009436
        ]
      }
    },
    {
      "type": "Feature",
      "properties": {
        "road": "Local Road",
        "aadt": 5900,
        "year": 2023,
        "location": "ODOT CS-51, Tulsa County, MP 4.0-5.0",
        "tier": "tertiary",
        "route_id": "7200051UX1920",
        "previous_aadt": 5400
      },
      "geometry": {
        "type": "Point",
        "coordinates": [
          -95.83017,
          36.317261
        ]
      }
    },
    {
      "type": "Feature",
      "properties": {
        "road": "SH-51",
        "aadt": 5900,
        "year": 2023,
        "location": "SH-51, Tulsa County, MP 1.0-2.9",
        "tier": "tertiary",
        "route_id": "7200020UX0000",
        "previous_aadt": 5300
      },
      "geometry": {
        "type": "Point",
        "coordinates": [
          -96.086824,
          36.090106
        ]
      }
    },
    {
      "type": "Feature",
      "properties": {
        "road": "Local Road",
        "aadt": 5800,
        "year": 2023,
        "location": "ODOT CS-51, Wagoner County, MP 0.0-2.0",
        "tier": "tertiary",
        "route_id": "7300051UX0366",
        "previous_aadt": 5800
      },
      "geometry": {
        "type": "Point",
        "coordinates": [
          -95.743975,
          36.108561
        ]
      }
    },
    {
      "type": "Feature",
      "properties": {
        "road": "Local Road",
        "aadt": 5800,
        "year": 2023,
        "location": "ODOT CS-70392, Tulsa County, MP 0.0-0.2",
        "tier": "tertiary",
        "route_id": "7270392RX0000",
        "previous_aadt": 5900
      },
      "geometry": {
        "type": "Point",
        "coordinates": [
          -95.906116,
          36.114709
        ]
      }
    },
    {
      "type": "Feature",
      "properties": {
        "road": "Local Road",
        "aadt": 5800,
        "year": 2023,
        "location": "ODOT CS-70376, Tulsa County, MP 0.0-0.1",
        "tier": "tertiary",
        "route_id": "7270376RX0000",
        "previous_aadt": 5100
      },
      "geometry": {
        "type": "Point",
        "coordinates": [
          -95.948079,
          36.132665
        ]
      }
    },
    {
      "type": "Feature",
      "properties": {
        "road": "SH-51",
        "aadt": 5800,
        "year": 2023,
        "location": "SH-51, Tulsa County, MP 0.0-1.0",
        "tier": "tertiary",
        "route_id": "7200020UX0000",
        "previous_aadt": 4700
      },
      "geometry": {
        "type": "Point",
        "coordinates": [
          -96.125641,
          36.090169
        ]
      }
    },
    {
      "type": "Feature",
      "properties": {
        "road": "Turnpike",
        "aadt": 5800,
        "year": 2023,
        "location": "Turnpike, Rogers County, MP 0.0-0.6",
        "tier": "tertiary",
        "route_id": "6600046HX0000",
        "previous_aadt": 5800
      },
      "geometry": {
        "type": "Point",
        "coordinates": [
          -95.667862,
          36.242288
        ]
      }
    },
    {
      "type": "Feature",
      "properties": {
        "road": "Local Road",
        "aadt": 5800,
        "year": 2023,
        "location": "ODOT CS-4, Osage County, MP 0.0-0.5",
        "tier": "tertiary",
        "route_id": "5700004UX0000",
        "previous_aadt": 5800
      },
      "geometry": {
        "type": "Point",
        "coordinates": [
          -96.003024,
          36.205808
        ]
      }
    },
    {
      "type": "Feature",
      "properties": {
        "road": "Local Road",
        "aadt": 5700,
        "year": 2023,
        "location": "ODOT CS-70778, Tulsa County, MP 0.0-0.3",
        "tier": "tertiary",
        "route_id": "7270778RX0000",
        "previous_aadt": 4800
      },
      "geometry": {
        "type": "Point",
        "coordinates": [
          -95.796835,
          36.16221
        ]
      }
    },
    {
      "type": "Feature",
      "properties": {
        "road": "Local Road",
        "aadt": 5700,
        "year": 2023,
        "location": "ODOT CS-70731, Tulsa County, MP 0.0-0.2",
        "tier": "tertiary",
        "route_id": "7270731RX0000",
        "previous_aadt": null
      },
      "geometry": {
        "type": "Point",
        "coordinates": [
          -95.922386,
          36.024862
        ]
      }
    },
    {
      "type": "Feature",
      "properties": {
        "road": "Local Road",
        "aadt": 5700,
        "year": 2023,
        "location": "ODOT CS-70403, Tulsa County, MP 0.0-0.1",
        "tier": "tertiary",
        "route_id": "7270403RX0000",
        "previous_aadt": 5200
      },
      "geometry": {
        "type": "Point",
        "coordinates": [
          -95.876442,
          36.103731
        ]
      }
    },
    {
      "type": "Feature",
      "properties": {
        "road": "Local Road",
        "aadt": 5700,
        "year": 2023,
        "location": "ODOT CS-70346, Tulsa County, MP 0.0-0.2",
        "tier": "tertiary",
        "route_id": "7270346RX0000",
        "previous_aadt": 5600
      },
      "geometry": {
        "type": "Point",
        "coordinates": [
          -95.852625,
          36.14495
        ]
      }
    },
    {
      "type": "Feature",
      "properties": {
        "road": "Local Road",
        "aadt": 5700,
        "year": 2023,
        "location": "ODOT CS-70003, Tulsa County, MP 0.0-0.4",
        "tier": "tertiary",
        "route_id": "7270003RX0000",
        "previous_aadt": 5600
      },
      "geometry": {
        "type": "Point",
        "coordinates": [
          -95.888774,
          36.025785
        ]
      }
    },
    {
      "type": "Feature",
      "properties": {
        "road": "Local Road",
        "aadt": 5700,
        "year": 2023,
        "location": "ODOT CS-19, Wagoner County, MP 0.0-1.0",
        "tier": "tertiary",
        "route_id": "7300019UX0000",
        "previous_aadt": 5700
      },
      "geometry": {
        "type": "Point",
        "coordinates": [
          -95.751084,
          36.104474
        ]
      }
    },
    {
      "type": "Feature",
      "properties": {
        "road": "US-64",
        "aadt": 5700,
        "year": 2023,
        "location": "US-64, Wagoner County, MP 5.0-6.2",
        "tier": "tertiary",
        "route_id": "7300002VX0000",
        "previous_aadt": 5700
      },
      "geometry": {
        "type": "Point",
        "coordinates": [
          -95.667014,
          35.959418
        ]
      }
    },
    {
      "type": "Feature",
      "properties": {
        "road": "Local Road",
        "aadt": 5700,
        "year": 2023,
        "location": "ODOT CS-19, Tulsa County, MP 0.0-0.4",
        "tier": "tertiary",
        "route_id": "7200019UX1086",
        "previous_aadt": 5800
      },
      "geometry": {
        "type": "Point",
        "coordinates": [
          -95.980179,
          36.10435
        ]
      }
    },
    {
      "type": "Feature",
      "properties": {
        "road": "Local Road",
        "aadt": 5700,
        "year": 2023,
        "location": "ODOT CS-24, Tulsa County, MP 0.0-0.3",
        "tier": "tertiary",
        "route_id": "7200024WX0000",
        "previous_aadt": 3700
      },
      "geometry": {
        "type": "Point",
        "coordinates": [
          -96.111205,
          36.129956
        ]
      }
    },
    {
      "type": "Feature",
      "properties": {
        "road": "Local Road",
        "aadt": 5700,
        "year": 2023,
        "location": "ODOT CS-3, Tulsa County, MP 1.0-2.0",
        "tier": "tertiary",
        "route_id": "7200003UX0000",
        "previous_aadt": 4400
      },
      "geometry": {
        "type": "Point",
        "coordinates": [
          -95.969196,
          36.220552
        ]
      }
    },
    {
      "type": "Feature",
      "properties": {
        "road": "Local Road",
        "aadt": 5700,
        "year": 2023,
        "location": "ODOT CS-50, Tulsa County, MP 3.0-4.0",
        "tier": "tertiary",
        "route_id": "7200050UX1606",
        "previous_aadt": 4600
      },
      "geometry": {
        "type": "Point",
        "coordinates": [
          -95.848158,
          36.329355
        ]
      }
    },
    {
      "type": "Feature",
      "properties": {
        "road": "US-64",
        "aadt": 5700,
        "year": 2023,
        "location": "US-64, Tulsa County, MP 8.4-11.5",
        "tier": "tertiary",
        "route_id": "7200006HX0000",
        "previous_aadt": 6300
      },
      "geometry": {
        "type": "Point",
        "coordinates": [
          -95.829903,
          35.914652
        ]
      }
    },
    {
      "type": "Feature",
      "properties": {
        "road": "SH-66",
        "aadt": 5700,
        "year": 2023,
        "location": "SH-66, Rogers County, MP 0.0-1.0",
        "tier": "tertiary",
        "route_id": "6600002UX0000",
        "previous_aadt": 5000
      },
      "geometry": {
        "type": "Point",
        "coordinates": [
          -95.63912,
          36.321876
        ]
      }
    },
    {
      "type": "Feature",
      "properties": {
        "road": "Local Road",
        "aadt": 5600,
        "year": 2023,
        "location": "ODOT CS-70734, Tulsa County, MP 0.0-0.4",
        "tier": "tertiary",
        "route_id": "7270734RX0000",
        "previous_aadt": 5100
      },
      "geometry": {
        "type": "Point",
        "coordinates": [
          -95.918994,
          36.025905
        ]
      }
    },
    {
      "type": "Feature",
      "properties": {
        "road": "Local Road",
        "aadt": 5600,
        "year": 2023,
        "location": "ODOT CS-70154, Tulsa County, MP 0.0-0.4",
        "tier": "tertiary",
        "route_id": "7270154RX0000",
        "previous_aadt": 4900
      },
      "geometry": {
        "type": "Point",
        "coordinates": [
          -96.010983,
          36.012047
        ]
      }
    },
    {
      "type": "Feature",
      "properties": {
        "road": "Local Road",
        "aadt": 5600,
        "year": 2023,
        "location": "ODOT CS-57, Tulsa County, MP 0.0-2.0",
        "tier": "tertiary",
        "route_id": "7200057UX0000",
        "previous_aadt": 5000
      },
      "geometry": {
        "type": "Point",
        "coordinates": [
          -95.790808,
          36.051393
        ]
      }
    },
    {
      "type": "Feature",
      "properties": {
        "road": "Local Road",
        "aadt": 5600,
        "year": 2023,
        "location": "ODOT CS-70382, Tulsa County, MP 0.0-0.2",
        "tier": "tertiary",
        "route_id": "7270382RX0000",
        "previous_aadt": 4900
      },
      "geometry": {
        "type": "Point",
        "coordinates": [
          -95.938577,
          36.125786
        ]
      }
    },
    {
      "type": "Feature",
      "properties": {
        "road": "Local Road",
        "aadt": 5600,
        "year": 2023,
        "location": "ODOT CS-55, Tulsa County, MP 5.0-8.0",
        "tier": "tertiary",
        "route_id": "7200055UX0000",
        "previous_aadt": 6700
      },
      "geometry": {
        "type": "Point",
        "coordinates": [
          -95.761808,
          36.05411
        ]
      }
    },
    {
      "type": "Feature",
      "properties": {
        "road": "Local Road",
        "aadt": 5600,
        "year": 2023,
        "location": "ODOT CS-11, Tulsa County, MP 0.0-0.8",
        "tier": "tertiary",
        "route_id": "7200011UX0000",
        "previous_aadt": 4200
      },
      "geometry": {
        "type": "Point",
        "coordinates": [
          -95.989611,
          36.140616
        ]
      }
    },
    {
      "type": "Feature",
      "properties": {
        "road": "Local Road",
        "aadt": 5600,
        "year": 2023,
        "location": "ODOT CS-51, Tulsa County, MP 5.0-6.0",
        "tier": "tertiary",
        "route_id": "7200051UX1920",
        "previous_aadt": 3100
      },
      "geometry": {
        "type": "Point",
        "coordinates": [
          -95.830188,
          36.327592
        ]
      }
    },
    {
      "type": "Feature",
      "properties": {
        "road": "Local Road",
        "aadt": 5600,
        "year": 2023,
        "location": "ODOT CS-42, Tulsa County, MP 3.0-5.0",
        "tier": "tertiary",
        "route_id": "7200042WX0452",
        "previous_aadt": 4100
      },
      "geometry": {
        "type": "Point",
        "coordinates": [
          -95.829135,
          35.973861
        ]
      }
    },
    {
      "type": "Feature",
      "properties": {
        "road": "Local Road",
        "aadt": 5600,
        "year": 2023,
        "location": "ODOT CS-37, Tulsa County, MP 9.4-9.9",
        "tier": "tertiary",
        "route_id": "7200037UX0000",
        "previous_aadt": 5100
      },
      "geometry": {
        "type": "Point",
        "coordinates": [
          -95.993502,
          36.16695
        ]
      }
    },
    {
      "type": "Feature",
      "properties": {
        "road": "Local Road",
        "aadt": 5500,
        "year": 2023,
        "location": "ODOT CS-70797, Tulsa County, MP 0.0-0.2",
        "tier": "tertiary",
        "route_id": "7270797RX0000",
        "previous_aadt": null
      },
      "geometry": {
        "type": "Point",
        "coordinates": [
          -96.007975,
          36.087666
        ]
      }
    },
    {
      "type": "Feature",
      "properties": {
        "road": "Local Road",
        "aadt": 5500,
        "year": 2023,
        "location": "ODOT CS-70732, Tulsa County, MP 0.0-0.4",
        "tier": "tertiary",
        "route_id": "7270732RX0000",
        "previous_aadt": 4800
      },
      "geometry": {
        "type": "Point",
        "coordinates": [
          -95.918173,
          36.025146
        ]
      }
    },
    {
      "type": "Feature",
      "properties": {
        "road": "Local Road",
        "aadt": 5500,
        "year": 2023,
        "location": "ODOT CS-70298, Tulsa County, MP 0.0-0.3",
        "tier": "tertiary",
        "route_id": "7270298RX0000",
        "previous_aadt": 5300
      },
      "geometry": {
        "type": "Point",
        "coordinates": [
          -95.936187,
          36.090416
        ]
      }
    },
    {
      "type": "Feature",
      "properties": {
        "road": "Local Road",
        "aadt": 5500,
        "year": 2023,
        "location": "ODOT CS-70397, Tulsa County, MP 0.0-0.3",
        "tier": "tertiary",
        "route_id": "7270397RX0000",
        "previous_aadt": 5300
      },
      "geometry": {
        "type": "Point",
        "coordinates": [
          -95.888134,
          36.109604
        ]
      }
    },
    {
      "type": "Feature",
      "properties": {
        "road": "Local Road",
        "aadt": 5500,
        "year": 2023,
        "location": "ODOT CS-70708, Tulsa County, MP 0.0-0.2",
        "tier": "tertiary",
        "route_id": "7270708RX0000",
        "previous_aadt": 4700
      },
      "geometry": {
        "type": "Point",
        "coordinates": [
          -95.990803,
          36.144345
        ]
      }
    },
    {
      "type": "Feature",
      "properties": {
        "road": "Local Road",
        "aadt": 5500,
        "year": 2023,
        "location": "ODOT CS-70061, Tulsa County, MP 0.0-0.2",
        "tier": "tertiary",
        "route_id": "7270061RX0000",
        "previous_aadt": 4300
      },
      "geometry": {
        "type": "Point",
        "coordinates": [
          -95.989746,
          36.161793
        ]
      }
    },
    {
      "type": "Feature",
      "properties": {
        "road": "Local Road",
        "aadt": 5500,
        "year": 2023,
        "location": "ODOT CS-70160, Tulsa County, MP 0.0-0.4",
        "tier": "tertiary",
        "route_id": "7270160RX0000",
        "previous_aadt": 3300
      },
      "geometry": {
        "type": "Point",
        "coordinates": [
          -96.010932,
          36.02619
        ]
      }
    },
    {
      "type": "Feature",
      "properties": {
        "road": "Local Road",
        "aadt": 5500,
        "year": 2023,
        "location": "ODOT CS-70300, Tulsa County, MP 0.0-0.2",
        "tier": "tertiary",
        "route_id": "7270300RX0000",
        "previous_aadt": 5900
      },
      "geometry": {
        "type": "Point",
        "coordinates": [
          -95.936387,
          36.091088
        ]
      }
    },
    {
      "type": "Feature",
      "properties": {
        "road": "Local Road",
        "aadt": 5500,
        "year": 2023,
        "location": "ODOT CS-70535, Tulsa County, MP 0.0-0.3",
        "tier": "tertiary",
        "route_id": "7270535RX0000",
        "previous_aadt": 6000
      },
      "geometry": {
        "type": "Point",
        "coordinates": [
          -95.85887,
          36.073619
        ]
      }
    },
    {
      "type": "Feature",
      "properties": {
        "road": "Local Road",
        "aadt": 5500,
        "year": 2023,
        "location": "ODOT CS-70093, Tulsa County, MP 0.0-0.3",
        "tier": "tertiary",
        "route_id": "7270093RX0000",
        "previous_aadt": 5100
      },
      "geometry": {
        "type": "Point",
        "coordinates": [
          -95.937684,
          36.159274
        ]
      }
    },
    {
      "type": "Feature",
      "properties": {
        "road": "Local Road",
        "aadt": 5500,
        "year": 2023,
        "location": "ODOT CS-49, Tulsa County, MP 0.0-1.0",
        "tier": "tertiary",
        "route_id": "7200049UX0200",
        "previous_aadt": 4000
      },
      "geometry": {
        "type": "Point",
        "coordinates": [
          -95.868651,
          35.986849
        ]
      }
    },
    {
      "type": "Feature",
      "properties": {
        "road": "Local Road",
        "aadt": 5500,
        "year": 2023,
        "location": "ODOT CS-49, Tulsa County, MP 0.0-1.1",
        "tier": "tertiary",
        "route_id": "7200049UX1201",
        "previous_aadt": 6400
      },
      "geometry": {
        "type": "Point",
        "coordinates": [
          -95.868195,
          36.160819
        ]
      }
    },
    {
      "type": "Feature",
      "properties": {
        "road": "Local Road",
        "aadt": 5500,
        "year": 2023,
        "location": "ODOT CS-50, Tulsa County, MP 14.0-15.0",
        "tier": "tertiary",
        "route_id": "7200050UX0000",
        "previous_aadt": 3600
      },
      "geometry": {
        "type": "Point",
        "coordinates": [
          -95.851136,
          36.181438
        ]
      }
    },
    {
      "type": "Feature",
      "properties": {
        "road": "SH-72",
        "aadt": 5500,
        "year": 2023,
        "location": "SH-72, Wagoner County, MP 5.5-6.5",
        "tier": "tertiary",
        "route_id": "7300020HX0000",
        "previous_aadt": 5400
      },
      "geometry": {
        "type": "Point",
        "coordinates": [
          -95.651065,
          35.936401
        ]
      }
    },
    {
      "type": "Feature",
      "properties": {
        "road": "Local Road",
        "aadt": 5400,
        "year": 2023,
        "location": "ODOT CS-70145, Tulsa County, MP 0.0-0.2",
        "tier": "tertiary",
        "route_id": "7270145RX0000",
        "previous_aadt": 4300
      },
      "geometry": {
        "type": "Point",
        "coordinates": [
          -96.010766,
          36.002056
        ]
      }
    },
    {
      "type": "Feature",
      "properties": {
        "road": "Local Road",
        "aadt": 5400,
        "year": 2023,
        "location": "ODOT CS-70544, Tulsa County, MP 0.0-0.3",
        "tier": "tertiary",
        "route_id": "7270544RX0000",
        "previous_aadt": 5600
      },
      "geometry": {
        "type": "Point",
        "coordinates": [
          -95.860267,
          36.106658
        ]
      }
    },
    {
      "type": "Feature",
      "properties": {
        "road": "Local Road",
        "aadt": 5400,
        "year": 2023,
        "location": "ODOT CS-70015, Tulsa County, MP 0.0-0.2",
        "tier": "tertiary",
        "route_id": "7270015RX0000",
        "previous_aadt": 5700
      },
      "geometry": {
        "type": "Point",
        "coordinates": [
          -96.047696,
          36.079813
        ]
      }
    },
    {
      "type": "Feature",
      "properties": {
        "road": "Local Road",
        "aadt": 5400,
        "year": 2023,
        "location": "ODOT CS-52, Tulsa County, MP 11.6-13.5",
        "tier": "tertiary",
        "route_id": "7200052UX0184",
        "previous_aadt": 4600
      },
      "geometry": {
        "type": "Point",
        "coordinates": [
          -95.815395,
          36.14612
        ]
      }
    },
    {
      "type": "Feature",
      "properties": {
        "road": "SH-266",
        "aadt": 5400,
        "year": 2023,
        "location": "SH-266, Tulsa County, MP 0.0-0.9",
        "tier": "tertiary",
        "route_id": "7200031UX0000",
        "previous_aadt": 4900
      },
      "geometry": {
        "type": "Point",
        "coordinates": [
          -96.029568,
          36.082717
        ]
      }
    },
    {
      "type": "Feature",
      "properties": {
        "road": "Local Road",
        "aadt": 5400,
        "year": 2023,
        "location": "ODOT CS-33, Tulsa County, MP 0.0-1.1",
        "tier": "tertiary",
        "route_id": "7200033WX0088",
        "previous_aadt": 5500
      },
      "geometry": {
        "type": "Point",
        "coordinates": [
          -95.864891,
          36.123386
        ]
      }
    },
    {
      "type": "Feature",
      "properties": {
        "road": "Local Road",
        "aadt": 5400,
        "year": 2023,
        "location": "ODOT CS-37, Tulsa County, MP 10.3-11.1",
        "tier": "tertiary",
        "route_id": "7200037UX0000",
        "previous_aadt": 3300
      },
      "geometry": {
        "type": "Point",
        "coordinates": [
          -95.987703,
          36.152324
        ]
      }
    },
    {
      "type": "Feature",
      "properties": {
        "road": "Local Road",
        "aadt": 5400,
        "year": 2023,
        "location": "ODOT CS-12, Delaware County, MP 0.3-1.1",
        "tier": "tertiary",
        "route_id": "1900012UX0088",
        "previous_aadt": 5400
      },
      "geometry": {
        "type": "Point",
        "coordinates": [
          -96.106781,
          36.002947
        ]
      }
    },
    {
      "type": "Feature",
      "properties": {
        "road": "Local Road",
        "aadt": 5300,
        "year": 2023,
        "location": "ODOT CS-55, Tulsa County, MP 0.0-3.4",
        "tier": "tertiary",
        "route_id": "7200055UX0000",
        "previous_aadt": 4800
      },
      "geometry": {
        "type": "Point",
        "coordinates": [
          -95.761695,
          35.984345
        ]
      }
    },
    {
      "type": "Feature",
      "properties": {
        "road": "Local Road",
        "aadt": 5300,
        "year": 2023,
        "location": "ODOT CS-70096, Tulsa County, MP 0.0-0.3",
        "tier": "tertiary",
        "route_id": "7270096RX0000",
        "previous_aadt": 5200
      },
      "geometry": {
        "type": "Point",
        "coordinates": [
          -95.92367,
          36.158808
        ]
      }
    },
    {
      "type": "Feature",
      "properties": {
        "road": "SH-364",
        "aadt": 5300,
        "year": 2023,
        "location": "SH-364, Wagoner County, MP 0.0-1.0",
        "tier": "tertiary",
        "route_id": "7300038UX0000",
        "previous_aadt": 5300
      },
      "geometry": {
        "type": "Point",
        "coordinates": [
          -95.749464,
          36.017414
        ]
      }
    },
    {
      "type": "Feature",
      "properties": {
        "road": "Local Road",
        "aadt": 5300,
        "year": 2023,
        "location": "ODOT CS-70095, Tulsa County, MP 0.0-0.3",
        "tier": "tertiary",
        "route_id": "7270095RX0000",
        "previous_aadt": 5700
      },
      "geometry": {
        "type": "Point",
        "coordinates": [
          -95.925041,
          36.159556
        ]
      }
    },
    {
      "type": "Feature",
      "properties": {
        "road": "Local Road",
        "aadt": 5300,
        "year": 2023,
        "location": "ODOT CS-70527, Tulsa County, MP 0.0-0.3",
        "tier": "tertiary",
        "route_id": "7270527RX0000",
        "previous_aadt": 6200
      },
      "geometry": {
        "type": "Point",
        "coordinates": [
          -95.859883,
          36.059114
        ]
      }
    },
    {
      "type": "Feature",
      "properties": {
        "road": "Local Road",
        "aadt": 5300,
        "year": 2023,
        "location": "ODOT CS-70388, Tulsa County, MP 0.0-0.3",
        "tier": "tertiary",
        "route_id": "7270388RX0000",
        "previous_aadt": 5200
      },
      "geometry": {
        "type": "Point",
        "coordinates": [
          -95.918619,
          36.117703
        ]
      }
    },
    {
      "type": "Feature",
      "properties": {
        "road": "Local Road",
        "aadt": 5300,
        "year": 2023,
        "location": "ODOT CS-70291, Tulsa County, MP 0.0-0.2",
        "tier": "tertiary",
        "route_id": "7270291RX0000",
        "previous_aadt": 7900
      },
      "geometry": {
        "type": "Point",
        "coordinates": [
          -95.972032,
          36.089848
        ]
      }
    },
    {
      "type": "Feature",
      "properties": {
        "road": "Local Road",
        "aadt": 5300,
        "year": 2023,
        "location": "ODOT CS-70498, Tulsa County, MP 0.0-0.4",
        "tier": "tertiary",
        "route_id": "7270498RX0000",
        "previous_aadt": 5500
      },
      "geometry": {
        "type": "Point",
        "coordinates": [
          -95.830734,
          36.295088
        ]
      }
    },
    {
      "type": "Feature",
      "properties": {
        "road": "US-75",
        "aadt": 5300,
        "year": 2023,
        "location": "US-75, Tulsa County, MP 0.0-1.0",
        "tier": "tertiary",
        "route_id": "7200018UX0000",
        "previous_aadt": 4500
      },
      "geometry": {
        "type": "Point",
        "coordinates": [
          -95.977309,
          36.11887
        ]
      }
    },
    {
      "type": "Feature",
      "properties": {
        "road": "Local Road",
        "aadt": 5300,
        "year": 2023,
        "location": "ODOT CS-41, Tulsa County, MP 6.5-7.0",
        "tier": "tertiary",
        "route_id": "7200041UX0000",
        "previous_aadt": 5000
      },
      "geometry": {
        "type": "Point",
        "coordinates": [
          -95.975852,
          36.027196
        ]
      }
    },
    {
      "type": "Feature",
      "properties": {
        "road": "Local Road",
        "aadt": 5300,
        "year": 2023,
        "location": "ODOT CS-27, Rogers County, MP 2.0-3.0",
        "tier": "tertiary",
        "route_id": "6600027UX0000",
        "previous_aadt": 4400
      },
      "geometry": {
        "type": "Point",
        "coordinates": [
          -95.650799,
          36.314082
        ]
      }
    },
    {
      "type": "Feature",
      "properties": {
        "road": "Local Road",
        "aadt": 5200,
        "year": 2023,
        "location": "ODOT CS-70553, Tulsa County, MP 0.0-0.3",
        "tier": "tertiary",
        "route_id": "7270553RX0000",
        "previous_aadt": 5700
      },
      "geometry": {
        "type": "Point",
        "coordinates": [
          -95.859032,
          36.117146
        ]
      }
    },
    {
      "type": "Feature",
      "properties": {
        "road": "Local Road",
        "aadt": 5200,
        "year": 2023,
        "location": "ODOT CS-70440, Tulsa County, MP 0.0-0.3",
        "tier": "tertiary",
        "route_id": "7270440RX0000",
        "previous_aadt": 3800
      },
      "geometry": {
        "type": "Point",
        "coordinates": [
          -95.861487,
          36.149334
        ]
      }
    },
    {
      "type": "Feature",
      "properties": {
        "road": "Local Road",
        "aadt": 5200,
        "year": 2023,
        "location": "ODOT CS-70385, Tulsa County, MP 0.0-0.2",
        "tier": "tertiary",
        "route_id": "7270385RX0000",
        "previous_aadt": 5100
      },
      "geometry": {
        "type": "Point",
        "coordinates": [
          -95.924553,
          36.119625
        ]
      }
    },
    {
      "type": "Feature",
      "properties": {
        "road": "US-64",
        "aadt": 5200,
        "year": 2023,
        "location": "US-64, Tulsa County, MP 0.0-1.4",
        "tier": "tertiary",
        "route_id": "7200006YX0000",
        "previous_aadt": 5200
      },
      "geometry": {
        "type": "Point",
        "coordinates": [
          -95.844254,
          36.284982
        ]
      }
    },
    {
      "type": "Feature",
      "properties": {
        "road": "Local Road",
        "aadt": 5200,
        "year": 2023,
        "location": "ODOT CS-37, Tulsa County, MP 10.1-10.3",
        "tier": "tertiary",
        "route_id": "7200037UX0000",
        "previous_aadt": 4500
      },
      "geometry": {
        "type": "Point",
        "coordinates": [
          -95.991313,
          36.159113
        ]
      }
    },
    {
      "type": "Feature",
      "properties": {
        "road": "Local Road",
        "aadt": 5200,
        "year": 2023,
        "location": "ODOT CS-42, Tulsa County, MP 0.0-1.0",
        "tier": "tertiary",
        "route_id": "7200042UX0140",
        "previous_aadt": 4900
      },
      "geometry": {
        "type": "Point",
        "coordinates": [
          -95.967023,
          36.113342
        ]
      }
    },
    {
      "type": "Feature",
      "properties": {
        "road": "Local Road",
        "aadt": 5200,
        "year": 2023,
        "location": "ODOT CS-4, Tulsa County, MP 0.0-1.0",
        "tier": "tertiary",
        "route_id": "7200004UX0368",
        "previous_aadt": 5200
      },
      "geometry": {
        "type": "Point",
        "coordinates": [
          -95.855425,
          36.205981
        ]
      }
    },
    {
      "type": "Feature",
      "properties": {
        "road": "Local Road",
        "aadt": 5100,
        "year": 2023,
        "location": "ODOT CS-70000, Rogers County, MP 0.0-0.4",
        "tier": "tertiary",
        "route_id": "6670000RX0000",
        "previous_aadt": 8300
      },
      "geometry": {
        "type": "Point",
        "coordinates": [
          -95.797604,
          36.162846
        ]
      }
    },
    {
      "type": "Feature",
      "properties": {
        "road": "Local Road",
        "aadt": 5100,
        "year": 2023,
        "location": "ODOT CS-71, Tulsa County, MP 0.4-0.8",
        "tier": "tertiary",
        "route_id": "7200071UX0000",
        "previous_aadt": 3900
      },
      "geometry": {
        "type": "Point",
        "coordinates": [
          -95.9823,
          36.1508
        ]
      }
    },
    {
      "type": "Feature",
      "properties": {
        "road": "SH-11",
        "aadt": 5100,
        "year": 2023,
        "location": "SH-11, Tulsa County, MP 0.0-1.1",
        "tier": "tertiary",
        "route_id": "7200090UX0150",
        "previous_aadt": 5600
      },
      "geometry": {
        "type": "Point",
        "coordinates": [
          -95.913454,
          36.112749
        ]
      }
    },
    {
      "type": "Feature",
      "properties": {
        "road": "Local Road",
        "aadt": 5100,
        "year": 2023,
        "location": "ODOT CS-70449, Tulsa County, MP 0.0-0.2",
        "tier": "tertiary",
        "route_id": "7270449RX0000",
        "previous_aadt": 5100
      },
      "geometry": {
        "type": "Point",
        "coordinates": [
          -95.857975,
          36.174889
        ]
      }
    },
    {
      "type": "Feature",
      "properties": {
        "road": "Local Road",
        "aadt": 5100,
        "year": 2023,
        "location": "ODOT CS-70402, Tulsa County, MP 0.0-0.3",
        "tier": "tertiary",
        "route_id": "7270402RX0000",
        "previous_aadt": 5000
      },
      "geometry": {
        "type": "Point",
        "coordinates": [
          -95.877573,
          36.104881
        ]
      }
    },
    {
      "type": "Feature",
      "properties": {
        "road": "Local Road",
        "aadt": 5100,
        "year": 2023,
        "location": "ODOT CS-70550, Tulsa County, MP 0.0-0.3",
        "tier": "tertiary",
        "route_id": "7270550RX0000",
        "previous_aadt": 5600
      },
      "geometry": {
        "type": "Point",
        "coordinates": [
          -95.860472,
          36.120819
        ]
      }
    },
    {
      "type": "Feature",
      "properties": {
        "road": "US-169",
        "aadt": 5100,
        "year": 2023,
        "location": "US-169, Tulsa County, MP 4.4-5.5",
        "tier": "tertiary",
        "route_id": "7200083UX0000",
        "previous_aadt": 2800
      },
      "geometry": {
        "type": "Point",
        "coordinates": [
          -96.011631,
          36.097128
        ]
      }
    },
    {
      "type": "Feature",
      "properties": {
        "road": "Local Road",
        "aadt": 5100,
        "year": 2023,
        "location": "ODOT CS-40, Tulsa County, MP 1.0-2.0",
        "tier": "tertiary",
        "route_id": "7200040YX0000",
        "previous_aadt": 2400
      },
      "geometry": {
        "type": "Point",
        "coordinates": [
          -95.851487,
          36.336552
        ]
      }
    },
    {
      "type": "Feature",
      "properties": {
        "road": "Local Road",
        "aadt": 5100,
        "year": 2023,
        "location": "ODOT CS-42, Tulsa County, MP 5.0-6.0",
        "tier": "tertiary",
        "route_id": "7200042WX0452",
        "previous_aadt": 4700
      },
      "geometry": {
        "type": "Point",
        "coordinates": [
          -95.809062,
          35.973838
        ]
      }
    },
    {
      "type": "Feature",
      "properties": {
        "road": "I-244",
        "aadt": 5100,
        "year": 2023,
        "location": "I-244, Tulsa County, MP 9.0-11.0",
        "tier": "tertiary",
        "route_id": "7200009UX0000",
        "previous_aadt": 5400
      },
      "geometry": {
        "type": "Point",
        "coordinates": [
          -95.779632,
          36.160617
        ]
      }
    },
    {
      "type": "Feature",
      "properties": {
        "road": "SH-11",
        "aadt": 5100,
        "year": 2023,
        "location": "SH-11, Tulsa County, MP 9.7-10.7",
        "tier": "tertiary",
        "route_id": "7200036HX0000",
        "previous_aadt": 4100
      },
      "geometry": {
        "type": "Point",
        "coordinates": [
          -95.973634,
          36.291179
        ]
      }
    },
    {
      "type": "Feature",
      "properties": {
        "road": "Local Road",
        "aadt": 5100,
        "year": 2023,
        "location": "ODOT CS-70012, Delaware County, MP 0.0-0.3",
        "tier": "tertiary",
        "route_id": "1970012RX0000",
        "previous_aadt": 3600
      },
      "geometry": {
        "type": "Point",
        "coordinates": [
          -96.192328,
          35.988523
        ]
      }
    },
    {
      "type": "Feature",
      "properties": {
        "road": "Local Road",
        "aadt": 5000,
        "year": 2023,
        "location": "ODOT CS-70293, Tulsa County, MP 0.0-0.2",
        "tier": "tertiary",
        "route_id": "7270293RX0000",
        "previous_aadt": 5000
      },
      "geometry": {
        "type": "Point",
        "coordinates": [
          -95.962598,
          36.089821
        ]
      }
    },
    {
      "type": "Feature",
      "properties": {
        "road": "Local Road",
        "aadt": 5000,
        "year": 2023,
        "location": "ODOT CS-70538, Tulsa County, MP 0.0-0.3",
        "tier": "tertiary",
        "route_id": "7270538RX0000",
        "previous_aadt": 6000
      },
      "geometry": {
        "type": "Point",
        "coordinates": [
          -95.859551,
          36.088808
        ]
      }
    },
    {
      "type": "Feature",
      "properties": {
        "road": "Local Road",
        "aadt": 5000,
        "year": 2023,
        "location": "ODOT CS-70165, Tulsa County, MP 0.0-0.4",
        "tier": "tertiary",
        "route_id": "7270165RX0000",
        "previous_aadt": 4400
      },
      "geometry": {
        "type": "Point",
        "coordinates": [
          -96.006551,
          36.048533
        ]
      }
    },
    {
      "type": "Feature",
      "properties": {
        "road": "Local Road",
        "aadt": 5000,
        "year": 2023,
        "location": "ODOT CS-70100, Tulsa County, MP 0.0-0.2",
        "tier": "tertiary",
        "route_id": "7270100RX0000",
        "previous_aadt": 4700
      },
      "geometry": {
        "type": "Point",
        "coordinates": [
          -95.906414,
          36.163052
        ]
      }
    },
    {
      "type": "Feature",
      "properties": {
        "road": "US-169",
        "aadt": 5000,
        "year": 2023,
        "location": "US-169, Tulsa County, MP 1.2-1.6",
        "tier": "tertiary",
        "route_id": "7200081UX0000",
        "previous_aadt": 3900
      },
      "geometry": {
        "type": "Point",
        "coordinates": [
          -95.990096,
          36.159533
        ]
      }
    },
    {
      "type": "Feature",
      "properties": {
        "road": "Local Road",
        "aadt": 5000,
        "year": 2023,
        "location": "ODOT CS-70447, Tulsa County, MP 0.0-0.3",
        "tier": "tertiary",
        "route_id": "7270447RX0000",
        "previous_aadt": 4200
      },
      "geometry": {
        "type": "Point",
        "coordinates": [
          -95.860394,
          36.158824
        ]
      }
    },
    {
      "type": "Feature",
      "properties": {
        "road": "Local Road",
        "aadt": 5000,
        "year": 2023,
        "location": "ODOT CS-70390, Tulsa County, MP 0.0-0.3",
        "tier": "tertiary",
        "route_id": "7270390RX0000",
        "previous_aadt": 5000
      },
      "geometry": {
        "type": "Point",
        "coordinates": [
          -95.907029,
          36.115192
        ]
      }
    },
    {
      "type": "Feature",
      "properties": {
        "road": "Local Road",
        "aadt": 5000,
        "year": 2023,
        "location": "ODOT CS-75, Tulsa County, MP 0.0-1.0",
        "tier": "tertiary",
        "route_id": "7200075VX0000",
        "previous_aadt": 2400
      },
      "geometry": {
        "type": "Point",
        "coordinates": [
          -95.926817,
          35.955609
        ]
      }
    },
    {
      "type": "Feature",
      "properties": {
        "road": "Local Road",
        "aadt": 5000,
        "year": 2023,
        "location": "ODOT CS-70726, Tulsa County, MP 0.0-0.6",
        "tier": "tertiary",
        "route_id": "7270726RX0000",
        "previous_aadt": 5300
      },
      "geometry": {
        "type": "Point",
        "coordinates": [
          -95.945242,
          36.019334
        ]
      }
    },
    {
      "type": "Feature",
      "properties": {
        "road": "Local Road",
        "aadt": 5000,
        "year": 2023,
        "location": "ODOT CS-37, Tulsa County, MP 5.4-5.9",
        "tier": "tertiary",
        "route_id": "7200037UX0000",
        "previous_aadt": 5200
      },
      "geometry": {
        "type": "Point",
        "coordinates": [
          -95.993501,
          36.224219
        ]
      }
    },
    {
      "type": "Feature",
      "properties": {
        "road": "I-244",
        "aadt": 5000,
        "year": 2023,
        "location": "I-244, Tulsa County, MP 5.5-9.0",
        "tier": "tertiary",
        "route_id": "7200009UX0000",
        "previous_aadt": 6400
      },
      "geometry": {
        "type": "Point",
        "coordinates": [
          -95.842717,
          36.160658
        ]
      }
    },
    {
      "type": "Feature",
      "properties": {
        "road": "Local Road",
        "aadt": 5000,
        "year": 2023,
        "location": "ODOT CS-99, Tulsa County, MP 2.4-3.8",
        "tier": "tertiary",
        "route_id": "7200099WX0000",
        "previous_aadt": 3400
      },
      "geometry": {
        "type": "Point",
        "coordinates": [
          -95.916299,
          36.249539
        ]
      }
    },
    {
      "type": "Feature",
      "properties": {
        "road": "US-64",
        "aadt": 5000,
        "year": 2023,
        "location": "US-64, Tulsa County, MP 1.4-2.6",
        "tier": "tertiary",
        "route_id": "7200006UX0000",
        "previous_aadt": 5600
      },
      "geometry": {
        "type": "Point",
        "coordinates": [
          -95.964898,
          36.191563
        ]
      }
    },
    {
      "type": "Feature",
      "properties": {
        "road": "Local Road",
        "aadt": 5000,
        "year": 2023,
        "location": "ODOT CS-63, Tulsa County, MP 0.0-0.6",
        "tier": "tertiary",
        "route_id": "7200063WX0000",
        "previous_aadt": 5500
      },
      "geometry": {
        "type": "Point",
        "coordinates": [
          -96.110223,
          36.134505
        ]
      }
    },
    {
      "type": "Feature",
      "properties": {
        "road": "Local Road",
        "aadt": 5000,
        "year": 2023,
        "location": "ODOT CS-55, Tulsa County, MP 0.0-1.0",
        "tier": "tertiary",
        "route_id": "7200055YX0000",
        "previous_aadt": 4400
      },
      "geometry": {
        "type": "Point",
        "coordinates": [
          -96.012522,
          35.997137
        ]
      }
    },
    {
      "type": "Feature",
      "properties": {
        "road": "Local Road",
        "aadt": 5000,
        "year": 2023,
        "location": "ODOT CS-22, Delaware County, MP 0.0-0.5",
        "tier": "tertiary",
        "route_id": "1900022UX0520",
        "previous_aadt": 5000
      },
      "geometry": {
        "type": "Point",
        "coordinates": [
          -96.029581,
          36.060979
        ]
      }
    }
  ]
}