{"type": "FeatureCollection", "features": [{"type": "Feature", "geometry": {"type": "Point", "coordinates": [-71.044766, 42.293415]}, "properties": {"aadt": 207377, "route_name": "I-93 (General Casimir Pulaski Skyway)", "year": 0, "tier": "core", "road": "I-93 (General Casimir Pulaski Skyway)"}}, {"type": "Feature", "geometry": {"type": "Point", "coordinates": [-71.047191, 42.298144]}, "properties": {"aadt": 203354, "route_name": "I-93 (General Casimir Pulaski Skyway)", "year": 2024, "tier": "core", "road": "I-93 (General Casimir Pulaski Skyway)"}}, {"type": "Feature", "geometry": {"type": "Point", "coordinates": [-71.043655, 42.290835]}, "properties": {"aadt": 195756, "route_name": "I-93 (General Casimir Pulaski Skyway)", "year": 2024, "tier": "core", "road": "I-93 (General Casimir Pulaski Skyway)"}}, {"type": "Feature", "geometry": {"type": "Point", "coordinates": [-71.048826, 42.300921]}, "properties": {"aadt": 190935, "route_name": "I-93 (General Casimir Pulaski Skyway)", "year": 0, "tier": "core", "road": "I-93 (General Casimir Pulaski Skyway)"}}, {"type": "Feature", "geometry": {"type": "Point", "coordinates": [-71.051033, 42.208541]}, "properties": {"aadt": 177404, "route_name": "I-93 (Yankee Division Highway)", "year": 2020, "tier": "core", "road": "I-93 (Yankee Division Highway)"}}, {"type": "Feature", "geometry": {"type": "Point", "coordinates": [-71.041779, 42.214181]}, "properties": {"aadt": 177404, "route_name": "I-93 (Interstate 93)", "year": 2020, "tier": "core", "road": "I-93 (Interstate 93)"}}, {"type": "Feature", "geometry": {"type": "Point", "coordinates": [-71.034113, 42.221118]}, "properties": {"aadt": 173317, "route_name": "I-93 (Interstate 93)", "year": 2024, "tier": "core", "road": "I-93 (Interstate 93)"}}, {"type": "Feature", "geometry": {"type": "Point", "coordinates": [-71.030758, 42.22284]}, "properties": {"aadt": 170730, "route_name": "I-93 (Interstate 93)", "year": 2024, "tier": "core", "road": "I-93 (Interstate 93)"}}, {"type": "Feature", "geometry": {"type": "Point", "coordinates": [-71.028895, 42.223335]}, "properties": {"aadt": 170730, "route_name": "I-93 (Interstate 93)", "year": 2024, "tier": "core", "road": "I-93 (Interstate 93)"}}, {"type": "Feature", "geometry": {"type": "Point", "coordinates": [-71.026598, 42.223822]}, "properties": {"aadt": 170730, "route_name": "I-93 (Interstate 93)", "year": 2024, "tier": "core", "road": "I-93 (Interstate 93)"}}, {"type": "Feature", "geometry": {"type": "Point", "coordinates": [-71.025214, 42.224107]}, "properties": {"aadt": 169367, "route_name": "I-93 (Interstate 93)", "year": 2024, "tier": "core", "road": "I-93 (Interstate 93)"}}, {"type": "Feature", "geometry": {"type": "Point", "coordinates": [-71.021328, 42.226154]}, "properties": {"aadt": 167649, "route_name": "I-93 (Interstate 93)", "year": 2024, "tier": "core", "road": "I-93 (Interstate 93)"}}, {"type": "Feature", "geometry": {"type": "Point", "coordinates": [-71.048325, 42.277769]}, "properties": {"aadt": 167198, "route_name": "I-93 (Sergeant William G Walsh Expressway)", "year": 2024, "tier": "core", "road": "I-93 (Sergeant William G Walsh Expressway)"}}, {"type": "Feature", "geometry": {"type": "Point", "coordinates": [-71.045959, 42.280867]}, "properties": {"aadt": 167198, "route_name": "I-93 (Sergeant William G Walsh Expressway)", "year": 2024, "tier": "core", "road": "I-93 (Sergeant William G Walsh Expressway)"}}, {"type": "Feature", "geometry": {"type": "Point", "coordinates": [-71.043729, 42.283803]}, "properties": {"aadt": 167198, "route_name": "I-93 (General Casimir Pulaski Skyway)", "year": 2024, "tier": "core", "road": "I-93 (General Casimir Pulaski Skyway)"}}, {"type": "Feature", "geometry": {"type": "Point", "coordinates": [-71.020524, 42.22923]}, "properties": {"aadt": 165513, "route_name": "I-93 (Interstate 93)", "year": 2024, "tier": "core", "road": "I-93 (Interstate 93)"}}, {"type": "Feature", "geometry": {"type": "Point", "coordinates": [-71.021311, 42.230679]}, "properties": {"aadt": 164856, "route_name": "I-93 (Interstate 93)", "year": 2024, "tier": "core", "road": "I-93 (Interstate 93)"}}, {"type": "Feature", "geometry": {"type": "Point", "coordinates": [-71.049614, 42.275954]}, "properties": {"aadt": 164712, "route_name": "I-93 (Sergeant William G Walsh Expressway)", "year": 2024, "tier": "core", "road": "I-93 (Sergeant William G Walsh Expressway)"}}, {"type": "Feature", "geometry": {"type": "Point", "coordinates": [-71.036035, 42.24796]}, "properties": {"aadt": 164084, "route_name": "I-93 (Interstate 93)", "year": 0, "tier": "core", "road": "I-93 (Interstate 93)"}}, {"type": "Feature", "geometry": {"type": "Point", "coordinates": [-71.023572, 42.237747]}, "properties": {"aadt": 163485, "route_name": "I-93 (Interstate 93)", "year": 2024, "tier": "core", "road": "I-93 (Interstate 93)"}}, {"type": "Feature", "geometry": {"type": "Point", "coordinates": [-71.026761, 42.241762]}, "properties": {"aadt": 163485, "route_name": "I-93 (Interstate 93)", "year": 2024, "tier": "core", "road": "I-93 (Interstate 93)"}}, {"type": "Feature", "geometry": {"type": "Point", "coordinates": [-71.038607, 42.253636]}, "properties": {"aadt": 163249, "route_name": "I-93 (Interstate 93)", "year": 2024, "tier": "core", "road": "I-93 (Interstate 93)"}}, {"type": "Feature", "geometry": {"type": "Point", "coordinates": [-71.023087, 42.234746]}, "properties": {"aadt": 162965, "route_name": "I-93 (Interstate 93)", "year": 0, "tier": "core", "road": "I-93 (Interstate 93)"}}, {"type": "Feature", "geometry": {"type": "Point", "coordinates": [-71.046941, 42.267198]}, "properties": {"aadt": 161467, "route_name": "I-93 (Sergeant William G Walsh Expressway)", "year": 0, "tier": "core", "road": "I-93 (Sergeant William G Walsh Expressway)"}}, {"type": "Feature", "geometry": {"type": "Point", "coordinates": [-71.004622, 42.225707]}, "properties": {"aadt": 149210, "route_name": "Pilgrim Highway", "year": 0, "tier": "core", "road": "Pilgrim Highway"}}, {"type": "Feature", "geometry": {"type": "Point", "coordinates": [-70.999892, 42.219367]}, "properties": {"aadt": 149210, "route_name": "Pilgrim Highway", "year": 0, "tier": "core", "road": "Pilgrim Highway"}}, {"type": "Feature", "geometry": {"type": "Point", "coordinates": [-71.005636, 42.226547]}, "properties": {"aadt": 142275, "route_name": "Pilgrim Highway", "year": 2020, "tier": "core", "road": "Pilgrim Highway"}}, {"type": "Feature", "geometry": {"type": "Point", "coordinates": [-70.995753, 42.210085]}, "properties": {"aadt": 142256, "route_name": "Pilgrim Highway", "year": 2024, "tier": "core", "road": "Pilgrim Highway"}}, {"type": "Feature", "geometry": {"type": "Point", "coordinates": [-70.988049, 42.204295]}, "properties": {"aadt": 133946, "route_name": "Pilgrim Highway", "year": 2024, "tier": "core", "road": "Pilgrim Highway"}}, {"type": "Feature", "geometry": {"type": "Point", "coordinates": [-70.969617, 42.199495]}, "properties": {"aadt": 122950, "route_name": "Pilgrim Highway", "year": 2024, "tier": "core", "road": "Pilgrim Highway"}}, {"type": "Feature", "geometry": {"type": "Point", "coordinates": [-70.963676, 42.19748]}, "properties": {"aadt": 122950, "route_name": "Pilgrim Highway", "year": 2024, "tier": "core", "road": "Pilgrim Highway"}}, {"type": "Feature", "geometry": {"type": "Point", "coordinates": [-70.957476, 42.195205]}, "properties": {"aadt": 117727, "route_name": "Pilgrim Highway", "year": 2024, "tier": "core", "road": "Pilgrim Highway"}}, {"type": "Feature", "geometry": {"type": "Point", "coordinates": [-70.953802, 42.194174]}, "properties": {"aadt": 115083, "route_name": "Pilgrim Highway", "year": 2024, "tier": "core", "road": "Pilgrim Highway"}}, {"type": "Feature", "geometry": {"type": "Point", "coordinates": [-70.950541, 42.193329]}, "properties": {"aadt": 103127, "route_name": "Pilgrim Highway", "year": 2024, "tier": "core", "road": "Pilgrim Highway"}}, {"type": "Feature", "geometry": {"type": "Point", "coordinates": [-70.935542, 42.188178]}, "properties": {"aadt": 103127, "route_name": "Pilgrim Highway", "year": 2024, "tier": "core", "road": "Pilgrim Highway"}}, {"type": "Feature", "geometry": {"type": "Point", "coordinates": [-70.921134, 42.182564]}, "properties": {"aadt": 101152, "route_name": "Pilgrim Highway", "year": 2024, "tier": "core", "road": "Pilgrim Highway"}}, {"type": "Feature", "geometry": {"type": "Point", "coordinates": [-70.918932, 42.181213]}, "properties": {"aadt": 100640, "route_name": "Pilgrim Highway", "year": 2024, "tier": "core", "road": "Pilgrim Highway"}}, {"type": "Feature", "geometry": {"type": "Point", "coordinates": [-70.917079, 42.179808]}, "properties": {"aadt": 100640, "route_name": "Pilgrim Highway", "year": 2024, "tier": "core", "road": "Pilgrim Highway"}}, {"type": "Feature", "geometry": {"type": "Point", "coordinates": [-70.892832, 42.166038]}, "properties": {"aadt": 99004, "route_name": "Pilgrim Highway", "year": 2024, "tier": "core", "road": "Pilgrim Highway"}}, {"type": "Feature", "geometry": {"type": "Point", "coordinates": [-70.895094, 42.16688]}, "properties": {"aadt": 99004, "route_name": "Route 3", "year": 2024, "tier": "core", "road": "Route 3"}}, {"type": "Feature", "geometry": {"type": "Point", "coordinates": [-70.902008, 42.169546]}, "properties": {"aadt": 99004, "route_name": "Pilgrim Highway", "year": 2024, "tier": "core", "road": "Pilgrim Highway"}}, {"type": "Feature", "geometry": {"type": "Point", "coordinates": [-70.909679, 42.173987]}, "properties": {"aadt": 99004, "route_name": "Pilgrim Highway", "year": 2024, "tier": "core", "road": "Pilgrim Highway"}}, {"type": "Feature", "geometry": {"type": "Point", "coordinates": [-70.88982, 42.164907]}, "properties": {"aadt": 85135, "route_name": "Pilgrim Highway", "year": 2022, "tier": "core", "road": "Pilgrim Highway"}}, {"type": "Feature", "geometry": {"type": "Point", "coordinates": [-70.799935, 42.127243]}, "properties": {"aadt": 77637, "route_name": "Pilgrim Highway", "year": 2024, "tier": "core", "road": "Pilgrim Highway"}}, {"type": "Feature", "geometry": {"type": "Point", "coordinates": [-70.838697, 42.148033]}, "properties": {"aadt": 77637, "route_name": "Pilgrim Highway", "year": 2024, "tier": "core", "road": "Pilgrim Highway"}}, {"type": "Feature", "geometry": {"type": "Point", "coordinates": [-70.84103, 42.149177]}, "properties": {"aadt": 77637, "route_name": "Pilgrim Highway", "year": 2024, "tier": "core", "road": "Pilgrim Highway"}}, {"type": "Feature", "geometry": {"type": "Point", "coordinates": [-70.843743, 42.150449]}, "properties": {"aadt": 77165, "route_name": "Pilgrim Highway", "year": 2024, "tier": "core", "road": "Pilgrim Highway"}}, {"type": "Feature", "geometry": {"type": "Point", "coordinates": [-70.85213, 42.154008]}, "properties": {"aadt": 75550, "route_name": "Pilgrim Highway", "year": 2022, "tier": "core", "road": "Pilgrim Highway"}}, {"type": "Feature", "geometry": {"type": "Point", "coordinates": [-70.858701, 42.156294]}, "properties": {"aadt": 75550, "route_name": "Pilgrim Highway", "year": 2022, "tier": "core", "road": "Pilgrim Highway"}}, {"type": "Feature", "geometry": {"type": "Point", "coordinates": [-70.870924, 42.158855]}, "properties": {"aadt": 75550, "route_name": "Pilgrim Highway", "year": 2022, "tier": "core", "road": "Pilgrim Highway"}}, {"type": "Feature", "geometry": {"type": "Point", "coordinates": [-70.886083, 42.163519]}, "properties": {"aadt": 75550, "route_name": "Pilgrim Highway", "year": 2022, "tier": "core", "road": "Pilgrim Highway"}}, {"type": "Feature", "geometry": {"type": "Point", "coordinates": [-71.036597, 42.282511]}, "properties": {"aadt": 52913, "route_name": "Hancock Street", "year": 2022, "tier": "core", "road": "Hancock Street"}}, {"type": "Feature", "geometry": {"type": "Point", "coordinates": [-71.038153, 42.283536]}, "properties": {"aadt": 52913, "route_name": "Hancock Street", "year": 2022, "tier": "core", "road": "Hancock Street"}}, {"type": "Feature", "geometry": {"type": "Point", "coordinates": [-71.038855, 42.283975]}, "properties": {"aadt": 52810, "route_name": "Hancock Street", "year": 2022, "tier": "core", "road": "Hancock Street"}}, {"type": "Feature", "geometry": {"type": "Point", "coordinates": [-71.042275, 42.286616]}, "properties": {"aadt": 52432, "route_name": "Neponset Avenue", "year": 2022, "tier": "core", "road": "Neponset Avenue"}}, {"type": "Feature", "geometry": {"type": "Point", "coordinates": [-71.035416, 42.281359]}, "properties": {"aadt": 52368, "route_name": "Hancock Street", "year": 2024, "tier": "core", "road": "Hancock Street"}}, {"type": "Feature", "geometry": {"type": "Point", "coordinates": [-71.033925, 42.280138]}, "properties": {"aadt": 51775, "route_name": "Hancock Street", "year": 2024, "tier": "core", "road": "Hancock Street"}}, {"type": "Feature", "geometry": {"type": "Point", "coordinates": [-71.032433, 42.279076]}, "properties": {"aadt": 51232, "route_name": "Hancock Street", "year": 2024, "tier": "core", "road": "Hancock Street"}}, {"type": "Feature", "geometry": {"type": "Point", "coordinates": [-71.027885, 42.275845]}, "properties": {"aadt": 49871, "route_name": "Hancock Street", "year": 2024, "tier": "core", "road": "Hancock Street"}}, {"type": "Feature", "geometry": {"type": "Point", "coordinates": [-71.029735, 42.277138]}, "properties": {"aadt": 49871, "route_name": "Hancock Street", "year": 2024, "tier": "core", "road": "Hancock Street"}}, {"type": "Feature", "geometry": {"type": "Point", "coordinates": [-71.026456, 42.274462]}, "properties": {"aadt": 48906, "route_name": "Hancock Street", "year": 2024, "tier": "core", "road": "Hancock Street"}}, {"type": "Feature", "geometry": {"type": "Point", "coordinates": [-71.023065, 42.27191]}, "properties": {"aadt": 47544, "route_name": "Hancock Street", "year": 2024, "tier": "core", "road": "Hancock Street"}}, {"type": "Feature", "geometry": {"type": "Point", "coordinates": [-71.022109, 42.271334]}, "properties": {"aadt": 47179, "route_name": "Hancock Street", "year": 2024, "tier": "core", "road": "Hancock Street"}}, {"type": "Feature", "geometry": {"type": "Point", "coordinates": [-71.020204, 42.270174]}, "properties": {"aadt": 46505, "route_name": "Hancock Street", "year": 2024, "tier": "core", "road": "Hancock Street"}}, {"type": "Feature", "geometry": {"type": "Point", "coordinates": [-71.017381, 42.268475]}, "properties": {"aadt": 45515, "route_name": "Hancock Street", "year": 2024, "tier": "core", "road": "Hancock Street"}}, {"type": "Feature", "geometry": {"type": "Point", "coordinates": [-71.014285, 42.266499]}, "properties": {"aadt": 44329, "route_name": "Hancock Street", "year": 2024, "tier": "core", "road": "Hancock Street"}}, {"type": "Feature", "geometry": {"type": "Point", "coordinates": [-71.013054, 42.264357]}, "properties": {"aadt": 43725, "route_name": "Merrymount Parkway", "year": 2024, "tier": "core", "road": "Merrymount Parkway"}}, {"type": "Feature", "geometry": {"type": "Point", "coordinates": [-71.011845, 42.262364]}, "properties": {"aadt": 42686, "route_name": "Merrymount Parkway", "year": 2024, "tier": "core", "road": "Merrymount Parkway"}}, {"type": "Feature", "geometry": {"type": "Point", "coordinates": [-71.008542, 42.262145]}, "properties": {"aadt": 41758, "route_name": "Merrymount Parkway", "year": 2024, "tier": "core", "road": "Merrymount Parkway"}}, {"type": "Feature", "geometry": {"type": "Point", "coordinates": [-71.006474, 42.262073]}, "properties": {"aadt": 41758, "route_name": "Southern Artery", "year": 2024, "tier": "core", "road": "Southern Artery"}}, {"type": "Feature", "geometry": {"type": "Point", "coordinates": [-71.005, 42.261486]}, "properties": {"aadt": 40607, "route_name": "Southern Artery", "year": 2024, "tier": "core", "road": "Southern Artery"}}, {"type": "Feature", "geometry": {"type": "Point", "coordinates": [-71.00191, 42.258345]}, "properties": {"aadt": 39277, "route_name": "Southern Artery", "year": 2024, "tier": "core", "road": "Southern Artery"}}, {"type": "Feature", "geometry": {"type": "Point", "coordinates": [-70.997881, 42.255976]}, "properties": {"aadt": 37834, "route_name": "Southern Artery", "year": 2024, "tier": "core", "road": "Southern Artery"}}, {"type": "Feature", "geometry": {"type": "Point", "coordinates": [-71.044692, 42.289573]}, "properties": {"aadt": 36920, "route_name": "William T Morrissey Boulevard", "year": 2015, "tier": "core", "road": "William T Morrissey Boulevard"}}, {"type": "Feature", "geometry": {"type": "Point", "coordinates": [-71.047683, 42.292425]}, "properties": {"aadt": 36920, "route_name": "William T Morrissey Boulevard", "year": 2015, "tier": "core", "road": "William T Morrissey Boulevard"}}, {"type": "Feature", "geometry": {"type": "Point", "coordinates": [-71.047766, 42.292992]}, "properties": {"aadt": 36920, "route_name": "William T Morrissey Boulevard", "year": 2015, "tier": "core", "road": "William T Morrissey Boulevard"}}, {"type": "Feature", "geometry": {"type": "Point", "coordinates": [-71.048387, 42.296682]}, "properties": {"aadt": 36920, "route_name": "William T Morrissey Boulevard", "year": 2015, "tier": "core", "road": "William T Morrissey Boulevard"}}, {"type": "Feature", "geometry": {"type": "Point", "coordinates": [-70.995785, 42.254467]}, "properties": {"aadt": 36904, "route_name": "Southern Artery", "year": 2024, "tier": "core", "road": "Southern Artery"}}, {"type": "Feature", "geometry": {"type": "Point", "coordinates": [-70.99296, 42.253168]}, "properties": {"aadt": 35968, "route_name": "Southern Artery", "year": 2024, "tier": "core", "road": "Southern Artery"}}, {"type": "Feature", "geometry": {"type": "Point", "coordinates": [-70.989674, 42.252556]}, "properties": {"aadt": 35038, "route_name": "Southern Artery", "year": 2024, "tier": "core", "road": "Southern Artery"}}, {"type": "Feature", "geometry": {"type": "Point", "coordinates": [-70.885204, 42.172273]}, "properties": {"aadt": 34578, "route_name": "Pond Street", "year": 2019, "tier": "core", "road": "Pond Street"}}, {"type": "Feature", "geometry": {"type": "Point", "coordinates": [-70.986552, 42.252145]}, "properties": {"aadt": 34157, "route_name": "Southern Artery", "year": 2024, "tier": "core", "road": "Southern Artery"}}, {"type": "Feature", "geometry": {"type": "Point", "coordinates": [-70.885001, 42.174506]}, "properties": {"aadt": 33893, "route_name": "Pond Street", "year": 2024, "tier": "core", "road": "Pond Street"}}, {"type": "Feature", "geometry": {"type": "Point", "coordinates": [-70.885317, 42.175519]}, "properties": {"aadt": 33593, "route_name": "Main Street", "year": 2024, "tier": "core", "road": "Main Street"}}, {"type": "Feature", "geometry": {"type": "Point", "coordinates": [-70.97261, 42.245587]}, "properties": {"aadt": 33488, "route_name": "Rotary Circle", "year": 2021, "tier": "core", "road": "Rotary Circle"}}, {"type": "Feature", "geometry": {"type": "Point", "coordinates": [-70.971882, 42.245459]}, "properties": {"aadt": 33488, "route_name": "Rotary Circle", "year": 2021, "tier": "core", "road": "Rotary Circle"}}, {"type": "Feature", "geometry": {"type": "Point", "coordinates": [-70.982987, 42.250637]}, "properties": {"aadt": 33310, "route_name": "Washington Street", "year": 2024, "tier": "core", "road": "Washington Street"}}, {"type": "Feature", "geometry": {"type": "Point", "coordinates": [-70.982824, 42.250347]}, "properties": {"aadt": 32884, "route_name": "Washington Street", "year": 2024, "tier": "core", "road": "Washington Street"}}, {"type": "Feature", "geometry": {"type": "Point", "coordinates": [-70.8837, 42.180296]}, "properties": {"aadt": 32088, "route_name": "Main Street", "year": 2024, "tier": "core", "road": "Main Street"}}, {"type": "Feature", "geometry": {"type": "Point", "coordinates": [-70.896323, 42.165011]}, "properties": {"aadt": 31862, "route_name": "Hingham Street", "year": 2019, "tier": "core", "road": "Hingham Street"}}, {"type": "Feature", "geometry": {"type": "Point", "coordinates": [-70.891453, 42.166509]}, "properties": {"aadt": 31862, "route_name": "Hingham Street", "year": 2019, "tier": "core", "road": "Hingham Street"}}, {"type": "Feature", "geometry": {"type": "Point", "coordinates": [-70.887678, 42.16854]}, "properties": {"aadt": 31862, "route_name": "Pond Street", "year": 2019, "tier": "core", "road": "Pond Street"}}, {"type": "Feature", "geometry": {"type": "Point", "coordinates": [-70.981386, 42.247804]}, "properties": {"aadt": 31656, "route_name": "Washington Street", "year": 2024, "tier": "core", "road": "Washington Street"}}, {"type": "Feature", "geometry": {"type": "Point", "coordinates": [-70.884052, 42.182592]}, "properties": {"aadt": 31414, "route_name": "Main Street", "year": 2024, "tier": "core", "road": "Main Street"}}, {"type": "Feature", "geometry": {"type": "Point", "coordinates": [-70.980235, 42.247488]}, "properties": {"aadt": 31359, "route_name": "Washington Street", "year": 2024, "tier": "core", "road": "Washington Street"}}, {"type": "Feature", "geometry": {"type": "Point", "coordinates": [-70.978187, 42.246947]}, "properties": {"aadt": 30808, "route_name": "Washington Street", "year": 2024, "tier": "core", "road": "Washington Street"}}, {"type": "Feature", "geometry": {"type": "Point", "coordinates": [-70.883481, 42.185282]}, "properties": {"aadt": 30700, "route_name": "Main Street", "year": 2024, "tier": "core", "road": "Main Street"}}, {"type": "Feature", "geometry": {"type": "Point", "coordinates": [-70.955671, 42.19674]}, "properties": {"aadt": 30337, "route_name": "Main Street", "year": 2024, "tier": "core", "road": "Main Street"}}, {"type": "Feature", "geometry": {"type": "Point", "coordinates": [-70.955397, 42.176225]}, "properties": {"aadt": 30337, "route_name": "Main Street", "year": 2024, "tier": "core", "road": "Main Street"}}, {"type": "Feature", "geometry": {"type": "Point", "coordinates": [-70.95556, 42.187838]}, "properties": {"aadt": 30337, "route_name": "Main Street", "year": 2024, "tier": "core", "road": "Main Street"}}, {"type": "Feature", "geometry": {"type": "Point", "coordinates": [-70.955279, 42.17947]}, "properties": {"aadt": 30337, "route_name": "Main Street", "year": 2024, "tier": "core", "road": "Main Street"}}, {"type": "Feature", "geometry": {"type": "Point", "coordinates": [-70.955328, 42.170011]}, "properties": {"aadt": 30337, "route_name": "Main Street", "year": 2024, "tier": "core", "road": "Main Street"}}, {"type": "Feature", "geometry": {"type": "Point", "coordinates": [-70.955841, 42.200135]}, "properties": {"aadt": 30337, "route_name": "Main Street", "year": 2024, "tier": "core", "road": "Main Street"}}, {"type": "Feature", "geometry": {"type": "Point", "coordinates": [-70.955648, 42.191156]}, "properties": {"aadt": 30337, "route_name": "Main Street", "year": 2024, "tier": "core", "road": "Main Street"}}, {"type": "Feature", "geometry": {"type": "Point", "coordinates": [-70.955105, 42.152673]}, "properties": {"aadt": 30337, "route_name": "Main Street", "year": 2024, "tier": "core", "road": "Main Street"}}, {"type": "Feature", "geometry": {"type": "Point", "coordinates": [-70.955277, 42.166735]}, "properties": {"aadt": 30337, "route_name": "Main Street", "year": 2024, "tier": "core", "road": "Main Street"}}, {"type": "Feature", "geometry": {"type": "Point", "coordinates": [-70.955122, 42.15469]}, "properties": {"aadt": 30337, "route_name": "Main Street", "year": 2024, "tier": "core", "road": "Main Street"}}, {"type": "Feature", "geometry": {"type": "Point", "coordinates": [-70.955176, 42.158834]}, "properties": {"aadt": 30337, "route_name": "Main Street", "year": 2024, "tier": "core", "road": "Main Street"}}, {"type": "Feature", "geometry": {"type": "Point", "coordinates": [-70.955221, 42.162895]}, "properties": {"aadt": 30337, "route_name": "Main Street", "year": 2024, "tier": "core", "road": "Main Street"}}, {"type": "Feature", "geometry": {"type": "Point", "coordinates": [-70.955256, 42.164344]}, "properties": {"aadt": 30337, "route_name": "Main Street", "year": 2024, "tier": "core", "road": "Main Street"}}, {"type": "Feature", "geometry": {"type": "Point", "coordinates": [-70.955428, 42.172789]}, "properties": {"aadt": 30337, "route_name": "Main Street", "year": 2024, "tier": "core", "road": "Main Street"}}, {"type": "Feature", "geometry": {"type": "Point", "coordinates": [-70.955244, 42.182143]}, "properties": {"aadt": 30337, "route_name": "Main Street", "year": 2024, "tier": "core", "road": "Main Street"}}, {"type": "Feature", "geometry": {"type": "Point", "coordinates": [-70.955409, 42.184664]}, "properties": {"aadt": 30337, "route_name": "Main Street", "year": 2024, "tier": "core", "road": "Main Street"}}, {"type": "Feature", "geometry": {"type": "Point", "coordinates": [-70.95598, 42.203149]}, "properties": {"aadt": 30337, "route_name": "Main Street", "year": 2024, "tier": "core", "road": "Main Street"}}, {"type": "Feature", "geometry": {"type": "Point", "coordinates": [-70.956746, 42.206909]}, "properties": {"aadt": 30337, "route_name": "Main Street", "year": 2024, "tier": "core", "road": "Main Street"}}, {"type": "Feature", "geometry": {"type": "Point", "coordinates": [-70.955164, 42.151387]}, "properties": {"aadt": 30037, "route_name": "Main Street", "year": 2024, "tier": "core", "road": "Main Street"}}, {"type": "Feature", "geometry": {"type": "Point", "coordinates": [-70.882985, 42.187992]}, "properties": {"aadt": 29900, "route_name": "Main Street", "year": 2024, "tier": "core", "road": "Main Street"}}, {"type": "Feature", "geometry": {"type": "Point", "coordinates": [-71.026387, 42.219152]}, "properties": {"aadt": 29806, "route_name": "Granite Street", "year": 2024, "tier": "core", "road": "Granite Street"}}, {"type": "Feature", "geometry": {"type": "Point", "coordinates": [-71.027705, 42.22022]}, "properties": {"aadt": 29806, "route_name": "Granite Street", "year": 2024, "tier": "core", "road": "Granite Street"}}, {"type": "Feature", "geometry": {"type": "Point", "coordinates": [-71.024174, 42.217142]}, "properties": {"aadt": 29720, "route_name": "Granite Street", "year": 2024, "tier": "core", "road": "Granite Street"}}, {"type": "Feature", "geometry": {"type": "Point", "coordinates": [-71.023292, 42.216266]}, "properties": {"aadt": 29622, "route_name": "Granite Street", "year": 2024, "tier": "core", "road": "Granite Street"}}, {"type": "Feature", "geometry": {"type": "Point", "coordinates": [-71.020883, 42.213442]}, "properties": {"aadt": 29462, "route_name": "Granite Street", "year": 2024, "tier": "core", "road": "Granite Street"}}, {"type": "Feature", "geometry": {"type": "Point", "coordinates": [-71.0197, 42.212062]}, "properties": {"aadt": 29385, "route_name": "Franklin Street", "year": 2024, "tier": "core", "road": "Franklin Street"}}, {"type": "Feature", "geometry": {"type": "Point", "coordinates": [-71.018465, 42.211421]}, "properties": {"aadt": 29340, "route_name": "Franklin Street", "year": 2024, "tier": "core", "road": "Franklin Street"}}, {"type": "Feature", "geometry": {"type": "Point", "coordinates": [-70.955128, 42.147888]}, "properties": {"aadt": 29334, "route_name": "Main Street", "year": 2024, "tier": "core", "road": "Main Street"}}, {"type": "Feature", "geometry": {"type": "Point", "coordinates": [-71.016912, 42.210584]}, "properties": {"aadt": 29243, "route_name": "Franklin Street", "year": 2024, "tier": "core", "road": "Franklin Street"}}, {"type": "Feature", "geometry": {"type": "Point", "coordinates": [-71.01413, 42.208661]}, "properties": {"aadt": 29096, "route_name": "Franklin Street", "year": 2024, "tier": "core", "road": "Franklin Street"}}, {"type": "Feature", "geometry": {"type": "Point", "coordinates": [-70.882498, 42.190972]}, "properties": {"aadt": 29073, "route_name": "Main Street", "year": 2024, "tier": "core", "road": "Main Street"}}, {"type": "Feature", "geometry": {"type": "Point", "coordinates": [-71.013169, 42.207911]}, "properties": {"aadt": 29051, "route_name": "Franklin Street", "year": 2024, "tier": "core", "road": "Franklin Street"}}, {"type": "Feature", "geometry": {"type": "Point", "coordinates": [-71.011375, 42.206523]}, "properties": {"aadt": 28944, "route_name": "Franklin Street", "year": 2024, "tier": "core", "road": "Franklin Street"}}, {"type": "Feature", "geometry": {"type": "Point", "coordinates": [-71.009713, 42.205211]}, "properties": {"aadt": 28859, "route_name": "Franklin Street", "year": 2024, "tier": "core", "road": "Franklin Street"}}, {"type": "Feature", "geometry": {"type": "Point", "coordinates": [-71.008182, 42.20379]}, "properties": {"aadt": 28761, "route_name": "Franklin Street", "year": 2024, "tier": "core", "road": "Franklin Street"}}, {"type": "Feature", "geometry": {"type": "Point", "coordinates": [-71.007247, 42.201775]}, "properties": {"aadt": 28655, "route_name": "Franklin Street", "year": 2024, "tier": "core", "road": "Franklin Street"}}, {"type": "Feature", "geometry": {"type": "Point", "coordinates": [-70.98402, 42.239013]}, "properties": {"aadt": 28536, "route_name": "Quincy Avenue", "year": 2021, "tier": "core", "road": "Quincy Avenue"}}, {"type": "Feature", "geometry": {"type": "Point", "coordinates": [-71.007171, 42.199226]}, "properties": {"aadt": 28511, "route_name": "Washington Street", "year": 2024, "tier": "core", "road": "Washington Street"}}, {"type": "Feature", "geometry": {"type": "Point", "coordinates": [-71.005145, 42.19616]}, "properties": {"aadt": 28383, "route_name": "Washington Street", "year": 2024, "tier": "core", "road": "Washington Street"}}, {"type": "Feature", "geometry": {"type": "Point", "coordinates": [-70.882304, 42.19374]}, "properties": {"aadt": 28317, "route_name": "Main Street", "year": 2024, "tier": "core", "road": "Main Street"}}, {"type": "Feature", "geometry": {"type": "Point", "coordinates": [-71.005551, 42.194601]}, "properties": {"aadt": 28253, "route_name": "Hancock Street", "year": 2024, "tier": "core", "road": "Hancock Street"}}, {"type": "Feature", "geometry": {"type": "Point", "coordinates": [-70.952946, 42.142458]}, "properties": {"aadt": 28193, "route_name": "Bedford Street", "year": 2024, "tier": "core", "road": "Bedford Street"}}, {"type": "Feature", "geometry": {"type": "Point", "coordinates": [-71.006218, 42.192829]}, "properties": {"aadt": 28156, "route_name": "Hancock Street", "year": 2024, "tier": "core", "road": "Hancock Street"}}, {"type": "Feature", "geometry": {"type": "Point", "coordinates": [-70.967726, 42.244726]}, "properties": {"aadt": 28138, "route_name": "Bridge Street", "year": 2024, "tier": "core", "road": "Bridge Street"}}, {"type": "Feature", "geometry": {"type": "Point", "coordinates": [-71.00713, 42.189852]}, "properties": {"aadt": 28071, "route_name": "Washington Street", "year": 2024, "tier": "core", "road": "Washington Street"}}, {"type": "Feature", "geometry": {"type": "Point", "coordinates": [-71.008016, 42.187182]}, "properties": {"aadt": 27881, "route_name": "Washington Street", "year": 2024, "tier": "core", "road": "Washington Street"}}, {"type": "Feature", "geometry": {"type": "Point", "coordinates": [-71.00862, 42.185938]}, "properties": {"aadt": 27809, "route_name": "Washington Street", "year": 2024, "tier": "core", "road": "Washington Street"}}, {"type": "Feature", "geometry": {"type": "Point", "coordinates": [-70.964841, 42.244016]}, "properties": {"aadt": 27785, "route_name": "Bridge Street", "year": 2024, "tier": "core", "road": "Bridge Street"}}, {"type": "Feature", "geometry": {"type": "Point", "coordinates": [-70.882632, 42.195981]}, "properties": {"aadt": 27654, "route_name": "Main Street", "year": 2024, "tier": "core", "road": "Main Street"}}, {"type": "Feature", "geometry": {"type": "Point", "coordinates": [-70.962477, 42.243196]}, "properties": {"aadt": 27573, "route_name": "Bridge Street", "year": 2024, "tier": "core", "road": "Bridge Street"}}, {"type": "Feature", "geometry": {"type": "Point", "coordinates": [-70.959741, 42.242604]}, "properties": {"aadt": 27345, "route_name": "Bridge Street", "year": 2024, "tier": "core", "road": "Bridge Street"}}, {"type": "Feature", "geometry": {"type": "Point", "coordinates": [-70.950669, 42.138178]}, "properties": {"aadt": 27225, "route_name": "Bedford Street", "year": 2024, "tier": "core", "road": "Bedford Street"}}, {"type": "Feature", "geometry": {"type": "Point", "coordinates": [-70.883188, 42.197492]}, "properties": {"aadt": 27225, "route_name": "Main Street", "year": 2024, "tier": "core", "road": "Main Street"}}, {"type": "Feature", "geometry": {"type": "Point", "coordinates": [-70.956632, 42.242633]}, "properties": {"aadt": 27098, "route_name": "Bridge Street", "year": 2024, "tier": "core", "road": "Bridge Street"}}, {"type": "Feature", "geometry": {"type": "Point", "coordinates": [-70.954314, 42.242762]}, "properties": {"aadt": 26910, "route_name": "Bridge Street", "year": 2024, "tier": "core", "road": "Bridge Street"}}, {"type": "Feature", "geometry": {"type": "Point", "coordinates": [-70.950332, 42.136446]}, "properties": {"aadt": 26835, "route_name": "Bedford Street", "year": 2024, "tier": "core", "road": "Bedford Street"}}, {"type": "Feature", "geometry": {"type": "Point", "coordinates": [-70.95095, 42.242969]}, "properties": {"aadt": 26638, "route_name": "Bridge Street", "year": 2024, "tier": "core", "road": "Bridge Street"}}, {"type": "Feature", "geometry": {"type": "Point", "coordinates": [-70.947234, 42.243512]}, "properties": {"aadt": 26371, "route_name": "Bridge Street", "year": 2024, "tier": "core", "road": "Bridge Street"}}, {"type": "Feature", "geometry": {"type": "Point", "coordinates": [-70.883874, 42.200568]}, "properties": {"aadt": 26286, "route_name": "Main Street", "year": 2024, "tier": "core", "road": "Main Street"}}, {"type": "Feature", "geometry": {"type": "Point", "coordinates": [-71.0106, 42.184336]}, "properties": {"aadt": 26226, "route_name": "Washington Street", "year": 2024, "tier": "core", "road": "Washington Street"}}, {"type": "Feature", "geometry": {"type": "Point", "coordinates": [-70.944448, 42.243821]}, "properties": {"aadt": 26101, "route_name": "Bridge Street", "year": 2024, "tier": "core", "road": "Bridge Street"}}, {"type": "Feature", "geometry": {"type": "Point", "coordinates": [-70.950151, 42.132508]}, "properties": {"aadt": 25996, "route_name": "Bedford Street", "year": 2024, "tier": "core", "road": "Bedford Street"}}, {"type": "Feature", "geometry": {"type": "Point", "coordinates": [-71.050028, 42.177548]}, "properties": {"aadt": 25981, "route_name": "North Main Street", "year": 2024, "tier": "core", "road": "North Main Street"}}, {"type": "Feature", "geometry": {"type": "Point", "coordinates": [-70.94067, 42.244268]}, "properties": {"aadt": 25845, "route_name": "Bridge Street", "year": 2024, "tier": "core", "road": "Bridge Street"}}, {"type": "Feature", "geometry": {"type": "Point", "coordinates": [-70.939522, 42.244622]}, "properties": {"aadt": 25699, "route_name": "Bridge Street", "year": 2024, "tier": "core", "road": "Bridge Street"}}, {"type": "Feature", "geometry": {"type": "Point", "coordinates": [-70.938428, 42.24499]}, "properties": {"aadt": 25605, "route_name": "Bridge Street", "year": 2024, "tier": "core", "road": "Bridge Street"}}, {"type": "Feature", "geometry": {"type": "Point", "coordinates": [-71.048663, 42.175129]}, "properties": {"aadt": 25566, "route_name": "North Main Street", "year": 2024, "tier": "core", "road": "North Main Street"}}, {"type": "Feature", "geometry": {"type": "Point", "coordinates": [-70.950028, 42.130253]}, "properties": {"aadt": 25529, "route_name": "Bedford Street", "year": 2024, "tier": "core", "road": "Bedford Street"}}, {"type": "Feature", "geometry": {"type": "Point", "coordinates": [-70.884032, 42.203483]}, "properties": {"aadt": 25469, "route_name": "Main Street", "year": 2024, "tier": "core", "road": "Main Street"}}, {"type": "Feature", "geometry": {"type": "Point", "coordinates": [-70.934505, 42.246317]}, "properties": {"aadt": 25400, "route_name": "Lincoln Street", "year": 2024, "tier": "core", "road": "Lincoln Street"}}, {"type": "Feature", "geometry": {"type": "Point", "coordinates": [-70.931952, 42.246935]}, "properties": {"aadt": 25113, "route_name": "Lincoln Street", "year": 2024, "tier": "core", "road": "Lincoln Street"}}, {"type": "Feature", "geometry": {"type": "Point", "coordinates": [-71.047172, 42.17207]}, "properties": {"aadt": 25049, "route_name": "North Main Street", "year": 2024, "tier": "core", "road": "North Main Street"}}, {"type": "Feature", "geometry": {"type": "Point", "coordinates": [-71.044687, 42.284719]}, "properties": {"aadt": 25018, "route_name": "Gallivan Boulevard", "year": 2016, "tier": "core", "road": "Gallivan Boulevard"}}, {"type": "Feature", "geometry": {"type": "Point", "coordinates": [-70.88395, 42.205529]}, "properties": {"aadt": 24938, "route_name": "Main Street", "year": 2024, "tier": "core", "road": "Main Street"}}, {"type": "Feature", "geometry": {"type": "Point", "coordinates": [-70.949826, 42.127169]}, "properties": {"aadt": 24894, "route_name": "Bedford Street", "year": 2024, "tier": "core", "road": "Bedford Street"}}, {"type": "Feature", "geometry": {"type": "Point", "coordinates": [-70.927767, 42.247816]}, "properties": {"aadt": 24744, "route_name": "Lincoln Street", "year": 2024, "tier": "core", "road": "Lincoln Street"}}, {"type": "Feature", "geometry": {"type": "Point", "coordinates": [-71.012406, 42.182894]}, "properties": {"aadt": 24590, "route_name": "Washington Street", "year": 2024, "tier": "core", "road": "Washington Street"}}, {"type": "Feature", "geometry": {"type": "Point", "coordinates": [-71.045598, 42.169289]}, "properties": {"aadt": 24547, "route_name": "North Main Street", "year": 2024, "tier": "core", "road": "North Main Street"}}, {"type": "Feature", "geometry": {"type": "Point", "coordinates": [-70.923639, 42.248777]}, "properties": {"aadt": 24378, "route_name": "Lincoln Street", "year": 2024, "tier": "core", "road": "Lincoln Street"}}, {"type": "Feature", "geometry": {"type": "Point", "coordinates": [-70.949264, 42.121577]}, "properties": {"aadt": 24358, "route_name": "Bedford Street", "year": 2014, "tier": "core", "road": "Bedford Street"}}, {"type": "Feature", "geometry": {"type": "Point", "coordinates": [-70.949202, 42.120018]}, "properties": {"aadt": 24325, "route_name": "Bedford Street", "year": 2024, "tier": "core", "road": "Bedford Street"}}, {"type": "Feature", "geometry": {"type": "Point", "coordinates": [-70.949038, 42.118257]}, "properties": {"aadt": 24290, "route_name": "Bedford Street", "year": 2024, "tier": "core", "road": "Bedford Street"}}, {"type": "Feature", "geometry": {"type": "Point", "coordinates": [-70.948828, 42.115077]}, "properties": {"aadt": 24228, "route_name": "Bedford Street", "year": 2024, "tier": "core", "road": "Bedford Street"}}, {"type": "Feature", "geometry": {"type": "Point", "coordinates": [-71.044294, 42.167235]}, "properties": {"aadt": 24178, "route_name": "North Main Street", "year": 2024, "tier": "core", "road": "North Main Street"}}, {"type": "Feature", "geometry": {"type": "Point", "coordinates": [-70.948739, 42.110853]}, "properties": {"aadt": 24146, "route_name": "Bedford Street", "year": 2024, "tier": "core", "road": "Bedford Street"}}, {"type": "Feature", "geometry": {"type": "Point", "coordinates": [-70.948758, 42.109193]}, "properties": {"aadt": 24115, "route_name": "Bedford Street", "year": 2024, "tier": "core", "road": "Bedford Street"}}, {"type": "Feature", "geometry": {"type": "Point", "coordinates": [-70.920607, 42.24939]}, "properties": {"aadt": 24098, "route_name": "Lincoln Street", "year": 2024, "tier": "core", "road": "Lincoln Street"}}, {"type": "Feature", "geometry": {"type": "Point", "coordinates": [-71.043505, 42.165974]}, "properties": {"aadt": 23965, "route_name": "North Main Street", "year": 2024, "tier": "core", "road": "North Main Street"}}, {"type": "Feature", "geometry": {"type": "Point", "coordinates": [-70.918299, 42.249384]}, "properties": {"aadt": 23933, "route_name": "Lincoln Street", "year": 2024, "tier": "core", "road": "Lincoln Street"}}, {"type": "Feature", "geometry": {"type": "Point", "coordinates": [-70.883759, 42.209168]}, "properties": {"aadt": 23917, "route_name": "Main Street", "year": 2024, "tier": "core", "road": "Main Street"}}, {"type": "Feature", "geometry": {"type": "Point", "coordinates": [-70.913955, 42.249149]}, "properties": {"aadt": 23580, "route_name": "Lincoln Street", "year": 2024, "tier": "core", "road": "Lincoln Street"}}, {"type": "Feature", "geometry": {"type": "Point", "coordinates": [-71.041751, 42.163108]}, "properties": {"aadt": 23424, "route_name": "North Main Street", "year": 2024, "tier": "core", "road": "North Main Street"}}, {"type": "Feature", "geometry": {"type": "Point", "coordinates": [-71.041476, 42.162722]}, "properties": {"aadt": 23358, "route_name": "North Main Street", "year": 2024, "tier": "core", "road": "North Main Street"}}, {"type": "Feature", "geometry": {"type": "Point", "coordinates": [-70.910479, 42.24933]}, "properties": {"aadt": 23307, "route_name": "Lincoln Street", "year": 2024, "tier": "core", "road": "Lincoln Street"}}, {"type": "Feature", "geometry": {"type": "Point", "coordinates": [-71.013713, 42.181399]}, "properties": {"aadt": 23113, "route_name": "Washington Street", "year": 2024, "tier": "core", "road": "Washington Street"}}, {"type": "Feature", "geometry": {"type": "Point", "coordinates": [-70.906024, 42.249151]}, "properties": {"aadt": 23039, "route_name": "Broad Cove Road", "year": 2024, "tier": "core", "road": "Broad Cove Road"}}, {"type": "Feature", "geometry": {"type": "Point", "coordinates": [-70.907714, 42.249306]}, "properties": {"aadt": 23039, "route_name": "Lincoln Street", "year": 2024, "tier": "core", "road": "Lincoln Street"}}, {"type": "Feature", "geometry": {"type": "Point", "coordinates": [-70.883711, 42.212475]}, "properties": {"aadt": 22981, "route_name": "Main Street", "year": 2024, "tier": "core", "road": "Main Street"}}, {"type": "Feature", "geometry": {"type": "Point", "coordinates": [-71.042695, 42.160056]}, "properties": {"aadt": 22892, "route_name": "South Main Street", "year": 2024, "tier": "core", "road": "South Main Street"}}, {"type": "Feature", "geometry": {"type": "Point", "coordinates": [-71.043864, 42.157422]}, "properties": {"aadt": 22443, "route_name": "South Main Street", "year": 2024, "tier": "core", "road": "South Main Street"}}, {"type": "Feature", "geometry": {"type": "Point", "coordinates": [-70.996761, 42.211299]}, "properties": {"aadt": 22410, "route_name": "Union Street Rotary", "year": 2021, "tier": "core", "road": "Union Street Rotary"}}, {"type": "Feature", "geometry": {"type": "Point", "coordinates": [-70.884468, 42.214597]}, "properties": {"aadt": 22342, "route_name": "Main Street", "year": 2024, "tier": "core", "road": "Main Street"}}, {"type": "Feature", "geometry": {"type": "Point", "coordinates": [-70.899493, 42.250155]}, "properties": {"aadt": 22290, "route_name": "Broad Cove Road", "year": 2024, "tier": "core", "road": "Broad Cove Road"}}, {"type": "Feature", "geometry": {"type": "Point", "coordinates": [-70.902946, 42.249347]}, "properties": {"aadt": 22290, "route_name": "Broad Cove Road", "year": 2024, "tier": "core", "road": "Broad Cove Road"}}, {"type": "Feature", "geometry": {"type": "Point", "coordinates": [-70.892937, 42.251068]}, "properties": {"aadt": 22290, "route_name": "Broad Cove Road", "year": 2024, "tier": "core", "road": "Broad Cove Road"}}, {"type": "Feature", "geometry": {"type": "Point", "coordinates": [-70.894696, 42.250903]}, "properties": {"aadt": 22290, "route_name": "Broad Cove Road", "year": 2024, "tier": "core", "road": "Broad Cove Road"}}, {"type": "Feature", "geometry": {"type": "Point", "coordinates": [-71.044512, 42.155926]}, "properties": {"aadt": 22182, "route_name": "South Main Street", "year": 2024, "tier": "core", "road": "South Main Street"}}, {"type": "Feature", "geometry": {"type": "Point", "coordinates": [-70.90085, 42.137119]}, "properties": {"aadt": 22123, "route_name": "Hingham Street", "year": 2021, "tier": "core", "road": "Hingham Street"}}, {"type": "Feature", "geometry": {"type": "Point", "coordinates": [-70.902118, 42.141514]}, "properties": {"aadt": 22123, "route_name": "Hingham Street", "year": 2021, "tier": "core", "road": "Hingham Street"}}, {"type": "Feature", "geometry": {"type": "Point", "coordinates": [-70.902705, 42.143249]}, "properties": {"aadt": 22123, "route_name": "Hingham Street", "year": 2021, "tier": "core", "road": "Hingham Street"}}, {"type": "Feature", "geometry": {"type": "Point", "coordinates": [-70.903413, 42.147596]}, "properties": {"aadt": 22123, "route_name": "Hingham Street", "year": 2021, "tier": "core", "road": "Hingham Street"}}, {"type": "Feature", "geometry": {"type": "Point", "coordinates": [-70.90403, 42.151241]}, "properties": {"aadt": 22123, "route_name": "Hingham Street", "year": 2021, "tier": "core", "road": "Hingham Street"}}, {"type": "Feature", "geometry": {"type": "Point", "coordinates": [-70.904857, 42.155273]}, "properties": {"aadt": 22123, "route_name": "Hingham Street", "year": 2021, "tier": "core", "road": "Hingham Street"}}, {"type": "Feature", "geometry": {"type": "Point", "coordinates": [-70.904129, 42.157651]}, "properties": {"aadt": 22123, "route_name": "Hingham Street", "year": 2021, "tier": "core", "road": "Hingham Street"}}, {"type": "Feature", "geometry": {"type": "Point", "coordinates": [-70.903447, 42.159106]}, "properties": {"aadt": 22123, "route_name": "Hingham Street", "year": 2021, "tier": "core", "road": "Hingham Street"}}, {"type": "Feature", "geometry": {"type": "Point", "coordinates": [-70.902122, 42.160608]}, "properties": {"aadt": 22123, "route_name": "Hingham Street", "year": 2021, "tier": "core", "road": "Hingham Street"}}, {"type": "Feature", "geometry": {"type": "Point", "coordinates": [-70.899999, 42.162988]}, "properties": {"aadt": 22123, "route_name": "Hingham Street", "year": 2021, "tier": "core", "road": "Hingham Street"}}, {"type": "Feature", "geometry": {"type": "Point", "coordinates": [-70.899038, 42.163819]}, "properties": {"aadt": 22123, "route_name": "Hingham Street", "year": 2021, "tier": "core", "road": "Hingham Street"}}, {"type": "Feature", "geometry": {"type": "Point", "coordinates": [-71.014501, 42.180185]}, "properties": {"aadt": 22051, "route_name": "Washington Street", "year": 2024, "tier": "core", "road": "Washington Street"}}, {"type": "Feature", "geometry": {"type": "Point", "coordinates": [-71.0488, 42.165125]}, "properties": {"aadt": 21986, "route_name": "Warren Street", "year": 2022, "tier": "core", "road": "Warren Street"}}, {"type": "Feature", "geometry": {"type": "Point", "coordinates": [-71.045033, 42.154311]}, "properties": {"aadt": 21905, "route_name": "South Main Street", "year": 2024, "tier": "core", "road": "South Main Street"}}, {"type": "Feature", "geometry": {"type": "Point", "coordinates": [-71.002402, 42.208453]}, "properties": {"aadt": 21638, "route_name": "Union Street", "year": 2021, "tier": "core", "road": "Union Street"}}, {"type": "Feature", "geometry": {"type": "Point", "coordinates": [-71.001055, 42.208835]}, "properties": {"aadt": 21638, "route_name": "Union Street", "year": 2021, "tier": "core", "road": "Union Street"}}, {"type": "Feature", "geometry": {"type": "Point", "coordinates": [-71.003637, 42.207826]}, "properties": {"aadt": 21638, "route_name": "Union Street", "year": 2021, "tier": "core", "road": "Union Street"}}, {"type": "Feature", "geometry": {"type": "Point", "coordinates": [-70.890441, 42.249132]}, "properties": {"aadt": 21574, "route_name": "Otis Street", "year": 2024, "tier": "core", "road": "Otis Street"}}, {"type": "Feature", "geometry": {"type": "Point", "coordinates": [-71.046935, 42.16524]}, "properties": {"aadt": 21569, "route_name": "Warren Street", "year": 2022, "tier": "core", "road": "Warren Street"}}, {"type": "Feature", "geometry": {"type": "Point", "coordinates": [-71.044338, 42.151265]}, "properties": {"aadt": 21373, "route_name": "South Main Street", "year": 2024, "tier": "core", "road": "South Main Street"}}, {"type": "Feature", "geometry": {"type": "Point", "coordinates": [-70.888559, 42.246926]}, "properties": {"aadt": 21342, "route_name": "Otis Street", "year": 2024, "tier": "core", "road": "Otis Street"}}, {"type": "Feature", "geometry": {"type": "Point", "coordinates": [-70.887568, 42.246]}, "properties": {"aadt": 21171, "route_name": "Otis Street", "year": 2024, "tier": "core", "road": "Otis Street"}}, {"type": "Feature", "geometry": {"type": "Point", "coordinates": [-70.885722, 42.2189]}, "properties": {"aadt": 21095, "route_name": "Main Street", "year": 2024, "tier": "core", "road": "Main Street"}}, {"type": "Feature", "geometry": {"type": "Point", "coordinates": [-70.819993, 42.114867]}, "properties": {"aadt": 21085, "route_name": "Columbia Road", "year": 2024, "tier": "core", "road": "Columbia Road"}}, {"type": "Feature", "geometry": {"type": "Point", "coordinates": [-70.820746, 42.115503]}, "properties": {"aadt": 21085, "route_name": "Columbia Road", "year": 2024, "tier": "core", "road": "Columbia Road"}}, {"type": "Feature", "geometry": {"type": "Point", "coordinates": [-70.884592, 42.245218]}, "properties": {"aadt": 21036, "route_name": "Otis Street", "year": 2024, "tier": "core", "road": "Otis Street"}}, {"type": "Feature", "geometry": {"type": "Point", "coordinates": [-71.047788, 42.28363]}, "properties": {"aadt": 21034, "route_name": "Gallivan Boulevard", "year": 2024, "tier": "core", "road": "Gallivan Boulevard"}}, {"type": "Feature", "geometry": {"type": "Point", "coordinates": [-71.049739, 42.283323]}, "properties": {"aadt": 21034, "route_name": "Gallivan Boulevard", "year": 2024, "tier": "core", "road": "Gallivan Boulevard"}}, {"type": "Feature", "geometry": {"type": "Point", "coordinates": [-71.042115, 42.259798]}, "properties": {"aadt": 20964, "route_name": "Granite Avenue", "year": 2016, "tier": "core", "road": "Granite Avenue"}}, {"type": "Feature", "geometry": {"type": "Point", "coordinates": [-71.044696, 42.265341]}, "properties": {"aadt": 20964, "route_name": "Granite Avenue", "year": 2016, "tier": "core", "road": "Granite Avenue"}}, {"type": "Feature", "geometry": {"type": "Point", "coordinates": [-71.043411, 42.262584]}, "properties": {"aadt": 20964, "route_name": "Granite Avenue", "year": 2016, "tier": "core", "road": "Granite Avenue"}}, {"type": "Feature", "geometry": {"type": "Point", "coordinates": [-71.046834, 42.269734]}, "properties": {"aadt": 20964, "route_name": "Granite Avenue", "year": 2016, "tier": "core", "road": "Granite Avenue"}}, {"type": "Feature", "geometry": {"type": "Point", "coordinates": [-71.047814, 42.271384]}, "properties": {"aadt": 20964, "route_name": "Granite Avenue", "year": 2016, "tier": "core", "road": "Granite Avenue"}}, {"type": "Feature", "geometry": {"type": "Point", "coordinates": [-71.048124, 42.27182]}, "properties": {"aadt": 20964, "route_name": "Granite Avenue", "year": 2016, "tier": "core", "road": "Granite Avenue"}}, {"type": "Feature", "geometry": {"type": "Point", "coordinates": [-71.042583, 42.147086]}, "properties": {"aadt": 20705, "route_name": "South Main Street", "year": 2024, "tier": "core", "road": "South Main Street"}}, {"type": "Feature", "geometry": {"type": "Point", "coordinates": [-71.014574, 42.178326]}, "properties": {"aadt": 20434, "route_name": "Washington Street", "year": 2024, "tier": "core", "road": "Washington Street"}}, {"type": "Feature", "geometry": {"type": "Point", "coordinates": [-70.885874, 42.221322]}, "properties": {"aadt": 20380, "route_name": "Main Street", "year": 2024, "tier": "core", "road": "Main Street"}}, {"type": "Feature", "geometry": {"type": "Point", "coordinates": [-71.041426, 42.144224]}, "properties": {"aadt": 20178, "route_name": "South Main Street", "year": 2024, "tier": "core", "road": "South Main Street"}}, {"type": "Feature", "geometry": {"type": "Point", "coordinates": [-70.828975, 42.126694]}, "properties": {"aadt": 20172, "route_name": "Washington Street", "year": 2016, "tier": "core", "road": "Washington Street"}}, {"type": "Feature", "geometry": {"type": "Point", "coordinates": [-71.014419, 42.177893]}, "properties": {"aadt": 20112, "route_name": "Washington Street", "year": 2024, "tier": "core", "road": "Washington Street"}}, {"type": "Feature", "geometry": {"type": "Point", "coordinates": [-70.830546, 42.127812]}, "properties": {"aadt": 20042, "route_name": "Washington Street", "year": 2023, "tier": "core", "road": "Washington Street"}}, {"type": "Feature", "geometry": {"type": "Point", "coordinates": [-70.828309, 42.126295]}, "properties": {"aadt": 20040, "route_name": "Washington Street", "year": 2023, "tier": "core", "road": "Washington Street"}}, {"type": "Feature", "geometry": {"type": "Point", "coordinates": [-70.823932, 42.1195]}, "properties": {"aadt": 20019, "route_name": "Washington Street", "year": 2024, "tier": "core", "road": "Washington Street"}}, {"type": "Feature", "geometry": {"type": "Point", "coordinates": [-70.832495, 42.129098]}, "properties": {"aadt": 19886, "route_name": "Washington Street", "year": 2023, "tier": "secondary", "road": "Washington Street"}}, {"type": "Feature", "geometry": {"type": "Point", "coordinates": [-71.040683, 42.141672]}, "properties": {"aadt": 19770, "route_name": "South Main Street", "year": 2024, "tier": "secondary", "road": "South Main Street"}}, {"type": "Feature", "geometry": {"type": "Point", "coordinates": [-70.886414, 42.223546]}, "properties": {"aadt": 19744, "route_name": "Main Street", "year": 2024, "tier": "secondary", "road": "Main Street"}}, {"type": "Feature", "geometry": {"type": "Point", "coordinates": [-70.836395, 42.131193]}, "properties": {"aadt": 19630, "route_name": "Washington Street", "year": 2023, "tier": "secondary", "road": "Washington Street"}}, {"type": "Feature", "geometry": {"type": "Point", "coordinates": [-70.839545, 42.13303]}, "properties": {"aadt": 19411, "route_name": "Washington Street", "year": 2023, "tier": "secondary", "road": "Washington Street"}}, {"type": "Feature", "geometry": {"type": "Point", "coordinates": [-70.882154, 42.245887]}, "properties": {"aadt": 19363, "route_name": "Otis Street", "year": 2018, "tier": "secondary", "road": "Otis Street"}}, {"type": "Feature", "geometry": {"type": "Point", "coordinates": [-70.84082, 42.134373]}, "properties": {"aadt": 19287, "route_name": "Washington Street", "year": 2023, "tier": "secondary", "road": "Washington Street"}}, {"type": "Feature", "geometry": {"type": "Point", "coordinates": [-71.037072, 42.159984]}, "properties": {"aadt": 19225, "route_name": "Union Street", "year": 2023, "tier": "secondary", "road": "Union Street"}}, {"type": "Feature", "geometry": {"type": "Point", "coordinates": [-71.026231, 42.253929]}, "properties": {"aadt": 19220, "route_name": "Adams Street", "year": 0, "tier": "secondary", "road": "Adams Street"}}, {"type": "Feature", "geometry": {"type": "Point", "coordinates": [-71.024093, 42.253232]}, "properties": {"aadt": 19220, "route_name": "Route 114", "year": 0, "tier": "secondary", "road": "Route 114"}}, {"type": "Feature", "geometry": {"type": "Point", "coordinates": [-71.040079, 42.137596]}, "properties": {"aadt": 19069, "route_name": "South Main Street", "year": 2024, "tier": "secondary", "road": "South Main Street"}}, {"type": "Feature", "geometry": {"type": "Point", "coordinates": [-71.034039, 42.158155]}, "properties": {"aadt": 18917, "route_name": "Union Street", "year": 2023, "tier": "secondary", "road": "Union Street"}}, {"type": "Feature", "geometry": {"type": "Point", "coordinates": [-70.842625, 42.139274]}, "properties": {"aadt": 18884, "route_name": "Washington Street", "year": 2023, "tier": "secondary", "road": "Washington Street"}}, {"type": "Feature", "geometry": {"type": "Point", "coordinates": [-70.885842, 42.226779]}, "properties": {"aadt": 18825, "route_name": "Main Street", "year": 2024, "tier": "secondary", "road": "Main Street"}}, {"type": "Feature", "geometry": {"type": "Point", "coordinates": [-71.039909, 42.135775]}, "properties": {"aadt": 18794, "route_name": "North Main Street", "year": 2024, "tier": "secondary", "road": "North Main Street"}}, {"type": "Feature", "geometry": {"type": "Point", "coordinates": [-71.032434, 42.15745]}, "properties": {"aadt": 18748, "route_name": "Union Street", "year": 2023, "tier": "secondary", "road": "Union Street"}}, {"type": "Feature", "geometry": {"type": "Point", "coordinates": [-71.035469, 42.125099]}, "properties": {"aadt": 18704, "route_name": "East Main Street", "year": 2023, "tier": "secondary", "road": "East Main Street"}}, {"type": "Feature", "geometry": {"type": "Point", "coordinates": [-70.843631, 42.141747]}, "properties": {"aadt": 18695, "route_name": "Washington Street", "year": 2023, "tier": "secondary", "road": "Washington Street"}}, {"type": "Feature", "geometry": {"type": "Point", "coordinates": [-70.844039, 42.142969]}, "properties": {"aadt": 18611, "route_name": "Washington Street", "year": 2023, "tier": "secondary", "road": "Washington Street"}}, {"type": "Feature", "geometry": {"type": "Point", "coordinates": [-71.035031, 42.124405]}, "properties": {"aadt": 18550, "route_name": "East Main Street", "year": 2023, "tier": "secondary", "road": "East Main Street"}}, {"type": "Feature", "geometry": {"type": "Point", "coordinates": [-70.844863, 42.145557]}, "properties": {"aadt": 18404, "route_name": "Washington Street", "year": 2023, "tier": "secondary", "road": "Washington Street"}}, {"type": "Feature", "geometry": {"type": "Point", "coordinates": [-70.885491, 42.228171]}, "properties": {"aadt": 18403, "route_name": "Main Street", "year": 2024, "tier": "secondary", "road": "Main Street"}}, {"type": "Feature", "geometry": {"type": "Point", "coordinates": [-70.99963, 42.245064]}, "properties": {"aadt": 18380, "route_name": "Quincy Avenue", "year": 2016, "tier": "secondary", "road": "Quincy Avenue"}}, {"type": "Feature", "geometry": {"type": "Point", "coordinates": [-70.998674, 42.244452]}, "properties": {"aadt": 18380, "route_name": "Quincy Avenue", "year": 2016, "tier": "secondary", "road": "Quincy Avenue"}}, {"type": "Feature", "geometry": {"type": "Point", "coordinates": [-70.995348, 42.242526]}, "properties": {"aadt": 18380, "route_name": "Quincy Avenue", "year": 2016, "tier": "secondary", "road": "Quincy Avenue"}}, {"type": "Feature", "geometry": {"type": "Point", "coordinates": [-70.993269, 42.241827]}, "properties": {"aadt": 18380, "route_name": "Quincy Avenue", "year": 2016, "tier": "secondary", "road": "Quincy Avenue"}}, {"type": "Feature", "geometry": {"type": "Point", "coordinates": [-70.990784, 42.241255]}, "properties": {"aadt": 18380, "route_name": "Quincy Avenue", "year": 2016, "tier": "secondary", "road": "Quincy Avenue"}}, {"type": "Feature", "geometry": {"type": "Point", "coordinates": [-70.989229, 42.240945]}, "properties": {"aadt": 18380, "route_name": "Quincy Avenue", "year": 2016, "tier": "secondary", "road": "Quincy Avenue"}}, {"type": "Feature", "geometry": {"type": "Point", "coordinates": [-70.986629, 42.240135]}, "properties": {"aadt": 18380, "route_name": "Quincy Avenue", "year": 2016, "tier": "secondary", "road": "Quincy Avenue"}}, {"type": "Feature", "geometry": {"type": "Point", "coordinates": [-71.029074, 42.15576]}, "properties": {"aadt": 18370, "route_name": "Union Street", "year": 2023, "tier": "secondary", "road": "Union Street"}}, {"type": "Feature", "geometry": {"type": "Point", "coordinates": [-71.026398, 42.155371]}, "properties": {"aadt": 18116, "route_name": "Union Street", "year": 2023, "tier": "secondary", "road": "Union Street"}}, {"type": "Feature", "geometry": {"type": "Point", "coordinates": [-71.050273, 42.258206]}, "properties": {"aadt": 18112, "route_name": "Brook Road", "year": 2020, "tier": "secondary", "road": "Brook Road"}}, {"type": "Feature", "geometry": {"type": "Point", "coordinates": [-71.047064, 42.258537]}, "properties": {"aadt": 18112, "route_name": "Brook Road", "year": 2020, "tier": "secondary", "road": "Brook Road"}}, {"type": "Feature", "geometry": {"type": "Point", "coordinates": [-71.044294, 42.259294]}, "properties": {"aadt": 18112, "route_name": "Adams Street", "year": 2020, "tier": "secondary", "road": "Adams Street"}}, {"type": "Feature", "geometry": {"type": "Point", "coordinates": [-71.041361, 42.257844]}, "properties": {"aadt": 18112, "route_name": "Boulevard Street", "year": 2020, "tier": "secondary", "road": "Boulevard Street"}}, {"type": "Feature", "geometry": {"type": "Point", "coordinates": [-71.038127, 42.257675]}, "properties": {"aadt": 18112, "route_name": "Adams Street", "year": 2020, "tier": "secondary", "road": "Adams Street"}}, {"type": "Feature", "geometry": {"type": "Point", "coordinates": [-71.035466, 42.25691]}, "properties": {"aadt": 18112, "route_name": "Adams Street", "year": 2020, "tier": "secondary", "road": "Adams Street"}}, {"type": "Feature", "geometry": {"type": "Point", "coordinates": [-71.034031, 42.256475]}, "properties": {"aadt": 18112, "route_name": "Adams Street", "year": 2020, "tier": "secondary", "road": "Adams Street"}}, {"type": "Feature", "geometry": {"type": "Point", "coordinates": [-71.032147, 42.255851]}, "properties": {"aadt": 18112, "route_name": "Adams Street", "year": 2020, "tier": "secondary", "road": "Adams Street"}}, {"type": "Feature", "geometry": {"type": "Point", "coordinates": [-71.02939, 42.254932]}, "properties": {"aadt": 18112, "route_name": "Adams Street", "year": 2020, "tier": "secondary", "road": "Adams Street"}}, {"type": "Feature", "geometry": {"type": "Point", "coordinates": [-70.953764, 42.1047]}, "properties": {"aadt": 17980, "route_name": "Brockton Avenue", "year": 2016, "tier": "secondary", "road": "Brockton Avenue"}}, {"type": "Feature", "geometry": {"type": "Point", "coordinates": [-70.845535, 42.152091]}, "properties": {"aadt": 17903, "route_name": "Washington Street", "year": 2023, "tier": "secondary", "road": "Washington Street"}}, {"type": "Feature", "geometry": {"type": "Point", "coordinates": [-71.007661, 42.234065]}, "properties": {"aadt": 17860, "route_name": "Honorable Thomas S Burgin Parkway", "year": 2016, "tier": "secondary", "road": "Honorable Thomas S Burgin Parkway"}}, {"type": "Feature", "geometry": {"type": "Point", "coordinates": [-71.005423, 42.240102]}, "properties": {"aadt": 17860, "route_name": "Honorable Thomas S Burgin Parkway", "year": 2016, "tier": "secondary", "road": "Honorable Thomas S Burgin Parkway"}}, {"type": "Feature", "geometry": {"type": "Point", "coordinates": [-71.004501, 42.243679]}, "properties": {"aadt": 17860, "route_name": "Honorable Thomas S Burgin Parkway", "year": 2016, "tier": "secondary", "road": "Honorable Thomas S Burgin Parkway"}}, {"type": "Feature", "geometry": {"type": "Point", "coordinates": [-71.003843, 42.248294]}, "properties": {"aadt": 17860, "route_name": "Honorable Thomas S Burgin Parkway", "year": 2016, "tier": "secondary", "road": "Honorable Thomas S Burgin Parkway"}}, {"type": "Feature", "geometry": {"type": "Point", "coordinates": [-71.010779, 42.227606]}, "properties": {"aadt": 17860, "route_name": "Honorable Thomas S Burgin Parkway", "year": 2016, "tier": "secondary", "road": "Honorable Thomas S Burgin Parkway"}}, {"type": "Feature", "geometry": {"type": "Point", "coordinates": [-71.010504, 42.229512]}, "properties": {"aadt": 17860, "route_name": "Honorable Thomas S Burgin Parkway", "year": 2016, "tier": "secondary", "road": "Honorable Thomas S Burgin Parkway"}}, {"type": "Feature", "geometry": {"type": "Point", "coordinates": [-71.008714, 42.233468]}, "properties": {"aadt": 17860, "route_name": "Honorable Thomas S Burgin Parkway", "year": 2016, "tier": "secondary", "road": "Honorable Thomas S Burgin Parkway"}}, {"type": "Feature", "geometry": {"type": "Point", "coordinates": [-71.006477, 42.236169]}, "properties": {"aadt": 17860, "route_name": "Honorable Thomas S Burgin Parkway", "year": 2016, "tier": "secondary", "road": "Honorable Thomas S Burgin Parkway"}}, {"type": "Feature", "geometry": {"type": "Point", "coordinates": [-71.005727, 42.238934]}, "properties": {"aadt": 17860, "route_name": "Honorable Thomas S Burgin Parkway", "year": 2016, "tier": "secondary", "road": "Honorable Thomas S Burgin Parkway"}}, {"type": "Feature", "geometry": {"type": "Point", "coordinates": [-71.004053, 42.245901]}, "properties": {"aadt": 17860, "route_name": "Honorable Thomas S Burgin Parkway", "year": 2016, "tier": "secondary", "road": "Honorable Thomas S Burgin Parkway"}}, {"type": "Feature", "geometry": {"type": "Point", "coordinates": [-71.023342, 42.155239]}, "properties": {"aadt": 17846, "route_name": "Union Street", "year": 2023, "tier": "secondary", "road": "Union Street"}}, {"type": "Feature", "geometry": {"type": "Point", "coordinates": [-71.013124, 42.175356]}, "properties": {"aadt": 17772, "route_name": "Washington Street", "year": 2024, "tier": "secondary", "road": "Washington Street"}}, {"type": "Feature", "geometry": {"type": "Point", "coordinates": [-71.032454, 42.120735]}, "properties": {"aadt": 17711, "route_name": "Memorial Drive", "year": 2024, "tier": "secondary", "road": "Memorial Drive"}}, {"type": "Feature", "geometry": {"type": "Point", "coordinates": [-70.88212, 42.22869]}, "properties": {"aadt": 17684, "route_name": "Main Street", "year": 2024, "tier": "secondary", "road": "Main Street"}}, {"type": "Feature", "geometry": {"type": "Point", "coordinates": [-70.850155, 42.15661]}, "properties": {"aadt": 17643, "route_name": "Washington Street", "year": 2023, "tier": "secondary", "road": "Washington Street"}}, {"type": "Feature", "geometry": {"type": "Point", "coordinates": [-70.848134, 42.154916]}, "properties": {"aadt": 17643, "route_name": "Washington Street", "year": 2023, "tier": "secondary", "road": "Washington Street"}}, {"type": "Feature", "geometry": {"type": "Point", "coordinates": [-70.878637, 42.244834]}, "properties": {"aadt": 17622, "route_name": "Chief Justice Cushing Highway", "year": 2018, "tier": "secondary", "road": "Chief Justice Cushing Highway"}}, {"type": "Feature", "geometry": {"type": "Point", "coordinates": [-71.002676, 42.25097]}, "properties": {"aadt": 17512, "route_name": "Temple Street", "year": 2021, "tier": "secondary", "road": "Temple Street"}}, {"type": "Feature", "geometry": {"type": "Point", "coordinates": [-71.002355, 42.251406]}, "properties": {"aadt": 17512, "route_name": "Temple Street", "year": 2021, "tier": "secondary", "road": "Temple Street"}}, {"type": "Feature", "geometry": {"type": "Point", "coordinates": [-71.017975, 42.155075]}, "properties": {"aadt": 17384, "route_name": "Union Street", "year": 2023, "tier": "secondary", "road": "Union Street"}}, {"type": "Feature", "geometry": {"type": "Point", "coordinates": [-70.851447, 42.157668]}, "properties": {"aadt": 17365, "route_name": "Washington Street", "year": 2023, "tier": "secondary", "road": "Washington Street"}}, {"type": "Feature", "geometry": {"type": "Point", "coordinates": [-71.017164, 42.155071]}, "properties": {"aadt": 17303, "route_name": "Union Street", "year": 2023, "tier": "secondary", "road": "Union Street"}}, {"type": "Feature", "geometry": {"type": "Point", "coordinates": [-70.85277, 42.158821]}, "properties": {"aadt": 17261, "route_name": "Washington Street", "year": 2023, "tier": "secondary", "road": "Washington Street"}}, {"type": "Feature", "geometry": {"type": "Point", "coordinates": [-71.001178, 42.122386]}, "properties": {"aadt": 17252, "route_name": "North Quincy Street", "year": 2021, "tier": "secondary", "road": "North Quincy Street"}}, {"type": "Feature", "geometry": {"type": "Point", "coordinates": [-70.95505, 42.103897]}, "properties": {"aadt": 17128, "route_name": "Brockton Avenue", "year": 2023, "tier": "secondary", "road": "Brockton Avenue"}}, {"type": "Feature", "geometry": {"type": "Point", "coordinates": [-70.950006, 42.105973]}, "properties": {"aadt": 17066, "route_name": "Brockton Avenue", "year": 2016, "tier": "secondary", "road": "Brockton Avenue"}}, {"type": "Feature", "geometry": {"type": "Point", "coordinates": [-71.031023, 42.117959]}, "properties": {"aadt": 17003, "route_name": "Memorial Drive", "year": 2024, "tier": "secondary", "road": "Memorial Drive"}}, {"type": "Feature", "geometry": {"type": "Point", "coordinates": [-70.858038, 42.160131]}, "properties": {"aadt": 16947, "route_name": "Washington Street", "year": 2023, "tier": "secondary", "road": "Washington Street"}}, {"type": "Feature", "geometry": {"type": "Point", "coordinates": [-71.012866, 42.154944]}, "properties": {"aadt": 16919, "route_name": "Union Street", "year": 2023, "tier": "secondary", "road": "Union Street"}}, {"type": "Feature", "geometry": {"type": "Point", "coordinates": [-70.87999, 42.230934]}, "properties": {"aadt": 16815, "route_name": "Main Street", "year": 2024, "tier": "secondary", "road": "Main Street"}}, {"type": "Feature", "geometry": {"type": "Point", "coordinates": [-71.000551, 42.119467]}, "properties": {"aadt": 16807, "route_name": "North Quincy Street", "year": 2024, "tier": "secondary", "road": "North Quincy Street"}}, {"type": "Feature", "geometry": {"type": "Point", "coordinates": [-71.001746, 42.125255]}, "properties": {"aadt": 16807, "route_name": "North Quincy Street", "year": 2024, "tier": "secondary", "road": "North Quincy Street"}}, {"type": "Feature", "geometry": {"type": "Point", "coordinates": [-71.003371, 42.129208]}, "properties": {"aadt": 16807, "route_name": "Quincy Street", "year": 2024, "tier": "secondary", "road": "Quincy Street"}}, {"type": "Feature", "geometry": {"type": "Point", "coordinates": [-71.005867, 42.134107]}, "properties": {"aadt": 16807, "route_name": "Quincy Street", "year": 2024, "tier": "secondary", "road": "Quincy Street"}}, {"type": "Feature", "geometry": {"type": "Point", "coordinates": [-70.877204, 42.244315]}, "properties": {"aadt": 16788, "route_name": "Chief Justice Cushing Highway", "year": 2018, "tier": "secondary", "road": "Chief Justice Cushing Highway"}}, {"type": "Feature", "geometry": {"type": "Point", "coordinates": [-71.011121, 42.154885]}, "properties": {"aadt": 16760, "route_name": "Union Street", "year": 2023, "tier": "secondary", "road": "Union Street"}}, {"type": "Feature", "geometry": {"type": "Point", "coordinates": [-70.861958, 42.161259]}, "properties": {"aadt": 16688, "route_name": "Washington Street", "year": 2023, "tier": "secondary", "road": "Washington Street"}}, {"type": "Feature", "geometry": {"type": "Point", "coordinates": [-71.000212, 42.117983]}, "properties": {"aadt": 16599, "route_name": "North Quincy Street", "year": 2024, "tier": "secondary", "road": "North Quincy Street"}}, {"type": "Feature", "geometry": {"type": "Point", "coordinates": [-71.007283, 42.154784]}, "properties": {"aadt": 16424, "route_name": "Plymouth Street", "year": 2023, "tier": "secondary", "road": "Plymouth Street"}}, {"type": "Feature", "geometry": {"type": "Point", "coordinates": [-71.029411, 42.115471]}, "properties": {"aadt": 16408, "route_name": "North Montello Street", "year": 2024, "tier": "secondary", "road": "North Montello Street"}}, {"type": "Feature", "geometry": {"type": "Point", "coordinates": [-70.866382, 42.163461]}, "properties": {"aadt": 16396, "route_name": "Washington Street", "year": 2023, "tier": "secondary", "road": "Washington Street"}}, {"type": "Feature", "geometry": {"type": "Point", "coordinates": [-71.005119, 42.196951]}, "properties": {"aadt": 16395, "route_name": "Hancock Street", "year": 2020, "tier": "secondary", "road": "Hancock Street"}}, {"type": "Feature", "geometry": {"type": "Point", "coordinates": [-71.005111, 42.200116]}, "properties": {"aadt": 16395, "route_name": "Hancock Street", "year": 2020, "tier": "secondary", "road": "Hancock Street"}}, {"type": "Feature", "geometry": {"type": "Point", "coordinates": [-71.005081, 42.20252]}, "properties": {"aadt": 16395, "route_name": "Washington Street", "year": 2020, "tier": "secondary", "road": "Washington Street"}}, {"type": "Feature", "geometry": {"type": "Point", "coordinates": [-71.003779, 42.208665]}, "properties": {"aadt": 16395, "route_name": "Washington Street", "year": 2020, "tier": "secondary", "road": "Washington Street"}}, {"type": "Feature", "geometry": {"type": "Point", "coordinates": [-71.004208, 42.211645]}, "properties": {"aadt": 16395, "route_name": "Washington Street", "year": 2020, "tier": "secondary", "road": "Washington Street"}}, {"type": "Feature", "geometry": {"type": "Point", "coordinates": [-71.004364, 42.215424]}, "properties": {"aadt": 16395, "route_name": "Washington Street", "year": 2020, "tier": "secondary", "road": "Washington Street"}}, {"type": "Feature", "geometry": {"type": "Point", "coordinates": [-71.003133, 42.217845]}, "properties": {"aadt": 16395, "route_name": "Washington Street", "year": 2020, "tier": "secondary", "road": "Washington Street"}}, {"type": "Feature", "geometry": {"type": "Point", "coordinates": [-71.003926, 42.220529]}, "properties": {"aadt": 16395, "route_name": "Washington Street", "year": 2020, "tier": "secondary", "road": "Washington Street"}}, {"type": "Feature", "geometry": {"type": "Point", "coordinates": [-71.004532, 42.226548]}, "properties": {"aadt": 16395, "route_name": "Washington Street", "year": 2020, "tier": "secondary", "road": "Washington Street"}}, {"type": "Feature", "geometry": {"type": "Point", "coordinates": [-71.005435, 42.230653]}, "properties": {"aadt": 16395, "route_name": "Independence Avenue", "year": 2020, "tier": "secondary", "road": "Independence Avenue"}}, {"type": "Feature", "geometry": {"type": "Point", "coordinates": [-71.005533, 42.231065]}, "properties": {"aadt": 16395, "route_name": "Independence Avenue", "year": 2020, "tier": "secondary", "road": "Independence Avenue"}}, {"type": "Feature", "geometry": {"type": "Point", "coordinates": [-71.005468, 42.235406]}, "properties": {"aadt": 16395, "route_name": "Independence Avenue", "year": 2020, "tier": "secondary", "road": "Independence Avenue"}}, {"type": "Feature", "geometry": {"type": "Point", "coordinates": [-71.005181, 42.23589]}, "properties": {"aadt": 16395, "route_name": "Independence Avenue", "year": 2020, "tier": "secondary", "road": "Independence Avenue"}}, {"type": "Feature", "geometry": {"type": "Point", "coordinates": [-71.002374, 42.244429]}, "properties": {"aadt": 16395, "route_name": "School Street", "year": 2020, "tier": "secondary", "road": "School Street"}}, {"type": "Feature", "geometry": {"type": "Point", "coordinates": [-71.001387, 42.247831]}, "properties": {"aadt": 16395, "route_name": "Hancock Street", "year": 2020, "tier": "secondary", "road": "Hancock Street"}}, {"type": "Feature", "geometry": {"type": "Point", "coordinates": [-70.95615, 42.103081]}, "properties": {"aadt": 16385, "route_name": "Brockton Avenue", "year": 2023, "tier": "secondary", "road": "Brockton Avenue"}}, {"type": "Feature", "geometry": {"type": "Point", "coordinates": [-70.879801, 42.232606]}, "properties": {"aadt": 16384, "route_name": "Main Street", "year": 2024, "tier": "secondary", "road": "Main Street"}}, {"type": "Feature", "geometry": {"type": "Point", "coordinates": [-71.02678, 42.111693]}, "properties": {"aadt": 16312, "route_name": "North Montello Street", "year": 2023, "tier": "secondary", "road": "North Montello Street"}}, {"type": "Feature", "geometry": {"type": "Point", "coordinates": [-71.02619, 42.110861]}, "properties": {"aadt": 16290, "route_name": "North Montello Street", "year": 2023, "tier": "secondary", "road": "North Montello Street"}}, {"type": "Feature", "geometry": {"type": "Point", "coordinates": [-71.005448, 42.154774]}, "properties": {"aadt": 16256, "route_name": "Plymouth Street", "year": 2023, "tier": "secondary", "road": "Plymouth Street"}}, {"type": "Feature", "geometry": {"type": "Point", "coordinates": [-71.024888, 42.109008]}, "properties": {"aadt": 16241, "route_name": "North Montello Street", "year": 2023, "tier": "secondary", "road": "North Montello Street"}}, {"type": "Feature", "geometry": {"type": "Point", "coordinates": [-71.039871, 42.132918]}, "properties": {"aadt": 16175, "route_name": "Main Street", "year": 2023, "tier": "secondary", "road": "Main Street"}}, {"type": "Feature", "geometry": {"type": "Point", "coordinates": [-70.869965, 42.165508]}, "properties": {"aadt": 16153, "route_name": "Washington Street", "year": 2023, "tier": "secondary", "road": "Washington Street"}}, {"type": "Feature", "geometry": {"type": "Point", "coordinates": [-71.011472, 42.173472]}, "properties": {"aadt": 16122, "route_name": "Washington Street", "year": 2016, "tier": "secondary", "road": "Washington Street"}}, {"type": "Feature", "geometry": {"type": "Point", "coordinates": [-70.879245, 42.233664]}, "properties": {"aadt": 16105, "route_name": "Short Street", "year": 2024, "tier": "secondary", "road": "Short Street"}}, {"type": "Feature", "geometry": {"type": "Point", "coordinates": [-71.023331, 42.107001]}, "properties": {"aadt": 16051, "route_name": "North Montello Street", "year": 2023, "tier": "secondary", "road": "North Montello Street"}}, {"type": "Feature", "geometry": {"type": "Point", "coordinates": [-71.002068, 42.154269]}, "properties": {"aadt": 15965, "route_name": "Plymouth Street", "year": 2023, "tier": "secondary", "road": "Plymouth Street"}}, {"type": "Feature", "geometry": {"type": "Point", "coordinates": [-70.873096, 42.167695]}, "properties": {"aadt": 15901, "route_name": "Washington Street", "year": 2023, "tier": "secondary", "road": "Washington Street"}}, {"type": "Feature", "geometry": {"type": "Point", "coordinates": [-70.999177, 42.113883]}, "properties": {"aadt": 15889, "route_name": "North Quincy Street", "year": 2024, "tier": "secondary", "road": "North Quincy Street"}}, {"type": "Feature", "geometry": {"type": "Point", "coordinates": [-70.999589, 42.115441]}, "properties": {"aadt": 15889, "route_name": "North Quincy Street", "year": 2024, "tier": "secondary", "road": "North Quincy Street"}}, {"type": "Feature", "geometry": {"type": "Point", "coordinates": [-71.040688, 42.121805]}, "properties": {"aadt": 15880, "route_name": "West Main Street", "year": 2020, "tier": "secondary", "road": "West Main Street"}}, {"type": "Feature", "geometry": {"type": "Point", "coordinates": [-71.041438, 42.124603]}, "properties": {"aadt": 15880, "route_name": "West Main Street", "year": 2020, "tier": "secondary", "road": "West Main Street"}}, {"type": "Feature", "geometry": {"type": "Point", "coordinates": [-71.041559, 42.125658]}, "properties": {"aadt": 15880, "route_name": "West Main Street", "year": 2020, "tier": "secondary", "road": "West Main Street"}}, {"type": "Feature", "geometry": {"type": "Point", "coordinates": [-71.041818, 42.127806]}, "properties": {"aadt": 15880, "route_name": "West Main Street", "year": 2020, "tier": "secondary", "road": "West Main Street"}}, {"type": "Feature", "geometry": {"type": "Point", "coordinates": [-71.040398, 42.121285]}, "properties": {"aadt": 15867, "route_name": "West Main Street", "year": 2020, "tier": "secondary", "road": "West Main Street"}}, {"type": "Feature", "geometry": {"type": "Point", "coordinates": [-71.022418, 42.105938]}, "properties": {"aadt": 15848, "route_name": "North Montello Street", "year": 2023, "tier": "secondary", "road": "North Montello Street"}}, {"type": "Feature", "geometry": {"type": "Point", "coordinates": [-71.010265, 42.172128]}, "properties": {"aadt": 15822, "route_name": "Washington Street", "year": 2024, "tier": "secondary", "road": "Washington Street"}}, {"type": "Feature", "geometry": {"type": "Point", "coordinates": [-71.038768, 42.11845]}, "properties": {"aadt": 15793, "route_name": "West Main Street", "year": 2020, "tier": "secondary", "road": "West Main Street"}}, {"type": "Feature", "geometry": {"type": "Point", "coordinates": [-70.874718, 42.16846]}, "properties": {"aadt": 15778, "route_name": "Washington Street", "year": 2023, "tier": "secondary", "road": "Washington Street"}}, {"type": "Feature", "geometry": {"type": "Point", "coordinates": [-71.030768, 42.109065]}, "properties": {"aadt": 15744, "route_name": "North Main Street", "year": 2020, "tier": "secondary", "road": "North Main Street"}}, {"type": "Feature", "geometry": {"type": "Point", "coordinates": [-70.964331, 42.13018]}, "properties": {"aadt": 15655, "route_name": "Randolph Street", "year": 2016, "tier": "secondary", "road": "Randolph Street"}}, {"type": "Feature", "geometry": {"type": "Point", "coordinates": [-71.038336, 42.117771]}, "properties": {"aadt": 15654, "route_name": "West Main Street", "year": 2020, "tier": "secondary", "road": "West Main Street"}}, {"type": "Feature", "geometry": {"type": "Point", "coordinates": [-71.03144, 42.109649]}, "properties": {"aadt": 15614, "route_name": "North Main Street", "year": 2020, "tier": "secondary", "road": "North Main Street"}}, {"type": "Feature", "geometry": {"type": "Point", "coordinates": [-70.962126, 42.129907]}, "properties": {"aadt": 15608, "route_name": "Randolph Street", "year": 2016, "tier": "secondary", "road": "Randolph Street"}}, {"type": "Feature", "geometry": {"type": "Point", "coordinates": [-70.998665, 42.152733]}, "properties": {"aadt": 15591, "route_name": "Plymouth Street", "year": 2023, "tier": "secondary", "road": "Plymouth Street"}}, {"type": "Feature", "geometry": {"type": "Point", "coordinates": [-70.960332, 42.129774]}, "properties": {"aadt": 15563, "route_name": "Randolph Street", "year": 2016, "tier": "secondary", "road": "Randolph Street"}}, {"type": "Feature", "geometry": {"type": "Point", "coordinates": [-70.877078, 42.170643]}, "properties": {"aadt": 15562, "route_name": "Washington Street", "year": 2023, "tier": "secondary", "road": "Washington Street"}}, {"type": "Feature", "geometry": {"type": "Point", "coordinates": [-70.874287, 42.244073]}, "properties": {"aadt": 15494, "route_name": "Chief Justice Cushing Highway", "year": 2018, "tier": "secondary", "road": "Chief Justice Cushing Highway"}}, {"type": "Feature", "geometry": {"type": "Point", "coordinates": [-70.955202, 42.129533]}, "properties": {"aadt": 15461, "route_name": "Randolph Street", "year": 2016, "tier": "secondary", "road": "Randolph Street"}}, {"type": "Feature", "geometry": {"type": "Point", "coordinates": [-70.950202, 42.099044]}, "properties": {"aadt": 15461, "route_name": "Washington Street", "year": 2024, "tier": "secondary", "road": "Washington Street"}}, {"type": "Feature", "geometry": {"type": "Point", "coordinates": [-71.020535, 42.10338]}, "properties": {"aadt": 15428, "route_name": "North Montello Street", "year": 2023, "tier": "secondary", "road": "North Montello Street"}}, {"type": "Feature", "geometry": {"type": "Point", "coordinates": [-70.960955, 42.213099]}, "properties": {"aadt": 15417, "route_name": "Washington Street", "year": 2023, "tier": "secondary", "road": "Washington Street"}}, {"type": "Feature", "geometry": {"type": "Point", "coordinates": [-71.029409, 42.108019]}, "properties": {"aadt": 15394, "route_name": "North Main Street", "year": 2024, "tier": "secondary", "road": "North Main Street"}}, {"type": "Feature", "geometry": {"type": "Point", "coordinates": [-70.967544, 42.131278]}, "properties": {"aadt": 15394, "route_name": "Randolph Street", "year": 2024, "tier": "secondary", "road": "Randolph Street"}}, {"type": "Feature", "geometry": {"type": "Point", "coordinates": [-70.99876, 42.11232]}, "properties": {"aadt": 15390, "route_name": "North Quincy Street", "year": 2024, "tier": "secondary", "road": "North Quincy Street"}}, {"type": "Feature", "geometry": {"type": "Point", "coordinates": [-70.951859, 42.129377]}, "properties": {"aadt": 15381, "route_name": "Randolph Street", "year": 2016, "tier": "secondary", "road": "Randolph Street"}}, {"type": "Feature", "geometry": {"type": "Point", "coordinates": [-71.008273, 42.16991]}, "properties": {"aadt": 15363, "route_name": "Washington Street", "year": 2024, "tier": "secondary", "road": "Washington Street"}}, {"type": "Feature", "geometry": {"type": "Point", "coordinates": [-70.880301, 42.17297]}, "properties": {"aadt": 15331, "route_name": "Washington Street", "year": 2023, "tier": "secondary", "road": "Washington Street"}}, {"type": "Feature", "geometry": {"type": "Point", "coordinates": [-71.032512, 42.111139]}, "properties": {"aadt": 15324, "route_name": "North Main Street", "year": 2020, "tier": "secondary", "road": "North Main Street"}}, {"type": "Feature", "geometry": {"type": "Point", "coordinates": [-70.876349, 42.235063]}, "properties": {"aadt": 15315, "route_name": "Leavitt Street", "year": 2024, "tier": "secondary", "road": "Leavitt Street"}}, {"type": "Feature", "geometry": {"type": "Point", "coordinates": [-70.99592, 42.151462]}, "properties": {"aadt": 15308, "route_name": "Abington Avenue", "year": 2023, "tier": "secondary", "road": "Abington Avenue"}}, {"type": "Feature", "geometry": {"type": "Point", "coordinates": [-70.959954, 42.211625]}, "properties": {"aadt": 15300, "route_name": "Washington Street", "year": 2024, "tier": "secondary", "road": "Washington Street"}}, {"type": "Feature", "geometry": {"type": "Point", "coordinates": [-70.948235, 42.129021]}, "properties": {"aadt": 15294, "route_name": "North Avenue", "year": 2016, "tier": "secondary", "road": "North Avenue"}}, {"type": "Feature", "geometry": {"type": "Point", "coordinates": [-70.945058, 42.128271]}, "properties": {"aadt": 15225, "route_name": "North Avenue", "year": 2016, "tier": "secondary", "road": "North Avenue"}}, {"type": "Feature", "geometry": {"type": "Point", "coordinates": [-70.962741, 42.215582]}, "properties": {"aadt": 15223, "route_name": "Washington Street", "year": 2023, "tier": "secondary", "road": "Washington Street"}}, {"type": "Feature", "geometry": {"type": "Point", "coordinates": [-71.019703, 42.102191]}, "properties": {"aadt": 15222, "route_name": "North Montello Street", "year": 2023, "tier": "secondary", "road": "North Montello Street"}}, {"type": "Feature", "geometry": {"type": "Point", "coordinates": [-70.959057, 42.21029]}, "properties": {"aadt": 15203, "route_name": "Washington Street", "year": 2024, "tier": "secondary", "road": "Washington Street"}}, {"type": "Feature", "geometry": {"type": "Point", "coordinates": [-71.007025, 42.16841]}, "properties": {"aadt": 15187, "route_name": "North Franklin Street", "year": 2024, "tier": "secondary", "road": "North Franklin Street"}}, {"type": "Feature", "geometry": {"type": "Point", "coordinates": [-70.969692, 42.132876]}, "properties": {"aadt": 15182, "route_name": "Randolph Street", "year": 2024, "tier": "secondary", "road": "Randolph Street"}}, {"type": "Feature", "geometry": {"type": "Point", "coordinates": [-70.963538, 42.216237]}, "properties": {"aadt": 15167, "route_name": "Washington Street", "year": 2023, "tier": "secondary", "road": "Washington Street"}}, {"type": "Feature", "geometry": {"type": "Point", "coordinates": [-70.941963, 42.127995]}, "properties": {"aadt": 15160, "route_name": "North Avenue", "year": 2016, "tier": "secondary", "road": "North Avenue"}}, {"type": "Feature", "geometry": {"type": "Point", "coordinates": [-71.03341, 42.11269]}, "properties": {"aadt": 15128, "route_name": "North Main Street", "year": 2020, "tier": "secondary", "road": "North Main Street"}}, {"type": "Feature", "geometry": {"type": "Point", "coordinates": [-71.00531, 42.253728]}, "properties": {"aadt": 15107, "route_name": "Hancock Street", "year": 2021, "tier": "secondary", "road": "Hancock Street"}}, {"type": "Feature", "geometry": {"type": "Point", "coordinates": [-71.005519, 42.254032]}, "properties": {"aadt": 15107, "route_name": "Hancock Street", "year": 2021, "tier": "secondary", "road": "Hancock Street"}}, {"type": "Feature", "geometry": {"type": "Point", "coordinates": [-71.007874, 42.257146]}, "properties": {"aadt": 15107, "route_name": "Hancock Street", "year": 2021, "tier": "secondary", "road": "Hancock Street"}}, {"type": "Feature", "geometry": {"type": "Point", "coordinates": [-71.00893, 42.258576]}, "properties": {"aadt": 15107, "route_name": "Hancock Street", "year": 2021, "tier": "secondary", "road": "Hancock Street"}}, {"type": "Feature", "geometry": {"type": "Point", "coordinates": [-70.939241, 42.127972]}, "properties": {"aadt": 15092, "route_name": "North Avenue", "year": 2016, "tier": "secondary", "road": "North Avenue"}}, {"type": "Feature", "geometry": {"type": "Point", "coordinates": [-71.035563, 42.115285]}, "properties": {"aadt": 15066, "route_name": "West Main Street", "year": 2020, "tier": "secondary", "road": "West Main Street"}}, {"type": "Feature", "geometry": {"type": "Point", "coordinates": [-70.949742, 42.100783]}, "properties": {"aadt": 15041, "route_name": "Washington Street", "year": 2024, "tier": "secondary", "road": "Washington Street"}}, {"type": "Feature", "geometry": {"type": "Point", "coordinates": [-70.971556, 42.133711]}, "properties": {"aadt": 15013, "route_name": "Richard Fitts Drive", "year": 2024, "tier": "secondary", "road": "Richard Fitts Drive"}}, {"type": "Feature", "geometry": {"type": "Point", "coordinates": [-70.934984, 42.128248]}, "properties": {"aadt": 15006, "route_name": "North Avenue", "year": 2016, "tier": "secondary", "road": "North Avenue"}}, {"type": "Feature", "geometry": {"type": "Point", "coordinates": [-70.933054, 42.128835]}, "properties": {"aadt": 14997, "route_name": "North Avenue", "year": 2023, "tier": "secondary", "road": "North Avenue"}}, {"type": "Feature", "geometry": {"type": "Point", "coordinates": [-70.819413, 42.232411]}, "properties": {"aadt": 14994, "route_name": "Chief Justice Cushing Highway", "year": 2022, "tier": "secondary", "road": "Chief Justice Cushing Highway"}}, {"type": "Feature", "geometry": {"type": "Point", "coordinates": [-70.966997, 42.218766]}, "properties": {"aadt": 14984, "route_name": "Commercial Street", "year": 2023, "tier": "secondary", "road": "Commercial Street"}}, {"type": "Feature", "geometry": {"type": "Point", "coordinates": [-70.966021, 42.21803]}, "properties": {"aadt": 14984, "route_name": "Washington Street", "year": 2023, "tier": "secondary", "road": "Washington Street"}}, {"type": "Feature", "geometry": {"type": "Point", "coordinates": [-70.992409, 42.149845]}, "properties": {"aadt": 14951, "route_name": "Abington Avenue", "year": 2023, "tier": "secondary", "road": "Abington Avenue"}}, {"type": "Feature", "geometry": {"type": "Point", "coordinates": [-70.844107, 42.116524]}, "properties": {"aadt": 14936, "route_name": "Hanover Street", "year": 2019, "tier": "secondary", "road": "Hanover Street"}}, {"type": "Feature", "geometry": {"type": "Point", "coordinates": [-70.82083, 42.233001]}, "properties": {"aadt": 14934, "route_name": "Chief Justice Cushing Highway", "year": 2022, "tier": "secondary", "road": "Chief Justice Cushing Highway"}}, {"type": "Feature", "geometry": {"type": "Point", "coordinates": [-70.822558, 42.233968]}, "properties": {"aadt": 14863, "route_name": "King Street", "year": 2022, "tier": "secondary", "road": "King Street"}}, {"type": "Feature", "geometry": {"type": "Point", "coordinates": [-71.018375, 42.099964]}, "properties": {"aadt": 14854, "route_name": "North Montello Street", "year": 2023, "tier": "secondary", "road": "North Montello Street"}}, {"type": "Feature", "geometry": {"type": "Point", "coordinates": [-70.887889, 42.175407]}, "properties": {"aadt": 14847, "route_name": "Whiting Street", "year": 2023, "tier": "secondary", "road": "Whiting Street"}}, {"type": "Feature", "geometry": {"type": "Point", "coordinates": [-70.998077, 42.109338]}, "properties": {"aadt": 14843, "route_name": "North Quincy Street", "year": 2024, "tier": "secondary", "road": "North Quincy Street"}}, {"type": "Feature", "geometry": {"type": "Point", "coordinates": [-70.975503, 42.135466]}, "properties": {"aadt": 14785, "route_name": "Randolph Street", "year": 2024, "tier": "secondary", "road": "Randolph Street"}}, {"type": "Feature", "geometry": {"type": "Point", "coordinates": [-70.974251, 42.134817]}, "properties": {"aadt": 14785, "route_name": "Richard Fitts Drive", "year": 2024, "tier": "secondary", "road": "Richard Fitts Drive"}}, {"type": "Feature", "geometry": {"type": "Point", "coordinates": [-70.82415, 42.235639]}, "properties": {"aadt": 14775, "route_name": "King Street", "year": 2022, "tier": "secondary", "road": "King Street"}}, {"type": "Feature", "geometry": {"type": "Point", "coordinates": [-70.953302, 42.205158]}, "properties": {"aadt": 14768, "route_name": "Washington Street", "year": 2024, "tier": "secondary", "road": "Washington Street"}}, {"type": "Feature", "geometry": {"type": "Point", "coordinates": [-70.969168, 42.220576]}, "properties": {"aadt": 14764, "route_name": "Commercial Street", "year": 2023, "tier": "secondary", "road": "Commercial Street"}}, {"type": "Feature", "geometry": {"type": "Point", "coordinates": [-70.874651, 42.236953]}, "properties": {"aadt": 14707, "route_name": "East Street", "year": 2024, "tier": "secondary", "road": "East Street"}}, {"type": "Feature", "geometry": {"type": "Point", "coordinates": [-70.890953, 42.176166]}, "properties": {"aadt": 14664, "route_name": "Whiting Street", "year": 2023, "tier": "secondary", "road": "Whiting Street"}}, {"type": "Feature", "geometry": {"type": "Point", "coordinates": [-70.826225, 42.238051]}, "properties": {"aadt": 14658, "route_name": "King Street", "year": 2022, "tier": "secondary", "road": "King Street"}}, {"type": "Feature", "geometry": {"type": "Point", "coordinates": [-71.048106, 42.120278]}, "properties": {"aadt": 14639, "route_name": "Harrison Boulevard", "year": 2024, "tier": "secondary", "road": "Harrison Boulevard"}}, {"type": "Feature", "geometry": {"type": "Point", "coordinates": [-71.037018, 42.123809]}, "properties": {"aadt": 14639, "route_name": "Harrison Boulevard", "year": 2024, "tier": "secondary", "road": "Harrison Boulevard"}}, {"type": "Feature", "geometry": {"type": "Point", "coordinates": [-70.951137, 42.204047]}, "properties": {"aadt": 14631, "route_name": "Washington Street", "year": 2024, "tier": "secondary", "road": "Washington Street"}}, {"type": "Feature", "geometry": {"type": "Point", "coordinates": [-70.944793, 42.107198]}, "properties": {"aadt": 14598, "route_name": "Washington Street", "year": 2016, "tier": "secondary", "road": "Washington Street"}}, {"type": "Feature", "geometry": {"type": "Point", "coordinates": [-71.026966, 42.106181]}, "properties": {"aadt": 14572, "route_name": "North Main Street", "year": 2024, "tier": "secondary", "road": "North Main Street"}}, {"type": "Feature", "geometry": {"type": "Point", "coordinates": [-70.892593, 42.176612]}, "properties": {"aadt": 14571, "route_name": "Whiting Street", "year": 2023, "tier": "secondary", "road": "Whiting Street"}}, {"type": "Feature", "geometry": {"type": "Point", "coordinates": [-70.995776, 42.107535]}, "properties": {"aadt": 14555, "route_name": "North Quincy Street", "year": 2024, "tier": "secondary", "road": "North Quincy Street"}}, {"type": "Feature", "geometry": {"type": "Point", "coordinates": [-70.827826, 42.239669]}, "properties": {"aadt": 14547, "route_name": "King Street", "year": 2022, "tier": "secondary", "road": "King Street"}}, {"type": "Feature", "geometry": {"type": "Point", "coordinates": [-70.988754, 42.147089]}, "properties": {"aadt": 14536, "route_name": "Abington Avenue", "year": 2023, "tier": "secondary", "road": "Abington Avenue"}}, {"type": "Feature", "geometry": {"type": "Point", "coordinates": [-70.96908, 42.224512]}, "properties": {"aadt": 14510, "route_name": "Quincy Avenue", "year": 2023, "tier": "secondary", "road": "Quincy Avenue"}}, {"type": "Feature", "geometry": {"type": "Point", "coordinates": [-71.006871, 42.16507]}, "properties": {"aadt": 14508, "route_name": "North Franklin Street", "year": 2024, "tier": "secondary", "road": "North Franklin Street"}}, {"type": "Feature", "geometry": {"type": "Point", "coordinates": [-70.82876, 42.240359]}, "properties": {"aadt": 14482, "route_name": "King Street", "year": 2022, "tier": "secondary", "road": "King Street"}}, {"type": "Feature", "geometry": {"type": "Point", "coordinates": [-70.97744, 42.137014]}, "properties": {"aadt": 14463, "route_name": "Anne Street", "year": 2024, "tier": "secondary", "road": "Anne Street"}}, {"type": "Feature", "geometry": {"type": "Point", "coordinates": [-70.948056, 42.202589]}, "properties": {"aadt": 14453, "route_name": "Washington Street", "year": 2024, "tier": "secondary", "road": "Washington Street"}}, {"type": "Feature", "geometry": {"type": "Point", "coordinates": [-70.894956, 42.177718]}, "properties": {"aadt": 14417, "route_name": "Whiting Street", "year": 2023, "tier": "secondary", "road": "Whiting Street"}}, {"type": "Feature", "geometry": {"type": "Point", "coordinates": [-70.947229, 42.202204]}, "properties": {"aadt": 14397, "route_name": "Washington Street", "year": 2024, "tier": "secondary", "road": "Washington Street"}}, {"type": "Feature", "geometry": {"type": "Point", "coordinates": [-71.031648, 42.245341]}, "properties": {"aadt": 14383, "route_name": "Willard Street", "year": 2021, "tier": "secondary", "road": "Willard Street"}}, {"type": "Feature", "geometry": {"type": "Point", "coordinates": [-71.032581, 42.246419]}, "properties": {"aadt": 14383, "route_name": "Willard Street", "year": 2021, "tier": "secondary", "road": "Willard Street"}}, {"type": "Feature", "geometry": {"type": "Point", "coordinates": [-71.033661, 42.247697]}, "properties": {"aadt": 14383, "route_name": "Willard Street", "year": 2021, "tier": "secondary", "road": "Willard Street"}}, {"type": "Feature", "geometry": {"type": "Point", "coordinates": [-71.035997, 42.250811]}, "properties": {"aadt": 14383, "route_name": "Willard Street", "year": 2021, "tier": "secondary", "road": "Willard Street"}}, {"type": "Feature", "geometry": {"type": "Point", "coordinates": [-70.969485, 42.226836]}, "properties": {"aadt": 14352, "route_name": "Quincy Avenue", "year": 2023, "tier": "secondary", "road": "Quincy Avenue"}}, {"type": "Feature", "geometry": {"type": "Point", "coordinates": [-70.959229, 42.10078]}, "properties": {"aadt": 14340, "route_name": "Brockton Avenue", "year": 2016, "tier": "secondary", "road": "Brockton Avenue"}}, {"type": "Feature", "geometry": {"type": "Point", "coordinates": [-70.969746, 42.227544]}, "properties": {"aadt": 14300, "route_name": "Quincy Avenue", "year": 2023, "tier": "secondary", "road": "Quincy Avenue"}}, {"type": "Feature", "geometry": {"type": "Point", "coordinates": [-70.979319, 42.138526]}, "properties": {"aadt": 14289, "route_name": "Anne Street", "year": 2024, "tier": "secondary", "road": "Anne Street"}}, {"type": "Feature", "geometry": {"type": "Point", "coordinates": [-70.944998, 42.201251]}, "properties": {"aadt": 14280, "route_name": "Washington Street", "year": 2024, "tier": "secondary", "road": "Washington Street"}}, {"type": "Feature", "geometry": {"type": "Point", "coordinates": [-70.897248, 42.179067]}, "properties": {"aadt": 14258, "route_name": "Whiting Street", "year": 2023, "tier": "secondary", "road": "Whiting Street"}}, {"type": "Feature", "geometry": {"type": "Point", "coordinates": [-71.025914, 42.105398]}, "properties": {"aadt": 14235, "route_name": "North Main Street", "year": 2024, "tier": "secondary", "road": "North Main Street"}}, {"type": "Feature", "geometry": {"type": "Point", "coordinates": [-70.986737, 42.145165]}, "properties": {"aadt": 14192, "route_name": "Abington Avenue", "year": 2023, "tier": "secondary", "road": "Abington Avenue"}}, {"type": "Feature", "geometry": {"type": "Point", "coordinates": [-70.837368, 42.241948]}, "properties": {"aadt": 14168, "route_name": "Chief Justice Cushing Highway", "year": 2022, "tier": "secondary", "road": "Chief Justice Cushing Highway"}}, {"type": "Feature", "geometry": {"type": "Point", "coordinates": [-70.844655, 42.242279]}, "properties": {"aadt": 14168, "route_name": "Chief Justice Cushing Highway", "year": 2022, "tier": "secondary", "road": "Chief Justice Cushing Highway"}}, {"type": "Feature", "geometry": {"type": "Point", "coordinates": [-71.006722, 42.163219]}, "properties": {"aadt": 14150, "route_name": "North Franklin Street", "year": 2024, "tier": "secondary", "road": "North Franklin Street"}}, {"type": "Feature", "geometry": {"type": "Point", "coordinates": [-70.873022, 42.238314]}, "properties": {"aadt": 14141, "route_name": "East Street", "year": 2024, "tier": "secondary", "road": "East Street"}}, {"type": "Feature", "geometry": {"type": "Point", "coordinates": [-70.899357, 42.18023]}, "properties": {"aadt": 14116, "route_name": "Whiting Street", "year": 2023, "tier": "secondary", "road": "Whiting Street"}}, {"type": "Feature", "geometry": {"type": "Point", "coordinates": [-70.980666, 42.139605]}, "properties": {"aadt": 14116, "route_name": "Plymouth Street", "year": 2024, "tier": "secondary", "road": "Plymouth Street"}}, {"type": "Feature", "geometry": {"type": "Point", "coordinates": [-70.97184, 42.229902]}, "properties": {"aadt": 14106, "route_name": "Quincy Avenue", "year": 2023, "tier": "secondary", "road": "Quincy Avenue"}}, {"type": "Feature", "geometry": {"type": "Point", "coordinates": [-70.941214, 42.200369]}, "properties": {"aadt": 14083, "route_name": "Washington Street", "year": 2024, "tier": "secondary", "road": "Washington Street"}}, {"type": "Feature", "geometry": {"type": "Point", "coordinates": [-70.973033, 42.230828]}, "properties": {"aadt": 14025, "route_name": "Quincy Avenue", "year": 2023, "tier": "secondary", "road": "Quincy Avenue"}}, {"type": "Feature", "geometry": {"type": "Point", "coordinates": [-70.900602, 42.181014]}, "properties": {"aadt": 14024, "route_name": "Whiting Street", "year": 2023, "tier": "secondary", "road": "Whiting Street"}}, {"type": "Feature", "geometry": {"type": "Point", "coordinates": [-70.947995, 42.175532]}, "properties": {"aadt": 13995, "route_name": "Ralph Talbot Street", "year": 2023, "tier": "secondary", "road": "Ralph Talbot Street"}}, {"type": "Feature", "geometry": {"type": "Point", "coordinates": [-70.945435, 42.175942]}, "properties": {"aadt": 13995, "route_name": "Ralph Talbot Street", "year": 2023, "tier": "secondary", "road": "Ralph Talbot Street"}}, {"type": "Feature", "geometry": {"type": "Point", "coordinates": [-70.942296, 42.17658]}, "properties": {"aadt": 13995, "route_name": "Ralph Talbot Street", "year": 2023, "tier": "secondary", "road": "Ralph Talbot Street"}}, {"type": "Feature", "geometry": {"type": "Point", "coordinates": [-70.939359, 42.17717]}, "properties": {"aadt": 13995, "route_name": "Ralph Talbot Street", "year": 2023, "tier": "secondary", "road": "Ralph Talbot Street"}}, {"type": "Feature", "geometry": {"type": "Point", "coordinates": [-70.935461, 42.177944]}, "properties": {"aadt": 13995, "route_name": "Ralph Talbot Street", "year": 2023, "tier": "secondary", "road": "Ralph Talbot Street"}}, {"type": "Feature", "geometry": {"type": "Point", "coordinates": [-70.933375, 42.17837]}, "properties": {"aadt": 13995, "route_name": "Ralph Talbot Street", "year": 2023, "tier": "secondary", "road": "Ralph Talbot Street"}}, {"type": "Feature", "geometry": {"type": "Point", "coordinates": [-70.932634, 42.178522]}, "properties": {"aadt": 13995, "route_name": "Ralph Talbot Street", "year": 2023, "tier": "secondary", "road": "Ralph Talbot Street"}}, {"type": "Feature", "geometry": {"type": "Point", "coordinates": [-70.930218, 42.179017]}, "properties": {"aadt": 13995, "route_name": "Ralph Talbot Street", "year": 2023, "tier": "secondary", "road": "Ralph Talbot Street"}}, {"type": "Feature", "geometry": {"type": "Point", "coordinates": [-70.927262, 42.179616]}, "properties": {"aadt": 13995, "route_name": "Ralph Talbot Street", "year": 2023, "tier": "secondary", "road": "Ralph Talbot Street"}}, {"type": "Feature", "geometry": {"type": "Point", "coordinates": [-70.923846, 42.179553]}, "properties": {"aadt": 13995, "route_name": "Oak Street", "year": 2023, "tier": "secondary", "road": "Oak Street"}}, {"type": "Feature", "geometry": {"type": "Point", "coordinates": [-70.920552, 42.178482]}, "properties": {"aadt": 13995, "route_name": "Derby Street", "year": 2023, "tier": "secondary", "road": "Derby Street"}}, {"type": "Feature", "geometry": {"type": "Point", "coordinates": [-70.918035, 42.178467]}, "properties": {"aadt": 13995, "route_name": "Derby Street", "year": 2023, "tier": "secondary", "road": "Derby Street"}}, {"type": "Feature", "geometry": {"type": "Point", "coordinates": [-70.914892, 42.179181]}, "properties": {"aadt": 13995, "route_name": "Derby Street", "year": 2023, "tier": "secondary", "road": "Derby Street"}}, {"type": "Feature", "geometry": {"type": "Point", "coordinates": [-70.912443, 42.179773]}, "properties": {"aadt": 13995, "route_name": "Derby Street", "year": 2023, "tier": "secondary", "road": "Derby Street"}}, {"type": "Feature", "geometry": {"type": "Point", "coordinates": [-70.909082, 42.180171]}, "properties": {"aadt": 13995, "route_name": "Derby Street", "year": 2023, "tier": "secondary", "road": "Derby Street"}}, {"type": "Feature", "geometry": {"type": "Point", "coordinates": [-70.90623, 42.180366]}, "properties": {"aadt": 13995, "route_name": "Derby Street", "year": 2023, "tier": "secondary", "road": "Derby Street"}}, {"type": "Feature", "geometry": {"type": "Point", "coordinates": [-70.901707, 42.181679]}, "properties": {"aadt": 13969, "route_name": "Whiting Street", "year": 2023, "tier": "secondary", "road": "Whiting Street"}}, {"type": "Feature", "geometry": {"type": "Point", "coordinates": [-70.829874, 42.11466]}, "properties": {"aadt": 13965, "route_name": "Hanover Street", "year": 2024, "tier": "secondary", "road": "Hanover Street"}}, {"type": "Feature", "geometry": {"type": "Point", "coordinates": [-70.827697, 42.114585]}, "properties": {"aadt": 13965, "route_name": "Rockland Street", "year": 2024, "tier": "secondary", "road": "Rockland Street"}}, {"type": "Feature", "geometry": {"type": "Point", "coordinates": [-71.039466, 42.130286]}, "properties": {"aadt": 13959, "route_name": "East Main Street", "year": 2024, "tier": "secondary", "road": "East Main Street"}}, {"type": "Feature", "geometry": {"type": "Point", "coordinates": [-70.97108, 42.169969]}, "properties": {"aadt": 13929, "route_name": "Randolph Street", "year": 2021, "tier": "secondary", "road": "Randolph Street"}}, {"type": "Feature", "geometry": {"type": "Point", "coordinates": [-70.942575, 42.227844]}, "properties": {"aadt": 13929, "route_name": "Commercial Street", "year": 2021, "tier": "secondary", "road": "Commercial Street"}}, {"type": "Feature", "geometry": {"type": "Point", "coordinates": [-70.943876, 42.229865]}, "properties": {"aadt": 13929, "route_name": "North Street", "year": 2021, "tier": "secondary", "road": "North Street"}}, {"type": "Feature", "geometry": {"type": "Point", "coordinates": [-70.925079, 42.215115]}, "properties": {"aadt": 13929, "route_name": "Pleasant Street", "year": 2021, "tier": "secondary", "road": "Pleasant Street"}}, {"type": "Feature", "geometry": {"type": "Point", "coordinates": [-70.948441, 42.175274]}, "properties": {"aadt": 13929, "route_name": "Pleasant Street", "year": 2021, "tier": "secondary", "road": "Pleasant Street"}}, {"type": "Feature", "geometry": {"type": "Point", "coordinates": [-70.951138, 42.174208]}, "properties": {"aadt": 13929, "route_name": "Pleasant Street", "year": 2021, "tier": "secondary", "road": "Pleasant Street"}}, {"type": "Feature", "geometry": {"type": "Point", "coordinates": [-70.939525, 42.22508]}, "properties": {"aadt": 13929, "route_name": "Commercial Street", "year": 2021, "tier": "secondary", "road": "Commercial Street"}}, {"type": "Feature", "geometry": {"type": "Point", "coordinates": [-70.945528, 42.179033]}, "properties": {"aadt": 13929, "route_name": "Pleasant Street", "year": 2021, "tier": "secondary", "road": "Pleasant Street"}}, {"type": "Feature", "geometry": {"type": "Point", "coordinates": [-70.945416, 42.179089]}, "properties": {"aadt": 13929, "route_name": "Pleasant Street", "year": 2021, "tier": "secondary", "road": "Pleasant Street"}}, {"type": "Feature", "geometry": {"type": "Point", "coordinates": [-70.978166, 42.165903]}, "properties": {"aadt": 13929, "route_name": "Weymouth Street", "year": 2021, "tier": "secondary", "road": "Weymouth Street"}}, {"type": "Feature", "geometry": {"type": "Point", "coordinates": [-70.976437, 42.16655]}, "properties": {"aadt": 13929, "route_name": "Weymouth Street", "year": 2021, "tier": "secondary", "road": "Weymouth Street"}}, {"type": "Feature", "geometry": {"type": "Point", "coordinates": [-70.97388, 42.167314]}, "properties": {"aadt": 13929, "route_name": "Randolph Street", "year": 2021, "tier": "secondary", "road": "Randolph Street"}}, {"type": "Feature", "geometry": {"type": "Point", "coordinates": [-70.972218, 42.16808]}, "properties": {"aadt": 13929, "route_name": "Randolph Street", "year": 2021, "tier": "secondary", "road": "Randolph Street"}}, {"type": "Feature", "geometry": {"type": "Point", "coordinates": [-70.969483, 42.16989]}, "properties": {"aadt": 13929, "route_name": "Randolph Street", "year": 2021, "tier": "secondary", "road": "Randolph Street"}}, {"type": "Feature", "geometry": {"type": "Point", "coordinates": [-70.966455, 42.169703]}, "properties": {"aadt": 13929, "route_name": "Randolph Street", "year": 2021, "tier": "secondary", "road": "Randolph Street"}}, {"type": "Feature", "geometry": {"type": "Point", "coordinates": [-70.961168, 42.170517]}, "properties": {"aadt": 13929, "route_name": "Randolph Street", "year": 2021, "tier": "secondary", "road": "Randolph Street"}}, {"type": "Feature", "geometry": {"type": "Point", "coordinates": [-70.959868, 42.170414]}, "properties": {"aadt": 13929, "route_name": "Randolph Street", "year": 2021, "tier": "secondary", "road": "Randolph Street"}}, {"type": "Feature", "geometry": {"type": "Point", "coordinates": [-70.954411, 42.172404]}, "properties": {"aadt": 13929, "route_name": "Pleasant Street", "year": 2021, "tier": "secondary", "road": "Pleasant Street"}}, {"type": "Feature", "geometry": {"type": "Point", "coordinates": [-70.954178, 42.172572]}, "properties": {"aadt": 13929, "route_name": "Pleasant Street", "year": 2021, "tier": "secondary", "road": "Pleasant Street"}}, {"type": "Feature", "geometry": {"type": "Point", "coordinates": [-70.942288, 42.180643]}, "properties": {"aadt": 13929, "route_name": "Pleasant Street", "year": 2021, "tier": "secondary", "road": "Pleasant Street"}}, {"type": "Feature", "geometry": {"type": "Point", "coordinates": [-70.939385, 42.181701]}, "properties": {"aadt": 13929, "route_name": "Pleasant Street", "year": 2021, "tier": "secondary", "road": "Pleasant Street"}}, {"type": "Feature", "geometry": {"type": "Point", "coordinates": [-70.936454, 42.183865]}, "properties": {"aadt": 13929, "route_name": "Pleasant Street", "year": 2021, "tier": "secondary", "road": "Pleasant Street"}}, {"type": "Feature", "geometry": {"type": "Point", "coordinates": [-70.935101, 42.185213]}, "properties": {"aadt": 13929, "route_name": "Pleasant Street", "year": 2021, "tier": "secondary", "road": "Pleasant Street"}}, {"type": "Feature", "geometry": {"type": "Point", "coordinates": [-70.933494, 42.187106]}, "properties": {"aadt": 13929, "route_name": "Pleasant Street", "year": 2021, "tier": "secondary", "road": "Pleasant Street"}}, {"type": "Feature", "geometry": {"type": "Point", "coordinates": [-70.932921, 42.187701]}, "properties": {"aadt": 13929, "route_name": "Pleasant Street", "year": 2021, "tier": "secondary", "road": "Pleasant Street"}}, {"type": "Feature", "geometry": {"type": "Point", "coordinates": [-70.93119, 42.190845]}, "properties": {"aadt": 13929, "route_name": "Pleasant Street", "year": 2021, "tier": "secondary", "road": "Pleasant Street"}}, {"type": "Feature", "geometry": {"type": "Point", "coordinates": [-70.930238, 42.193326]}, "properties": {"aadt": 13929, "route_name": "Pleasant Street", "year": 2021, "tier": "secondary", "road": "Pleasant Street"}}, {"type": "Feature", "geometry": {"type": "Point", "coordinates": [-70.929894, 42.194033]}, "properties": {"aadt": 13929, "route_name": "Pleasant Street", "year": 2021, "tier": "secondary", "road": "Pleasant Street"}}, {"type": "Feature", "geometry": {"type": "Point", "coordinates": [-70.927463, 42.195462]}, "properties": {"aadt": 13929, "route_name": "Pleasant Street", "year": 2021, "tier": "secondary", "road": "Pleasant Street"}}, {"type": "Feature", "geometry": {"type": "Point", "coordinates": [-70.925433, 42.197046]}, "properties": {"aadt": 13929, "route_name": "Pleasant Street", "year": 2021, "tier": "secondary", "road": "Pleasant Street"}}, {"type": "Feature", "geometry": {"type": "Point", "coordinates": [-70.92472, 42.199514]}, "properties": {"aadt": 13929, "route_name": "Pleasant Street", "year": 2021, "tier": "secondary", "road": "Pleasant Street"}}, {"type": "Feature", "geometry": {"type": "Point", "coordinates": [-70.92471, 42.202564]}, "properties": {"aadt": 13929, "route_name": "Pleasant Street", "year": 2021, "tier": "secondary", "road": "Pleasant Street"}}, {"type": "Feature", "geometry": {"type": "Point", "coordinates": [-70.924492, 42.204864]}, "properties": {"aadt": 13929, "route_name": "Pleasant Street", "year": 2021, "tier": "secondary", "road": "Pleasant Street"}}, {"type": "Feature", "geometry": {"type": "Point", "coordinates": [-70.924438, 42.205585]}, "properties": {"aadt": 13929, "route_name": "Pleasant Street", "year": 2021, "tier": "secondary", "road": "Pleasant Street"}}, {"type": "Feature", "geometry": {"type": "Point", "coordinates": [-70.924569, 42.20672]}, "properties": {"aadt": 13929, "route_name": "Pleasant Street", "year": 2021, "tier": "secondary", "road": "Pleasant Street"}}, {"type": "Feature", "geometry": {"type": "Point", "coordinates": [-70.924881, 42.209116]}, "properties": {"aadt": 13929, "route_name": "Pleasant Street", "year": 2021, "tier": "secondary", "road": "Pleasant Street"}}, {"type": "Feature", "geometry": {"type": "Point", "coordinates": [-70.9245, 42.211325]}, "properties": {"aadt": 13929, "route_name": "Pleasant Street", "year": 2021, "tier": "secondary", "road": "Pleasant Street"}}, {"type": "Feature", "geometry": {"type": "Point", "coordinates": [-70.92458, 42.211811]}, "properties": {"aadt": 13929, "route_name": "Pleasant Street", "year": 2021, "tier": "secondary", "road": "Pleasant Street"}}, {"type": "Feature", "geometry": {"type": "Point", "coordinates": [-70.926801, 42.217713]}, "properties": {"aadt": 13929, "route_name": "Commercial Street", "year": 2021, "tier": "secondary", "road": "Commercial Street"}}, {"type": "Feature", "geometry": {"type": "Point", "coordinates": [-70.927535, 42.219081]}, "properties": {"aadt": 13929, "route_name": "Commercial Street", "year": 2021, "tier": "secondary", "road": "Commercial Street"}}, {"type": "Feature", "geometry": {"type": "Point", "coordinates": [-70.929948, 42.220556]}, "properties": {"aadt": 13929, "route_name": "Commercial Street", "year": 2021, "tier": "secondary", "road": "Commercial Street"}}, {"type": "Feature", "geometry": {"type": "Point", "coordinates": [-70.930622, 42.221212]}, "properties": {"aadt": 13929, "route_name": "Commercial Street", "year": 2021, "tier": "secondary", "road": "Commercial Street"}}, {"type": "Feature", "geometry": {"type": "Point", "coordinates": [-70.934197, 42.2239]}, "properties": {"aadt": 13929, "route_name": "Commercial Street", "year": 2021, "tier": "secondary", "road": "Commercial Street"}}, {"type": "Feature", "geometry": {"type": "Point", "coordinates": [-70.936647, 42.224658]}, "properties": {"aadt": 13929, "route_name": "Commercial Street", "year": 2021, "tier": "secondary", "road": "Commercial Street"}}, {"type": "Feature", "geometry": {"type": "Point", "coordinates": [-70.942078, 42.227296]}, "properties": {"aadt": 13929, "route_name": "Commercial Street", "year": 2021, "tier": "secondary", "road": "Commercial Street"}}, {"type": "Feature", "geometry": {"type": "Point", "coordinates": [-70.945142, 42.232896]}, "properties": {"aadt": 13929, "route_name": "North Street", "year": 2021, "tier": "secondary", "road": "North Street"}}, {"type": "Feature", "geometry": {"type": "Point", "coordinates": [-70.944189, 42.235525]}, "properties": {"aadt": 13929, "route_name": "North Street", "year": 2021, "tier": "secondary", "road": "North Street"}}, {"type": "Feature", "geometry": {"type": "Point", "coordinates": [-70.944542, 42.238619]}, "properties": {"aadt": 13929, "route_name": "North Street", "year": 2021, "tier": "secondary", "road": "North Street"}}, {"type": "Feature", "geometry": {"type": "Point", "coordinates": [-70.937491, 42.199548]}, "properties": {"aadt": 13885, "route_name": "Washington Street", "year": 2024, "tier": "secondary", "road": "Washington Street"}}, {"type": "Feature", "geometry": {"type": "Point", "coordinates": [-70.872116, 42.238898]}, "properties": {"aadt": 13872, "route_name": "East Street", "year": 2024, "tier": "secondary", "road": "East Street"}}, {"type": "Feature", "geometry": {"type": "Point", "coordinates": [-70.992258, 42.104758]}, "properties": {"aadt": 13821, "route_name": "North Quincy Street", "year": 2024, "tier": "secondary", "road": "North Quincy Street"}}, {"type": "Feature", "geometry": {"type": "Point", "coordinates": [-70.976524, 42.233562]}, "properties": {"aadt": 13775, "route_name": "Quincy Avenue", "year": 2023, "tier": "secondary", "road": "Quincy Avenue"}}, {"type": "Feature", "geometry": {"type": "Point", "coordinates": [-70.903978, 42.183016]}, "properties": {"aadt": 13774, "route_name": "Whiting Street", "year": 2023, "tier": "secondary", "road": "Whiting Street"}}, {"type": "Feature", "geometry": {"type": "Point", "coordinates": [-70.99863, 42.250374]}, "properties": {"aadt": 13773, "route_name": "Washington Street", "year": 2016, "tier": "secondary", "road": "Washington Street"}}, {"type": "Feature", "geometry": {"type": "Point", "coordinates": [-70.995507, 42.250051]}, "properties": {"aadt": 13773, "route_name": "Washington Street", "year": 2016, "tier": "secondary", "road": "Washington Street"}}, {"type": "Feature", "geometry": {"type": "Point", "coordinates": [-70.993427, 42.249829]}, "properties": {"aadt": 13773, "route_name": "Washington Street", "year": 2016, "tier": "secondary", "road": "Washington Street"}}, {"type": "Feature", "geometry": {"type": "Point", "coordinates": [-70.989901, 42.249274]}, "properties": {"aadt": 13773, "route_name": "Washington Street", "year": 2016, "tier": "secondary", "road": "Washington Street"}}, {"type": "Feature", "geometry": {"type": "Point", "coordinates": [-70.987328, 42.249134]}, "properties": {"aadt": 13773, "route_name": "Washington Street", "year": 2016, "tier": "secondary", "road": "Washington Street"}}, {"type": "Feature", "geometry": {"type": "Point", "coordinates": [-70.935052, 42.199007]}, "properties": {"aadt": 13772, "route_name": "Washington Street", "year": 2024, "tier": "secondary", "road": "Washington Street"}}, {"type": "Feature", "geometry": {"type": "Point", "coordinates": [-70.983164, 42.141762]}, "properties": {"aadt": 13764, "route_name": "Plymouth Street", "year": 2024, "tier": "secondary", "road": "Plymouth Street"}}, {"type": "Feature", "geometry": {"type": "Point", "coordinates": [-70.869999, 42.24375]}, "properties": {"aadt": 13737, "route_name": "Chief Justice Cushing Highway", "year": 2018, "tier": "secondary", "road": "Chief Justice Cushing Highway"}}, {"type": "Feature", "geometry": {"type": "Point", "coordinates": [-70.84991, 42.242644]}, "properties": {"aadt": 13707, "route_name": "Chief Justice Cushing Highway", "year": 2022, "tier": "secondary", "road": "Chief Justice Cushing Highway"}}, {"type": "Feature", "geometry": {"type": "Point", "coordinates": [-71.020591, 42.241529]}, "properties": {"aadt": 13686, "route_name": "Centre Street", "year": 2021, "tier": "secondary", "road": "Centre Street"}}, {"type": "Feature", "geometry": {"type": "Point", "coordinates": [-71.011576, 42.234529]}, "properties": {"aadt": 13686, "route_name": "Centre Street", "year": 2021, "tier": "secondary", "road": "Centre Street"}}, {"type": "Feature", "geometry": {"type": "Point", "coordinates": [-71.012661, 42.235599]}, "properties": {"aadt": 13686, "route_name": "Centre Street", "year": 2021, "tier": "secondary", "road": "Centre Street"}}, {"type": "Feature", "geometry": {"type": "Point", "coordinates": [-71.014521, 42.237449]}, "properties": {"aadt": 13686, "route_name": "Centre Street", "year": 2021, "tier": "secondary", "road": "Centre Street"}}, {"type": "Feature", "geometry": {"type": "Point", "coordinates": [-71.015691, 42.238599]}, "properties": {"aadt": 13686, "route_name": "Centre Street", "year": 2021, "tier": "secondary", "road": "Centre Street"}}, {"type": "Feature", "geometry": {"type": "Point", "coordinates": [-71.017708, 42.240369]}, "properties": {"aadt": 13686, "route_name": "Centre Street", "year": 2021, "tier": "secondary", "road": "Centre Street"}}, {"type": "Feature", "geometry": {"type": "Point", "coordinates": [-71.050107, 42.20043]}, "properties": {"aadt": 13684, "route_name": "Pond Street", "year": 2023, "tier": "secondary", "road": "Pond Street"}}, {"type": "Feature", "geometry": {"type": "Point", "coordinates": [-71.04679, 42.20401]}, "properties": {"aadt": 13684, "route_name": "West Street", "year": 2023, "tier": "secondary", "road": "West Street"}}, {"type": "Feature", "geometry": {"type": "Point", "coordinates": [-71.042648, 42.207219]}, "properties": {"aadt": 13684, "route_name": "West Street", "year": 2023, "tier": "secondary", "road": "West Street"}}, {"type": "Feature", "geometry": {"type": "Point", "coordinates": [-71.041341, 42.207803]}, "properties": {"aadt": 13684, "route_name": "West Street", "year": 2023, "tier": "secondary", "road": "West Street"}}, {"type": "Feature", "geometry": {"type": "Point", "coordinates": [-71.04027, 42.208513]}, "properties": {"aadt": 13684, "route_name": "West Street", "year": 2023, "tier": "secondary", "road": "West Street"}}, {"type": "Feature", "geometry": {"type": "Point", "coordinates": [-71.038277, 42.210041]}, "properties": {"aadt": 13684, "route_name": "West Street", "year": 2023, "tier": "secondary", "road": "West Street"}}, {"type": "Feature", "geometry": {"type": "Point", "coordinates": [-71.035258, 42.2107]}, "properties": {"aadt": 13684, "route_name": "West Street", "year": 2023, "tier": "secondary", "road": "West Street"}}, {"type": "Feature", "geometry": {"type": "Point", "coordinates": [-71.031945, 42.21125]}, "properties": {"aadt": 13684, "route_name": "West Street", "year": 2023, "tier": "secondary", "road": "West Street"}}, {"type": "Feature", "geometry": {"type": "Point", "coordinates": [-71.031071, 42.211636]}, "properties": {"aadt": 13684, "route_name": "West Street", "year": 2023, "tier": "secondary", "road": "West Street"}}, {"type": "Feature", "geometry": {"type": "Point", "coordinates": [-71.029308, 42.212209]}, "properties": {"aadt": 13684, "route_name": "West Street", "year": 2023, "tier": "secondary", "road": "West Street"}}, {"type": "Feature", "geometry": {"type": "Point", "coordinates": [-71.026305, 42.211831]}, "properties": {"aadt": 13684, "route_name": "West Street", "year": 2023, "tier": "secondary", "road": "West Street"}}, {"type": "Feature", "geometry": {"type": "Point", "coordinates": [-70.97876, 42.235308]}, "properties": {"aadt": 13617, "route_name": "Quincy Avenue", "year": 2023, "tier": "secondary", "road": "Quincy Avenue"}}, {"type": "Feature", "geometry": {"type": "Point", "coordinates": [-70.835004, 42.11516]}, "properties": {"aadt": 13574, "route_name": "Hanover Street", "year": 2019, "tier": "secondary", "road": "Hanover Street"}}, {"type": "Feature", "geometry": {"type": "Point", "coordinates": [-70.931455, 42.197815]}, "properties": {"aadt": 13564, "route_name": "Washington Street", "year": 2024, "tier": "secondary", "road": "Washington Street"}}, {"type": "Feature", "geometry": {"type": "Point", "coordinates": [-70.979708, 42.236059]}, "properties": {"aadt": 13547, "route_name": "Quincy Avenue", "year": 2023, "tier": "secondary", "road": "Quincy Avenue"}}, {"type": "Feature", "geometry": {"type": "Point", "coordinates": [-70.983813, 42.242081]}, "properties": {"aadt": 13547, "route_name": "Southern Artery", "year": 2023, "tier": "secondary", "road": "Southern Artery"}}, {"type": "Feature", "geometry": {"type": "Point", "coordinates": [-71.006312, 42.159592]}, "properties": {"aadt": 13547, "route_name": "North Franklin Street", "year": 2024, "tier": "secondary", "road": "North Franklin Street"}}, {"type": "Feature", "geometry": {"type": "Point", "coordinates": [-70.98226, 42.237994]}, "properties": {"aadt": 13547, "route_name": "Quincy Avenue", "year": 2023, "tier": "secondary", "road": "Quincy Avenue"}}, {"type": "Feature", "geometry": {"type": "Point", "coordinates": [-70.983107, 42.245842]}, "properties": {"aadt": 13547, "route_name": "Southern Artery", "year": 2023, "tier": "secondary", "road": "Southern Artery"}}, {"type": "Feature", "geometry": {"type": "Point", "coordinates": [-70.921726, 42.162803]}, "properties": {"aadt": 13513, "route_name": "Sharp Street", "year": 2021, "tier": "secondary", "road": "Sharp Street"}}, {"type": "Feature", "geometry": {"type": "Point", "coordinates": [-70.857899, 42.243121]}, "properties": {"aadt": 13488, "route_name": "Chief Justice Cushing Highway", "year": 2022, "tier": "secondary", "road": "Chief Justice Cushing Highway"}}, {"type": "Feature", "geometry": {"type": "Point", "coordinates": [-70.838484, 42.116055]}, "properties": {"aadt": 13464, "route_name": "Hanover Street", "year": 2019, "tier": "secondary", "road": "Hanover Street"}}, {"type": "Feature", "geometry": {"type": "Point", "coordinates": [-70.908327, 42.185569]}, "properties": {"aadt": 13458, "route_name": "Whiting Street", "year": 2023, "tier": "secondary", "road": "Whiting Street"}}, {"type": "Feature", "geometry": {"type": "Point", "coordinates": [-70.870174, 42.240244]}, "properties": {"aadt": 13409, "route_name": "East Street", "year": 2024, "tier": "secondary", "road": "East Street"}}, {"type": "Feature", "geometry": {"type": "Point", "coordinates": [-70.862304, 42.243266]}, "properties": {"aadt": 13349, "route_name": "Chief Justice Cushing Highway", "year": 2016, "tier": "secondary", "road": "Chief Justice Cushing Highway"}}, {"type": "Feature", "geometry": {"type": "Point", "coordinates": [-70.841629, 42.116645]}, "properties": {"aadt": 13347, "route_name": "Hanover Street", "year": 2019, "tier": "secondary", "road": "Hanover Street"}}, {"type": "Feature", "geometry": {"type": "Point", "coordinates": [-70.910434, 42.18733]}, "properties": {"aadt": 13247, "route_name": "Whiting Street", "year": 2023, "tier": "secondary", "road": "Whiting Street"}}, {"type": "Feature", "geometry": {"type": "Point", "coordinates": [-70.991406, 42.101334]}, "properties": {"aadt": 13218, "route_name": "North Quincy Street", "year": 2024, "tier": "secondary", "road": "North Quincy Street"}}, {"type": "Feature", "geometry": {"type": "Point", "coordinates": [-70.945761, 42.10623]}, "properties": {"aadt": 13157, "route_name": "Washington Street", "year": 2024, "tier": "secondary", "road": "Washington Street"}}, {"type": "Feature", "geometry": {"type": "Point", "coordinates": [-70.923828, 42.194823]}, "properties": {"aadt": 13147, "route_name": "Washington Street", "year": 2024, "tier": "secondary", "road": "Washington Street"}}, {"type": "Feature", "geometry": {"type": "Point", "coordinates": [-70.924503, 42.162972]}, "properties": {"aadt": 13034, "route_name": "Liberty Street", "year": 2021, "tier": "secondary", "road": "Liberty Street"}}, {"type": "Feature", "geometry": {"type": "Point", "coordinates": [-70.927697, 42.163155]}, "properties": {"aadt": 13034, "route_name": "Liberty Street", "year": 2021, "tier": "secondary", "road": "Liberty Street"}}, {"type": "Feature", "geometry": {"type": "Point", "coordinates": [-70.93126, 42.163374]}, "properties": {"aadt": 13034, "route_name": "Liberty Street", "year": 2021, "tier": "secondary", "road": "Liberty Street"}}, {"type": "Feature", "geometry": {"type": "Point", "coordinates": [-70.933571, 42.163509]}, "properties": {"aadt": 13034, "route_name": "Liberty Street", "year": 2021, "tier": "secondary", "road": "Liberty Street"}}, {"type": "Feature", "geometry": {"type": "Point", "coordinates": [-70.937018, 42.164494]}, "properties": {"aadt": 13034, "route_name": "Union Street", "year": 2021, "tier": "secondary", "road": "Union Street"}}, {"type": "Feature", "geometry": {"type": "Point", "coordinates": [-70.939236, 42.16696]}, "properties": {"aadt": 13034, "route_name": "Union Street", "year": 2021, "tier": "secondary", "road": "Union Street"}}, {"type": "Feature", "geometry": {"type": "Point", "coordinates": [-70.939801, 42.167749]}, "properties": {"aadt": 13034, "route_name": "Union Street", "year": 2021, "tier": "secondary", "road": "Union Street"}}, {"type": "Feature", "geometry": {"type": "Point", "coordinates": [-70.941271, 42.169939]}, "properties": {"aadt": 13034, "route_name": "Union Street", "year": 2021, "tier": "secondary", "road": "Union Street"}}, {"type": "Feature", "geometry": {"type": "Point", "coordinates": [-70.942611, 42.17166]}, "properties": {"aadt": 13034, "route_name": "Union Street", "year": 2021, "tier": "secondary", "road": "Union Street"}}, {"type": "Feature", "geometry": {"type": "Point", "coordinates": [-70.913697, 42.190305]}, "properties": {"aadt": 13009, "route_name": "Whiting Street", "year": 2023, "tier": "secondary", "road": "Whiting Street"}}, {"type": "Feature", "geometry": {"type": "Point", "coordinates": [-70.920866, 42.194]}, "properties": {"aadt": 13001, "route_name": "Washington Street", "year": 2024, "tier": "secondary", "road": "Washington Street"}}, {"type": "Feature", "geometry": {"type": "Point", "coordinates": [-70.930101, 42.128386]}, "properties": {"aadt": 12881, "route_name": "Plain Street", "year": 2023, "tier": "secondary", "road": "Plain Street"}}, {"type": "Feature", "geometry": {"type": "Point", "coordinates": [-70.991106, 42.100469]}, "properties": {"aadt": 12790, "route_name": "North Quincy Street", "year": 2024, "tier": "secondary", "road": "North Quincy Street"}}, {"type": "Feature", "geometry": {"type": "Point", "coordinates": [-70.84997, 42.115399]}, "properties": {"aadt": 12757, "route_name": "Hanover Street", "year": 2022, "tier": "secondary", "road": "Hanover Street"}}, {"type": "Feature", "geometry": {"type": "Point", "coordinates": [-70.915535, 42.191575]}, "properties": {"aadt": 12756, "route_name": "Whiting Street", "year": 2024, "tier": "secondary", "road": "Whiting Street"}}, {"type": "Feature", "geometry": {"type": "Point", "coordinates": [-70.918509, 42.193322]}, "properties": {"aadt": 12756, "route_name": "Washington Street", "year": 2024, "tier": "secondary", "road": "Washington Street"}}, {"type": "Feature", "geometry": {"type": "Point", "coordinates": [-70.936551, 42.117496]}, "properties": {"aadt": 12727, "route_name": "Plymouth Street", "year": 2016, "tier": "secondary", "road": "Plymouth Street"}}, {"type": "Feature", "geometry": {"type": "Point", "coordinates": [-70.928392, 42.104315]}, "properties": {"aadt": 12727, "route_name": "Plymouth Street", "year": 2016, "tier": "secondary", "road": "Plymouth Street"}}, {"type": "Feature", "geometry": {"type": "Point", "coordinates": [-70.933028, 42.110203]}, "properties": {"aadt": 12727, "route_name": "Plymouth Street", "year": 2016, "tier": "secondary", "road": "Plymouth Street"}}, {"type": "Feature", "geometry": {"type": "Point", "coordinates": [-70.929807, 42.106889]}, "properties": {"aadt": 12727, "route_name": "Plymouth Street", "year": 2016, "tier": "secondary", "road": "Plymouth Street"}}, {"type": "Feature", "geometry": {"type": "Point", "coordinates": [-70.931145, 42.108516]}, "properties": {"aadt": 12727, "route_name": "Plymouth Street", "year": 2016, "tier": "secondary", "road": "Plymouth Street"}}, {"type": "Feature", "geometry": {"type": "Point", "coordinates": [-70.93446, 42.111715]}, "properties": {"aadt": 12727, "route_name": "Plymouth Street", "year": 2016, "tier": "secondary", "road": "Plymouth Street"}}, {"type": "Feature", "geometry": {"type": "Point", "coordinates": [-70.935873, 42.114417]}, "properties": {"aadt": 12727, "route_name": "Plymouth Street", "year": 2016, "tier": "secondary", "road": "Plymouth Street"}}, {"type": "Feature", "geometry": {"type": "Point", "coordinates": [-70.937498, 42.120488]}, "properties": {"aadt": 12727, "route_name": "Plymouth Street", "year": 2016, "tier": "secondary", "road": "Plymouth Street"}}, {"type": "Feature", "geometry": {"type": "Point", "coordinates": [-70.938213, 42.122122]}, "properties": {"aadt": 12727, "route_name": "Plymouth Street", "year": 2016, "tier": "secondary", "road": "Plymouth Street"}}, {"type": "Feature", "geometry": {"type": "Point", "coordinates": [-70.940748, 42.124677]}, "properties": {"aadt": 12727, "route_name": "Plymouth Street", "year": 2016, "tier": "secondary", "road": "Plymouth Street"}}, {"type": "Feature", "geometry": {"type": "Point", "coordinates": [-70.942985, 42.12657]}, "properties": {"aadt": 12727, "route_name": "Plymouth Street", "year": 2016, "tier": "secondary", "road": "Plymouth Street"}}, {"type": "Feature", "geometry": {"type": "Point", "coordinates": [-70.944781, 42.132187]}, "properties": {"aadt": 12727, "route_name": "Adams Street", "year": 2016, "tier": "secondary", "road": "Adams Street"}}, {"type": "Feature", "geometry": {"type": "Point", "coordinates": [-70.944822, 42.13391]}, "properties": {"aadt": 12727, "route_name": "Adams Street", "year": 2016, "tier": "secondary", "road": "Adams Street"}}, {"type": "Feature", "geometry": {"type": "Point", "coordinates": [-70.945507, 42.140618]}, "properties": {"aadt": 12727, "route_name": "Adams Street", "year": 2016, "tier": "secondary", "road": "Adams Street"}}, {"type": "Feature", "geometry": {"type": "Point", "coordinates": [-70.94706, 42.14399]}, "properties": {"aadt": 12727, "route_name": "Adams Street", "year": 2016, "tier": "secondary", "road": "Adams Street"}}, {"type": "Feature", "geometry": {"type": "Point", "coordinates": [-70.950319, 42.146693]}, "properties": {"aadt": 12727, "route_name": "Adams Street", "year": 2016, "tier": "secondary", "road": "Adams Street"}}, {"type": "Feature", "geometry": {"type": "Point", "coordinates": [-70.952298, 42.148337]}, "properties": {"aadt": 12727, "route_name": "Pond Street", "year": 2016, "tier": "secondary", "road": "Pond Street"}}, {"type": "Feature", "geometry": {"type": "Point", "coordinates": [-70.953108, 42.149773]}, "properties": {"aadt": 12727, "route_name": "Pond Street", "year": 2016, "tier": "secondary", "road": "Pond Street"}}, {"type": "Feature", "geometry": {"type": "Point", "coordinates": [-70.867229, 42.243539]}, "properties": {"aadt": 12679, "route_name": "Chief Justice Cushing Highway", "year": 2016, "tier": "secondary", "road": "Chief Justice Cushing Highway"}}, {"type": "Feature", "geometry": {"type": "Point", "coordinates": [-70.867193, 42.241305]}, "properties": {"aadt": 12636, "route_name": "East Street", "year": 2024, "tier": "secondary", "road": "East Street"}}, {"type": "Feature", "geometry": {"type": "Point", "coordinates": [-70.936901, 42.217539]}, "properties": {"aadt": 12628, "route_name": "Middle Street", "year": 2021, "tier": "secondary", "road": "Middle Street"}}, {"type": "Feature", "geometry": {"type": "Point", "coordinates": [-70.939181, 42.21457]}, "properties": {"aadt": 12628, "route_name": "Middle Street", "year": 2021, "tier": "secondary", "road": "Middle Street"}}, {"type": "Feature", "geometry": {"type": "Point", "coordinates": [-70.976089, 42.186783]}, "properties": {"aadt": 12628, "route_name": "Grove Street", "year": 2021, "tier": "secondary", "road": "Grove Street"}}, {"type": "Feature", "geometry": {"type": "Point", "coordinates": [-70.974749, 42.18709]}, "properties": {"aadt": 12628, "route_name": "Grove Street", "year": 2021, "tier": "secondary", "road": "Grove Street"}}, {"type": "Feature", "geometry": {"type": "Point", "coordinates": [-70.971579, 42.187159]}, "properties": {"aadt": 12628, "route_name": "West Street", "year": 2021, "tier": "secondary", "road": "West Street"}}, {"type": "Feature", "geometry": {"type": "Point", "coordinates": [-70.96809, 42.187469]}, "properties": {"aadt": 12628, "route_name": "West Street", "year": 2021, "tier": "secondary", "road": "West Street"}}, {"type": "Feature", "geometry": {"type": "Point", "coordinates": [-70.967631, 42.187509]}, "properties": {"aadt": 12628, "route_name": "West Street", "year": 2021, "tier": "secondary", "road": "West Street"}}, {"type": "Feature", "geometry": {"type": "Point", "coordinates": [-70.966428, 42.187524]}, "properties": {"aadt": 12628, "route_name": "West Street", "year": 2021, "tier": "secondary", "road": "West Street"}}, {"type": "Feature", "geometry": {"type": "Point", "coordinates": [-70.963321, 42.187819]}, "properties": {"aadt": 12628, "route_name": "West Street", "year": 2021, "tier": "secondary", "road": "West Street"}}, {"type": "Feature", "geometry": {"type": "Point", "coordinates": [-70.959472, 42.18832]}, "properties": {"aadt": 12628, "route_name": "West Street", "year": 2021, "tier": "secondary", "road": "West Street"}}, {"type": "Feature", "geometry": {"type": "Point", "coordinates": [-70.953679, 42.189221]}, "properties": {"aadt": 12628, "route_name": "Middle Street", "year": 2021, "tier": "secondary", "road": "Middle Street"}}, {"type": "Feature", "geometry": {"type": "Point", "coordinates": [-70.949773, 42.193868]}, "properties": {"aadt": 12628, "route_name": "Middle Street", "year": 2021, "tier": "secondary", "road": "Middle Street"}}, {"type": "Feature", "geometry": {"type": "Point", "coordinates": [-70.948681, 42.197389]}, "properties": {"aadt": 12628, "route_name": "Middle Street", "year": 2021, "tier": "secondary", "road": "Middle Street"}}, {"type": "Feature", "geometry": {"type": "Point", "coordinates": [-70.947483, 42.197909]}, "properties": {"aadt": 12628, "route_name": "Middle Street", "year": 2021, "tier": "secondary", "road": "Middle Street"}}, {"type": "Feature", "geometry": {"type": "Point", "coordinates": [-70.944625, 42.202745]}, "properties": {"aadt": 12628, "route_name": "Middle Street", "year": 2021, "tier": "secondary", "road": "Middle Street"}}, {"type": "Feature", "geometry": {"type": "Point", "coordinates": [-70.943121, 42.205709]}, "properties": {"aadt": 12628, "route_name": "Middle Street", "year": 2021, "tier": "secondary", "road": "Middle Street"}}, {"type": "Feature", "geometry": {"type": "Point", "coordinates": [-70.943571, 42.209199]}, "properties": {"aadt": 12628, "route_name": "Middle Street", "year": 2021, "tier": "secondary", "road": "Middle Street"}}, {"type": "Feature", "geometry": {"type": "Point", "coordinates": [-70.942482, 42.211517]}, "properties": {"aadt": 12628, "route_name": "Middle Street", "year": 2021, "tier": "secondary", "road": "Middle Street"}}, {"type": "Feature", "geometry": {"type": "Point", "coordinates": [-70.93776, 42.220606]}, "properties": {"aadt": 12628, "route_name": "Middle Street", "year": 2021, "tier": "secondary", "road": "Middle Street"}}, {"type": "Feature", "geometry": {"type": "Point", "coordinates": [-70.987257, 42.189839]}, "properties": {"aadt": 12600, "route_name": "Grove Street", "year": 2021, "tier": "secondary", "road": "Grove Street"}}, {"type": "Feature", "geometry": {"type": "Point", "coordinates": [-70.97125, 42.181472]}, "properties": {"aadt": 12600, "route_name": "Columbian Street", "year": 2021, "tier": "secondary", "road": "Columbian Street"}}, {"type": "Feature", "geometry": {"type": "Point", "coordinates": [-71.001342, 42.196352]}, "properties": {"aadt": 12600, "route_name": "Plain Street", "year": 2021, "tier": "secondary", "road": "Plain Street"}}, {"type": "Feature", "geometry": {"type": "Point", "coordinates": [-70.999559, 42.196558]}, "properties": {"aadt": 12600, "route_name": "Plain Street", "year": 2021, "tier": "secondary", "road": "Plain Street"}}, {"type": "Feature", "geometry": {"type": "Point", "coordinates": [-70.999141, 42.196563]}, "properties": {"aadt": 12600, "route_name": "Plain Street", "year": 2021, "tier": "secondary", "road": "Plain Street"}}, {"type": "Feature", "geometry": {"type": "Point", "coordinates": [-70.997855, 42.196081]}, "properties": {"aadt": 12600, "route_name": "Grove Street", "year": 2021, "tier": "secondary", "road": "Grove Street"}}, {"type": "Feature", "geometry": {"type": "Point", "coordinates": [-70.996434, 42.195199]}, "properties": {"aadt": 12600, "route_name": "Grove Street", "year": 2021, "tier": "secondary", "road": "Grove Street"}}, {"type": "Feature", "geometry": {"type": "Point", "coordinates": [-70.991891, 42.193066]}, "properties": {"aadt": 12600, "route_name": "Grove Street", "year": 2021, "tier": "secondary", "road": "Grove Street"}}, {"type": "Feature", "geometry": {"type": "Point", "coordinates": [-70.990373, 42.192017]}, "properties": {"aadt": 12600, "route_name": "Grove Street", "year": 2021, "tier": "secondary", "road": "Grove Street"}}, {"type": "Feature", "geometry": {"type": "Point", "coordinates": [-70.982836, 42.18841]}, "properties": {"aadt": 12600, "route_name": "Grove Street", "year": 2021, "tier": "secondary", "road": "Grove Street"}}, {"type": "Feature", "geometry": {"type": "Point", "coordinates": [-70.981161, 42.187959]}, "properties": {"aadt": 12600, "route_name": "Grove Street", "year": 2021, "tier": "secondary", "road": "Grove Street"}}, {"type": "Feature", "geometry": {"type": "Point", "coordinates": [-70.974064, 42.184349]}, "properties": {"aadt": 12600, "route_name": "Columbian Street", "year": 2021, "tier": "secondary", "road": "Columbian Street"}}, {"type": "Feature", "geometry": {"type": "Point", "coordinates": [-70.96925, 42.180148]}, "properties": {"aadt": 12600, "route_name": "Columbian Street", "year": 2021, "tier": "secondary", "road": "Columbian Street"}}, {"type": "Feature", "geometry": {"type": "Point", "coordinates": [-70.96489, 42.178529]}, "properties": {"aadt": 12600, "route_name": "Columbian Street", "year": 2021, "tier": "secondary", "road": "Columbian Street"}}, {"type": "Feature", "geometry": {"type": "Point", "coordinates": [-70.964602, 42.178475]}, "properties": {"aadt": 12600, "route_name": "Columbian Street", "year": 2021, "tier": "secondary", "road": "Columbian Street"}}, {"type": "Feature", "geometry": {"type": "Point", "coordinates": [-70.963422, 42.178213]}, "properties": {"aadt": 12600, "route_name": "Columbian Street", "year": 2021, "tier": "secondary", "road": "Columbian Street"}}, {"type": "Feature", "geometry": {"type": "Point", "coordinates": [-70.960211, 42.177539]}, "properties": {"aadt": 12600, "route_name": "Columbian Street", "year": 2021, "tier": "secondary", "road": "Columbian Street"}}, {"type": "Feature", "geometry": {"type": "Point", "coordinates": [-71.008502, 42.154272]}, "properties": {"aadt": 12541, "route_name": "South Franklin Street", "year": 2024, "tier": "secondary", "road": "South Franklin Street"}}, {"type": "Feature", "geometry": {"type": "Point", "coordinates": [-70.92708, 42.101003]}, "properties": {"aadt": 12534, "route_name": "Plymouth Street", "year": 2021, "tier": "secondary", "road": "Plymouth Street"}}, {"type": "Feature", "geometry": {"type": "Point", "coordinates": [-71.038468, 42.128567]}, "properties": {"aadt": 12530, "route_name": "East Main Street", "year": 2024, "tier": "secondary", "road": "East Main Street"}}, {"type": "Feature", "geometry": {"type": "Point", "coordinates": [-71.008478, 42.153654]}, "properties": {"aadt": 12441, "route_name": "South Franklin Street", "year": 2024, "tier": "secondary", "road": "South Franklin Street"}}, {"type": "Feature", "geometry": {"type": "Point", "coordinates": [-70.945716, 42.23224]}, "properties": {"aadt": 12368, "route_name": "Norton Street", "year": 2021, "tier": "secondary", "road": "Norton Street"}}, {"type": "Feature", "geometry": {"type": "Point", "coordinates": [-70.946597, 42.232799]}, "properties": {"aadt": 12368, "route_name": "Norton Street", "year": 2021, "tier": "secondary", "road": "Norton Street"}}, {"type": "Feature", "geometry": {"type": "Point", "coordinates": [-70.948592, 42.236273]}, "properties": {"aadt": 12368, "route_name": "Norton Street", "year": 2021, "tier": "secondary", "road": "Norton Street"}}, {"type": "Feature", "geometry": {"type": "Point", "coordinates": [-70.949063, 42.23851]}, "properties": {"aadt": 12368, "route_name": "Pearl Street", "year": 2021, "tier": "secondary", "road": "Pearl Street"}}, {"type": "Feature", "geometry": {"type": "Point", "coordinates": [-70.951732, 42.24011]}, "properties": {"aadt": 12368, "route_name": "Evans Street", "year": 2021, "tier": "secondary", "road": "Evans Street"}}, {"type": "Feature", "geometry": {"type": "Point", "coordinates": [-70.955248, 42.240476]}, "properties": {"aadt": 12368, "route_name": "Evans Street", "year": 2021, "tier": "secondary", "road": "Evans Street"}}, {"type": "Feature", "geometry": {"type": "Point", "coordinates": [-70.95766, 42.240759]}, "properties": {"aadt": 12368, "route_name": "Evans Street", "year": 2021, "tier": "secondary", "road": "Evans Street"}}, {"type": "Feature", "geometry": {"type": "Point", "coordinates": [-71.020821, 42.100152]}, "properties": {"aadt": 12296, "route_name": "North Main Street", "year": 2024, "tier": "secondary", "road": "North Main Street"}}, {"type": "Feature", "geometry": {"type": "Point", "coordinates": [-71.026305, 42.198492]}, "properties": {"aadt": 12098, "route_name": "Pond Street", "year": 2021, "tier": "secondary", "road": "Pond Street"}}, {"type": "Feature", "geometry": {"type": "Point", "coordinates": [-71.034889, 42.172772]}, "properties": {"aadt": 12098, "route_name": "North Street", "year": 2021, "tier": "secondary", "road": "North Street"}}, {"type": "Feature", "geometry": {"type": "Point", "coordinates": [-71.040281, 42.163938]}, "properties": {"aadt": 12098, "route_name": "North Street", "year": 2021, "tier": "secondary", "road": "North Street"}}, {"type": "Feature", "geometry": {"type": "Point", "coordinates": [-71.038452, 42.166076]}, "properties": {"aadt": 12098, "route_name": "North Street", "year": 2021, "tier": "secondary", "road": "North Street"}}, {"type": "Feature", "geometry": {"type": "Point", "coordinates": [-71.037804, 42.166835]}, "properties": {"aadt": 12098, "route_name": "North Street", "year": 2021, "tier": "secondary", "road": "North Street"}}, {"type": "Feature", "geometry": {"type": "Point", "coordinates": [-71.035697, 42.169595]}, "properties": {"aadt": 12098, "route_name": "North Street", "year": 2021, "tier": "secondary", "road": "North Street"}}, {"type": "Feature", "geometry": {"type": "Point", "coordinates": [-71.03544, 42.170053]}, "properties": {"aadt": 12098, "route_name": "North Street", "year": 2021, "tier": "secondary", "road": "North Street"}}, {"type": "Feature", "geometry": {"type": "Point", "coordinates": [-71.034969, 42.175553]}, "properties": {"aadt": 12098, "route_name": "North Street", "year": 2021, "tier": "secondary", "road": "North Street"}}, {"type": "Feature", "geometry": {"type": "Point", "coordinates": [-71.032024, 42.17732]}, "properties": {"aadt": 12098, "route_name": "North Street", "year": 2021, "tier": "secondary", "road": "North Street"}}, {"type": "Feature", "geometry": {"type": "Point", "coordinates": [-71.030438, 42.178637]}, "properties": {"aadt": 12098, "route_name": "North Street", "year": 2021, "tier": "secondary", "road": "North Street"}}, {"type": "Feature", "geometry": {"type": "Point", "coordinates": [-71.0294, 42.179989]}, "properties": {"aadt": 12098, "route_name": "North Street", "year": 2021, "tier": "secondary", "road": "North Street"}}, {"type": "Feature", "geometry": {"type": "Point", "coordinates": [-71.028401, 42.181829]}, "properties": {"aadt": 12098, "route_name": "North Street", "year": 2021, "tier": "secondary", "road": "North Street"}}, {"type": "Feature", "geometry": {"type": "Point", "coordinates": [-71.028771, 42.185353]}, "properties": {"aadt": 12098, "route_name": "North Street", "year": 2021, "tier": "secondary", "road": "North Street"}}, {"type": "Feature", "geometry": {"type": "Point", "coordinates": [-71.029517, 42.187025]}, "properties": {"aadt": 12098, "route_name": "North Street", "year": 2021, "tier": "secondary", "road": "North Street"}}, {"type": "Feature", "geometry": {"type": "Point", "coordinates": [-71.029726, 42.187703]}, "properties": {"aadt": 12098, "route_name": "North Street", "year": 2021, "tier": "secondary", "road": "North Street"}}, {"type": "Feature", "geometry": {"type": "Point", "coordinates": [-71.029891, 42.190619]}, "properties": {"aadt": 12098, "route_name": "North Street", "year": 2021, "tier": "secondary", "road": "North Street"}}, {"type": "Feature", "geometry": {"type": "Point", "coordinates": [-71.029423, 42.192004]}, "properties": {"aadt": 12098, "route_name": "Pond Street", "year": 2021, "tier": "secondary", "road": "Pond Street"}}, {"type": "Feature", "geometry": {"type": "Point", "coordinates": [-71.028614, 42.193514]}, "properties": {"aadt": 12098, "route_name": "Pond Street", "year": 2021, "tier": "secondary", "road": "Pond Street"}}, {"type": "Feature", "geometry": {"type": "Point", "coordinates": [-71.027651, 42.196688]}, "properties": {"aadt": 12098, "route_name": "Pond Street", "year": 2021, "tier": "secondary", "road": "Pond Street"}}, {"type": "Feature", "geometry": {"type": "Point", "coordinates": [-71.025621, 42.19967]}, "properties": {"aadt": 12098, "route_name": "Granite Street", "year": 2021, "tier": "secondary", "road": "Granite Street"}}, {"type": "Feature", "geometry": {"type": "Point", "coordinates": [-71.02398, 42.202849]}, "properties": {"aadt": 12098, "route_name": "Granite Street", "year": 2021, "tier": "secondary", "road": "Granite Street"}}, {"type": "Feature", "geometry": {"type": "Point", "coordinates": [-71.023319, 42.204152]}, "properties": {"aadt": 12098, "route_name": "Granite Street", "year": 2021, "tier": "secondary", "road": "Granite Street"}}, {"type": "Feature", "geometry": {"type": "Point", "coordinates": [-71.022625, 42.20552]}, "properties": {"aadt": 12098, "route_name": "Granite Street", "year": 2021, "tier": "secondary", "road": "Granite Street"}}, {"type": "Feature", "geometry": {"type": "Point", "coordinates": [-71.02074, 42.209069]}, "properties": {"aadt": 12098, "route_name": "Granite Street", "year": 2021, "tier": "secondary", "road": "Granite Street"}}, {"type": "Feature", "geometry": {"type": "Point", "coordinates": [-71.049982, 42.260304]}, "properties": {"aadt": 12089, "route_name": "Adams Street", "year": 2021, "tier": "secondary", "road": "Adams Street"}}, {"type": "Feature", "geometry": {"type": "Point", "coordinates": [-71.047461, 42.260332]}, "properties": {"aadt": 12089, "route_name": "Adams Street", "year": 2021, "tier": "secondary", "road": "Adams Street"}}, {"type": "Feature", "geometry": {"type": "Point", "coordinates": [-71.008271, 42.151335]}, "properties": {"aadt": 12038, "route_name": "South Franklin Street", "year": 2024, "tier": "secondary", "road": "South Franklin Street"}}, {"type": "Feature", "geometry": {"type": "Point", "coordinates": [-71.028114, 42.239144]}, "properties": {"aadt": 12035, "route_name": "Willard Street", "year": 2021, "tier": "secondary", "road": "Willard Street"}}, {"type": "Feature", "geometry": {"type": "Point", "coordinates": [-71.031818, 42.226337]}, "properties": {"aadt": 12035, "route_name": "Granite Street", "year": 2021, "tier": "secondary", "road": "Granite Street"}}, {"type": "Feature", "geometry": {"type": "Point", "coordinates": [-71.031732, 42.22688]}, "properties": {"aadt": 12035, "route_name": "Granite Street", "year": 2021, "tier": "secondary", "road": "Granite Street"}}, {"type": "Feature", "geometry": {"type": "Point", "coordinates": [-71.030967, 42.22965]}, "properties": {"aadt": 12035, "route_name": "Willard Street", "year": 2021, "tier": "secondary", "road": "Willard Street"}}, {"type": "Feature", "geometry": {"type": "Point", "coordinates": [-71.029431, 42.232853]}, "properties": {"aadt": 12035, "route_name": "Willard Street", "year": 2021, "tier": "secondary", "road": "Willard Street"}}, {"type": "Feature", "geometry": {"type": "Point", "coordinates": [-71.028499, 42.235719]}, "properties": {"aadt": 12035, "route_name": "Willard Street", "year": 2021, "tier": "secondary", "road": "Willard Street"}}, {"type": "Feature", "geometry": {"type": "Point", "coordinates": [-70.94241, 42.231562]}, "properties": {"aadt": 11935, "route_name": "Green Street", "year": 2021, "tier": "secondary", "road": "Green Street"}}, {"type": "Feature", "geometry": {"type": "Point", "coordinates": [-70.940858, 42.233037]}, "properties": {"aadt": 11935, "route_name": "Green Street", "year": 2021, "tier": "secondary", "road": "Green Street"}}, {"type": "Feature", "geometry": {"type": "Point", "coordinates": [-70.939451, 42.233969]}, "properties": {"aadt": 11935, "route_name": "Green Street", "year": 2021, "tier": "secondary", "road": "Green Street"}}, {"type": "Feature", "geometry": {"type": "Point", "coordinates": [-70.9367, 42.235576]}, "properties": {"aadt": 11935, "route_name": "Green Street", "year": 2021, "tier": "secondary", "road": "Green Street"}}, {"type": "Feature", "geometry": {"type": "Point", "coordinates": [-70.936357, 42.235807]}, "properties": {"aadt": 11935, "route_name": "Green Street", "year": 2021, "tier": "secondary", "road": "Green Street"}}, {"type": "Feature", "geometry": {"type": "Point", "coordinates": [-70.937451, 42.238749]}, "properties": {"aadt": 11935, "route_name": "Green Street", "year": 2021, "tier": "secondary", "road": "Green Street"}}, {"type": "Feature", "geometry": {"type": "Point", "coordinates": [-70.939384, 42.241688]}, "properties": {"aadt": 11935, "route_name": "Green Street", "year": 2021, "tier": "secondary", "road": "Green Street"}}, {"type": "Feature", "geometry": {"type": "Point", "coordinates": [-71.035979, 42.25377]}, "properties": {"aadt": 11775, "route_name": "Stedman Street", "year": 2024, "tier": "secondary", "road": "Stedman Street"}}, {"type": "Feature", "geometry": {"type": "Point", "coordinates": [-70.960088, 42.179033]}, "properties": {"aadt": 11766, "route_name": "Park Avenue West", "year": 2021, "tier": "secondary", "road": "Park Avenue West"}}, {"type": "Feature", "geometry": {"type": "Point", "coordinates": [-70.95372, 42.179616]}, "properties": {"aadt": 11766, "route_name": "Park Avenue", "year": 2021, "tier": "secondary", "road": "Park Avenue"}}, {"type": "Feature", "geometry": {"type": "Point", "coordinates": [-70.951161, 42.179559]}, "properties": {"aadt": 11766, "route_name": "Park Avenue", "year": 2021, "tier": "secondary", "road": "Park Avenue"}}, {"type": "Feature", "geometry": {"type": "Point", "coordinates": [-71.044696, 42.286694]}, "properties": {"aadt": 11747, "route_name": "Neponset Avenue", "year": 2021, "tier": "secondary", "road": "Neponset Avenue"}}, {"type": "Feature", "geometry": {"type": "Point", "coordinates": [-71.047738, 42.28922]}, "properties": {"aadt": 11747, "route_name": "Neponset Avenue", "year": 2021, "tier": "secondary", "road": "Neponset Avenue"}}, {"type": "Feature", "geometry": {"type": "Point", "coordinates": [-70.854196, 42.114171]}, "properties": {"aadt": 11734, "route_name": "Hanover Street", "year": 2022, "tier": "secondary", "road": "Hanover Street"}}, {"type": "Feature", "geometry": {"type": "Point", "coordinates": [-71.026626, 42.246711]}, "properties": {"aadt": 11726, "route_name": "Furnace Brook Parkway", "year": 2020, "tier": "secondary", "road": "Furnace Brook Parkway"}}, {"type": "Feature", "geometry": {"type": "Point", "coordinates": [-71.024946, 42.244661]}, "properties": {"aadt": 11726, "route_name": "Furnace Brook Parkway", "year": 2020, "tier": "secondary", "road": "Furnace Brook Parkway"}}, {"type": "Feature", "geometry": {"type": "Point", "coordinates": [-71.025462, 42.242682]}, "properties": {"aadt": 11726, "route_name": "Furnace Brook Parkway", "year": 2020, "tier": "secondary", "road": "Furnace Brook Parkway"}}, {"type": "Feature", "geometry": {"type": "Point", "coordinates": [-71.027311, 42.247639]}, "properties": {"aadt": 11726, "route_name": "Furnace Brook Parkway", "year": 2020, "tier": "secondary", "road": "Furnace Brook Parkway"}}, {"type": "Feature", "geometry": {"type": "Point", "coordinates": [-71.029706, 42.249953]}, "properties": {"aadt": 11726, "route_name": "Furnace Brook Parkway", "year": 2020, "tier": "secondary", "road": "Furnace Brook Parkway"}}, {"type": "Feature", "geometry": {"type": "Point", "coordinates": [-71.030021, 42.250519]}, "properties": {"aadt": 11726, "route_name": "Furnace Brook Parkway", "year": 2020, "tier": "secondary", "road": "Furnace Brook Parkway"}}, {"type": "Feature", "geometry": {"type": "Point", "coordinates": [-71.02901, 42.252189]}, "properties": {"aadt": 11726, "route_name": "Furnace Brook Parkway", "year": 2020, "tier": "secondary", "road": "Furnace Brook Parkway"}}, {"type": "Feature", "geometry": {"type": "Point", "coordinates": [-71.02345, 42.254699]}, "properties": {"aadt": 11726, "route_name": "Furnace Brook Parkway", "year": 2020, "tier": "secondary", "road": "Furnace Brook Parkway"}}, {"type": "Feature", "geometry": {"type": "Point", "coordinates": [-71.019638, 42.256282]}, "properties": {"aadt": 11726, "route_name": "Furnace Brook Parkway", "year": 2020, "tier": "secondary", "road": "Furnace Brook Parkway"}}, {"type": "Feature", "geometry": {"type": "Point", "coordinates": [-71.017681, 42.256559]}, "properties": {"aadt": 11726, "route_name": "Furnace Brook Parkway", "year": 2020, "tier": "secondary", "road": "Furnace Brook Parkway"}}, {"type": "Feature", "geometry": {"type": "Point", "coordinates": [-71.016844, 42.256669]}, "properties": {"aadt": 11726, "route_name": "Furnace Brook Parkway", "year": 2020, "tier": "secondary", "road": "Furnace Brook Parkway"}}, {"type": "Feature", "geometry": {"type": "Point", "coordinates": [-71.01429, 42.257379]}, "properties": {"aadt": 11726, "route_name": "Furnace Brook Parkway", "year": 2020, "tier": "secondary", "road": "Furnace Brook Parkway"}}, {"type": "Feature", "geometry": {"type": "Point", "coordinates": [-71.00224, 42.261299]}, "properties": {"aadt": 11726, "route_name": "Furnace Brook Parkway", "year": 2020, "tier": "secondary", "road": "Furnace Brook Parkway"}}, {"type": "Feature", "geometry": {"type": "Point", "coordinates": [-71.00027, 42.262709]}, "properties": {"aadt": 11726, "route_name": "Furnace Brook Parkway", "year": 2020, "tier": "secondary", "road": "Furnace Brook Parkway"}}, {"type": "Feature", "geometry": {"type": "Point", "coordinates": [-70.998863, 42.264664]}, "properties": {"aadt": 11726, "route_name": "Furnace Brook Parkway", "year": 2020, "tier": "secondary", "road": "Furnace Brook Parkway"}}, {"type": "Feature", "geometry": {"type": "Point", "coordinates": [-71.008526, 42.149491]}, "properties": {"aadt": 11726, "route_name": "South Franklin Street", "year": 2024, "tier": "secondary", "road": "South Franklin Street"}}, {"type": "Feature", "geometry": {"type": "Point", "coordinates": [-70.993101, 42.211439]}, "properties": {"aadt": 11628, "route_name": "Union Street", "year": 2021, "tier": "secondary", "road": "Union Street"}}, {"type": "Feature", "geometry": {"type": "Point", "coordinates": [-70.992791, 42.211518]}, "properties": {"aadt": 11628, "route_name": "Union Street", "year": 2021, "tier": "secondary", "road": "Union Street"}}, {"type": "Feature", "geometry": {"type": "Point", "coordinates": [-70.990463, 42.212127]}, "properties": {"aadt": 11628, "route_name": "Union Street", "year": 2021, "tier": "secondary", "road": "Union Street"}}, {"type": "Feature", "geometry": {"type": "Point", "coordinates": [-70.987471, 42.214028]}, "properties": {"aadt": 11628, "route_name": "Union Street", "year": 2021, "tier": "secondary", "road": "Union Street"}}, {"type": "Feature", "geometry": {"type": "Point", "coordinates": [-70.986447, 42.214989]}, "properties": {"aadt": 11628, "route_name": "Union Street", "year": 2021, "tier": "secondary", "road": "Union Street"}}, {"type": "Feature", "geometry": {"type": "Point", "coordinates": [-70.984243, 42.216841]}, "properties": {"aadt": 11628, "route_name": "Union Street", "year": 2021, "tier": "secondary", "road": "Union Street"}}, {"type": "Feature", "geometry": {"type": "Point", "coordinates": [-70.983545, 42.217544]}, "properties": {"aadt": 11628, "route_name": "Union Street", "year": 2021, "tier": "secondary", "road": "Union Street"}}, {"type": "Feature", "geometry": {"type": "Point", "coordinates": [-70.98116, 42.219379]}, "properties": {"aadt": 11628, "route_name": "Union Street", "year": 2021, "tier": "secondary", "road": "Union Street"}}, {"type": "Feature", "geometry": {"type": "Point", "coordinates": [-70.977554, 42.220546]}, "properties": {"aadt": 11628, "route_name": "Union Street", "year": 2021, "tier": "secondary", "road": "Union Street"}}, {"type": "Feature", "geometry": {"type": "Point", "coordinates": [-70.975224, 42.220802]}, "properties": {"aadt": 11628, "route_name": "Commercial Street", "year": 2021, "tier": "secondary", "road": "Commercial Street"}}, {"type": "Feature", "geometry": {"type": "Point", "coordinates": [-70.972271, 42.221049]}, "properties": {"aadt": 11628, "route_name": "Commercial Street", "year": 2021, "tier": "secondary", "road": "Commercial Street"}}, {"type": "Feature", "geometry": {"type": "Point", "coordinates": [-70.928629, 42.11205]}, "properties": {"aadt": 11571, "route_name": "Centre Avenue", "year": 2023, "tier": "secondary", "road": "Centre Avenue"}}, {"type": "Feature", "geometry": {"type": "Point", "coordinates": [-70.927708, 42.112568]}, "properties": {"aadt": 11544, "route_name": "Centre Avenue", "year": 2023, "tier": "secondary", "road": "Centre Avenue"}}, {"type": "Feature", "geometry": {"type": "Point", "coordinates": [-71.008699, 42.148387]}, "properties": {"aadt": 11544, "route_name": "South Franklin Street", "year": 2024, "tier": "secondary", "road": "South Franklin Street"}}, {"type": "Feature", "geometry": {"type": "Point", "coordinates": [-71.037538, 42.127202]}, "properties": {"aadt": 11539, "route_name": "East Main Street", "year": 2024, "tier": "secondary", "road": "East Main Street"}}, {"type": "Feature", "geometry": {"type": "Point", "coordinates": [-70.927065, 42.112923]}, "properties": {"aadt": 11524, "route_name": "Centre Avenue", "year": 2023, "tier": "secondary", "road": "Centre Avenue"}}, {"type": "Feature", "geometry": {"type": "Point", "coordinates": [-70.921276, 42.116128]}, "properties": {"aadt": 11352, "route_name": "Centre Avenue", "year": 2023, "tier": "secondary", "road": "Centre Avenue"}}, {"type": "Feature", "geometry": {"type": "Point", "coordinates": [-71.032398, 42.257935]}, "properties": {"aadt": 11336, "route_name": "Beale Street", "year": 2024, "tier": "secondary", "road": "Beale Street"}}, {"type": "Feature", "geometry": {"type": "Point", "coordinates": [-70.927747, 42.127403]}, "properties": {"aadt": 11319, "route_name": "Plain Street", "year": 2023, "tier": "secondary", "road": "Plain Street"}}, {"type": "Feature", "geometry": {"type": "Point", "coordinates": [-70.933973, 42.109043]}, "properties": {"aadt": 11261, "route_name": "Centre Avenue", "year": 2023, "tier": "secondary", "road": "Centre Avenue"}}, {"type": "Feature", "geometry": {"type": "Point", "coordinates": [-70.918142, 42.118045]}, "properties": {"aadt": 11254, "route_name": "Centre Avenue", "year": 2023, "tier": "secondary", "road": "Centre Avenue"}}, {"type": "Feature", "geometry": {"type": "Point", "coordinates": [-70.9172, 42.118645]}, "properties": {"aadt": 11223, "route_name": "Centre Avenue", "year": 2023, "tier": "secondary", "road": "Centre Avenue"}}, {"type": "Feature", "geometry": {"type": "Point", "coordinates": [-71.00702, 42.12456]}, "properties": {"aadt": 11216, "route_name": "Linwood Street", "year": 2021, "tier": "secondary", "road": "Linwood Street"}}, {"type": "Feature", "geometry": {"type": "Point", "coordinates": [-71.001951, 42.22191]}, "properties": {"aadt": 11203, "route_name": "Elm Street", "year": 2021, "tier": "secondary", "road": "Elm Street"}}, {"type": "Feature", "geometry": {"type": "Point", "coordinates": [-70.998894, 42.223535]}, "properties": {"aadt": 11203, "route_name": "Elm Street", "year": 2021, "tier": "secondary", "road": "Elm Street"}}, {"type": "Feature", "geometry": {"type": "Point", "coordinates": [-70.996465, 42.224738]}, "properties": {"aadt": 11203, "route_name": "Elm Street", "year": 2021, "tier": "secondary", "road": "Elm Street"}}, {"type": "Feature", "geometry": {"type": "Point", "coordinates": [-70.993163, 42.226205]}, "properties": {"aadt": 11203, "route_name": "Elm Street", "year": 2021, "tier": "secondary", "road": "Elm Street"}}, {"type": "Feature", "geometry": {"type": "Point", "coordinates": [-70.992366, 42.226538]}, "properties": {"aadt": 11203, "route_name": "Elm Street", "year": 2021, "tier": "secondary", "road": "Elm Street"}}, {"type": "Feature", "geometry": {"type": "Point", "coordinates": [-70.989458, 42.227521]}, "properties": {"aadt": 11203, "route_name": "Elm Street", "year": 2021, "tier": "secondary", "road": "Elm Street"}}, {"type": "Feature", "geometry": {"type": "Point", "coordinates": [-70.985917, 42.228617]}, "properties": {"aadt": 11203, "route_name": "Hayward Street", "year": 2021, "tier": "secondary", "road": "Hayward Street"}}, {"type": "Feature", "geometry": {"type": "Point", "coordinates": [-70.984101, 42.229069]}, "properties": {"aadt": 11203, "route_name": "Hayward Street", "year": 2021, "tier": "secondary", "road": "Hayward Street"}}, {"type": "Feature", "geometry": {"type": "Point", "coordinates": [-70.981931, 42.229549]}, "properties": {"aadt": 11203, "route_name": "Hayward Street", "year": 2021, "tier": "secondary", "road": "Hayward Street"}}, {"type": "Feature", "geometry": {"type": "Point", "coordinates": [-70.981088, 42.229546]}, "properties": {"aadt": 11203, "route_name": "Hayward Street", "year": 2021, "tier": "secondary", "road": "Hayward Street"}}, {"type": "Feature", "geometry": {"type": "Point", "coordinates": [-70.979756, 42.229464]}, "properties": {"aadt": 11203, "route_name": "Hayward Street", "year": 2021, "tier": "secondary", "road": "Hayward Street"}}, {"type": "Feature", "geometry": {"type": "Point", "coordinates": [-70.978451, 42.229329]}, "properties": {"aadt": 11203, "route_name": "Hayward Street", "year": 2021, "tier": "secondary", "road": "Hayward Street"}}, {"type": "Feature", "geometry": {"type": "Point", "coordinates": [-70.97646, 42.229609]}, "properties": {"aadt": 11203, "route_name": "Hayward Street", "year": 2021, "tier": "secondary", "road": "Hayward Street"}}, {"type": "Feature", "geometry": {"type": "Point", "coordinates": [-70.979032, 42.238886]}, "properties": {"aadt": 11138, "route_name": "East Howard Street", "year": 2021, "tier": "secondary", "road": "East Howard Street"}}, {"type": "Feature", "geometry": {"type": "Point", "coordinates": [-70.978231, 42.240939]}, "properties": {"aadt": 11138, "route_name": "East Howard Street", "year": 2021, "tier": "secondary", "road": "East Howard Street"}}, {"type": "Feature", "geometry": {"type": "Point", "coordinates": [-70.978101, 42.241978]}, "properties": {"aadt": 11138, "route_name": "East Howard Street", "year": 2021, "tier": "secondary", "road": "East Howard Street"}}, {"type": "Feature", "geometry": {"type": "Point", "coordinates": [-70.975402, 42.243918]}, "properties": {"aadt": 11138, "route_name": "South Street", "year": 2021, "tier": "secondary", "road": "South Street"}}, {"type": "Feature", "geometry": {"type": "Point", "coordinates": [-70.915827, 42.121691]}, "properties": {"aadt": 11113, "route_name": "Market Street", "year": 2023, "tier": "secondary", "road": "Market Street"}}, {"type": "Feature", "geometry": {"type": "Point", "coordinates": [-70.915182, 42.122152]}, "properties": {"aadt": 11089, "route_name": "Market Street", "year": 2023, "tier": "secondary", "road": "Market Street"}}, {"type": "Feature", "geometry": {"type": "Point", "coordinates": [-70.937453, 42.107409]}, "properties": {"aadt": 11072, "route_name": "Centre Avenue", "year": 2023, "tier": "secondary", "road": "Centre Avenue"}}, {"type": "Feature", "geometry": {"type": "Point", "coordinates": [-70.877305, 42.247674]}, "properties": {"aadt": 11055, "route_name": "Summer Street", "year": 2021, "tier": "secondary", "road": "Summer Street"}}, {"type": "Feature", "geometry": {"type": "Point", "coordinates": [-70.876446, 42.247689]}, "properties": {"aadt": 11055, "route_name": "Summer Street", "year": 2021, "tier": "secondary", "road": "Summer Street"}}, {"type": "Feature", "geometry": {"type": "Point", "coordinates": [-70.872464, 42.248279]}, "properties": {"aadt": 11055, "route_name": "Summer Street", "year": 2021, "tier": "secondary", "road": "Summer Street"}}, {"type": "Feature", "geometry": {"type": "Point", "coordinates": [-70.870182, 42.248986]}, "properties": {"aadt": 11055, "route_name": "Rockland Street", "year": 2021, "tier": "secondary", "road": "Rockland Street"}}, {"type": "Feature", "geometry": {"type": "Point", "coordinates": [-70.867484, 42.250131]}, "properties": {"aadt": 11055, "route_name": "Rockland Street", "year": 2021, "tier": "secondary", "road": "Rockland Street"}}, {"type": "Feature", "geometry": {"type": "Point", "coordinates": [-70.865272, 42.254691]}, "properties": {"aadt": 11055, "route_name": "George Washington Boulevard", "year": 2021, "tier": "secondary", "road": "George Washington Boulevard"}}, {"type": "Feature", "geometry": {"type": "Point", "coordinates": [-70.863337, 42.25894]}, "properties": {"aadt": 11055, "route_name": "George Washington Boulevard", "year": 2021, "tier": "secondary", "road": "George Washington Boulevard"}}, {"type": "Feature", "geometry": {"type": "Point", "coordinates": [-70.862767, 42.260119]}, "properties": {"aadt": 11055, "route_name": "George Washington Boulevard", "year": 2021, "tier": "secondary", "road": "George Washington Boulevard"}}, {"type": "Feature", "geometry": {"type": "Point", "coordinates": [-70.861121, 42.262023]}, "properties": {"aadt": 11055, "route_name": "George Washington Boulevard", "year": 2021, "tier": "secondary", "road": "George Washington Boulevard"}}, {"type": "Feature", "geometry": {"type": "Point", "coordinates": [-70.859567, 42.263261]}, "properties": {"aadt": 11055, "route_name": "George Washington Boulevard", "year": 2021, "tier": "secondary", "road": "George Washington Boulevard"}}, {"type": "Feature", "geometry": {"type": "Point", "coordinates": [-70.857837, 42.264591]}, "properties": {"aadt": 11055, "route_name": "George Washington Boulevard", "year": 2021, "tier": "secondary", "road": "George Washington Boulevard"}}, {"type": "Feature", "geometry": {"type": "Point", "coordinates": [-70.856116, 42.265942]}, "properties": {"aadt": 11055, "route_name": "George Washington Boulevard", "year": 2021, "tier": "secondary", "road": "George Washington Boulevard"}}, {"type": "Feature", "geometry": {"type": "Point", "coordinates": [-70.855499, 42.267114]}, "properties": {"aadt": 11055, "route_name": "George Washington Boulevard", "year": 2021, "tier": "secondary", "road": "George Washington Boulevard"}}, {"type": "Feature", "geometry": {"type": "Point", "coordinates": [-70.855893, 42.268895]}, "properties": {"aadt": 11055, "route_name": "George Washington Boulevard", "year": 2021, "tier": "secondary", "road": "George Washington Boulevard"}}, {"type": "Feature", "geometry": {"type": "Point", "coordinates": [-70.858904, 42.271546]}, "properties": {"aadt": 11055, "route_name": "George Washington Boulevard", "year": 2021, "tier": "secondary", "road": "George Washington Boulevard"}}, {"type": "Feature", "geometry": {"type": "Point", "coordinates": [-70.998831, 42.183809]}, "properties": {"aadt": 11046, "route_name": "Peach Street", "year": 2021, "tier": "secondary", "road": "Peach Street"}}, {"type": "Feature", "geometry": {"type": "Point", "coordinates": [-71.00512, 42.185219]}, "properties": {"aadt": 11046, "route_name": "Peach Street", "year": 2021, "tier": "secondary", "road": "Peach Street"}}, {"type": "Feature", "geometry": {"type": "Point", "coordinates": [-71.001958, 42.184544]}, "properties": {"aadt": 11046, "route_name": "Peach Street", "year": 2021, "tier": "secondary", "road": "Peach Street"}}, {"type": "Feature", "geometry": {"type": "Point", "coordinates": [-71.000651, 42.184269]}, "properties": {"aadt": 11046, "route_name": "Peach Street", "year": 2021, "tier": "secondary", "road": "Peach Street"}}, {"type": "Feature", "geometry": {"type": "Point", "coordinates": [-70.91201, 42.12222]}, "properties": {"aadt": 11011, "route_name": "Market Street", "year": 2023, "tier": "secondary", "road": "Market Street"}}, {"type": "Feature", "geometry": {"type": "Point", "coordinates": [-70.915745, 42.130569]}, "properties": {"aadt": 10979, "route_name": "Union Street", "year": 2021, "tier": "secondary", "road": "Union Street"}}, {"type": "Feature", "geometry": {"type": "Point", "coordinates": [-70.916718, 42.133695]}, "properties": {"aadt": 10979, "route_name": "Union Street", "year": 2021, "tier": "secondary", "road": "Union Street"}}, {"type": "Feature", "geometry": {"type": "Point", "coordinates": [-70.914947, 42.127766]}, "properties": {"aadt": 10979, "route_name": "Union Street", "year": 2021, "tier": "secondary", "road": "Union Street"}}, {"type": "Feature", "geometry": {"type": "Point", "coordinates": [-70.914251, 42.124756]}, "properties": {"aadt": 10979, "route_name": "Union Street", "year": 2021, "tier": "secondary", "road": "Union Street"}}, {"type": "Feature", "geometry": {"type": "Point", "coordinates": [-70.91556, 42.129998]}, "properties": {"aadt": 10979, "route_name": "Union Street", "year": 2021, "tier": "secondary", "road": "Union Street"}}, {"type": "Feature", "geometry": {"type": "Point", "coordinates": [-70.917805, 42.136698]}, "properties": {"aadt": 10979, "route_name": "Union Street", "year": 2021, "tier": "secondary", "road": "Union Street"}}, {"type": "Feature", "geometry": {"type": "Point", "coordinates": [-70.918962, 42.138982]}, "properties": {"aadt": 10979, "route_name": "Union Street", "year": 2021, "tier": "secondary", "road": "Union Street"}}, {"type": "Feature", "geometry": {"type": "Point", "coordinates": [-70.919359, 42.139922]}, "properties": {"aadt": 10979, "route_name": "Union Street", "year": 2021, "tier": "secondary", "road": "Union Street"}}, {"type": "Feature", "geometry": {"type": "Point", "coordinates": [-70.920374, 42.142634]}, "properties": {"aadt": 10979, "route_name": "Union Street", "year": 2021, "tier": "secondary", "road": "Union Street"}}, {"type": "Feature", "geometry": {"type": "Point", "coordinates": [-70.918269, 42.146744]}, "properties": {"aadt": 10979, "route_name": "Veterans Of Foreign Wars Drive", "year": 2021, "tier": "secondary", "road": "Veterans Of Foreign Wars Drive"}}, {"type": "Feature", "geometry": {"type": "Point", "coordinates": [-70.91531, 42.148693]}, "properties": {"aadt": 10979, "route_name": "Veterans Of Foreign Wars Drive", "year": 2021, "tier": "secondary", "road": "Veterans Of Foreign Wars Drive"}}, {"type": "Feature", "geometry": {"type": "Point", "coordinates": [-70.912158, 42.150544]}, "properties": {"aadt": 10979, "route_name": "Veterans Of Foreign Wars Drive", "year": 2021, "tier": "secondary", "road": "Veterans Of Foreign Wars Drive"}}, {"type": "Feature", "geometry": {"type": "Point", "coordinates": [-70.910928, 42.151626]}, "properties": {"aadt": 10979, "route_name": "Veterans Of Foreign Wars Drive", "year": 2021, "tier": "secondary", "road": "Veterans Of Foreign Wars Drive"}}, {"type": "Feature", "geometry": {"type": "Point", "coordinates": [-70.90893, 42.153589]}, "properties": {"aadt": 10979, "route_name": "Veterans Of Foreign Wars Drive", "year": 2021, "tier": "secondary", "road": "Veterans Of Foreign Wars Drive"}}, {"type": "Feature", "geometry": {"type": "Point", "coordinates": [-70.906988, 42.155272]}, "properties": {"aadt": 10979, "route_name": "Veterans Of Foreign Wars Drive", "year": 2021, "tier": "secondary", "road": "Veterans Of Foreign Wars Drive"}}, {"type": "Feature", "geometry": {"type": "Point", "coordinates": [-70.908408, 42.15889]}, "properties": {"aadt": 10979, "route_name": "Weymouth Street", "year": 2021, "tier": "secondary", "road": "Weymouth Street"}}, {"type": "Feature", "geometry": {"type": "Point", "coordinates": [-70.910136, 42.160757]}, "properties": {"aadt": 10979, "route_name": "Weymouth Street", "year": 2021, "tier": "secondary", "road": "Weymouth Street"}}, {"type": "Feature", "geometry": {"type": "Point", "coordinates": [-70.912881, 42.16227]}, "properties": {"aadt": 10979, "route_name": "Sharp Street", "year": 2021, "tier": "secondary", "road": "Sharp Street"}}, {"type": "Feature", "geometry": {"type": "Point", "coordinates": [-70.915846, 42.162448]}, "properties": {"aadt": 10979, "route_name": "Sharp Street", "year": 2021, "tier": "secondary", "road": "Sharp Street"}}, {"type": "Feature", "geometry": {"type": "Point", "coordinates": [-70.918743, 42.162622]}, "properties": {"aadt": 10979, "route_name": "Sharp Street", "year": 2021, "tier": "secondary", "road": "Sharp Street"}}, {"type": "Feature", "geometry": {"type": "Point", "coordinates": [-70.826495, 42.264606]}, "properties": {"aadt": 10977, "route_name": "Atlantic Avenue", "year": 2021, "tier": "secondary", "road": "Atlantic Avenue"}}, {"type": "Feature", "geometry": {"type": "Point", "coordinates": [-70.949716, 42.200849]}, "properties": {"aadt": 10956, "route_name": "Winter Court", "year": 2021, "tier": "secondary", "road": "Winter Court"}}, {"type": "Feature", "geometry": {"type": "Point", "coordinates": [-70.939991, 42.107056]}, "properties": {"aadt": 10946, "route_name": "Centre Avenue", "year": 2023, "tier": "secondary", "road": "Centre Avenue"}}, {"type": "Feature", "geometry": {"type": "Point", "coordinates": [-70.908721, 42.123004]}, "properties": {"aadt": 10927, "route_name": "Market Street", "year": 2023, "tier": "secondary", "road": "Market Street"}}, {"type": "Feature", "geometry": {"type": "Point", "coordinates": [-71.008801, 42.144738]}, "properties": {"aadt": 10923, "route_name": "South Franklin Street", "year": 2024, "tier": "secondary", "road": "South Franklin Street"}}, {"type": "Feature", "geometry": {"type": "Point", "coordinates": [-70.905929, 42.123884]}, "properties": {"aadt": 10856, "route_name": "Market Street", "year": 2023, "tier": "secondary", "road": "Market Street"}}, {"type": "Feature", "geometry": {"type": "Point", "coordinates": [-70.844773, 42.25975]}, "properties": {"aadt": 10839, "route_name": "Rockland Street", "year": 2021, "tier": "secondary", "road": "Rockland Street"}}, {"type": "Feature", "geometry": {"type": "Point", "coordinates": [-71.008868, 42.126762]}, "properties": {"aadt": 10819, "route_name": "Linwood Street", "year": 2021, "tier": "secondary", "road": "Linwood Street"}}, {"type": "Feature", "geometry": {"type": "Point", "coordinates": [-70.954339, 42.199532]}, "properties": {"aadt": 10816, "route_name": "Winter Street", "year": 2021, "tier": "secondary", "road": "Winter Street"}}, {"type": "Feature", "geometry": {"type": "Point", "coordinates": [-70.859111, 42.242615]}, "properties": {"aadt": 10791, "route_name": "East Street", "year": 2024, "tier": "secondary", "road": "East Street"}}, {"type": "Feature", "geometry": {"type": "Point", "coordinates": [-70.903357, 42.124123]}, "properties": {"aadt": 10790, "route_name": "Market Street", "year": 2023, "tier": "secondary", "road": "Market Street"}}, {"type": "Feature", "geometry": {"type": "Point", "coordinates": [-70.904482, 42.125924]}, "properties": {"aadt": 10712, "route_name": "Liberty Street", "year": 2023, "tier": "secondary", "road": "Liberty Street"}}, {"type": "Feature", "geometry": {"type": "Point", "coordinates": [-71.02006, 42.242839]}, "properties": {"aadt": 10686, "route_name": "Copeland Street", "year": 2021, "tier": "secondary", "road": "Copeland Street"}}, {"type": "Feature", "geometry": {"type": "Point", "coordinates": [-71.017316, 42.242601]}, "properties": {"aadt": 10686, "route_name": "Copeland Street", "year": 2021, "tier": "secondary", "road": "Copeland Street"}}, {"type": "Feature", "geometry": {"type": "Point", "coordinates": [-71.014191, 42.242199]}, "properties": {"aadt": 10686, "route_name": "Water Street", "year": 2021, "tier": "secondary", "road": "Water Street"}}, {"type": "Feature", "geometry": {"type": "Point", "coordinates": [-71.011161, 42.241478]}, "properties": {"aadt": 10686, "route_name": "Water Street", "year": 2021, "tier": "secondary", "road": "Water Street"}}, {"type": "Feature", "geometry": {"type": "Point", "coordinates": [-71.022892, 42.253145]}, "properties": {"aadt": 10671, "route_name": "Adams Street", "year": 2020, "tier": "secondary", "road": "Adams Street"}}, {"type": "Feature", "geometry": {"type": "Point", "coordinates": [-71.01844, 42.252908]}, "properties": {"aadt": 10671, "route_name": "Adams Street", "year": 2020, "tier": "secondary", "road": "Adams Street"}}, {"type": "Feature", "geometry": {"type": "Point", "coordinates": [-71.017467, 42.253084]}, "properties": {"aadt": 10671, "route_name": "Adams Street", "year": 2020, "tier": "secondary", "road": "Adams Street"}}, {"type": "Feature", "geometry": {"type": "Point", "coordinates": [-71.016324, 42.253779]}, "properties": {"aadt": 10671, "route_name": "Adams Street", "year": 2020, "tier": "secondary", "road": "Adams Street"}}, {"type": "Feature", "geometry": {"type": "Point", "coordinates": [-71.013828, 42.25549]}, "properties": {"aadt": 10671, "route_name": "Adams Street", "year": 2020, "tier": "secondary", "road": "Adams Street"}}, {"type": "Feature", "geometry": {"type": "Point", "coordinates": [-71.010841, 42.255839]}, "properties": {"aadt": 10671, "route_name": "Adams Street", "year": 2020, "tier": "secondary", "road": "Adams Street"}}, {"type": "Feature", "geometry": {"type": "Point", "coordinates": [-70.999001, 42.203176]}, "properties": {"aadt": 10658, "route_name": "Pearl Street", "year": 2021, "tier": "secondary", "road": "Pearl Street"}}, {"type": "Feature", "geometry": {"type": "Point", "coordinates": [-71.001572, 42.202524]}, "properties": {"aadt": 10658, "route_name": "Pearl Street", "year": 2021, "tier": "secondary", "road": "Pearl Street"}}, {"type": "Feature", "geometry": {"type": "Point", "coordinates": [-70.98507, 42.202479]}, "properties": {"aadt": 10658, "route_name": "Pearl Street", "year": 2021, "tier": "secondary", "road": "Pearl Street"}}, {"type": "Feature", "geometry": {"type": "Point", "coordinates": [-70.987004, 42.202987]}, "properties": {"aadt": 10658, "route_name": "Pearl Street", "year": 2021, "tier": "secondary", "road": "Pearl Street"}}, {"type": "Feature", "geometry": {"type": "Point", "coordinates": [-70.995927, 42.203291]}, "properties": {"aadt": 10658, "route_name": "Pearl Street", "year": 2021, "tier": "secondary", "road": "Pearl Street"}}, {"type": "Feature", "geometry": {"type": "Point", "coordinates": [-70.992502, 42.202506]}, "properties": {"aadt": 10658, "route_name": "Pearl Street", "year": 2021, "tier": "secondary", "road": "Pearl Street"}}, {"type": "Feature", "geometry": {"type": "Point", "coordinates": [-70.992063, 42.202461]}, "properties": {"aadt": 10658, "route_name": "Pearl Street", "year": 2021, "tier": "secondary", "road": "Pearl Street"}}, {"type": "Feature", "geometry": {"type": "Point", "coordinates": [-70.906368, 42.128691]}, "properties": {"aadt": 10627, "route_name": "Liberty Street", "year": 2023, "tier": "secondary", "road": "Liberty Street"}}, {"type": "Feature", "geometry": {"type": "Point", "coordinates": [-71.042231, 42.265507]}, "properties": {"aadt": 10596, "route_name": "Squantum Street", "year": 2021, "tier": "secondary", "road": "Squantum Street"}}, {"type": "Feature", "geometry": {"type": "Point", "coordinates": [-71.040966, 42.268574]}, "properties": {"aadt": 10596, "route_name": "West Squantum Street", "year": 2021, "tier": "secondary", "road": "West Squantum Street"}}, {"type": "Feature", "geometry": {"type": "Point", "coordinates": [-71.038229, 42.268536]}, "properties": {"aadt": 10596, "route_name": "West Squantum Street", "year": 2021, "tier": "secondary", "road": "West Squantum Street"}}, {"type": "Feature", "geometry": {"type": "Point", "coordinates": [-71.035064, 42.26943]}, "properties": {"aadt": 10596, "route_name": "West Squantum Street", "year": 2021, "tier": "secondary", "road": "West Squantum Street"}}, {"type": "Feature", "geometry": {"type": "Point", "coordinates": [-71.032419, 42.271267]}, "properties": {"aadt": 10596, "route_name": "West Squantum Street", "year": 2021, "tier": "secondary", "road": "West Squantum Street"}}, {"type": "Feature", "geometry": {"type": "Point", "coordinates": [-71.03197, 42.271728]}, "properties": {"aadt": 10596, "route_name": "West Squantum Street", "year": 2021, "tier": "secondary", "road": "West Squantum Street"}}, {"type": "Feature", "geometry": {"type": "Point", "coordinates": [-71.027361, 42.27793]}, "properties": {"aadt": 10596, "route_name": "East Squantum Street", "year": 2021, "tier": "secondary", "road": "East Squantum Street"}}, {"type": "Feature", "geometry": {"type": "Point", "coordinates": [-71.025921, 42.279328]}, "properties": {"aadt": 10596, "route_name": "East Squantum Street", "year": 2021, "tier": "secondary", "road": "East Squantum Street"}}, {"type": "Feature", "geometry": {"type": "Point", "coordinates": [-71.02428, 42.280679]}, "properties": {"aadt": 10596, "route_name": "East Squantum Street", "year": 2021, "tier": "secondary", "road": "East Squantum Street"}}, {"type": "Feature", "geometry": {"type": "Point", "coordinates": [-71.024527, 42.283625]}, "properties": {"aadt": 10596, "route_name": "East Squantum Street", "year": 2021, "tier": "secondary", "road": "East Squantum Street"}}, {"type": "Feature", "geometry": {"type": "Point", "coordinates": [-71.024301, 42.286628]}, "properties": {"aadt": 10596, "route_name": "East Squantum Street", "year": 2021, "tier": "secondary", "road": "East Squantum Street"}}, {"type": "Feature", "geometry": {"type": "Point", "coordinates": [-71.023473, 42.287557]}, "properties": {"aadt": 10596, "route_name": "East Squantum Street", "year": 2021, "tier": "secondary", "road": "East Squantum Street"}}, {"type": "Feature", "geometry": {"type": "Point", "coordinates": [-71.02248, 42.289929]}, "properties": {"aadt": 10596, "route_name": "East Squantum Street", "year": 2021, "tier": "secondary", "road": "East Squantum Street"}}, {"type": "Feature", "geometry": {"type": "Point", "coordinates": [-71.021641, 42.292529]}, "properties": {"aadt": 10596, "route_name": "East Squantum Street", "year": 2021, "tier": "secondary", "road": "East Squantum Street"}}, {"type": "Feature", "geometry": {"type": "Point", "coordinates": [-71.01942, 42.296089]}, "properties": {"aadt": 10596, "route_name": "East Squantum Street", "year": 2021, "tier": "secondary", "road": "East Squantum Street"}}, {"type": "Feature", "geometry": {"type": "Point", "coordinates": [-71.01738, 42.297039]}, "properties": {"aadt": 10596, "route_name": "East Squantum Street", "year": 2021, "tier": "secondary", "road": "East Squantum Street"}}, {"type": "Feature", "geometry": {"type": "Point", "coordinates": [-71.015441, 42.299119]}, "properties": {"aadt": 10596, "route_name": "Dorchester Street", "year": 2021, "tier": "secondary", "road": "Dorchester Street"}}, {"type": "Feature", "geometry": {"type": "Point", "coordinates": [-71.014445, 42.300375]}, "properties": {"aadt": 10596, "route_name": "Dorchester Street", "year": 2021, "tier": "secondary", "road": "Dorchester Street"}}, {"type": "Feature", "geometry": {"type": "Point", "coordinates": [-70.829041, 42.241946]}, "properties": {"aadt": 10587, "route_name": "King Street", "year": 2021, "tier": "secondary", "road": "King Street"}}, {"type": "Feature", "geometry": {"type": "Point", "coordinates": [-70.828461, 42.24454]}, "properties": {"aadt": 10587, "route_name": "Forest Avenue", "year": 2021, "tier": "secondary", "road": "Forest Avenue"}}, {"type": "Feature", "geometry": {"type": "Point", "coordinates": [-70.827851, 42.247661]}, "properties": {"aadt": 10587, "route_name": "Forest Avenue", "year": 2021, "tier": "secondary", "road": "Forest Avenue"}}, {"type": "Feature", "geometry": {"type": "Point", "coordinates": [-70.827311, 42.250614]}, "properties": {"aadt": 10587, "route_name": "Forest Avenue", "year": 2021, "tier": "secondary", "road": "Forest Avenue"}}, {"type": "Feature", "geometry": {"type": "Point", "coordinates": [-70.826761, 42.25376]}, "properties": {"aadt": 10587, "route_name": "Forest Avenue", "year": 2021, "tier": "secondary", "road": "Forest Avenue"}}, {"type": "Feature", "geometry": {"type": "Point", "coordinates": [-70.826252, 42.256853]}, "properties": {"aadt": 10587, "route_name": "Forest Avenue", "year": 2021, "tier": "secondary", "road": "Forest Avenue"}}, {"type": "Feature", "geometry": {"type": "Point", "coordinates": [-70.825752, 42.259751]}, "properties": {"aadt": 10587, "route_name": "Forest Avenue", "year": 2021, "tier": "secondary", "road": "Forest Avenue"}}, {"type": "Feature", "geometry": {"type": "Point", "coordinates": [-70.825497, 42.262479]}, "properties": {"aadt": 10587, "route_name": "Forest Avenue", "year": 2021, "tier": "secondary", "road": "Forest Avenue"}}, {"type": "Feature", "geometry": {"type": "Point", "coordinates": [-70.82545, 42.263419]}, "properties": {"aadt": 10587, "route_name": "Forest Avenue", "year": 2021, "tier": "secondary", "road": "Forest Avenue"}}, {"type": "Feature", "geometry": {"type": "Point", "coordinates": [-70.906876, 42.129544]}, "properties": {"aadt": 10577, "route_name": "Liberty Street", "year": 2023, "tier": "secondary", "road": "Liberty Street"}}, {"type": "Feature", "geometry": {"type": "Point", "coordinates": [-71.023406, 42.198301]}, "properties": {"aadt": 10572, "route_name": "Pond Street", "year": 2021, "tier": "secondary", "road": "Pond Street"}}, {"type": "Feature", "geometry": {"type": "Point", "coordinates": [-71.020163, 42.198492]}, "properties": {"aadt": 10572, "route_name": "Pond Street", "year": 2021, "tier": "secondary", "road": "Pond Street"}}, {"type": "Feature", "geometry": {"type": "Point", "coordinates": [-71.017571, 42.199607]}, "properties": {"aadt": 10572, "route_name": "Pond Street", "year": 2021, "tier": "secondary", "road": "Pond Street"}}, {"type": "Feature", "geometry": {"type": "Point", "coordinates": [-71.017494, 42.199632]}, "properties": {"aadt": 10572, "route_name": "Pond Street", "year": 2021, "tier": "secondary", "road": "Pond Street"}}, {"type": "Feature", "geometry": {"type": "Point", "coordinates": [-71.014468, 42.200321]}, "properties": {"aadt": 10572, "route_name": "Pond Street", "year": 2021, "tier": "secondary", "road": "Pond Street"}}, {"type": "Feature", "geometry": {"type": "Point", "coordinates": [-71.010433, 42.20032]}, "properties": {"aadt": 10572, "route_name": "Pond Street", "year": 2021, "tier": "secondary", "road": "Pond Street"}}, {"type": "Feature", "geometry": {"type": "Point", "coordinates": [-70.999358, 42.245821]}, "properties": {"aadt": 10568, "route_name": "Mechanic Street", "year": 2021, "tier": "secondary", "road": "Mechanic Street"}}, {"type": "Feature", "geometry": {"type": "Point", "coordinates": [-70.998157, 42.250706]}, "properties": {"aadt": 10568, "route_name": "Mcgrath Highway", "year": 2021, "tier": "secondary", "road": "Mcgrath Highway"}}, {"type": "Feature", "geometry": {"type": "Point", "coordinates": [-70.996447, 42.253029]}, "properties": {"aadt": 10568, "route_name": "Mcgrath Highway", "year": 2021, "tier": "secondary", "road": "Mcgrath Highway"}}, {"type": "Feature", "geometry": {"type": "Point", "coordinates": [-70.907307, 42.130591]}, "properties": {"aadt": 10551, "route_name": "Liberty Street", "year": 2023, "tier": "secondary", "road": "Liberty Street"}}, {"type": "Feature", "geometry": {"type": "Point", "coordinates": [-71.029511, 42.150224]}, "properties": {"aadt": 10540, "route_name": "South Street", "year": 2021, "tier": "secondary", "road": "South Street"}}, {"type": "Feature", "geometry": {"type": "Point", "coordinates": [-71.03029, 42.152138]}, "properties": {"aadt": 10540, "route_name": "South Street", "year": 2021, "tier": "secondary", "road": "South Street"}}, {"type": "Feature", "geometry": {"type": "Point", "coordinates": [-71.032841, 42.153479]}, "properties": {"aadt": 10540, "route_name": "South Street", "year": 2021, "tier": "secondary", "road": "South Street"}}, {"type": "Feature", "geometry": {"type": "Point", "coordinates": [-71.035445, 42.155368]}, "properties": {"aadt": 10540, "route_name": "South Street", "year": 2021, "tier": "secondary", "road": "South Street"}}, {"type": "Feature", "geometry": {"type": "Point", "coordinates": [-71.036241, 42.156199]}, "properties": {"aadt": 10540, "route_name": "South Street", "year": 2021, "tier": "secondary", "road": "South Street"}}, {"type": "Feature", "geometry": {"type": "Point", "coordinates": [-71.038991, 42.158919]}, "properties": {"aadt": 10540, "route_name": "South Street", "year": 2021, "tier": "secondary", "road": "South Street"}}, {"type": "Feature", "geometry": {"type": "Point", "coordinates": [-71.011455, 42.128033]}, "properties": {"aadt": 10519, "route_name": "South Street", "year": 2021, "tier": "secondary", "road": "South Street"}}, {"type": "Feature", "geometry": {"type": "Point", "coordinates": [-71.013351, 42.128569]}, "properties": {"aadt": 10519, "route_name": "South Street", "year": 2021, "tier": "secondary", "road": "South Street"}}, {"type": "Feature", "geometry": {"type": "Point", "coordinates": [-71.015864, 42.129795]}, "properties": {"aadt": 10519, "route_name": "South Street", "year": 2021, "tier": "secondary", "road": "South Street"}}, {"type": "Feature", "geometry": {"type": "Point", "coordinates": [-71.017487, 42.130669]}, "properties": {"aadt": 10519, "route_name": "South Street", "year": 2021, "tier": "secondary", "road": "South Street"}}, {"type": "Feature", "geometry": {"type": "Point", "coordinates": [-71.018181, 42.130959]}, "properties": {"aadt": 10519, "route_name": "South Street", "year": 2021, "tier": "secondary", "road": "South Street"}}, {"type": "Feature", "geometry": {"type": "Point", "coordinates": [-71.021197, 42.134816]}, "properties": {"aadt": 10519, "route_name": "South Street", "year": 2021, "tier": "secondary", "road": "South Street"}}, {"type": "Feature", "geometry": {"type": "Point", "coordinates": [-71.021901, 42.137389]}, "properties": {"aadt": 10519, "route_name": "South Street", "year": 2021, "tier": "secondary", "road": "South Street"}}, {"type": "Feature", "geometry": {"type": "Point", "coordinates": [-71.023798, 42.140693]}, "properties": {"aadt": 10519, "route_name": "South Street", "year": 2021, "tier": "secondary", "road": "South Street"}}, {"type": "Feature", "geometry": {"type": "Point", "coordinates": [-71.023616, 42.142615]}, "properties": {"aadt": 10519, "route_name": "South Street", "year": 2021, "tier": "secondary", "road": "South Street"}}, {"type": "Feature", "geometry": {"type": "Point", "coordinates": [-71.023444, 42.143591]}, "properties": {"aadt": 10519, "route_name": "South Street", "year": 2021, "tier": "secondary", "road": "South Street"}}, {"type": "Feature", "geometry": {"type": "Point", "coordinates": [-71.024424, 42.14554]}, "properties": {"aadt": 10519, "route_name": "South Street", "year": 2021, "tier": "secondary", "road": "South Street"}}, {"type": "Feature", "geometry": {"type": "Point", "coordinates": [-71.02658, 42.147291]}, "properties": {"aadt": 10519, "route_name": "South Street", "year": 2021, "tier": "secondary", "road": "South Street"}}, {"type": "Feature", "geometry": {"type": "Point", "coordinates": [-71.02894, 42.149168]}, "properties": {"aadt": 10519, "route_name": "South Street", "year": 2021, "tier": "secondary", "road": "South Street"}}, {"type": "Feature", "geometry": {"type": "Point", "coordinates": [-71.050071, 42.254539]}, "properties": {"aadt": 10498, "route_name": "Edge Hill Road", "year": 2016, "tier": "secondary", "road": "Edge Hill Road"}}, {"type": "Feature", "geometry": {"type": "Point", "coordinates": [-71.047291, 42.255789]}, "properties": {"aadt": 10498, "route_name": "Edge Hill Road", "year": 2016, "tier": "secondary", "road": "Edge Hill Road"}}, {"type": "Feature", "geometry": {"type": "Point", "coordinates": [-71.020375, 42.22415]}, "properties": {"aadt": 10493, "route_name": "Common Street", "year": 2021, "tier": "secondary", "road": "Common Street"}}, {"type": "Feature", "geometry": {"type": "Point", "coordinates": [-71.016469, 42.22442]}, "properties": {"aadt": 10493, "route_name": "Common Street", "year": 2021, "tier": "secondary", "road": "Common Street"}}, {"type": "Feature", "geometry": {"type": "Point", "coordinates": [-71.013821, 42.224821]}, "properties": {"aadt": 10493, "route_name": "Common Street", "year": 2021, "tier": "secondary", "road": "Common Street"}}, {"type": "Feature", "geometry": {"type": "Point", "coordinates": [-71.011056, 42.225615]}, "properties": {"aadt": 10493, "route_name": "Common Street", "year": 2021, "tier": "secondary", "road": "Common Street"}}, {"type": "Feature", "geometry": {"type": "Point", "coordinates": [-71.00825, 42.225482]}, "properties": {"aadt": 10493, "route_name": "Common Street", "year": 2021, "tier": "secondary", "road": "Common Street"}}, {"type": "Feature", "geometry": {"type": "Point", "coordinates": [-70.905305, 42.131684]}, "properties": {"aadt": 10489, "route_name": "East Water Street", "year": 2023, "tier": "secondary", "road": "East Water Street"}}, {"type": "Feature", "geometry": {"type": "Point", "coordinates": [-71.039731, 42.145738]}, "properties": {"aadt": 10476, "route_name": "Centre Street", "year": 2021, "tier": "secondary", "road": "Centre Street"}}, {"type": "Feature", "geometry": {"type": "Point", "coordinates": [-71.038165, 42.14671]}, "properties": {"aadt": 10476, "route_name": "Centre Street", "year": 2021, "tier": "secondary", "road": "Centre Street"}}, {"type": "Feature", "geometry": {"type": "Point", "coordinates": [-71.035141, 42.148552]}, "properties": {"aadt": 10476, "route_name": "Centre Street", "year": 2021, "tier": "secondary", "road": "Centre Street"}}, {"type": "Feature", "geometry": {"type": "Point", "coordinates": [-71.029241, 42.152859]}, "properties": {"aadt": 10476, "route_name": "Centre Street", "year": 2021, "tier": "secondary", "road": "Centre Street"}}, {"type": "Feature", "geometry": {"type": "Point", "coordinates": [-70.831372, 42.263035]}, "properties": {"aadt": 10454, "route_name": "Jerusalem Road", "year": 2021, "tier": "secondary", "road": "Jerusalem Road"}}, {"type": "Feature", "geometry": {"type": "Point", "coordinates": [-70.843311, 42.259619]}, "properties": {"aadt": 10454, "route_name": "Jerusalem Road", "year": 2021, "tier": "secondary", "road": "Jerusalem Road"}}, {"type": "Feature", "geometry": {"type": "Point", "coordinates": [-70.839451, 42.260718]}, "properties": {"aadt": 10454, "route_name": "Jerusalem Road", "year": 2021, "tier": "secondary", "road": "Jerusalem Road"}}, {"type": "Feature", "geometry": {"type": "Point", "coordinates": [-70.83721, 42.262008]}, "properties": {"aadt": 10454, "route_name": "Jerusalem Road", "year": 2021, "tier": "secondary", "road": "Jerusalem Road"}}, {"type": "Feature", "geometry": {"type": "Point", "coordinates": [-70.834493, 42.262927]}, "properties": {"aadt": 10454, "route_name": "Jerusalem Road", "year": 2021, "tier": "secondary", "road": "Jerusalem Road"}}, {"type": "Feature", "geometry": {"type": "Point", "coordinates": [-70.822432, 42.263417]}, "properties": {"aadt": 10454, "route_name": "Jerusalem Road", "year": 2021, "tier": "secondary", "road": "Jerusalem Road"}}, {"type": "Feature", "geometry": {"type": "Point", "coordinates": [-71.002125, 42.223854]}, "properties": {"aadt": 10451, "route_name": "Church Street", "year": 2021, "tier": "secondary", "road": "Church Street"}}, {"type": "Feature", "geometry": {"type": "Point", "coordinates": [-71.0081, 42.205629]}, "properties": {"aadt": 10443, "route_name": "Central Avenue", "year": 2021, "tier": "secondary", "road": "Central Avenue"}}, {"type": "Feature", "geometry": {"type": "Point", "coordinates": [-70.995914, 42.256654]}, "properties": {"aadt": 10442, "route_name": "Sea Street", "year": 2021, "tier": "secondary", "road": "Sea Street"}}, {"type": "Feature", "geometry": {"type": "Point", "coordinates": [-70.995407, 42.25956]}, "properties": {"aadt": 10442, "route_name": "Sea Street", "year": 2021, "tier": "secondary", "road": "Sea Street"}}, {"type": "Feature", "geometry": {"type": "Point", "coordinates": [-70.9929, 42.261339]}, "properties": {"aadt": 10442, "route_name": "Sea Street", "year": 2021, "tier": "secondary", "road": "Sea Street"}}, {"type": "Feature", "geometry": {"type": "Point", "coordinates": [-70.990051, 42.262129]}, "properties": {"aadt": 10442, "route_name": "Sea Street", "year": 2021, "tier": "secondary", "road": "Sea Street"}}, {"type": "Feature", "geometry": {"type": "Point", "coordinates": [-70.98709, 42.262099]}, "properties": {"aadt": 10442, "route_name": "Sea Street", "year": 2021, "tier": "secondary", "road": "Sea Street"}}, {"type": "Feature", "geometry": {"type": "Point", "coordinates": [-70.98216, 42.26188]}, "properties": {"aadt": 10442, "route_name": "Sea Street", "year": 2021, "tier": "secondary", "road": "Sea Street"}}, {"type": "Feature", "geometry": {"type": "Point", "coordinates": [-70.980103, 42.261376]}, "properties": {"aadt": 10442, "route_name": "Sea Street", "year": 2021, "tier": "secondary", "road": "Sea Street"}}, {"type": "Feature", "geometry": {"type": "Point", "coordinates": [-70.978425, 42.260894]}, "properties": {"aadt": 10442, "route_name": "Sea Street", "year": 2021, "tier": "secondary", "road": "Sea Street"}}, {"type": "Feature", "geometry": {"type": "Point", "coordinates": [-70.97438, 42.261849]}, "properties": {"aadt": 10442, "route_name": "Sea Street", "year": 2021, "tier": "secondary", "road": "Sea Street"}}, {"type": "Feature", "geometry": {"type": "Point", "coordinates": [-70.973199, 42.262594]}, "properties": {"aadt": 10442, "route_name": "Sea Street", "year": 2021, "tier": "secondary", "road": "Sea Street"}}, {"type": "Feature", "geometry": {"type": "Point", "coordinates": [-70.972399, 42.263117]}, "properties": {"aadt": 10442, "route_name": "Sea Street", "year": 2021, "tier": "secondary", "road": "Sea Street"}}, {"type": "Feature", "geometry": {"type": "Point", "coordinates": [-70.970186, 42.265602]}, "properties": {"aadt": 10442, "route_name": "Sea Street", "year": 2021, "tier": "secondary", "road": "Sea Street"}}, {"type": "Feature", "geometry": {"type": "Point", "coordinates": [-70.96935, 42.266229]}, "properties": {"aadt": 10442, "route_name": "Sea Street", "year": 2021, "tier": "secondary", "road": "Sea Street"}}, {"type": "Feature", "geometry": {"type": "Point", "coordinates": [-70.965516, 42.266189]}, "properties": {"aadt": 10442, "route_name": "Sea Street", "year": 2021, "tier": "secondary", "road": "Sea Street"}}, {"type": "Feature", "geometry": {"type": "Point", "coordinates": [-70.963011, 42.265949]}, "properties": {"aadt": 10442, "route_name": "Sea Street", "year": 2021, "tier": "secondary", "road": "Sea Street"}}, {"type": "Feature", "geometry": {"type": "Point", "coordinates": [-70.971241, 42.172539]}, "properties": {"aadt": 10442, "route_name": "Forest Street", "year": 2021, "tier": "secondary", "road": "Forest Street"}}, {"type": "Feature", "geometry": {"type": "Point", "coordinates": [-70.971099, 42.17571]}, "properties": {"aadt": 10442, "route_name": "Forest Street", "year": 2021, "tier": "secondary", "road": "Forest Street"}}, {"type": "Feature", "geometry": {"type": "Point", "coordinates": [-71.051819, 42.227951]}, "properties": {"aadt": 10416, "route_name": "Chickatawbut Road", "year": 2021, "tier": "secondary", "road": "Chickatawbut Road"}}, {"type": "Feature", "geometry": {"type": "Point", "coordinates": [-71.042591, 42.228229]}, "properties": {"aadt": 10416, "route_name": "Chickatawbut Road", "year": 2021, "tier": "secondary", "road": "Chickatawbut Road"}}, {"type": "Feature", "geometry": {"type": "Point", "coordinates": [-71.039449, 42.227562]}, "properties": {"aadt": 10416, "route_name": "Chickatawbut Road", "year": 2021, "tier": "secondary", "road": "Chickatawbut Road"}}, {"type": "Feature", "geometry": {"type": "Point", "coordinates": [-71.034781, 42.226739]}, "properties": {"aadt": 10416, "route_name": "Chickatawbut Road", "year": 2021, "tier": "secondary", "road": "Chickatawbut Road"}}, {"type": "Feature", "geometry": {"type": "Point", "coordinates": [-70.820564, 42.23633]}, "properties": {"aadt": 10410, "route_name": "Sohier Street", "year": 2021, "tier": "secondary", "road": "Sohier Street"}}, {"type": "Feature", "geometry": {"type": "Point", "coordinates": [-71.008105, 42.141703]}, "properties": {"aadt": 10393, "route_name": "South Franklin Street", "year": 2024, "tier": "secondary", "road": "South Franklin Street"}}, {"type": "Feature", "geometry": {"type": "Point", "coordinates": [-70.99167, 42.157869]}, "properties": {"aadt": 10383, "route_name": "Weymouth Street", "year": 2021, "tier": "secondary", "road": "Weymouth Street"}}, {"type": "Feature", "geometry": {"type": "Point", "coordinates": [-70.99633, 42.155029]}, "properties": {"aadt": 10383, "route_name": "Weymouth Street", "year": 2021, "tier": "secondary", "road": "Weymouth Street"}}, {"type": "Feature", "geometry": {"type": "Point", "coordinates": [-70.992752, 42.157205]}, "properties": {"aadt": 10383, "route_name": "Weymouth Street", "year": 2021, "tier": "secondary", "road": "Weymouth Street"}}, {"type": "Feature", "geometry": {"type": "Point", "coordinates": [-70.98927, 42.159449]}, "properties": {"aadt": 10383, "route_name": "Weymouth Street", "year": 2021, "tier": "secondary", "road": "Weymouth Street"}}, {"type": "Feature", "geometry": {"type": "Point", "coordinates": [-70.983891, 42.163031]}, "properties": {"aadt": 10383, "route_name": "Weymouth Street", "year": 2021, "tier": "secondary", "road": "Weymouth Street"}}, {"type": "Feature", "geometry": {"type": "Point", "coordinates": [-70.979821, 42.165149]}, "properties": {"aadt": 10383, "route_name": "Weymouth Street", "year": 2021, "tier": "secondary", "road": "Weymouth Street"}}, {"type": "Feature", "geometry": {"type": "Point", "coordinates": [-70.994211, 42.160499]}, "properties": {"aadt": 10377, "route_name": "Pine Street", "year": 2021, "tier": "secondary", "road": "Pine Street"}}, {"type": "Feature", "geometry": {"type": "Point", "coordinates": [-70.99484, 42.160963]}, "properties": {"aadt": 10377, "route_name": "Pine Street", "year": 2021, "tier": "secondary", "road": "Pine Street"}}, {"type": "Feature", "geometry": {"type": "Point", "coordinates": [-70.996782, 42.162269]}, "properties": {"aadt": 10377, "route_name": "Pine Street", "year": 2021, "tier": "secondary", "road": "Pine Street"}}, {"type": "Feature", "geometry": {"type": "Point", "coordinates": [-70.999799, 42.164314]}, "properties": {"aadt": 10377, "route_name": "Pine Street", "year": 2021, "tier": "secondary", "road": "Pine Street"}}, {"type": "Feature", "geometry": {"type": "Point", "coordinates": [-71.002098, 42.167081]}, "properties": {"aadt": 10377, "route_name": "Pine Street", "year": 2021, "tier": "secondary", "road": "Pine Street"}}, {"type": "Feature", "geometry": {"type": "Point", "coordinates": [-71.002545, 42.167936]}, "properties": {"aadt": 10377, "route_name": "Pine Street", "year": 2021, "tier": "secondary", "road": "Pine Street"}}, {"type": "Feature", "geometry": {"type": "Point", "coordinates": [-70.902851, 42.135145]}, "properties": {"aadt": 10353, "route_name": "East Water Street", "year": 2023, "tier": "secondary", "road": "East Water Street"}}, {"type": "Feature", "geometry": {"type": "Point", "coordinates": [-71.003031, 42.169709]}, "properties": {"aadt": 10303, "route_name": "Liberty Street", "year": 2021, "tier": "secondary", "road": "Liberty Street"}}, {"type": "Feature", "geometry": {"type": "Point", "coordinates": [-71.00223, 42.171381]}, "properties": {"aadt": 10303, "route_name": "Liberty Street", "year": 2021, "tier": "secondary", "road": "Liberty Street"}}, {"type": "Feature", "geometry": {"type": "Point", "coordinates": [-71.000997, 42.172546]}, "properties": {"aadt": 10303, "route_name": "Liberty Street", "year": 2021, "tier": "secondary", "road": "Liberty Street"}}, {"type": "Feature", "geometry": {"type": "Point", "coordinates": [-70.999716, 42.175622]}, "properties": {"aadt": 10303, "route_name": "Liberty Street", "year": 2021, "tier": "secondary", "road": "Liberty Street"}}, {"type": "Feature", "geometry": {"type": "Point", "coordinates": [-70.999471, 42.175879]}, "properties": {"aadt": 10303, "route_name": "Liberty Street", "year": 2021, "tier": "secondary", "road": "Liberty Street"}}, {"type": "Feature", "geometry": {"type": "Point", "coordinates": [-70.99734, 42.178732]}, "properties": {"aadt": 10303, "route_name": "Liberty Street", "year": 2021, "tier": "secondary", "road": "Liberty Street"}}, {"type": "Feature", "geometry": {"type": "Point", "coordinates": [-70.996459, 42.183017]}, "properties": {"aadt": 10303, "route_name": "Liberty Street", "year": 2021, "tier": "secondary", "road": "Liberty Street"}}, {"type": "Feature", "geometry": {"type": "Point", "coordinates": [-70.995007, 42.184541]}, "properties": {"aadt": 10303, "route_name": "Liberty Street", "year": 2021, "tier": "secondary", "road": "Liberty Street"}}, {"type": "Feature", "geometry": {"type": "Point", "coordinates": [-70.993299, 42.185613]}, "properties": {"aadt": 10303, "route_name": "Liberty Street", "year": 2021, "tier": "secondary", "road": "Liberty Street"}}, {"type": "Feature", "geometry": {"type": "Point", "coordinates": [-70.989897, 42.187338]}, "properties": {"aadt": 10303, "route_name": "Liberty Street", "year": 2021, "tier": "secondary", "road": "Liberty Street"}}, {"type": "Feature", "geometry": {"type": "Point", "coordinates": [-70.988238, 42.187954]}, "properties": {"aadt": 10303, "route_name": "Liberty Street", "year": 2021, "tier": "secondary", "road": "Liberty Street"}}, {"type": "Feature", "geometry": {"type": "Point", "coordinates": [-70.985777, 42.191222]}, "properties": {"aadt": 10303, "route_name": "Liberty Street", "year": 2021, "tier": "secondary", "road": "Liberty Street"}}, {"type": "Feature", "geometry": {"type": "Point", "coordinates": [-70.984838, 42.193724]}, "properties": {"aadt": 10303, "route_name": "Liberty Street", "year": 2021, "tier": "secondary", "road": "Liberty Street"}}, {"type": "Feature", "geometry": {"type": "Point", "coordinates": [-70.984272, 42.194668]}, "properties": {"aadt": 10303, "route_name": "Liberty Street", "year": 2021, "tier": "secondary", "road": "Liberty Street"}}, {"type": "Feature", "geometry": {"type": "Point", "coordinates": [-70.984551, 42.196876]}, "properties": {"aadt": 10303, "route_name": "Liberty Street", "year": 2021, "tier": "secondary", "road": "Liberty Street"}}, {"type": "Feature", "geometry": {"type": "Point", "coordinates": [-70.983728, 42.204631]}, "properties": {"aadt": 10303, "route_name": "Liberty Street", "year": 2021, "tier": "secondary", "road": "Liberty Street"}}, {"type": "Feature", "geometry": {"type": "Point", "coordinates": [-70.981618, 42.206786]}, "properties": {"aadt": 10303, "route_name": "Liberty Street", "year": 2021, "tier": "secondary", "road": "Liberty Street"}}, {"type": "Feature", "geometry": {"type": "Point", "coordinates": [-70.981204, 42.20834]}, "properties": {"aadt": 10303, "route_name": "Liberty Street", "year": 2021, "tier": "secondary", "road": "Liberty Street"}}, {"type": "Feature", "geometry": {"type": "Point", "coordinates": [-70.981212, 42.209325]}, "properties": {"aadt": 10303, "route_name": "Liberty Street", "year": 2021, "tier": "secondary", "road": "Liberty Street"}}, {"type": "Feature", "geometry": {"type": "Point", "coordinates": [-70.980212, 42.212728]}, "properties": {"aadt": 10303, "route_name": "Liberty Street", "year": 2021, "tier": "secondary", "road": "Liberty Street"}}, {"type": "Feature", "geometry": {"type": "Point", "coordinates": [-70.979164, 42.214806]}, "properties": {"aadt": 10303, "route_name": "Liberty Street", "year": 2021, "tier": "secondary", "road": "Liberty Street"}}, {"type": "Feature", "geometry": {"type": "Point", "coordinates": [-70.978496, 42.217505]}, "properties": {"aadt": 10303, "route_name": "Liberty Street", "year": 2021, "tier": "secondary", "road": "Liberty Street"}}, {"type": "Feature", "geometry": {"type": "Point", "coordinates": [-70.978505, 42.221066]}, "properties": {"aadt": 10303, "route_name": "Commercial Street", "year": 2021, "tier": "secondary", "road": "Commercial Street"}}, {"type": "Feature", "geometry": {"type": "Point", "coordinates": [-70.981736, 42.221365]}, "properties": {"aadt": 10303, "route_name": "Commercial Street", "year": 2021, "tier": "secondary", "road": "Commercial Street"}}, {"type": "Feature", "geometry": {"type": "Point", "coordinates": [-70.985112, 42.22401]}, "properties": {"aadt": 10303, "route_name": "Commercial Street", "year": 2021, "tier": "secondary", "road": "Commercial Street"}}, {"type": "Feature", "geometry": {"type": "Point", "coordinates": [-70.99043, 42.229688]}, "properties": {"aadt": 10303, "route_name": "Commercial Street", "year": 2021, "tier": "secondary", "road": "Commercial Street"}}, {"type": "Feature", "geometry": {"type": "Point", "coordinates": [-70.991911, 42.230389]}, "properties": {"aadt": 10303, "route_name": "Commercial Street", "year": 2021, "tier": "secondary", "road": "Commercial Street"}}, {"type": "Feature", "geometry": {"type": "Point", "coordinates": [-70.994111, 42.231979]}, "properties": {"aadt": 10303, "route_name": "Commercial Street", "year": 2021, "tier": "secondary", "road": "Commercial Street"}}, {"type": "Feature", "geometry": {"type": "Point", "coordinates": [-70.995345, 42.232923]}, "properties": {"aadt": 10303, "route_name": "Commercial Street", "year": 2021, "tier": "secondary", "road": "Commercial Street"}}, {"type": "Feature", "geometry": {"type": "Point", "coordinates": [-70.99652, 42.233277]}, "properties": {"aadt": 10303, "route_name": "Franklin Street", "year": 2021, "tier": "secondary", "road": "Franklin Street"}}, {"type": "Feature", "geometry": {"type": "Point", "coordinates": [-71.000244, 42.235115]}, "properties": {"aadt": 10303, "route_name": "Franklin Street", "year": 2021, "tier": "secondary", "road": "Franklin Street"}}, {"type": "Feature", "geometry": {"type": "Point", "coordinates": [-71.00079, 42.235559]}, "properties": {"aadt": 10303, "route_name": "Franklin Street", "year": 2021, "tier": "secondary", "road": "Franklin Street"}}, {"type": "Feature", "geometry": {"type": "Point", "coordinates": [-70.900121, 42.137116]}, "properties": {"aadt": 10252, "route_name": "Webster Street", "year": 2023, "tier": "secondary", "road": "Webster Street"}}, {"type": "Feature", "geometry": {"type": "Point", "coordinates": [-71.019457, 42.265383]}, "properties": {"aadt": 10181, "route_name": "Newport Avenue", "year": 2021, "tier": "secondary", "road": "Newport Avenue"}}, {"type": "Feature", "geometry": {"type": "Point", "coordinates": [-71.008927, 42.244417]}, "properties": {"aadt": 10181, "route_name": "Granite Street", "year": 2021, "tier": "secondary", "road": "Granite Street"}}, {"type": "Feature", "geometry": {"type": "Point", "coordinates": [-71.014704, 42.260843]}, "properties": {"aadt": 10181, "route_name": "Newport Avenue", "year": 2021, "tier": "secondary", "road": "Newport Avenue"}}, {"type": "Feature", "geometry": {"type": "Point", "coordinates": [-71.019747, 42.265695]}, "properties": {"aadt": 10181, "route_name": "Newport Avenue", "year": 2021, "tier": "secondary", "road": "Newport Avenue"}}, {"type": "Feature", "geometry": {"type": "Point", "coordinates": [-71.02607, 42.271399]}, "properties": {"aadt": 10181, "route_name": "Newport Avenue", "year": 2021, "tier": "secondary", "road": "Newport Avenue"}}, {"type": "Feature", "geometry": {"type": "Point", "coordinates": [-71.035951, 42.279914]}, "properties": {"aadt": 10181, "route_name": "Newport Avenue Extension", "year": 2021, "tier": "secondary", "road": "Newport Avenue Extension"}}, {"type": "Feature", "geometry": {"type": "Point", "coordinates": [-71.007706, 42.244654]}, "properties": {"aadt": 10181, "route_name": "Granite Street", "year": 2021, "tier": "secondary", "road": "Granite Street"}}, {"type": "Feature", "geometry": {"type": "Point", "coordinates": [-70.897064, 42.137733]}, "properties": {"aadt": 10171, "route_name": "Webster Street", "year": 2023, "tier": "secondary", "road": "Webster Street"}}, {"type": "Feature", "geometry": {"type": "Point", "coordinates": [-71.04619, 42.175169]}, "properties": {"aadt": 10161, "route_name": "Liberty Street", "year": 2021, "tier": "secondary", "road": "Liberty Street"}}, {"type": "Feature", "geometry": {"type": "Point", "coordinates": [-71.043978, 42.175274]}, "properties": {"aadt": 10161, "route_name": "Liberty Street", "year": 2021, "tier": "secondary", "road": "Liberty Street"}}, {"type": "Feature", "geometry": {"type": "Point", "coordinates": [-71.041371, 42.175069]}, "properties": {"aadt": 10161, "route_name": "Liberty Street", "year": 2021, "tier": "secondary", "road": "Liberty Street"}}, {"type": "Feature", "geometry": {"type": "Point", "coordinates": [-71.037889, 42.175085]}, "properties": {"aadt": 10161, "route_name": "Liberty Street", "year": 2021, "tier": "secondary", "road": "Liberty Street"}}, {"type": "Feature", "geometry": {"type": "Point", "coordinates": [-71.030752, 42.259629]}, "properties": {"aadt": 10149, "route_name": "Beale Street", "year": 2024, "tier": "secondary", "road": "Beale Street"}}, {"type": "Feature", "geometry": {"type": "Point", "coordinates": [-70.869441, 42.146238]}, "properties": {"aadt": 10147, "route_name": "Webster Street", "year": 2023, "tier": "secondary", "road": "Webster Street"}}, {"type": "Feature", "geometry": {"type": "Point", "coordinates": [-70.894463, 42.138307]}, "properties": {"aadt": 10147, "route_name": "Webster Street", "year": 2023, "tier": "secondary", "road": "Webster Street"}}, {"type": "Feature", "geometry": {"type": "Point", "coordinates": [-70.890897, 42.139355]}, "properties": {"aadt": 10147, "route_name": "Webster Street", "year": 2023, "tier": "secondary", "road": "Webster Street"}}, {"type": "Feature", "geometry": {"type": "Point", "coordinates": [-70.887749, 42.140582]}, "properties": {"aadt": 10147, "route_name": "Webster Street", "year": 2023, "tier": "secondary", "road": "Webster Street"}}, {"type": "Feature", "geometry": {"type": "Point", "coordinates": [-70.883317, 42.143524]}, "properties": {"aadt": 10147, "route_name": "Webster Street", "year": 2023, "tier": "secondary", "road": "Webster Street"}}, {"type": "Feature", "geometry": {"type": "Point", "coordinates": [-70.882428, 42.144108]}, "properties": {"aadt": 10147, "route_name": "Webster Street", "year": 2023, "tier": "secondary", "road": "Webster Street"}}, {"type": "Feature", "geometry": {"type": "Point", "coordinates": [-70.876376, 42.145302]}, "properties": {"aadt": 10147, "route_name": "Webster Street", "year": 2023, "tier": "secondary", "road": "Webster Street"}}, {"type": "Feature", "geometry": {"type": "Point", "coordinates": [-70.873645, 42.145676]}, "properties": {"aadt": 10147, "route_name": "Webster Street", "year": 2023, "tier": "secondary", "road": "Webster Street"}}, {"type": "Feature", "geometry": {"type": "Point", "coordinates": [-70.865823, 42.147108]}, "properties": {"aadt": 10147, "route_name": "Webster Street", "year": 2023, "tier": "secondary", "road": "Webster Street"}}, {"type": "Feature", "geometry": {"type": "Point", "coordinates": [-70.864124, 42.1481]}, "properties": {"aadt": 10147, "route_name": "Webster Street", "year": 2023, "tier": "secondary", "road": "Webster Street"}}, {"type": "Feature", "geometry": {"type": "Point", "coordinates": [-70.862498, 42.149524]}, "properties": {"aadt": 10147, "route_name": "Webster Street", "year": 2023, "tier": "secondary", "road": "Webster Street"}}, {"type": "Feature", "geometry": {"type": "Point", "coordinates": [-70.861248, 42.150648]}, "properties": {"aadt": 10147, "route_name": "Webster Street", "year": 2023, "tier": "secondary", "road": "Webster Street"}}, {"type": "Feature", "geometry": {"type": "Point", "coordinates": [-70.860128, 42.151703]}, "properties": {"aadt": 10147, "route_name": "Webster Street", "year": 2023, "tier": "secondary", "road": "Webster Street"}}, {"type": "Feature", "geometry": {"type": "Point", "coordinates": [-70.857668, 42.153659]}, "properties": {"aadt": 10147, "route_name": "Webster Street", "year": 2023, "tier": "secondary", "road": "Webster Street"}}, {"type": "Feature", "geometry": {"type": "Point", "coordinates": [-70.85535, 42.154851]}, "properties": {"aadt": 10147, "route_name": "Webster Street", "year": 2023, "tier": "secondary", "road": "Webster Street"}}, {"type": "Feature", "geometry": {"type": "Point", "coordinates": [-70.8495, 42.157513]}, "properties": {"aadt": 10147, "route_name": "Webster Street", "year": 2023, "tier": "secondary", "road": "Webster Street"}}, {"type": "Feature", "geometry": {"type": "Point", "coordinates": [-70.845326, 42.158269]}, "properties": {"aadt": 10147, "route_name": "Main Street", "year": 2023, "tier": "secondary", "road": "Main Street"}}, {"type": "Feature", "geometry": {"type": "Point", "coordinates": [-70.842454, 42.158135]}, "properties": {"aadt": 10147, "route_name": "Main Street", "year": 2023, "tier": "secondary", "road": "Main Street"}}, {"type": "Feature", "geometry": {"type": "Point", "coordinates": [-70.838684, 42.157994]}, "properties": {"aadt": 10147, "route_name": "Main Street", "year": 2023, "tier": "secondary", "road": "Main Street"}}, {"type": "Feature", "geometry": {"type": "Point", "coordinates": [-70.835389, 42.157966]}, "properties": {"aadt": 10147, "route_name": "Main Street", "year": 2023, "tier": "secondary", "road": "Main Street"}}, {"type": "Feature", "geometry": {"type": "Point", "coordinates": [-70.833065, 42.15786]}, "properties": {"aadt": 10147, "route_name": "Main Street", "year": 2023, "tier": "secondary", "road": "Main Street"}}, {"type": "Feature", "geometry": {"type": "Point", "coordinates": [-70.830925, 42.157994]}, "properties": {"aadt": 10147, "route_name": "Main Street", "year": 2023, "tier": "secondary", "road": "Main Street"}}, {"type": "Feature", "geometry": {"type": "Point", "coordinates": [-70.828476, 42.157914]}, "properties": {"aadt": 10147, "route_name": "Main Street", "year": 2023, "tier": "secondary", "road": "Main Street"}}, {"type": "Feature", "geometry": {"type": "Point", "coordinates": [-70.823501, 42.15745]}, "properties": {"aadt": 10147, "route_name": "Main Street", "year": 2023, "tier": "secondary", "road": "Main Street"}}, {"type": "Feature", "geometry": {"type": "Point", "coordinates": [-70.820117, 42.157562]}, "properties": {"aadt": 10147, "route_name": "Main Street", "year": 2023, "tier": "secondary", "road": "Main Street"}}, {"type": "Feature", "geometry": {"type": "Point", "coordinates": [-70.965333, 42.223179]}, "properties": {"aadt": 9967, "route_name": "Commercial Street", "year": 2021, "tier": "local", "road": "Commercial Street"}}, {"type": "Feature", "geometry": {"type": "Point", "coordinates": [-70.96262, 42.224219]}, "properties": {"aadt": 9967, "route_name": "Commercial Street", "year": 2021, "tier": "local", "road": "Commercial Street"}}, {"type": "Feature", "geometry": {"type": "Point", "coordinates": [-70.960071, 42.224551]}, "properties": {"aadt": 9967, "route_name": "Commercial Street", "year": 2021, "tier": "local", "road": "Commercial Street"}}, {"type": "Feature", "geometry": {"type": "Point", "coordinates": [-70.95731, 42.224766]}, "properties": {"aadt": 9967, "route_name": "Commercial Street", "year": 2021, "tier": "local", "road": "Commercial Street"}}, {"type": "Feature", "geometry": {"type": "Point", "coordinates": [-70.954417, 42.225742]}, "properties": {"aadt": 9967, "route_name": "Commercial Street", "year": 2021, "tier": "local", "road": "Commercial Street"}}, {"type": "Feature", "geometry": {"type": "Point", "coordinates": [-70.952667, 42.226559]}, "properties": {"aadt": 9967, "route_name": "Commercial Street", "year": 2021, "tier": "local", "road": "Commercial Street"}}, {"type": "Feature", "geometry": {"type": "Point", "coordinates": [-70.951434, 42.226999]}, "properties": {"aadt": 9967, "route_name": "Commercial Street", "year": 2021, "tier": "local", "road": "Commercial Street"}}, {"type": "Feature", "geometry": {"type": "Point", "coordinates": [-70.948382, 42.226891]}, "properties": {"aadt": 9967, "route_name": "Commercial Street", "year": 2021, "tier": "local", "road": "Commercial Street"}}, {"type": "Feature", "geometry": {"type": "Point", "coordinates": [-70.862357, 42.27581]}, "properties": {"aadt": 9949, "route_name": "Hull Shore Drive", "year": 2021, "tier": "local", "road": "Hull Shore Drive"}}, {"type": "Feature", "geometry": {"type": "Point", "coordinates": [-70.866002, 42.278041]}, "properties": {"aadt": 9949, "route_name": "Nantasket Avenue", "year": 2021, "tier": "local", "road": "Nantasket Avenue"}}, {"type": "Feature", "geometry": {"type": "Point", "coordinates": [-70.867623, 42.27885]}, "properties": {"aadt": 9949, "route_name": "Nantasket Avenue", "year": 2021, "tier": "local", "road": "Nantasket Avenue"}}, {"type": "Feature", "geometry": {"type": "Point", "coordinates": [-70.871185, 42.280042]}, "properties": {"aadt": 9949, "route_name": "Nantasket Avenue", "year": 2021, "tier": "local", "road": "Nantasket Avenue"}}, {"type": "Feature", "geometry": {"type": "Point", "coordinates": [-70.871729, 42.280565]}, "properties": {"aadt": 9949, "route_name": "Nantasket Avenue", "year": 2021, "tier": "local", "road": "Nantasket Avenue"}}, {"type": "Feature", "geometry": {"type": "Point", "coordinates": [-70.874101, 42.283347]}, "properties": {"aadt": 9949, "route_name": "Nantasket Avenue", "year": 2021, "tier": "local", "road": "Nantasket Avenue"}}, {"type": "Feature", "geometry": {"type": "Point", "coordinates": [-70.874411, 42.283789]}, "properties": {"aadt": 9949, "route_name": "Nantasket Avenue", "year": 2021, "tier": "local", "road": "Nantasket Avenue"}}, {"type": "Feature", "geometry": {"type": "Point", "coordinates": [-70.876125, 42.286573]}, "properties": {"aadt": 9949, "route_name": "Nantasket Avenue", "year": 2021, "tier": "local", "road": "Nantasket Avenue"}}, {"type": "Feature", "geometry": {"type": "Point", "coordinates": [-70.876591, 42.287344]}, "properties": {"aadt": 9949, "route_name": "Nantasket Avenue", "year": 2021, "tier": "local", "road": "Nantasket Avenue"}}, {"type": "Feature", "geometry": {"type": "Point", "coordinates": [-70.877945, 42.289583]}, "properties": {"aadt": 9949, "route_name": "Nantasket Avenue", "year": 2021, "tier": "local", "road": "Nantasket Avenue"}}, {"type": "Feature", "geometry": {"type": "Point", "coordinates": [-70.879612, 42.292521]}, "properties": {"aadt": 9949, "route_name": "Nantasket Avenue", "year": 2021, "tier": "local", "road": "Nantasket Avenue"}}, {"type": "Feature", "geometry": {"type": "Point", "coordinates": [-70.88099, 42.29595]}, "properties": {"aadt": 9949, "route_name": "Nantasket Avenue", "year": 2021, "tier": "local", "road": "Nantasket Avenue"}}, {"type": "Feature", "geometry": {"type": "Point", "coordinates": [-70.882184, 42.298864]}, "properties": {"aadt": 9949, "route_name": "Nantasket Avenue", "year": 2021, "tier": "local", "road": "Nantasket Avenue"}}, {"type": "Feature", "geometry": {"type": "Point", "coordinates": [-70.882538, 42.299726]}, "properties": {"aadt": 9949, "route_name": "Nantasket Avenue", "year": 2021, "tier": "local", "road": "Nantasket Avenue"}}, {"type": "Feature", "geometry": {"type": "Point", "coordinates": [-70.85944, 42.114456]}, "properties": {"aadt": 9930, "route_name": "Hanover Street", "year": 2019, "tier": "local", "road": "Hanover Street"}}, {"type": "Feature", "geometry": {"type": "Point", "coordinates": [-71.006576, 42.139112]}, "properties": {"aadt": 9907, "route_name": "South Franklin Street", "year": 2024, "tier": "local", "road": "South Franklin Street"}}, {"type": "Feature", "geometry": {"type": "Point", "coordinates": [-71.035378, 42.251979]}, "properties": {"aadt": 9881, "route_name": "Quarry Street", "year": 2024, "tier": "local", "road": "Quarry Street"}}, {"type": "Feature", "geometry": {"type": "Point", "coordinates": [-71.026457, 42.250272]}, "properties": {"aadt": 9881, "route_name": "Quarry Street", "year": 2024, "tier": "local", "road": "Quarry Street"}}, {"type": "Feature", "geometry": {"type": "Point", "coordinates": [-71.023439, 42.249585]}, "properties": {"aadt": 9881, "route_name": "Quarry Street", "year": 2024, "tier": "local", "road": "Quarry Street"}}, {"type": "Feature", "geometry": {"type": "Point", "coordinates": [-71.01918, 42.247868]}, "properties": {"aadt": 9881, "route_name": "Quarry Street", "year": 2024, "tier": "local", "road": "Quarry Street"}}, {"type": "Feature", "geometry": {"type": "Point", "coordinates": [-71.01701, 42.246854]}, "properties": {"aadt": 9881, "route_name": "Quarry Street", "year": 2024, "tier": "local", "road": "Quarry Street"}}, {"type": "Feature", "geometry": {"type": "Point", "coordinates": [-71.014269, 42.245328]}, "properties": {"aadt": 9881, "route_name": "Quarry Street", "year": 2024, "tier": "local", "road": "Quarry Street"}}, {"type": "Feature", "geometry": {"type": "Point", "coordinates": [-71.008144, 42.244274]}, "properties": {"aadt": 9881, "route_name": "School Street", "year": 2024, "tier": "local", "road": "School Street"}}, {"type": "Feature", "geometry": {"type": "Point", "coordinates": [-70.880211, 42.118393]}, "properties": {"aadt": 9757, "route_name": "Hanover Street", "year": 2023, "tier": "local", "road": "Hanover Street"}}, {"type": "Feature", "geometry": {"type": "Point", "coordinates": [-71.029179, 42.260256]}, "properties": {"aadt": 9652, "route_name": "Beale Street", "year": 2024, "tier": "local", "road": "Beale Street"}}, {"type": "Feature", "geometry": {"type": "Point", "coordinates": [-71.030949, 42.244272]}, "properties": {"aadt": 9640, "route_name": "Willard Street", "year": 2021, "tier": "local", "road": "Willard Street"}}, {"type": "Feature", "geometry": {"type": "Point", "coordinates": [-70.880751, 42.130566]}, "properties": {"aadt": 9608, "route_name": "Whiting Street", "year": 2015, "tier": "local", "road": "Whiting Street"}}, {"type": "Feature", "geometry": {"type": "Point", "coordinates": [-70.882972, 42.132774]}, "properties": {"aadt": 9608, "route_name": "Whiting Street", "year": 2015, "tier": "local", "road": "Whiting Street"}}, {"type": "Feature", "geometry": {"type": "Point", "coordinates": [-70.884928, 42.134149]}, "properties": {"aadt": 9608, "route_name": "Whiting Street", "year": 2015, "tier": "local", "road": "Whiting Street"}}, {"type": "Feature", "geometry": {"type": "Point", "coordinates": [-70.886411, 42.135934]}, "properties": {"aadt": 9608, "route_name": "Whiting Street", "year": 2015, "tier": "local", "road": "Whiting Street"}}, {"type": "Feature", "geometry": {"type": "Point", "coordinates": [-70.887959, 42.137969]}, "properties": {"aadt": 9608, "route_name": "Whiting Street", "year": 2015, "tier": "local", "road": "Whiting Street"}}, {"type": "Feature", "geometry": {"type": "Point", "coordinates": [-70.888561, 42.140095]}, "properties": {"aadt": 9608, "route_name": "Whiting Street", "year": 2015, "tier": "local", "road": "Whiting Street"}}, {"type": "Feature", "geometry": {"type": "Point", "coordinates": [-70.889061, 42.14416]}, "properties": {"aadt": 9608, "route_name": "Whiting Street", "year": 2015, "tier": "local", "road": "Whiting Street"}}, {"type": "Feature", "geometry": {"type": "Point", "coordinates": [-70.889613, 42.14585]}, "properties": {"aadt": 9608, "route_name": "Whiting Street", "year": 2015, "tier": "local", "road": "Whiting Street"}}, {"type": "Feature", "geometry": {"type": "Point", "coordinates": [-70.890269, 42.148966]}, "properties": {"aadt": 9608, "route_name": "Whiting Street", "year": 2015, "tier": "local", "road": "Whiting Street"}}, {"type": "Feature", "geometry": {"type": "Point", "coordinates": [-70.88924, 42.151828]}, "properties": {"aadt": 9608, "route_name": "Whiting Street", "year": 2015, "tier": "local", "road": "Whiting Street"}}, {"type": "Feature", "geometry": {"type": "Point", "coordinates": [-70.88847, 42.152523]}, "properties": {"aadt": 9608, "route_name": "Whiting Street", "year": 2015, "tier": "local", "road": "Whiting Street"}}, {"type": "Feature", "geometry": {"type": "Point", "coordinates": [-70.888327, 42.154738]}, "properties": {"aadt": 9608, "route_name": "Pond Street", "year": 2015, "tier": "local", "road": "Pond Street"}}, {"type": "Feature", "geometry": {"type": "Point", "coordinates": [-70.888571, 42.155492]}, "properties": {"aadt": 9608, "route_name": "Pond Street", "year": 2015, "tier": "local", "road": "Pond Street"}}, {"type": "Feature", "geometry": {"type": "Point", "coordinates": [-70.889377, 42.158102]}, "properties": {"aadt": 9608, "route_name": "Pond Street", "year": 2015, "tier": "local", "road": "Pond Street"}}, {"type": "Feature", "geometry": {"type": "Point", "coordinates": [-70.890257, 42.160715]}, "properties": {"aadt": 9608, "route_name": "Pond Street", "year": 2015, "tier": "local", "road": "Pond Street"}}, {"type": "Feature", "geometry": {"type": "Point", "coordinates": [-70.88358, 42.119267]}, "properties": {"aadt": 9531, "route_name": "Route 139", "year": 2019, "tier": "local", "road": "Route 139"}}, {"type": "Feature", "geometry": {"type": "Point", "coordinates": [-70.890386, 42.119838]}, "properties": {"aadt": 9504, "route_name": "Market Street", "year": 2019, "tier": "local", "road": "Market Street"}}, {"type": "Feature", "geometry": {"type": "Point", "coordinates": [-70.885677, 42.119576]}, "properties": {"aadt": 9504, "route_name": "Hanover Street", "year": 2019, "tier": "local", "road": "Hanover Street"}}, {"type": "Feature", "geometry": {"type": "Point", "coordinates": [-71.048476, 42.168684]}, "properties": {"aadt": 9499, "route_name": "West Street", "year": 2024, "tier": "local", "road": "West Street"}}, {"type": "Feature", "geometry": {"type": "Point", "coordinates": [-70.853096, 42.244325]}, "properties": {"aadt": 9467, "route_name": "East Street", "year": 2024, "tier": "local", "road": "East Street"}}, {"type": "Feature", "geometry": {"type": "Point", "coordinates": [-70.851769, 42.244636]}, "properties": {"aadt": 9467, "route_name": "Hull Street", "year": 2024, "tier": "local", "road": "Hull Street"}}, {"type": "Feature", "geometry": {"type": "Point", "coordinates": [-70.872111, 42.116246]}, "properties": {"aadt": 9336, "route_name": "Hanover Street", "year": 2023, "tier": "local", "road": "Hanover Street"}}, {"type": "Feature", "geometry": {"type": "Point", "coordinates": [-70.980038, 42.100153]}, "properties": {"aadt": 9335, "route_name": "East Ashland Street", "year": 2022, "tier": "local", "road": "East Ashland Street"}}, {"type": "Feature", "geometry": {"type": "Point", "coordinates": [-70.976727, 42.100616]}, "properties": {"aadt": 9335, "route_name": "Groveland Street", "year": 2022, "tier": "local", "road": "Groveland Street"}}, {"type": "Feature", "geometry": {"type": "Point", "coordinates": [-70.974939, 42.100869]}, "properties": {"aadt": 9335, "route_name": "Groveland Street", "year": 2022, "tier": "local", "road": "Groveland Street"}}, {"type": "Feature", "geometry": {"type": "Point", "coordinates": [-70.970991, 42.101405]}, "properties": {"aadt": 9335, "route_name": "Groveland Street", "year": 2022, "tier": "local", "road": "Groveland Street"}}, {"type": "Feature", "geometry": {"type": "Point", "coordinates": [-70.968927, 42.10169]}, "properties": {"aadt": 9335, "route_name": "Groveland Street", "year": 2022, "tier": "local", "road": "Groveland Street"}}, {"type": "Feature", "geometry": {"type": "Point", "coordinates": [-70.965912, 42.102079]}, "properties": {"aadt": 9335, "route_name": "Groveland Street", "year": 2022, "tier": "local", "road": "Groveland Street"}}, {"type": "Feature", "geometry": {"type": "Point", "coordinates": [-70.961089, 42.102924]}, "properties": {"aadt": 9335, "route_name": "Groveland Street", "year": 2022, "tier": "local", "road": "Groveland Street"}}, {"type": "Feature", "geometry": {"type": "Point", "coordinates": [-70.924492, 42.126033]}, "properties": {"aadt": 9286, "route_name": "Plain Street", "year": 2023, "tier": "local", "road": "Plain Street"}}, {"type": "Feature", "geometry": {"type": "Point", "coordinates": [-71.049634, 42.101747]}, "properties": {"aadt": 9270, "route_name": "Oak Street", "year": 2021, "tier": "local", "road": "Oak Street"}}, {"type": "Feature", "geometry": {"type": "Point", "coordinates": [-71.047075, 42.101739]}, "properties": {"aadt": 9270, "route_name": "Oak Street", "year": 2021, "tier": "local", "road": "Oak Street"}}, {"type": "Feature", "geometry": {"type": "Point", "coordinates": [-71.042939, 42.10143]}, "properties": {"aadt": 9270, "route_name": "Oak Street", "year": 2021, "tier": "local", "road": "Oak Street"}}, {"type": "Feature", "geometry": {"type": "Point", "coordinates": [-71.041128, 42.101315]}, "properties": {"aadt": 9270, "route_name": "Oak Street", "year": 2021, "tier": "local", "road": "Oak Street"}}, {"type": "Feature", "geometry": {"type": "Point", "coordinates": [-71.038319, 42.101093]}, "properties": {"aadt": 9270, "route_name": "Oak Street", "year": 2021, "tier": "local", "road": "Oak Street"}}, {"type": "Feature", "geometry": {"type": "Point", "coordinates": [-71.035473, 42.100873]}, "properties": {"aadt": 9270, "route_name": "Oak Street", "year": 2021, "tier": "local", "road": "Oak Street"}}, {"type": "Feature", "geometry": {"type": "Point", "coordinates": [-71.031914, 42.102142]}, "properties": {"aadt": 9270, "route_name": "Oak Street", "year": 2021, "tier": "local", "road": "Oak Street"}}, {"type": "Feature", "geometry": {"type": "Point", "coordinates": [-70.891902, 42.119951]}, "properties": {"aadt": 9218, "route_name": "Market Street", "year": 2024, "tier": "local", "road": "Market Street"}}, {"type": "Feature", "geometry": {"type": "Point", "coordinates": [-71.003297, 42.121456]}, "properties": {"aadt": 9092, "route_name": "Boundary Street", "year": 2021, "tier": "local", "road": "Boundary Street"}}, {"type": "Feature", "geometry": {"type": "Point", "coordinates": [-71.003517, 42.121577]}, "properties": {"aadt": 9092, "route_name": "Boundary Street", "year": 2021, "tier": "local", "road": "Boundary Street"}}, {"type": "Feature", "geometry": {"type": "Point", "coordinates": [-71.005619, 42.123186]}, "properties": {"aadt": 9092, "route_name": "Boundary Street", "year": 2021, "tier": "local", "road": "Boundary Street"}}, {"type": "Feature", "geometry": {"type": "Point", "coordinates": [-70.868064, 42.115396]}, "properties": {"aadt": 9041, "route_name": "Hanover Street", "year": 2019, "tier": "local", "road": "Hanover Street"}}, {"type": "Feature", "geometry": {"type": "Point", "coordinates": [-70.996724, 42.262227]}, "properties": {"aadt": 8953, "route_name": "Quincy Shore Drive", "year": 2021, "tier": "local", "road": "Quincy Shore Drive"}}, {"type": "Feature", "geometry": {"type": "Point", "coordinates": [-70.9969, 42.265634]}, "properties": {"aadt": 8953, "route_name": "Quincy Shore Drive", "year": 2021, "tier": "local", "road": "Quincy Shore Drive"}}, {"type": "Feature", "geometry": {"type": "Point", "coordinates": [-70.99828, 42.271682]}, "properties": {"aadt": 8953, "route_name": "Quincy Shore Drive", "year": 2021, "tier": "local", "road": "Quincy Shore Drive"}}, {"type": "Feature", "geometry": {"type": "Point", "coordinates": [-71.000861, 42.273709]}, "properties": {"aadt": 8953, "route_name": "Quincy Shore Drive", "year": 2021, "tier": "local", "road": "Quincy Shore Drive"}}, {"type": "Feature", "geometry": {"type": "Point", "coordinates": [-71.00343, 42.274799]}, "properties": {"aadt": 8953, "route_name": "Quincy Shore Drive", "year": 2021, "tier": "local", "road": "Quincy Shore Drive"}}, {"type": "Feature", "geometry": {"type": "Point", "coordinates": [-71.005741, 42.275459]}, "properties": {"aadt": 8953, "route_name": "Quincy Shore Drive", "year": 2021, "tier": "local", "road": "Quincy Shore Drive"}}, {"type": "Feature", "geometry": {"type": "Point", "coordinates": [-71.00945, 42.276589]}, "properties": {"aadt": 8953, "route_name": "Quincy Shore Drive", "year": 2021, "tier": "local", "road": "Quincy Shore Drive"}}, {"type": "Feature", "geometry": {"type": "Point", "coordinates": [-71.011821, 42.277449]}, "properties": {"aadt": 8953, "route_name": "Quincy Shore Drive", "year": 2021, "tier": "local", "road": "Quincy Shore Drive"}}, {"type": "Feature", "geometry": {"type": "Point", "coordinates": [-71.012161, 42.277584]}, "properties": {"aadt": 8953, "route_name": "Quincy Shore Drive", "year": 2021, "tier": "local", "road": "Quincy Shore Drive"}}, {"type": "Feature", "geometry": {"type": "Point", "coordinates": [-71.014561, 42.278659]}, "properties": {"aadt": 8953, "route_name": "Quincy Shore Drive", "year": 2021, "tier": "local", "road": "Quincy Shore Drive"}}, {"type": "Feature", "geometry": {"type": "Point", "coordinates": [-71.017721, 42.280579]}, "properties": {"aadt": 8953, "route_name": "Quincy Shore Drive", "year": 2021, "tier": "local", "road": "Quincy Shore Drive"}}, {"type": "Feature", "geometry": {"type": "Point", "coordinates": [-71.020001, 42.283688]}, "properties": {"aadt": 8953, "route_name": "Quincy Shore Drive", "year": 2021, "tier": "local", "road": "Quincy Shore Drive"}}, {"type": "Feature", "geometry": {"type": "Point", "coordinates": [-71.020621, 42.285699]}, "properties": {"aadt": 8953, "route_name": "Quincy Shore Drive", "year": 2021, "tier": "local", "road": "Quincy Shore Drive"}}, {"type": "Feature", "geometry": {"type": "Point", "coordinates": [-71.027269, 42.28645]}, "properties": {"aadt": 8953, "route_name": "Quincy Shore Drive", "year": 2021, "tier": "local", "road": "Quincy Shore Drive"}}, {"type": "Feature", "geometry": {"type": "Point", "coordinates": [-71.029735, 42.285196]}, "properties": {"aadt": 8953, "route_name": "Quincy Shore Drive", "year": 2021, "tier": "local", "road": "Quincy Shore Drive"}}, {"type": "Feature", "geometry": {"type": "Point", "coordinates": [-71.02639, 42.261243]}, "properties": {"aadt": 8899, "route_name": "Beale Street", "year": 2024, "tier": "local", "road": "Beale Street"}}, {"type": "Feature", "geometry": {"type": "Point", "coordinates": [-71.007691, 42.133443]}, "properties": {"aadt": 8869, "route_name": "South Franklin Street", "year": 2024, "tier": "local", "road": "South Franklin Street"}}, {"type": "Feature", "geometry": {"type": "Point", "coordinates": [-70.958156, 42.15509]}, "properties": {"aadt": 8764, "route_name": "Pond Street", "year": 2021, "tier": "local", "road": "Pond Street"}}, {"type": "Feature", "geometry": {"type": "Point", "coordinates": [-70.959284, 42.157691]}, "properties": {"aadt": 8764, "route_name": "Pond Street", "year": 2021, "tier": "local", "road": "Pond Street"}}, {"type": "Feature", "geometry": {"type": "Point", "coordinates": [-70.959811, 42.160816]}, "properties": {"aadt": 8764, "route_name": "Pond Street", "year": 2021, "tier": "local", "road": "Pond Street"}}, {"type": "Feature", "geometry": {"type": "Point", "coordinates": [-70.95988, 42.164179]}, "properties": {"aadt": 8764, "route_name": "Pond Street", "year": 2021, "tier": "local", "road": "Pond Street"}}, {"type": "Feature", "geometry": {"type": "Point", "coordinates": [-70.959061, 42.166738]}, "properties": {"aadt": 8764, "route_name": "Pond Street", "year": 2021, "tier": "local", "road": "Pond Street"}}, {"type": "Feature", "geometry": {"type": "Point", "coordinates": [-70.829999, 42.265905]}, "properties": {"aadt": 8563, "route_name": "Atlantic Avenue", "year": 2021, "tier": "local", "road": "Atlantic Avenue"}}, {"type": "Feature", "geometry": {"type": "Point", "coordinates": [-70.832139, 42.266293]}, "properties": {"aadt": 8563, "route_name": "Atlantic Avenue", "year": 2021, "tier": "local", "road": "Atlantic Avenue"}}, {"type": "Feature", "geometry": {"type": "Point", "coordinates": [-70.835661, 42.266549]}, "properties": {"aadt": 8563, "route_name": "Atlantic Avenue", "year": 2021, "tier": "local", "road": "Atlantic Avenue"}}, {"type": "Feature", "geometry": {"type": "Point", "coordinates": [-70.837717, 42.267143]}, "properties": {"aadt": 8563, "route_name": "Atlantic Avenue", "year": 2021, "tier": "local", "road": "Atlantic Avenue"}}, {"type": "Feature", "geometry": {"type": "Point", "coordinates": [-70.84073, 42.267003]}, "properties": {"aadt": 8563, "route_name": "Atlantic Avenue", "year": 2021, "tier": "local", "road": "Atlantic Avenue"}}, {"type": "Feature", "geometry": {"type": "Point", "coordinates": [-70.843709, 42.265851]}, "properties": {"aadt": 8563, "route_name": "Atlantic Avenue", "year": 2021, "tier": "local", "road": "Atlantic Avenue"}}, {"type": "Feature", "geometry": {"type": "Point", "coordinates": [-70.846514, 42.265624]}, "properties": {"aadt": 8563, "route_name": "Atlantic Avenue", "year": 2021, "tier": "local", "road": "Atlantic Avenue"}}, {"type": "Feature", "geometry": {"type": "Point", "coordinates": [-71.023596, 42.262524]}, "properties": {"aadt": 8554, "route_name": "Beale Street", "year": 2020, "tier": "local", "road": "Beale Street"}}, {"type": "Feature", "geometry": {"type": "Point", "coordinates": [-71.023191, 42.262774]}, "properties": {"aadt": 8554, "route_name": "Beale Street", "year": 2020, "tier": "local", "road": "Beale Street"}}, {"type": "Feature", "geometry": {"type": "Point", "coordinates": [-70.863528, 42.250918]}, "properties": {"aadt": 8414, "route_name": "Rockland Street", "year": 2021, "tier": "local", "road": "Rockland Street"}}, {"type": "Feature", "geometry": {"type": "Point", "coordinates": [-70.860941, 42.251672]}, "properties": {"aadt": 8414, "route_name": "Rockland Street", "year": 2021, "tier": "local", "road": "Rockland Street"}}, {"type": "Feature", "geometry": {"type": "Point", "coordinates": [-70.858181, 42.252489]}, "properties": {"aadt": 8414, "route_name": "Rockland Street", "year": 2021, "tier": "local", "road": "Rockland Street"}}, {"type": "Feature", "geometry": {"type": "Point", "coordinates": [-70.855466, 42.253494]}, "properties": {"aadt": 8414, "route_name": "Rockland Street", "year": 2021, "tier": "local", "road": "Rockland Street"}}, {"type": "Feature", "geometry": {"type": "Point", "coordinates": [-70.853507, 42.254402]}, "properties": {"aadt": 8414, "route_name": "Rockland Street", "year": 2021, "tier": "local", "road": "Rockland Street"}}, {"type": "Feature", "geometry": {"type": "Point", "coordinates": [-70.851777, 42.255458]}, "properties": {"aadt": 8414, "route_name": "Rockland Street", "year": 2021, "tier": "local", "road": "Rockland Street"}}, {"type": "Feature", "geometry": {"type": "Point", "coordinates": [-70.849844, 42.256821]}, "properties": {"aadt": 8414, "route_name": "Rockland Street", "year": 2021, "tier": "local", "road": "Rockland Street"}}, {"type": "Feature", "geometry": {"type": "Point", "coordinates": [-70.84933, 42.257184]}, "properties": {"aadt": 8414, "route_name": "Rockland Street", "year": 2021, "tier": "local", "road": "Rockland Street"}}, {"type": "Feature", "geometry": {"type": "Point", "coordinates": [-71.02488, 42.130509]}, "properties": {"aadt": 8408, "route_name": "Spring Street", "year": 2024, "tier": "local", "road": "Spring Street"}}, {"type": "Feature", "geometry": {"type": "Point", "coordinates": [-71.03224, 42.127209]}, "properties": {"aadt": 8408, "route_name": "East Spring Street", "year": 2024, "tier": "local", "road": "East Spring Street"}}, {"type": "Feature", "geometry": {"type": "Point", "coordinates": [-71.031527, 42.127549]}, "properties": {"aadt": 8408, "route_name": "East Spring Street", "year": 2024, "tier": "local", "road": "East Spring Street"}}, {"type": "Feature", "geometry": {"type": "Point", "coordinates": [-71.029184, 42.128695]}, "properties": {"aadt": 8408, "route_name": "East Spring Street", "year": 2024, "tier": "local", "road": "East Spring Street"}}, {"type": "Feature", "geometry": {"type": "Point", "coordinates": [-71.026303, 42.130081]}, "properties": {"aadt": 8408, "route_name": "Spring Street", "year": 2024, "tier": "local", "road": "Spring Street"}}, {"type": "Feature", "geometry": {"type": "Point", "coordinates": [-71.022887, 42.130959]}, "properties": {"aadt": 8408, "route_name": "Spring Street", "year": 2024, "tier": "local", "road": "Spring Street"}}, {"type": "Feature", "geometry": {"type": "Point", "coordinates": [-71.008674, 42.130503]}, "properties": {"aadt": 8388, "route_name": "South Franklin Street", "year": 2024, "tier": "local", "road": "South Franklin Street"}}, {"type": "Feature", "geometry": {"type": "Point", "coordinates": [-70.883652, 42.241845]}, "properties": {"aadt": 8338, "route_name": "Water Street", "year": 2021, "tier": "local", "road": "Water Street"}}, {"type": "Feature", "geometry": {"type": "Point", "coordinates": [-70.914521, 42.131922]}, "properties": {"aadt": 8319, "route_name": "Webster Street", "year": 2021, "tier": "local", "road": "Webster Street"}}, {"type": "Feature", "geometry": {"type": "Point", "coordinates": [-70.912324, 42.132638]}, "properties": {"aadt": 8319, "route_name": "Webster Street", "year": 2021, "tier": "local", "road": "Webster Street"}}, {"type": "Feature", "geometry": {"type": "Point", "coordinates": [-70.909099, 42.133812]}, "properties": {"aadt": 8319, "route_name": "Webster Street", "year": 2021, "tier": "local", "road": "Webster Street"}}, {"type": "Feature", "geometry": {"type": "Point", "coordinates": [-70.905969, 42.135069]}, "properties": {"aadt": 8319, "route_name": "Webster Street", "year": 2021, "tier": "local", "road": "Webster Street"}}, {"type": "Feature", "geometry": {"type": "Point", "coordinates": [-70.8963, 42.121829]}, "properties": {"aadt": 8317, "route_name": "Market Street", "year": 2024, "tier": "local", "road": "Market Street"}}, {"type": "Feature", "geometry": {"type": "Point", "coordinates": [-70.865267, 42.115067]}, "properties": {"aadt": 8263, "route_name": "Hanover Street", "year": 2019, "tier": "local", "road": "Hanover Street"}}, {"type": "Feature", "geometry": {"type": "Point", "coordinates": [-70.889855, 42.242387]}, "properties": {"aadt": 8208, "route_name": "North Street", "year": 2021, "tier": "local", "road": "North Street"}}, {"type": "Feature", "geometry": {"type": "Point", "coordinates": [-70.888238, 42.242839]}, "properties": {"aadt": 8208, "route_name": "North Street", "year": 2021, "tier": "local", "road": "North Street"}}, {"type": "Feature", "geometry": {"type": "Point", "coordinates": [-70.927113, 42.130619]}, "properties": {"aadt": 8184, "route_name": "North Avenue", "year": 2021, "tier": "local", "road": "North Avenue"}}, {"type": "Feature", "geometry": {"type": "Point", "coordinates": [-70.923987, 42.131524]}, "properties": {"aadt": 8184, "route_name": "North Avenue", "year": 2021, "tier": "local", "road": "North Avenue"}}, {"type": "Feature", "geometry": {"type": "Point", "coordinates": [-70.92109, 42.132403]}, "properties": {"aadt": 8184, "route_name": "North Avenue", "year": 2021, "tier": "local", "road": "North Avenue"}}, {"type": "Feature", "geometry": {"type": "Point", "coordinates": [-71.038988, 42.100119]}, "properties": {"aadt": 8124, "route_name": "Belair Street", "year": 2021, "tier": "local", "road": "Belair Street"}}, {"type": "Feature", "geometry": {"type": "Point", "coordinates": [-70.848971, 42.247619]}, "properties": {"aadt": 8075, "route_name": "Hull Street", "year": 2024, "tier": "local", "road": "Hull Street"}}, {"type": "Feature", "geometry": {"type": "Point", "coordinates": [-71.050029, 42.124431]}, "properties": {"aadt": 8044, "route_name": "Pond Street", "year": 2017, "tier": "local", "road": "Pond Street"}}, {"type": "Feature", "geometry": {"type": "Point", "coordinates": [-71.048456, 42.125075]}, "properties": {"aadt": 8044, "route_name": "Pond Street", "year": 2017, "tier": "local", "road": "Pond Street"}}, {"type": "Feature", "geometry": {"type": "Point", "coordinates": [-70.881995, 42.236644]}, "properties": {"aadt": 8042, "route_name": "Main Street", "year": 2021, "tier": "local", "road": "Main Street"}}, {"type": "Feature", "geometry": {"type": "Point", "coordinates": [-70.882534, 42.23854]}, "properties": {"aadt": 8042, "route_name": "Main Street", "year": 2021, "tier": "local", "road": "Main Street"}}, {"type": "Feature", "geometry": {"type": "Point", "coordinates": [-70.887035, 42.240923]}, "properties": {"aadt": 8042, "route_name": "Main Street", "year": 2021, "tier": "local", "road": "Main Street"}}, {"type": "Feature", "geometry": {"type": "Point", "coordinates": [-70.878895, 42.098696]}, "properties": {"aadt": 7962, "route_name": "King Street", "year": 2015, "tier": "local", "road": "King Street"}}, {"type": "Feature", "geometry": {"type": "Point", "coordinates": [-70.87906, 42.101011]}, "properties": {"aadt": 7962, "route_name": "King Street", "year": 2015, "tier": "local", "road": "King Street"}}, {"type": "Feature", "geometry": {"type": "Point", "coordinates": [-70.877884, 42.103557]}, "properties": {"aadt": 7962, "route_name": "King Street", "year": 2015, "tier": "local", "road": "King Street"}}, {"type": "Feature", "geometry": {"type": "Point", "coordinates": [-70.876868, 42.106627]}, "properties": {"aadt": 7962, "route_name": "King Street", "year": 2015, "tier": "local", "road": "King Street"}}, {"type": "Feature", "geometry": {"type": "Point", "coordinates": [-70.87733, 42.109902]}, "properties": {"aadt": 7962, "route_name": "King Street", "year": 2015, "tier": "local", "road": "King Street"}}, {"type": "Feature", "geometry": {"type": "Point", "coordinates": [-70.879977, 42.112853]}, "properties": {"aadt": 7962, "route_name": "Circuit Street", "year": 2015, "tier": "local", "road": "Circuit Street"}}, {"type": "Feature", "geometry": {"type": "Point", "coordinates": [-70.882677, 42.118485]}, "properties": {"aadt": 7962, "route_name": "Circuit Street", "year": 2015, "tier": "local", "road": "Circuit Street"}}, {"type": "Feature", "geometry": {"type": "Point", "coordinates": [-70.881427, 42.122374]}, "properties": {"aadt": 7962, "route_name": "Pleasant Street", "year": 2015, "tier": "local", "road": "Pleasant Street"}}, {"type": "Feature", "geometry": {"type": "Point", "coordinates": [-70.880537, 42.12623]}, "properties": {"aadt": 7962, "route_name": "Pleasant Street", "year": 2015, "tier": "local", "road": "Pleasant Street"}}, {"type": "Feature", "geometry": {"type": "Point", "coordinates": [-70.880332, 42.128152]}, "properties": {"aadt": 7962, "route_name": "Pleasant Street", "year": 2015, "tier": "local", "road": "Pleasant Street"}}, {"type": "Feature", "geometry": {"type": "Point", "coordinates": [-71.020377, 42.109488]}, "properties": {"aadt": 7856, "route_name": "Winter Street", "year": 2021, "tier": "local", "road": "Winter Street"}}, {"type": "Feature", "geometry": {"type": "Point", "coordinates": [-71.019816, 42.109539]}, "properties": {"aadt": 7856, "route_name": "Winter Street", "year": 2021, "tier": "local", "road": "Winter Street"}}, {"type": "Feature", "geometry": {"type": "Point", "coordinates": [-71.016993, 42.109831]}, "properties": {"aadt": 7856, "route_name": "Winter Street", "year": 2021, "tier": "local", "road": "Winter Street"}}, {"type": "Feature", "geometry": {"type": "Point", "coordinates": [-71.014351, 42.11004]}, "properties": {"aadt": 7856, "route_name": "Winter Street", "year": 2021, "tier": "local", "road": "Winter Street"}}, {"type": "Feature", "geometry": {"type": "Point", "coordinates": [-71.011694, 42.109475]}, "properties": {"aadt": 7856, "route_name": "Winter Street", "year": 2021, "tier": "local", "road": "Winter Street"}}, {"type": "Feature", "geometry": {"type": "Point", "coordinates": [-71.010217, 42.108967]}, "properties": {"aadt": 7856, "route_name": "Winter Street", "year": 2021, "tier": "local", "road": "Winter Street"}}, {"type": "Feature", "geometry": {"type": "Point", "coordinates": [-71.008488, 42.108384]}, "properties": {"aadt": 7856, "route_name": "Winter Street", "year": 2021, "tier": "local", "road": "Winter Street"}}, {"type": "Feature", "geometry": {"type": "Point", "coordinates": [-71.005236, 42.106976]}, "properties": {"aadt": 7856, "route_name": "Winter Street", "year": 2021, "tier": "local", "road": "Winter Street"}}, {"type": "Feature", "geometry": {"type": "Point", "coordinates": [-71.001458, 42.107054]}, "properties": {"aadt": 7856, "route_name": "North Cary Street", "year": 2021, "tier": "local", "road": "North Cary Street"}}, {"type": "Feature", "geometry": {"type": "Point", "coordinates": [-71.0457, 42.132529]}, "properties": {"aadt": 7693, "route_name": "West High Street", "year": 2017, "tier": "local", "road": "West High Street"}}, {"type": "Feature", "geometry": {"type": "Point", "coordinates": [-71.047766, 42.132379]}, "properties": {"aadt": 7693, "route_name": "West High Street", "year": 2017, "tier": "local", "road": "West High Street"}}, {"type": "Feature", "geometry": {"type": "Point", "coordinates": [-71.050865, 42.133556]}, "properties": {"aadt": 7539, "route_name": "Page Street", "year": 2023, "tier": "local", "road": "Page Street"}}, {"type": "Feature", "geometry": {"type": "Point", "coordinates": [-70.915418, 42.117416]}, "properties": {"aadt": 7378, "route_name": "Spring Street", "year": 2024, "tier": "local", "road": "Spring Street"}}, {"type": "Feature", "geometry": {"type": "Point", "coordinates": [-71.025925, 42.158073]}, "properties": {"aadt": 7349, "route_name": "Centre Street", "year": 2016, "tier": "local", "road": "Centre Street"}}, {"type": "Feature", "geometry": {"type": "Point", "coordinates": [-71.02438, 42.160769]}, "properties": {"aadt": 7349, "route_name": "Centre Street", "year": 2016, "tier": "local", "road": "Centre Street"}}, {"type": "Feature", "geometry": {"type": "Point", "coordinates": [-71.02365, 42.163793]}, "properties": {"aadt": 7349, "route_name": "Centre Street", "year": 2016, "tier": "local", "road": "Centre Street"}}, {"type": "Feature", "geometry": {"type": "Point", "coordinates": [-71.023054, 42.164748]}, "properties": {"aadt": 7349, "route_name": "Centre Street", "year": 2016, "tier": "local", "road": "Centre Street"}}, {"type": "Feature", "geometry": {"type": "Point", "coordinates": [-71.019646, 42.166788]}, "properties": {"aadt": 7349, "route_name": "Centre Street", "year": 2016, "tier": "local", "road": "Centre Street"}}, {"type": "Feature", "geometry": {"type": "Point", "coordinates": [-71.017022, 42.168756]}, "properties": {"aadt": 7349, "route_name": "Centre Street", "year": 2016, "tier": "local", "road": "Centre Street"}}, {"type": "Feature", "geometry": {"type": "Point", "coordinates": [-71.016538, 42.17006]}, "properties": {"aadt": 7349, "route_name": "South Street", "year": 2016, "tier": "local", "road": "South Street"}}, {"type": "Feature", "geometry": {"type": "Point", "coordinates": [-71.015088, 42.172551]}, "properties": {"aadt": 7349, "route_name": "South Street", "year": 2016, "tier": "local", "road": "South Street"}}, {"type": "Feature", "geometry": {"type": "Point", "coordinates": [-71.011787, 42.125187]}, "properties": {"aadt": 7347, "route_name": "South Franklin Street", "year": 2024, "tier": "local", "road": "South Franklin Street"}}, {"type": "Feature", "geometry": {"type": "Point", "coordinates": [-71.047276, 42.126186]}, "properties": {"aadt": 7303, "route_name": "Pond Street", "year": 2017, "tier": "local", "road": "Pond Street"}}, {"type": "Feature", "geometry": {"type": "Point", "coordinates": [-71.04291, 42.132729]}, "properties": {"aadt": 7231, "route_name": "West High Street", "year": 2024, "tier": "local", "road": "West High Street"}}, {"type": "Feature", "geometry": {"type": "Point", "coordinates": [-70.995901, 42.197038]}, "properties": {"aadt": 7228, "route_name": "Plain Street", "year": 2021, "tier": "local", "road": "Plain Street"}}, {"type": "Feature", "geometry": {"type": "Point", "coordinates": [-70.993253, 42.198326]}, "properties": {"aadt": 7228, "route_name": "Plain Street", "year": 2021, "tier": "local", "road": "Plain Street"}}, {"type": "Feature", "geometry": {"type": "Point", "coordinates": [-70.989154, 42.198757]}, "properties": {"aadt": 7228, "route_name": "Plain Street", "year": 2021, "tier": "local", "road": "Plain Street"}}, {"type": "Feature", "geometry": {"type": "Point", "coordinates": [-70.971835, 42.12255]}, "properties": {"aadt": 7198, "route_name": "Hancock Street", "year": 2017, "tier": "local", "road": "Hancock Street"}}, {"type": "Feature", "geometry": {"type": "Point", "coordinates": [-71.012098, 42.124186]}, "properties": {"aadt": 7186, "route_name": "South Franklin Street", "year": 2024, "tier": "local", "road": "South Franklin Street"}}, {"type": "Feature", "geometry": {"type": "Point", "coordinates": [-70.921177, 42.124645]}, "properties": {"aadt": 7165, "route_name": "Plain Street", "year": 2023, "tier": "local", "road": "Plain Street"}}, {"type": "Feature", "geometry": {"type": "Point", "coordinates": [-70.848381, 42.250802]}, "properties": {"aadt": 7133, "route_name": "Hull Street", "year": 2024, "tier": "local", "road": "Hull Street"}}, {"type": "Feature", "geometry": {"type": "Point", "coordinates": [-70.912314, 42.113211]}, "properties": {"aadt": 7014, "route_name": "Spring Street", "year": 2024, "tier": "local", "road": "Spring Street"}}, {"type": "Feature", "geometry": {"type": "Point", "coordinates": [-70.912897, 42.114166]}, "properties": {"aadt": 7014, "route_name": "Spring Street", "year": 2024, "tier": "local", "road": "Spring Street"}}, {"type": "Feature", "geometry": {"type": "Point", "coordinates": [-70.970292, 42.119968]}, "properties": {"aadt": 6967, "route_name": "Hancock Street", "year": 2017, "tier": "local", "road": "Hancock Street"}}, {"type": "Feature", "geometry": {"type": "Point", "coordinates": [-70.972991, 42.124366]}, "properties": {"aadt": 6932, "route_name": "Hancock Street", "year": 2017, "tier": "local", "road": "Hancock Street"}}, {"type": "Feature", "geometry": {"type": "Point", "coordinates": [-70.960131, 42.217019]}, "properties": {"aadt": 6916, "route_name": "Broad Street", "year": 2022, "tier": "local", "road": "Broad Street"}}, {"type": "Feature", "geometry": {"type": "Point", "coordinates": [-70.956751, 42.2173]}, "properties": {"aadt": 6916, "route_name": "Broad Street", "year": 2022, "tier": "local", "road": "Broad Street"}}, {"type": "Feature", "geometry": {"type": "Point", "coordinates": [-70.953181, 42.217109]}, "properties": {"aadt": 6916, "route_name": "Broad Street", "year": 2022, "tier": "local", "road": "Broad Street"}}, {"type": "Feature", "geometry": {"type": "Point", "coordinates": [-70.949829, 42.217561]}, "properties": {"aadt": 6916, "route_name": "Broad Street", "year": 2022, "tier": "local", "road": "Broad Street"}}, {"type": "Feature", "geometry": {"type": "Point", "coordinates": [-70.94836, 42.217824]}, "properties": {"aadt": 6916, "route_name": "Broad Street", "year": 2022, "tier": "local", "road": "Broad Street"}}, {"type": "Feature", "geometry": {"type": "Point", "coordinates": [-70.944191, 42.218119]}, "properties": {"aadt": 6916, "route_name": "Broad Street", "year": 2022, "tier": "local", "road": "Broad Street"}}, {"type": "Feature", "geometry": {"type": "Point", "coordinates": [-70.941015, 42.217681]}, "properties": {"aadt": 6916, "route_name": "Broad Street", "year": 2022, "tier": "local", "road": "Broad Street"}}, {"type": "Feature", "geometry": {"type": "Point", "coordinates": [-70.9361, 42.217458]}, "properties": {"aadt": 6916, "route_name": "Broad Street", "year": 2022, "tier": "local", "road": "Broad Street"}}, {"type": "Feature", "geometry": {"type": "Point", "coordinates": [-70.932441, 42.217229]}, "properties": {"aadt": 6916, "route_name": "Broad Street", "year": 2022, "tier": "local", "road": "Broad Street"}}, {"type": "Feature", "geometry": {"type": "Point", "coordinates": [-70.930396, 42.216868]}, "properties": {"aadt": 6916, "route_name": "Broad Street", "year": 2022, "tier": "local", "road": "Broad Street"}}, {"type": "Feature", "geometry": {"type": "Point", "coordinates": [-70.923903, 42.215493]}, "properties": {"aadt": 6916, "route_name": "Broad Street", "year": 2022, "tier": "local", "road": "Broad Street"}}, {"type": "Feature", "geometry": {"type": "Point", "coordinates": [-70.921, 42.215009]}, "properties": {"aadt": 6916, "route_name": "High Street", "year": 2022, "tier": "local", "road": "High Street"}}, {"type": "Feature", "geometry": {"type": "Point", "coordinates": [-70.91819, 42.214761]}, "properties": {"aadt": 6916, "route_name": "High Street", "year": 2022, "tier": "local", "road": "High Street"}}, {"type": "Feature", "geometry": {"type": "Point", "coordinates": [-70.915176, 42.214879]}, "properties": {"aadt": 6916, "route_name": "High Street", "year": 2022, "tier": "local", "road": "High Street"}}, {"type": "Feature", "geometry": {"type": "Point", "coordinates": [-70.912866, 42.214456]}, "properties": {"aadt": 6916, "route_name": "High Street", "year": 2022, "tier": "local", "road": "High Street"}}, {"type": "Feature", "geometry": {"type": "Point", "coordinates": [-70.91224, 42.214276]}, "properties": {"aadt": 6916, "route_name": "High Street", "year": 2022, "tier": "local", "road": "High Street"}}, {"type": "Feature", "geometry": {"type": "Point", "coordinates": [-70.90908, 42.213898]}, "properties": {"aadt": 6916, "route_name": "High Street", "year": 2022, "tier": "local", "road": "High Street"}}, {"type": "Feature", "geometry": {"type": "Point", "coordinates": [-70.90582, 42.213524]}, "properties": {"aadt": 6916, "route_name": "High Street", "year": 2022, "tier": "local", "road": "High Street"}}, {"type": "Feature", "geometry": {"type": "Point", "coordinates": [-70.903021, 42.213448]}, "properties": {"aadt": 6916, "route_name": "High Street", "year": 2022, "tier": "local", "road": "High Street"}}, {"type": "Feature", "geometry": {"type": "Point", "coordinates": [-70.900137, 42.213546]}, "properties": {"aadt": 6916, "route_name": "High Street", "year": 2022, "tier": "local", "road": "High Street"}}, {"type": "Feature", "geometry": {"type": "Point", "coordinates": [-70.896317, 42.213822]}, "properties": {"aadt": 6916, "route_name": "High Street", "year": 2022, "tier": "local", "road": "High Street"}}, {"type": "Feature", "geometry": {"type": "Point", "coordinates": [-70.893474, 42.21456]}, "properties": {"aadt": 6916, "route_name": "High Street", "year": 2022, "tier": "local", "road": "High Street"}}, {"type": "Feature", "geometry": {"type": "Point", "coordinates": [-70.891388, 42.215183]}, "properties": {"aadt": 6916, "route_name": "High Street", "year": 2022, "tier": "local", "road": "High Street"}}, {"type": "Feature", "geometry": {"type": "Point", "coordinates": [-70.888408, 42.216126]}, "properties": {"aadt": 6916, "route_name": "High Street", "year": 2022, "tier": "local", "road": "High Street"}}, {"type": "Feature", "geometry": {"type": "Point", "coordinates": [-70.911446, 42.111158]}, "properties": {"aadt": 6786, "route_name": "Spring Street", "year": 2024, "tier": "local", "road": "Spring Street"}}, {"type": "Feature", "geometry": {"type": "Point", "coordinates": [-70.968811, 42.118127]}, "properties": {"aadt": 6750, "route_name": "Hancock Street", "year": 2017, "tier": "local", "road": "Hancock Street"}}, {"type": "Feature", "geometry": {"type": "Point", "coordinates": [-70.969411, 42.11884]}, "properties": {"aadt": 6750, "route_name": "Hancock Street", "year": 2017, "tier": "local", "road": "Hancock Street"}}, {"type": "Feature", "geometry": {"type": "Point", "coordinates": [-70.9743, 42.126207]}, "properties": {"aadt": 6638, "route_name": "Hancock Street", "year": 2017, "tier": "local", "road": "Hancock Street"}}, {"type": "Feature", "geometry": {"type": "Point", "coordinates": [-70.920393, 42.12432]}, "properties": {"aadt": 6582, "route_name": "Plain Street", "year": 2023, "tier": "local", "road": "Plain Street"}}, {"type": "Feature", "geometry": {"type": "Point", "coordinates": [-71.015122, 42.121791]}, "properties": {"aadt": 6575, "route_name": "South Franklin Street", "year": 2024, "tier": "local", "road": "South Franklin Street"}}, {"type": "Feature", "geometry": {"type": "Point", "coordinates": [-70.849521, 42.26578]}, "properties": {"aadt": 6554, "route_name": "Nantasket Avenue", "year": 2024, "tier": "local", "road": "Nantasket Avenue"}}, {"type": "Feature", "geometry": {"type": "Point", "coordinates": [-70.846007, 42.26322]}, "properties": {"aadt": 6554, "route_name": "Nantasket Avenue", "year": 2024, "tier": "local", "road": "Nantasket Avenue"}}, {"type": "Feature", "geometry": {"type": "Point", "coordinates": [-70.847204, 42.26384]}, "properties": {"aadt": 6554, "route_name": "Nantasket Avenue", "year": 2024, "tier": "local", "road": "Nantasket Avenue"}}, {"type": "Feature", "geometry": {"type": "Point", "coordinates": [-70.854878, 42.269456]}, "properties": {"aadt": 6554, "route_name": "Nantasket Avenue", "year": 2024, "tier": "local", "road": "Nantasket Avenue"}}, {"type": "Feature", "geometry": {"type": "Point", "coordinates": [-70.845217, 42.259176]}, "properties": {"aadt": 6553, "route_name": "Hull Street", "year": 2024, "tier": "local", "road": "Hull Street"}}, {"type": "Feature", "geometry": {"type": "Point", "coordinates": [-70.84641, 42.256233]}, "properties": {"aadt": 6549, "route_name": "Hull Street", "year": 2024, "tier": "local", "road": "Hull Street"}}, {"type": "Feature", "geometry": {"type": "Point", "coordinates": [-70.846963, 42.255348]}, "properties": {"aadt": 6548, "route_name": "Hull Street", "year": 2024, "tier": "local", "road": "Hull Street"}}, {"type": "Feature", "geometry": {"type": "Point", "coordinates": [-70.910791, 42.109208]}, "properties": {"aadt": 6534, "route_name": "Beech Street", "year": 2024, "tier": "local", "road": "Beech Street"}}, {"type": "Feature", "geometry": {"type": "Point", "coordinates": [-71.045234, 42.127642]}, "properties": {"aadt": 6533, "route_name": "Pond Street", "year": 2017, "tier": "local", "road": "Pond Street"}}, {"type": "Feature", "geometry": {"type": "Point", "coordinates": [-70.943154, 42.109797]}, "properties": {"aadt": 6438, "route_name": "Washington Street", "year": 2017, "tier": "local", "road": "Washington Street"}}, {"type": "Feature", "geometry": {"type": "Point", "coordinates": [-70.942846, 42.113098]}, "properties": {"aadt": 6438, "route_name": "Washington Street", "year": 2017, "tier": "local", "road": "Washington Street"}}, {"type": "Feature", "geometry": {"type": "Point", "coordinates": [-70.944083, 42.116068]}, "properties": {"aadt": 6438, "route_name": "Washington Street", "year": 2017, "tier": "local", "road": "Washington Street"}}, {"type": "Feature", "geometry": {"type": "Point", "coordinates": [-70.945782, 42.117766]}, "properties": {"aadt": 6438, "route_name": "Washington Street", "year": 2017, "tier": "local", "road": "Washington Street"}}, {"type": "Feature", "geometry": {"type": "Point", "coordinates": [-70.946323, 42.118599]}, "properties": {"aadt": 6438, "route_name": "Washington Street", "year": 2017, "tier": "local", "road": "Washington Street"}}, {"type": "Feature", "geometry": {"type": "Point", "coordinates": [-70.947166, 42.121817]}, "properties": {"aadt": 6438, "route_name": "Washington Street", "year": 2017, "tier": "local", "road": "Washington Street"}}, {"type": "Feature", "geometry": {"type": "Point", "coordinates": [-71.016231, 42.121079]}, "properties": {"aadt": 6406, "route_name": "South Franklin Street", "year": 2024, "tier": "local", "road": "South Franklin Street"}}, {"type": "Feature", "geometry": {"type": "Point", "coordinates": [-70.925812, 42.106409]}, "properties": {"aadt": 6402, "route_name": "Summer Street", "year": 2019, "tier": "local", "road": "Summer Street"}}, {"type": "Feature", "geometry": {"type": "Point", "coordinates": [-70.922722, 42.107276]}, "properties": {"aadt": 6402, "route_name": "Summer Street", "year": 2019, "tier": "local", "road": "Summer Street"}}, {"type": "Feature", "geometry": {"type": "Point", "coordinates": [-70.921252, 42.107699]}, "properties": {"aadt": 6402, "route_name": "Summer Street", "year": 2019, "tier": "local", "road": "Summer Street"}}, {"type": "Feature", "geometry": {"type": "Point", "coordinates": [-70.91645, 42.108913]}, "properties": {"aadt": 6402, "route_name": "Summer Street", "year": 2019, "tier": "local", "road": "Summer Street"}}, {"type": "Feature", "geometry": {"type": "Point", "coordinates": [-70.914228, 42.109395]}, "properties": {"aadt": 6402, "route_name": "Summer Street", "year": 2019, "tier": "local", "road": "Summer Street"}}, {"type": "Feature", "geometry": {"type": "Point", "coordinates": [-71.025471, 42.238529]}, "properties": {"aadt": 6378, "route_name": "West Street", "year": 2020, "tier": "local", "road": "West Street"}}, {"type": "Feature", "geometry": {"type": "Point", "coordinates": [-71.023009, 42.241497]}, "properties": {"aadt": 6378, "route_name": "West Street", "year": 2020, "tier": "local", "road": "West Street"}}, {"type": "Feature", "geometry": {"type": "Point", "coordinates": [-71.02326, 42.245248]}, "properties": {"aadt": 6378, "route_name": "Common Street", "year": 2020, "tier": "local", "road": "Common Street"}}, {"type": "Feature", "geometry": {"type": "Point", "coordinates": [-70.976504, 42.13044]}, "properties": {"aadt": 6321, "route_name": "Hancock Street", "year": 2017, "tier": "local", "road": "Hancock Street"}}, {"type": "Feature", "geometry": {"type": "Point", "coordinates": [-70.976725, 42.130883]}, "properties": {"aadt": 6321, "route_name": "Hancock Street", "year": 2017, "tier": "local", "road": "Hancock Street"}}, {"type": "Feature", "geometry": {"type": "Point", "coordinates": [-70.975397, 42.128383]}, "properties": {"aadt": 6321, "route_name": "Hancock Street", "year": 2017, "tier": "local", "road": "Hancock Street"}}, {"type": "Feature", "geometry": {"type": "Point", "coordinates": [-71.02283, 42.110328]}, "properties": {"aadt": 6264, "route_name": "Howard Street", "year": 2023, "tier": "local", "road": "Howard Street"}}, {"type": "Feature", "geometry": {"type": "Point", "coordinates": [-71.023378, 42.11251]}, "properties": {"aadt": 6264, "route_name": "Howard Street", "year": 2023, "tier": "local", "road": "Howard Street"}}, {"type": "Feature", "geometry": {"type": "Point", "coordinates": [-71.018129, 42.118115]}, "properties": {"aadt": 6264, "route_name": "Howard Street", "year": 2023, "tier": "local", "road": "Howard Street"}}, {"type": "Feature", "geometry": {"type": "Point", "coordinates": [-70.96627, 42.113856]}, "properties": {"aadt": 6228, "route_name": "Hancock Street", "year": 2017, "tier": "local", "road": "Hancock Street"}}, {"type": "Feature", "geometry": {"type": "Point", "coordinates": [-70.966561, 42.11465]}, "properties": {"aadt": 6228, "route_name": "Hancock Street", "year": 2017, "tier": "local", "road": "Hancock Street"}}, {"type": "Feature", "geometry": {"type": "Point", "coordinates": [-70.91235, 42.12852]}, "properties": {"aadt": 6123, "route_name": "East Water Street", "year": 2021, "tier": "local", "road": "East Water Street"}}, {"type": "Feature", "geometry": {"type": "Point", "coordinates": [-70.908923, 42.102638]}, "properties": {"aadt": 6105, "route_name": "Beech Street", "year": 2024, "tier": "local", "road": "Beech Street"}}, {"type": "Feature", "geometry": {"type": "Point", "coordinates": [-70.909688, 42.105156]}, "properties": {"aadt": 6105, "route_name": "Beech Street", "year": 2024, "tier": "local", "road": "Beech Street"}}, {"type": "Feature", "geometry": {"type": "Point", "coordinates": [-71.034075, 42.283866]}, "properties": {"aadt": 6077, "route_name": "Commander John Shea Boulevard", "year": 2021, "tier": "local", "road": "Commander John Shea Boulevard"}}, {"type": "Feature", "geometry": {"type": "Point", "coordinates": [-71.032338, 42.286578]}, "properties": {"aadt": 6077, "route_name": "Commander John Shea Boulevard", "year": 2021, "tier": "local", "road": "Commander John Shea Boulevard"}}, {"type": "Feature", "geometry": {"type": "Point", "coordinates": [-71.031202, 42.29137]}, "properties": {"aadt": 6077, "route_name": "Commander John Shea Boulevard", "year": 2021, "tier": "local", "road": "Commander John Shea Boulevard"}}, {"type": "Feature", "geometry": {"type": "Point", "coordinates": [-71.027315, 42.131079]}, "properties": {"aadt": 6033, "route_name": "High Street", "year": 2024, "tier": "local", "road": "High Street"}}, {"type": "Feature", "geometry": {"type": "Point", "coordinates": [-71.030413, 42.132022]}, "properties": {"aadt": 6033, "route_name": "East High Street", "year": 2024, "tier": "local", "road": "East High Street"}}, {"type": "Feature", "geometry": {"type": "Point", "coordinates": [-71.032988, 42.132527]}, "properties": {"aadt": 6033, "route_name": "East High Street", "year": 2024, "tier": "local", "road": "East High Street"}}, {"type": "Feature", "geometry": {"type": "Point", "coordinates": [-71.03635, 42.132859]}, "properties": {"aadt": 6033, "route_name": "East High Street", "year": 2024, "tier": "local", "road": "East High Street"}}, {"type": "Feature", "geometry": {"type": "Point", "coordinates": [-71.011146, 42.21114]}, "properties": {"aadt": 5976, "route_name": "Hollingsworth Avenue", "year": 2021, "tier": "local", "road": "Hollingsworth Avenue"}}, {"type": "Feature", "geometry": {"type": "Point", "coordinates": [-71.010912, 42.212051]}, "properties": {"aadt": 5976, "route_name": "Hollingsworth Avenue", "year": 2021, "tier": "local", "road": "Hollingsworth Avenue"}}, {"type": "Feature", "geometry": {"type": "Point", "coordinates": [-70.965269, 42.112089]}, "properties": {"aadt": 5910, "route_name": "Hancock Street", "year": 2017, "tier": "local", "road": "Hancock Street"}}, {"type": "Feature", "geometry": {"type": "Point", "coordinates": [-70.935614, 42.103485]}, "properties": {"aadt": 5706, "route_name": "Summer Street", "year": 2019, "tier": "local", "road": "Summer Street"}}, {"type": "Feature", "geometry": {"type": "Point", "coordinates": [-70.934923, 42.103614]}, "properties": {"aadt": 5706, "route_name": "Summer Street", "year": 2019, "tier": "local", "road": "Summer Street"}}, {"type": "Feature", "geometry": {"type": "Point", "coordinates": [-70.932538, 42.104342]}, "properties": {"aadt": 5706, "route_name": "Summer Street", "year": 2019, "tier": "local", "road": "Summer Street"}}, {"type": "Feature", "geometry": {"type": "Point", "coordinates": [-70.963552, 42.109476]}, "properties": {"aadt": 5702, "route_name": "Hancock Street", "year": 2017, "tier": "local", "road": "Hancock Street"}}, {"type": "Feature", "geometry": {"type": "Point", "coordinates": [-70.84334, 42.100967]}, "properties": {"aadt": 5646, "route_name": "Broadway", "year": 2017, "tier": "local", "road": "Broadway"}}, {"type": "Feature", "geometry": {"type": "Point", "coordinates": [-70.840871, 42.103664]}, "properties": {"aadt": 5646, "route_name": "Broadway", "year": 2017, "tier": "local", "road": "Broadway"}}, {"type": "Feature", "geometry": {"type": "Point", "coordinates": [-70.839256, 42.104715]}, "properties": {"aadt": 5646, "route_name": "Broadway", "year": 2017, "tier": "local", "road": "Broadway"}}, {"type": "Feature", "geometry": {"type": "Point", "coordinates": [-70.836572, 42.105724]}, "properties": {"aadt": 5646, "route_name": "Broadway", "year": 2017, "tier": "local", "road": "Broadway"}}, {"type": "Feature", "geometry": {"type": "Point", "coordinates": [-70.83369, 42.106517]}, "properties": {"aadt": 5646, "route_name": "Broadway", "year": 2017, "tier": "local", "road": "Broadway"}}, {"type": "Feature", "geometry": {"type": "Point", "coordinates": [-70.831254, 42.107255]}, "properties": {"aadt": 5646, "route_name": "Broadway", "year": 2017, "tier": "local", "road": "Broadway"}}, {"type": "Feature", "geometry": {"type": "Point", "coordinates": [-70.828056, 42.108119]}, "properties": {"aadt": 5646, "route_name": "Broadway", "year": 2017, "tier": "local", "road": "Broadway"}}, {"type": "Feature", "geometry": {"type": "Point", "coordinates": [-70.82274, 42.108642]}, "properties": {"aadt": 5646, "route_name": "Broadway", "year": 2017, "tier": "local", "road": "Broadway"}}, {"type": "Feature", "geometry": {"type": "Point", "coordinates": [-70.943462, 42.102859]}, "properties": {"aadt": 5610, "route_name": "Summer Street", "year": 2019, "tier": "local", "road": "Summer Street"}}, {"type": "Feature", "geometry": {"type": "Point", "coordinates": [-70.939484, 42.103166]}, "properties": {"aadt": 5610, "route_name": "Summer Street", "year": 2019, "tier": "local", "road": "Summer Street"}}, {"type": "Feature", "geometry": {"type": "Point", "coordinates": [-70.990021, 42.224409]}, "properties": {"aadt": 5601, "route_name": "Adams Street", "year": 2021, "tier": "local", "road": "Adams Street"}}, {"type": "Feature", "geometry": {"type": "Point", "coordinates": [-70.998861, 42.226619]}, "properties": {"aadt": 5601, "route_name": "Hawthorn Road", "year": 2021, "tier": "local", "road": "Hawthorn Road"}}, {"type": "Feature", "geometry": {"type": "Point", "coordinates": [-70.999824, 42.227502]}, "properties": {"aadt": 5601, "route_name": "Hawthorn Road", "year": 2021, "tier": "local", "road": "Hawthorn Road"}}, {"type": "Feature", "geometry": {"type": "Point", "coordinates": [-70.941952, 42.11426]}, "properties": {"aadt": 5553, "route_name": "Central Street", "year": 2021, "tier": "local", "road": "Central Street"}}, {"type": "Feature", "geometry": {"type": "Point", "coordinates": [-70.938642, 42.115309]}, "properties": {"aadt": 5553, "route_name": "Central Street", "year": 2021, "tier": "local", "road": "Central Street"}}, {"type": "Feature", "geometry": {"type": "Point", "coordinates": [-70.936368, 42.116009]}, "properties": {"aadt": 5553, "route_name": "Central Street", "year": 2021, "tier": "local", "road": "Central Street"}}, {"type": "Feature", "geometry": {"type": "Point", "coordinates": [-70.931549, 42.116501]}, "properties": {"aadt": 5553, "route_name": "Central Street", "year": 2021, "tier": "local", "road": "Central Street"}}, {"type": "Feature", "geometry": {"type": "Point", "coordinates": [-70.929554, 42.117565]}, "properties": {"aadt": 5553, "route_name": "West Water Street", "year": 2021, "tier": "local", "road": "West Water Street"}}, {"type": "Feature", "geometry": {"type": "Point", "coordinates": [-70.927098, 42.11919]}, "properties": {"aadt": 5553, "route_name": "West Water Street", "year": 2021, "tier": "local", "road": "West Water Street"}}, {"type": "Feature", "geometry": {"type": "Point", "coordinates": [-70.923736, 42.121435]}, "properties": {"aadt": 5553, "route_name": "West Water Street", "year": 2021, "tier": "local", "road": "West Water Street"}}, {"type": "Feature", "geometry": {"type": "Point", "coordinates": [-70.922822, 42.122047]}, "properties": {"aadt": 5553, "route_name": "West Water Street", "year": 2021, "tier": "local", "road": "West Water Street"}}, {"type": "Feature", "geometry": {"type": "Point", "coordinates": [-70.918293, 42.125068]}, "properties": {"aadt": 5553, "route_name": "West Water Street", "year": 2021, "tier": "local", "road": "West Water Street"}}, {"type": "Feature", "geometry": {"type": "Point", "coordinates": [-70.857352, 42.100498]}, "properties": {"aadt": 5532, "route_name": "Center Street", "year": 2022, "tier": "local", "road": "Center Street"}}, {"type": "Feature", "geometry": {"type": "Point", "coordinates": [-70.855771, 42.102016]}, "properties": {"aadt": 5532, "route_name": "Center Street", "year": 2022, "tier": "local", "road": "Center Street"}}, {"type": "Feature", "geometry": {"type": "Point", "coordinates": [-70.855285, 42.102638]}, "properties": {"aadt": 5532, "route_name": "Center Street", "year": 2022, "tier": "local", "road": "Center Street"}}, {"type": "Feature", "geometry": {"type": "Point", "coordinates": [-70.854795, 42.104016]}, "properties": {"aadt": 5532, "route_name": "Center Street", "year": 2022, "tier": "local", "road": "Center Street"}}, {"type": "Feature", "geometry": {"type": "Point", "coordinates": [-70.853088, 42.106535]}, "properties": {"aadt": 5532, "route_name": "Center Street", "year": 2022, "tier": "local", "road": "Center Street"}}, {"type": "Feature", "geometry": {"type": "Point", "coordinates": [-70.852495, 42.108023]}, "properties": {"aadt": 5532, "route_name": "Center Street", "year": 2022, "tier": "local", "road": "Center Street"}}, {"type": "Feature", "geometry": {"type": "Point", "coordinates": [-70.851552, 42.109556]}, "properties": {"aadt": 5532, "route_name": "Center Street", "year": 2022, "tier": "local", "road": "Center Street"}}, {"type": "Feature", "geometry": {"type": "Point", "coordinates": [-70.849402, 42.111773]}, "properties": {"aadt": 5532, "route_name": "Center Street", "year": 2022, "tier": "local", "road": "Center Street"}}, {"type": "Feature", "geometry": {"type": "Point", "coordinates": [-70.848688, 42.112733]}, "properties": {"aadt": 5532, "route_name": "Center Street", "year": 2022, "tier": "local", "road": "Center Street"}}, {"type": "Feature", "geometry": {"type": "Point", "coordinates": [-70.846109, 42.115494]}, "properties": {"aadt": 5532, "route_name": "Center Street", "year": 2022, "tier": "local", "road": "Center Street"}}, {"type": "Feature", "geometry": {"type": "Point", "coordinates": [-70.88884, 42.23982]}, "properties": {"aadt": 5367, "route_name": "Central Street", "year": 2024, "tier": "local", "road": "Central Street"}}, {"type": "Feature", "geometry": {"type": "Point", "coordinates": [-70.886453, 42.230158]}, "properties": {"aadt": 5367, "route_name": "Central Street", "year": 2024, "tier": "local", "road": "Central Street"}}, {"type": "Feature", "geometry": {"type": "Point", "coordinates": [-70.887118, 42.232706]}, "properties": {"aadt": 5367, "route_name": "Central Street", "year": 2024, "tier": "local", "road": "Central Street"}}, {"type": "Feature", "geometry": {"type": "Point", "coordinates": [-70.887643, 42.235753]}, "properties": {"aadt": 5367, "route_name": "Central Street", "year": 2024, "tier": "local", "road": "Central Street"}}, {"type": "Feature", "geometry": {"type": "Point", "coordinates": [-70.891528, 42.243073]}, "properties": {"aadt": 5367, "route_name": "Lincoln Street", "year": 2024, "tier": "local", "road": "Lincoln Street"}}, {"type": "Feature", "geometry": {"type": "Point", "coordinates": [-70.893659, 42.244563]}, "properties": {"aadt": 5367, "route_name": "Lincoln Street", "year": 2024, "tier": "local", "road": "Lincoln Street"}}, {"type": "Feature", "geometry": {"type": "Point", "coordinates": [-70.894745, 42.245135]}, "properties": {"aadt": 5367, "route_name": "Lincoln Street", "year": 2024, "tier": "local", "road": "Lincoln Street"}}, {"type": "Feature", "geometry": {"type": "Point", "coordinates": [-70.897707, 42.24731]}, "properties": {"aadt": 5367, "route_name": "Lincoln Street", "year": 2024, "tier": "local", "road": "Lincoln Street"}}, {"type": "Feature", "geometry": {"type": "Point", "coordinates": [-70.93907, 42.252189]}, "properties": {"aadt": 5266, "route_name": "Regatta Road", "year": 2021, "tier": "local", "road": "Regatta Road"}}, {"type": "Feature", "geometry": {"type": "Point", "coordinates": [-70.945277, 42.250149]}, "properties": {"aadt": 5266, "route_name": "Wessagussett Road", "year": 2021, "tier": "local", "road": "Wessagussett Road"}}, {"type": "Feature", "geometry": {"type": "Point", "coordinates": [-70.950801, 42.244546]}, "properties": {"aadt": 5266, "route_name": "Sea Street", "year": 2021, "tier": "local", "road": "Sea Street"}}, {"type": "Feature", "geometry": {"type": "Point", "coordinates": [-70.95169, 42.245449]}, "properties": {"aadt": 5266, "route_name": "Sea Street", "year": 2021, "tier": "local", "road": "Sea Street"}}, {"type": "Feature", "geometry": {"type": "Point", "coordinates": [-70.95226, 42.247789]}, "properties": {"aadt": 5266, "route_name": "Ocean Avenue", "year": 2021, "tier": "local", "road": "Ocean Avenue"}}, {"type": "Feature", "geometry": {"type": "Point", "coordinates": [-70.951494, 42.248032]}, "properties": {"aadt": 5266, "route_name": "Ocean Avenue", "year": 2021, "tier": "local", "road": "Ocean Avenue"}}, {"type": "Feature", "geometry": {"type": "Point", "coordinates": [-70.948147, 42.249781]}, "properties": {"aadt": 5266, "route_name": "Wessagussett Road", "year": 2021, "tier": "local", "road": "Wessagussett Road"}}, {"type": "Feature", "geometry": {"type": "Point", "coordinates": [-70.944038, 42.25104]}, "properties": {"aadt": 5266, "route_name": "Wessagussett Road", "year": 2021, "tier": "local", "road": "Wessagussett Road"}}, {"type": "Feature", "geometry": {"type": "Point", "coordinates": [-70.941902, 42.251589]}, "properties": {"aadt": 5266, "route_name": "Regatta Road", "year": 2021, "tier": "local", "road": "Regatta Road"}}, {"type": "Feature", "geometry": {"type": "Point", "coordinates": [-70.97113, 42.139099]}, "properties": {"aadt": 5149, "route_name": "Thicket Street", "year": 2021, "tier": "local", "road": "Thicket Street"}}, {"type": "Feature", "geometry": {"type": "Point", "coordinates": [-70.970906, 42.139575]}, "properties": {"aadt": 5149, "route_name": "Thicket Street", "year": 2021, "tier": "local", "road": "Thicket Street"}}, {"type": "Feature", "geometry": {"type": "Point", "coordinates": [-70.968845, 42.144601]}, "properties": {"aadt": 4967, "route_name": "Thicket Street", "year": 2021, "tier": "local", "road": "Thicket Street"}}, {"type": "Feature", "geometry": {"type": "Point", "coordinates": [-70.966664, 42.146936]}, "properties": {"aadt": 4967, "route_name": "Thicket Street", "year": 2021, "tier": "local", "road": "Thicket Street"}}, {"type": "Feature", "geometry": {"type": "Point", "coordinates": [-70.966221, 42.147087]}, "properties": {"aadt": 4967, "route_name": "Thicket Street", "year": 2021, "tier": "local", "road": "Thicket Street"}}, {"type": "Feature", "geometry": {"type": "Point", "coordinates": [-70.963747, 42.148577]}, "properties": {"aadt": 4967, "route_name": "Thicket Street", "year": 2021, "tier": "local", "road": "Thicket Street"}}, {"type": "Feature", "geometry": {"type": "Point", "coordinates": [-70.962793, 42.149403]}, "properties": {"aadt": 4967, "route_name": "Thicket Street", "year": 2021, "tier": "local", "road": "Thicket Street"}}, {"type": "Feature", "geometry": {"type": "Point", "coordinates": [-70.961281, 42.15221]}, "properties": {"aadt": 4967, "route_name": "Thicket Street", "year": 2021, "tier": "local", "road": "Thicket Street"}}, {"type": "Feature", "geometry": {"type": "Point", "coordinates": [-70.960472, 42.15315]}, "properties": {"aadt": 4967, "route_name": "Thicket Street", "year": 2021, "tier": "local", "road": "Thicket Street"}}, {"type": "Feature", "geometry": {"type": "Point", "coordinates": [-71.016913, 42.102226]}, "properties": {"aadt": 4883, "route_name": "Ames Street", "year": 2021, "tier": "local", "road": "Ames Street"}}, {"type": "Feature", "geometry": {"type": "Point", "coordinates": [-71.013701, 42.101602]}, "properties": {"aadt": 4883, "route_name": "Ames Street", "year": 2021, "tier": "local", "road": "Ames Street"}}, {"type": "Feature", "geometry": {"type": "Point", "coordinates": [-71.011047, 42.100906]}, "properties": {"aadt": 4883, "route_name": "Ames Street", "year": 2021, "tier": "local", "road": "Ames Street"}}, {"type": "Feature", "geometry": {"type": "Point", "coordinates": [-71.0087, 42.100462]}, "properties": {"aadt": 4883, "route_name": "Ames Street", "year": 2021, "tier": "local", "road": "Ames Street"}}, {"type": "Feature", "geometry": {"type": "Point", "coordinates": [-70.963164, 42.10959]}, "properties": {"aadt": 4769, "route_name": "Rockland Street", "year": 2017, "tier": "local", "road": "Rockland Street"}}, {"type": "Feature", "geometry": {"type": "Point", "coordinates": [-70.959786, 42.109471]}, "properties": {"aadt": 4769, "route_name": "Rockland Street", "year": 2017, "tier": "local", "road": "Rockland Street"}}, {"type": "Feature", "geometry": {"type": "Point", "coordinates": [-70.954775, 42.108285]}, "properties": {"aadt": 4769, "route_name": "Rockland Street", "year": 2017, "tier": "local", "road": "Rockland Street"}}, {"type": "Feature", "geometry": {"type": "Point", "coordinates": [-70.952093, 42.106981]}, "properties": {"aadt": 4769, "route_name": "Rockland Street", "year": 2017, "tier": "local", "road": "Rockland Street"}}, {"type": "Feature", "geometry": {"type": "Point", "coordinates": [-70.939587, 42.247623]}, "properties": {"aadt": 4716, "route_name": "Neck Street", "year": 2021, "tier": "local", "road": "Neck Street"}}, {"type": "Feature", "geometry": {"type": "Point", "coordinates": [-70.9393, 42.248319]}, "properties": {"aadt": 4716, "route_name": "Neck Street", "year": 2021, "tier": "local", "road": "Neck Street"}}, {"type": "Feature", "geometry": {"type": "Point", "coordinates": [-70.937218, 42.253568]}, "properties": {"aadt": 4716, "route_name": "River Street", "year": 2021, "tier": "local", "road": "River Street"}}, {"type": "Feature", "geometry": {"type": "Point", "coordinates": [-70.936421, 42.253799]}, "properties": {"aadt": 4716, "route_name": "River Street", "year": 2021, "tier": "local", "road": "River Street"}}, {"type": "Feature", "geometry": {"type": "Point", "coordinates": [-70.933241, 42.254619]}, "properties": {"aadt": 4716, "route_name": "River Street", "year": 2021, "tier": "local", "road": "River Street"}}, {"type": "Feature", "geometry": {"type": "Point", "coordinates": [-70.92841, 42.255759]}, "properties": {"aadt": 4716, "route_name": "River Street", "year": 2021, "tier": "local", "road": "River Street"}}, {"type": "Feature", "geometry": {"type": "Point", "coordinates": [-70.926891, 42.256169]}, "properties": {"aadt": 4716, "route_name": "River Street", "year": 2021, "tier": "local", "road": "River Street"}}, {"type": "Feature", "geometry": {"type": "Point", "coordinates": [-70.848778, 42.119433]}, "properties": {"aadt": 4666, "route_name": "Main Street", "year": 2019, "tier": "local", "road": "Main Street"}}, {"type": "Feature", "geometry": {"type": "Point", "coordinates": [-70.851952, 42.121415]}, "properties": {"aadt": 4666, "route_name": "Main Street", "year": 2019, "tier": "local", "road": "Main Street"}}, {"type": "Feature", "geometry": {"type": "Point", "coordinates": [-70.852093, 42.121512]}, "properties": {"aadt": 4666, "route_name": "Main Street", "year": 2019, "tier": "local", "road": "Main Street"}}, {"type": "Feature", "geometry": {"type": "Point", "coordinates": [-70.853272, 42.122672]}, "properties": {"aadt": 4666, "route_name": "Main Street", "year": 2019, "tier": "local", "road": "Main Street"}}, {"type": "Feature", "geometry": {"type": "Point", "coordinates": [-70.855733, 42.124998]}, "properties": {"aadt": 4666, "route_name": "Main Street", "year": 2019, "tier": "local", "road": "Main Street"}}, {"type": "Feature", "geometry": {"type": "Point", "coordinates": [-70.857653, 42.128065]}, "properties": {"aadt": 4666, "route_name": "Main Street", "year": 2019, "tier": "local", "road": "Main Street"}}, {"type": "Feature", "geometry": {"type": "Point", "coordinates": [-70.858489, 42.130838]}, "properties": {"aadt": 4666, "route_name": "Main Street", "year": 2019, "tier": "local", "road": "Main Street"}}, {"type": "Feature", "geometry": {"type": "Point", "coordinates": [-70.858759, 42.131474]}, "properties": {"aadt": 4666, "route_name": "Main Street", "year": 2019, "tier": "local", "road": "Main Street"}}, {"type": "Feature", "geometry": {"type": "Point", "coordinates": [-70.860897, 42.134042]}, "properties": {"aadt": 4666, "route_name": "Main Street", "year": 2019, "tier": "local", "road": "Main Street"}}, {"type": "Feature", "geometry": {"type": "Point", "coordinates": [-70.861958, 42.135406]}, "properties": {"aadt": 4666, "route_name": "Main Street", "year": 2019, "tier": "local", "road": "Main Street"}}, {"type": "Feature", "geometry": {"type": "Point", "coordinates": [-70.862845, 42.136531]}, "properties": {"aadt": 4666, "route_name": "Main Street", "year": 2019, "tier": "local", "road": "Main Street"}}, {"type": "Feature", "geometry": {"type": "Point", "coordinates": [-70.864628, 42.138155]}, "properties": {"aadt": 4666, "route_name": "Main Street", "year": 2019, "tier": "local", "road": "Main Street"}}, {"type": "Feature", "geometry": {"type": "Point", "coordinates": [-70.866482, 42.140443]}, "properties": {"aadt": 4666, "route_name": "Main Street", "year": 2019, "tier": "local", "road": "Main Street"}}, {"type": "Feature", "geometry": {"type": "Point", "coordinates": [-70.867372, 42.142642]}, "properties": {"aadt": 4666, "route_name": "Main Street", "year": 2019, "tier": "local", "road": "Main Street"}}, {"type": "Feature", "geometry": {"type": "Point", "coordinates": [-70.867515, 42.142996]}, "properties": {"aadt": 4666, "route_name": "Main Street", "year": 2019, "tier": "local", "road": "Main Street"}}, {"type": "Feature", "geometry": {"type": "Point", "coordinates": [-70.868012, 42.149044]}, "properties": {"aadt": 4666, "route_name": "Main Street", "year": 2019, "tier": "local", "road": "Main Street"}}, {"type": "Feature", "geometry": {"type": "Point", "coordinates": [-70.869687, 42.151653]}, "properties": {"aadt": 4666, "route_name": "Main Street", "year": 2019, "tier": "local", "road": "Main Street"}}, {"type": "Feature", "geometry": {"type": "Point", "coordinates": [-70.870847, 42.153088]}, "properties": {"aadt": 4666, "route_name": "Main Street", "year": 2019, "tier": "local", "road": "Main Street"}}, {"type": "Feature", "geometry": {"type": "Point", "coordinates": [-70.872715, 42.154691]}, "properties": {"aadt": 4666, "route_name": "Main Street", "year": 2019, "tier": "local", "road": "Main Street"}}, {"type": "Feature", "geometry": {"type": "Point", "coordinates": [-70.873547, 42.157044]}, "properties": {"aadt": 4666, "route_name": "High Street", "year": 2019, "tier": "local", "road": "High Street"}}, {"type": "Feature", "geometry": {"type": "Point", "coordinates": [-70.873982, 42.158]}, "properties": {"aadt": 4666, "route_name": "High Street", "year": 2019, "tier": "local", "road": "High Street"}}, {"type": "Feature", "geometry": {"type": "Point", "coordinates": [-70.876175, 42.16119]}, "properties": {"aadt": 4666, "route_name": "High Street", "year": 2019, "tier": "local", "road": "High Street"}}, {"type": "Feature", "geometry": {"type": "Point", "coordinates": [-70.876759, 42.162082]}, "properties": {"aadt": 4666, "route_name": "High Street", "year": 2019, "tier": "local", "road": "High Street"}}, {"type": "Feature", "geometry": {"type": "Point", "coordinates": [-70.878624, 42.165579]}, "properties": {"aadt": 4666, "route_name": "High Street", "year": 2019, "tier": "local", "road": "High Street"}}, {"type": "Feature", "geometry": {"type": "Point", "coordinates": [-70.878495, 42.167943]}, "properties": {"aadt": 4666, "route_name": "High Street", "year": 2019, "tier": "local", "road": "High Street"}}, {"type": "Feature", "geometry": {"type": "Point", "coordinates": [-70.877917, 42.172509]}, "properties": {"aadt": 4666, "route_name": "Grove Street", "year": 2019, "tier": "local", "road": "Grove Street"}}, {"type": "Feature", "geometry": {"type": "Point", "coordinates": [-70.8757, 42.173371]}, "properties": {"aadt": 4666, "route_name": "Grove Street", "year": 2019, "tier": "local", "road": "Grove Street"}}, {"type": "Feature", "geometry": {"type": "Point", "coordinates": [-70.87306, 42.174404]}, "properties": {"aadt": 4666, "route_name": "Grove Street", "year": 2019, "tier": "local", "road": "Grove Street"}}, {"type": "Feature", "geometry": {"type": "Point", "coordinates": [-70.869872, 42.17558]}, "properties": {"aadt": 4666, "route_name": "Grove Street", "year": 2019, "tier": "local", "road": "Grove Street"}}, {"type": "Feature", "geometry": {"type": "Point", "coordinates": [-70.866621, 42.175733]}, "properties": {"aadt": 4666, "route_name": "Grove Street", "year": 2019, "tier": "local", "road": "Grove Street"}}, {"type": "Feature", "geometry": {"type": "Point", "coordinates": [-70.863266, 42.175864]}, "properties": {"aadt": 4666, "route_name": "Grove Street", "year": 2019, "tier": "local", "road": "Grove Street"}}, {"type": "Feature", "geometry": {"type": "Point", "coordinates": [-70.85731, 42.175754]}, "properties": {"aadt": 4666, "route_name": "Grove Street", "year": 2019, "tier": "local", "road": "Grove Street"}}, {"type": "Feature", "geometry": {"type": "Point", "coordinates": [-70.852282, 42.176948]}, "properties": {"aadt": 4666, "route_name": "Grove Street", "year": 2019, "tier": "local", "road": "Grove Street"}}, {"type": "Feature", "geometry": {"type": "Point", "coordinates": [-70.847813, 42.177608]}, "properties": {"aadt": 4666, "route_name": "Grove Street", "year": 2019, "tier": "local", "road": "Grove Street"}}, {"type": "Feature", "geometry": {"type": "Point", "coordinates": [-70.845726, 42.177696]}, "properties": {"aadt": 4666, "route_name": "Grove Street", "year": 2019, "tier": "local", "road": "Grove Street"}}, {"type": "Feature", "geometry": {"type": "Point", "coordinates": [-70.842976, 42.177914]}, "properties": {"aadt": 4666, "route_name": "Grove Street", "year": 2019, "tier": "local", "road": "Grove Street"}}, {"type": "Feature", "geometry": {"type": "Point", "coordinates": [-70.840239, 42.178074]}, "properties": {"aadt": 4666, "route_name": "Grove Street", "year": 2019, "tier": "local", "road": "Grove Street"}}, {"type": "Feature", "geometry": {"type": "Point", "coordinates": [-70.837138, 42.177651]}, "properties": {"aadt": 4666, "route_name": "Grove Street", "year": 2019, "tier": "local", "road": "Grove Street"}}, {"type": "Feature", "geometry": {"type": "Point", "coordinates": [-70.833741, 42.1776]}, "properties": {"aadt": 4666, "route_name": "Grove Street", "year": 2019, "tier": "local", "road": "Grove Street"}}, {"type": "Feature", "geometry": {"type": "Point", "coordinates": [-70.830926, 42.178186]}, "properties": {"aadt": 4666, "route_name": "Grove Street", "year": 2019, "tier": "local", "road": "Grove Street"}}, {"type": "Feature", "geometry": {"type": "Point", "coordinates": [-70.827898, 42.176099]}, "properties": {"aadt": 4666, "route_name": "Grove Street", "year": 2019, "tier": "local", "road": "Grove Street"}}, {"type": "Feature", "geometry": {"type": "Point", "coordinates": [-70.826567, 42.17471]}, "properties": {"aadt": 4666, "route_name": "Grove Street", "year": 2019, "tier": "local", "road": "Grove Street"}}, {"type": "Feature", "geometry": {"type": "Point", "coordinates": [-70.825384, 42.174286]}, "properties": {"aadt": 4666, "route_name": "Grove Street", "year": 2019, "tier": "local", "road": "Grove Street"}}, {"type": "Feature", "geometry": {"type": "Point", "coordinates": [-70.822313, 42.174111]}, "properties": {"aadt": 4666, "route_name": "Grove Street", "year": 2019, "tier": "local", "road": "Grove Street"}}, {"type": "Feature", "geometry": {"type": "Point", "coordinates": [-70.997917, 42.124207]}, "properties": {"aadt": 4537, "route_name": "Chestnut Street", "year": 2021, "tier": "local", "road": "Chestnut Street"}}, {"type": "Feature", "geometry": {"type": "Point", "coordinates": [-70.996021, 42.125057]}, "properties": {"aadt": 4537, "route_name": "Chestnut Street", "year": 2021, "tier": "local", "road": "Chestnut Street"}}, {"type": "Feature", "geometry": {"type": "Point", "coordinates": [-70.992058, 42.126479]}, "properties": {"aadt": 4537, "route_name": "Chestnut Street", "year": 2021, "tier": "local", "road": "Chestnut Street"}}, {"type": "Feature", "geometry": {"type": "Point", "coordinates": [-70.987931, 42.12759]}, "properties": {"aadt": 4537, "route_name": "Chestnut Street", "year": 2021, "tier": "local", "road": "Chestnut Street"}}, {"type": "Feature", "geometry": {"type": "Point", "coordinates": [-70.984142, 42.128248]}, "properties": {"aadt": 4537, "route_name": "Chestnut Street", "year": 2021, "tier": "local", "road": "Chestnut Street"}}, {"type": "Feature", "geometry": {"type": "Point", "coordinates": [-70.981259, 42.128868]}, "properties": {"aadt": 4537, "route_name": "Chestnut Street", "year": 2021, "tier": "local", "road": "Chestnut Street"}}, {"type": "Feature", "geometry": {"type": "Point", "coordinates": [-70.974132, 42.131628]}, "properties": {"aadt": 4537, "route_name": "Chestnut Street", "year": 2021, "tier": "local", "road": "Chestnut Street"}}, {"type": "Feature", "geometry": {"type": "Point", "coordinates": [-70.99438, 42.218099]}, "properties": {"aadt": 4529, "route_name": "Middle Street", "year": 2021, "tier": "local", "road": "Middle Street"}}, {"type": "Feature", "geometry": {"type": "Point", "coordinates": [-70.994213, 42.211688]}, "properties": {"aadt": 4486, "route_name": "Cleveland Avenue", "year": 2021, "tier": "local", "road": "Cleveland Avenue"}}, {"type": "Feature", "geometry": {"type": "Point", "coordinates": [-70.994007, 42.214852]}, "properties": {"aadt": 4486, "route_name": "Cleveland Avenue", "year": 2021, "tier": "local", "road": "Cleveland Avenue"}}, {"type": "Feature", "geometry": {"type": "Point", "coordinates": [-70.995554, 42.220769]}, "properties": {"aadt": 4486, "route_name": "Middle Street", "year": 2021, "tier": "local", "road": "Middle Street"}}, {"type": "Feature", "geometry": {"type": "Point", "coordinates": [-71.009985, 42.21454]}, "properties": {"aadt": 4474, "route_name": "West Street", "year": 2021, "tier": "local", "road": "West Street"}}, {"type": "Feature", "geometry": {"type": "Point", "coordinates": [-71.007936, 42.214431]}, "properties": {"aadt": 4474, "route_name": "West Street", "year": 2021, "tier": "local", "road": "West Street"}}, {"type": "Feature", "geometry": {"type": "Point", "coordinates": [-71.006664, 42.214555]}, "properties": {"aadt": 4474, "route_name": "West Street", "year": 2021, "tier": "local", "road": "West Street"}}, {"type": "Feature", "geometry": {"type": "Point", "coordinates": [-71.016148, 42.213657]}, "properties": {"aadt": 4461, "route_name": "West Street", "year": 2021, "tier": "local", "road": "West Street"}}, {"type": "Feature", "geometry": {"type": "Point", "coordinates": [-71.014261, 42.214635]}, "properties": {"aadt": 4461, "route_name": "West Street", "year": 2021, "tier": "local", "road": "West Street"}}, {"type": "Feature", "geometry": {"type": "Point", "coordinates": [-71.034301, 42.265934]}, "properties": {"aadt": 4453, "route_name": "Wilson Avenue", "year": 2021, "tier": "local", "road": "Wilson Avenue"}}, {"type": "Feature", "geometry": {"type": "Point", "coordinates": [-71.029391, 42.268748]}, "properties": {"aadt": 4453, "route_name": "Wilson Avenue", "year": 2021, "tier": "local", "road": "Wilson Avenue"}}, {"type": "Feature", "geometry": {"type": "Point", "coordinates": [-71.031881, 42.267289]}, "properties": {"aadt": 4453, "route_name": "Wilson Avenue", "year": 2021, "tier": "local", "road": "Wilson Avenue"}}, {"type": "Feature", "geometry": {"type": "Point", "coordinates": [-71.047063, 42.160729]}, "properties": {"aadt": 4450, "route_name": "Highland Avenue", "year": 2021, "tier": "local", "road": "Highland Avenue"}}, {"type": "Feature", "geometry": {"type": "Point", "coordinates": [-71.04483, 42.15038]}, "properties": {"aadt": 4450, "route_name": "Stoughton Street", "year": 2021, "tier": "local", "road": "Stoughton Street"}}, {"type": "Feature", "geometry": {"type": "Point", "coordinates": [-71.046881, 42.157599]}, "properties": {"aadt": 4450, "route_name": "Highland Avenue", "year": 2021, "tier": "local", "road": "Highland Avenue"}}, {"type": "Feature", "geometry": {"type": "Point", "coordinates": [-70.989741, 42.243809]}, "properties": {"aadt": 4432, "route_name": "South Street", "year": 2021, "tier": "local", "road": "South Street"}}, {"type": "Feature", "geometry": {"type": "Point", "coordinates": [-70.986931, 42.244349]}, "properties": {"aadt": 4432, "route_name": "South Street", "year": 2021, "tier": "local", "road": "South Street"}}, {"type": "Feature", "geometry": {"type": "Point", "coordinates": [-70.926546, 42.22056]}, "properties": {"aadt": 4428, "route_name": "East Street", "year": 2021, "tier": "local", "road": "East Street"}}, {"type": "Feature", "geometry": {"type": "Point", "coordinates": [-70.928037, 42.223836]}, "properties": {"aadt": 4428, "route_name": "East Street", "year": 2021, "tier": "local", "road": "East Street"}}, {"type": "Feature", "geometry": {"type": "Point", "coordinates": [-70.931098, 42.226119]}, "properties": {"aadt": 4428, "route_name": "East Street", "year": 2021, "tier": "local", "road": "East Street"}}, {"type": "Feature", "geometry": {"type": "Point", "coordinates": [-70.933041, 42.226559]}, "properties": {"aadt": 4428, "route_name": "East Street", "year": 2021, "tier": "local", "road": "East Street"}}, {"type": "Feature", "geometry": {"type": "Point", "coordinates": [-70.933504, 42.226771]}, "properties": {"aadt": 4428, "route_name": "East Street", "year": 2021, "tier": "local", "road": "East Street"}}, {"type": "Feature", "geometry": {"type": "Point", "coordinates": [-70.937181, 42.230159]}, "properties": {"aadt": 4428, "route_name": "East Street", "year": 2021, "tier": "local", "road": "East Street"}}, {"type": "Feature", "geometry": {"type": "Point", "coordinates": [-71.027595, 42.283366]}, "properties": {"aadt": 4425, "route_name": "Atlantic Street", "year": 2021, "tier": "local", "road": "Atlantic Street"}}, {"type": "Feature", "geometry": {"type": "Point", "coordinates": [-71.032191, 42.282439]}, "properties": {"aadt": 4425, "route_name": "Atlantic Street", "year": 2021, "tier": "local", "road": "Atlantic Street"}}, {"type": "Feature", "geometry": {"type": "Point", "coordinates": [-71.002417, 42.230677]}, "properties": {"aadt": 4391, "route_name": "Washington Street", "year": 2021, "tier": "local", "road": "Washington Street"}}, {"type": "Feature", "geometry": {"type": "Point", "coordinates": [-70.931555, 42.131206]}, "properties": {"aadt": 4381, "route_name": "Salem Street", "year": 2021, "tier": "local", "road": "Salem Street"}}, {"type": "Feature", "geometry": {"type": "Point", "coordinates": [-70.931335, 42.133533]}, "properties": {"aadt": 4381, "route_name": "Salem Street", "year": 2021, "tier": "local", "road": "Salem Street"}}, {"type": "Feature", "geometry": {"type": "Point", "coordinates": [-70.931455, 42.137113]}, "properties": {"aadt": 4381, "route_name": "Salem Street", "year": 2021, "tier": "local", "road": "Salem Street"}}, {"type": "Feature", "geometry": {"type": "Point", "coordinates": [-70.928004, 42.13953]}, "properties": {"aadt": 4381, "route_name": "Salem Street", "year": 2021, "tier": "local", "road": "Salem Street"}}, {"type": "Feature", "geometry": {"type": "Point", "coordinates": [-70.9255, 42.140935]}, "properties": {"aadt": 4381, "route_name": "Salem Street", "year": 2021, "tier": "local", "road": "Salem Street"}}, {"type": "Feature", "geometry": {"type": "Point", "coordinates": [-70.922665, 42.141834]}, "properties": {"aadt": 4381, "route_name": "Salem Street", "year": 2021, "tier": "local", "road": "Salem Street"}}, {"type": "Feature", "geometry": {"type": "Point", "coordinates": [-71.01739, 42.276894]}, "properties": {"aadt": 4358, "route_name": "Billings Road", "year": 2021, "tier": "local", "road": "Billings Road"}}, {"type": "Feature", "geometry": {"type": "Point", "coordinates": [-71.023541, 42.274539]}, "properties": {"aadt": 4358, "route_name": "Billings Road", "year": 2021, "tier": "local", "road": "Billings Road"}}, {"type": "Feature", "geometry": {"type": "Point", "coordinates": [-71.023257, 42.274708]}, "properties": {"aadt": 4358, "route_name": "Billings Road", "year": 2021, "tier": "local", "road": "Billings Road"}}, {"type": "Feature", "geometry": {"type": "Point", "coordinates": [-71.02047, 42.276349]}, "properties": {"aadt": 4358, "route_name": "Billings Road", "year": 2021, "tier": "local", "road": "Billings Road"}}, {"type": "Feature", "geometry": {"type": "Point", "coordinates": [-70.977787, 42.259455]}, "properties": {"aadt": 4325, "route_name": "Palmer Street", "year": 2021, "tier": "local", "road": "Palmer Street"}}, {"type": "Feature", "geometry": {"type": "Point", "coordinates": [-70.975367, 42.258666]}, "properties": {"aadt": 4325, "route_name": "Palmer Street", "year": 2021, "tier": "local", "road": "Palmer Street"}}, {"type": "Feature", "geometry": {"type": "Point", "coordinates": [-70.972389, 42.258153]}, "properties": {"aadt": 4325, "route_name": "Palmer Street", "year": 2021, "tier": "local", "road": "Palmer Street"}}, {"type": "Feature", "geometry": {"type": "Point", "coordinates": [-70.969683, 42.256381]}, "properties": {"aadt": 4325, "route_name": "Palmer Street", "year": 2021, "tier": "local", "road": "Palmer Street"}}, {"type": "Feature", "geometry": {"type": "Point", "coordinates": [-70.968867, 42.255757]}, "properties": {"aadt": 4325, "route_name": "Palmer Street", "year": 2021, "tier": "local", "road": "Palmer Street"}}, {"type": "Feature", "geometry": {"type": "Point", "coordinates": [-70.966455, 42.253996]}, "properties": {"aadt": 4325, "route_name": "Palmer Street", "year": 2021, "tier": "local", "road": "Palmer Street"}}, {"type": "Feature", "geometry": {"type": "Point", "coordinates": [-70.966279, 42.253297]}, "properties": {"aadt": 4325, "route_name": "Palmer Street", "year": 2021, "tier": "local", "road": "Palmer Street"}}, {"type": "Feature", "geometry": {"type": "Point", "coordinates": [-70.94796, 42.102861]}, "properties": {"aadt": 4320, "route_name": "Summer Street", "year": 2019, "tier": "local", "road": "Summer Street"}}, {"type": "Feature", "geometry": {"type": "Point", "coordinates": [-70.966755, 42.215001]}, "properties": {"aadt": 4316, "route_name": "Broad Street", "year": 2021, "tier": "local", "road": "Broad Street"}}, {"type": "Feature", "geometry": {"type": "Point", "coordinates": [-70.943585, 42.245301]}, "properties": {"aadt": 4313, "route_name": "North Street", "year": 2021, "tier": "local", "road": "North Street"}}, {"type": "Feature", "geometry": {"type": "Point", "coordinates": [-71.014697, 42.250422]}, "properties": {"aadt": 4299, "route_name": "Whitwell Street", "year": 2021, "tier": "local", "road": "Whitwell Street"}}, {"type": "Feature", "geometry": {"type": "Point", "coordinates": [-71.01429, 42.250299]}, "properties": {"aadt": 4299, "route_name": "Whitwell Street", "year": 2021, "tier": "local", "road": "Whitwell Street"}}, {"type": "Feature", "geometry": {"type": "Point", "coordinates": [-71.011384, 42.249432]}, "properties": {"aadt": 4299, "route_name": "Whitwell Street", "year": 2021, "tier": "local", "road": "Whitwell Street"}}, {"type": "Feature", "geometry": {"type": "Point", "coordinates": [-71.0079, 42.248509]}, "properties": {"aadt": 4299, "route_name": "Whitwell Street", "year": 2021, "tier": "local", "road": "Whitwell Street"}}, {"type": "Feature", "geometry": {"type": "Point", "coordinates": [-71.016041, 42.268638]}, "properties": {"aadt": 4289, "route_name": "Beach Street", "year": 2021, "tier": "local", "road": "Beach Street"}}, {"type": "Feature", "geometry": {"type": "Point", "coordinates": [-71.01543, 42.272469]}, "properties": {"aadt": 4289, "route_name": "Beach Street", "year": 2021, "tier": "local", "road": "Beach Street"}}, {"type": "Feature", "geometry": {"type": "Point", "coordinates": [-70.951429, 42.171569]}, "properties": {"aadt": 4274, "route_name": "Central Street", "year": 2021, "tier": "local", "road": "Central Street"}}, {"type": "Feature", "geometry": {"type": "Point", "coordinates": [-70.948165, 42.170473]}, "properties": {"aadt": 4274, "route_name": "Central Street", "year": 2021, "tier": "local", "road": "Central Street"}}, {"type": "Feature", "geometry": {"type": "Point", "coordinates": [-70.944915, 42.169414]}, "properties": {"aadt": 4274, "route_name": "Central Street", "year": 2021, "tier": "local", "road": "Central Street"}}, {"type": "Feature", "geometry": {"type": "Point", "coordinates": [-70.986851, 42.146069]}, "properties": {"aadt": 4267, "route_name": "Sycamore Street", "year": 2021, "tier": "local", "road": "Sycamore Street"}}, {"type": "Feature", "geometry": {"type": "Point", "coordinates": [-70.988106, 42.149544]}, "properties": {"aadt": 4267, "route_name": "Sycamore Street", "year": 2021, "tier": "local", "road": "Sycamore Street"}}, {"type": "Feature", "geometry": {"type": "Point", "coordinates": [-70.989125, 42.152061]}, "properties": {"aadt": 4267, "route_name": "Sycamore Street", "year": 2021, "tier": "local", "road": "Sycamore Street"}}, {"type": "Feature", "geometry": {"type": "Point", "coordinates": [-70.990325, 42.154962]}, "properties": {"aadt": 4267, "route_name": "Sycamore Street", "year": 2021, "tier": "local", "road": "Sycamore Street"}}, {"type": "Feature", "geometry": {"type": "Point", "coordinates": [-70.950803, 42.272092]}, "properties": {"aadt": 4259, "route_name": "Sea Street", "year": 2021, "tier": "local", "road": "Sea Street"}}, {"type": "Feature", "geometry": {"type": "Point", "coordinates": [-70.951511, 42.271514]}, "properties": {"aadt": 4259, "route_name": "Sea Street", "year": 2021, "tier": "local", "road": "Sea Street"}}, {"type": "Feature", "geometry": {"type": "Point", "coordinates": [-70.951566, 42.271196]}, "properties": {"aadt": 4259, "route_name": "Sea Street", "year": 2021, "tier": "local", "road": "Sea Street"}}, {"type": "Feature", "geometry": {"type": "Point", "coordinates": [-70.954589, 42.268444]}, "properties": {"aadt": 4259, "route_name": "Sea Street", "year": 2021, "tier": "local", "road": "Sea Street"}}, {"type": "Feature", "geometry": {"type": "Point", "coordinates": [-70.958197, 42.266771]}, "properties": {"aadt": 4259, "route_name": "Sea Street", "year": 2021, "tier": "local", "road": "Sea Street"}}, {"type": "Feature", "geometry": {"type": "Point", "coordinates": [-70.942793, 42.220771]}, "properties": {"aadt": 4255, "route_name": "Academy Avenue", "year": 2021, "tier": "local", "road": "Academy Avenue"}}, {"type": "Feature", "geometry": {"type": "Point", "coordinates": [-70.942191, 42.221039]}, "properties": {"aadt": 4255, "route_name": "Academy Avenue", "year": 2021, "tier": "local", "road": "Academy Avenue"}}, {"type": "Feature", "geometry": {"type": "Point", "coordinates": [-71.040895, 42.20544]}, "properties": {"aadt": 4248, "route_name": "King Hill Road", "year": 2021, "tier": "local", "road": "King Hill Road"}}, {"type": "Feature", "geometry": {"type": "Point", "coordinates": [-71.039124, 42.202255]}, "properties": {"aadt": 4248, "route_name": "King Hill Road", "year": 2021, "tier": "local", "road": "King Hill Road"}}, {"type": "Feature", "geometry": {"type": "Point", "coordinates": [-71.033829, 42.200267]}, "properties": {"aadt": 4248, "route_name": "King Hill Road", "year": 2021, "tier": "local", "road": "King Hill Road"}}, {"type": "Feature", "geometry": {"type": "Point", "coordinates": [-71.030451, 42.199509]}, "properties": {"aadt": 4248, "route_name": "King Hill Road", "year": 2021, "tier": "local", "road": "King Hill Road"}}, {"type": "Feature", "geometry": {"type": "Point", "coordinates": [-70.94996, 42.214648]}, "properties": {"aadt": 4239, "route_name": "Essex Street", "year": 2021, "tier": "local", "road": "Essex Street"}}, {"type": "Feature", "geometry": {"type": "Point", "coordinates": [-70.94604, 42.210269]}, "properties": {"aadt": 4239, "route_name": "Essex Street", "year": 2021, "tier": "local", "road": "Essex Street"}}, {"type": "Feature", "geometry": {"type": "Point", "coordinates": [-70.948461, 42.212119]}, "properties": {"aadt": 4239, "route_name": "Essex Street", "year": 2021, "tier": "local", "road": "Essex Street"}}, {"type": "Feature", "geometry": {"type": "Point", "coordinates": [-70.948561, 42.212284]}, "properties": {"aadt": 4239, "route_name": "Essex Street", "year": 2021, "tier": "local", "road": "Essex Street"}}, {"type": "Feature", "geometry": {"type": "Point", "coordinates": [-70.822986, 42.100178]}, "properties": {"aadt": 4231, "route_name": "West Elm Street", "year": 2021, "tier": "local", "road": "West Elm Street"}}, {"type": "Feature", "geometry": {"type": "Point", "coordinates": [-70.823075, 42.100504]}, "properties": {"aadt": 4231, "route_name": "Elm Street", "year": 2021, "tier": "local", "road": "Elm Street"}}, {"type": "Feature", "geometry": {"type": "Point", "coordinates": [-70.822212, 42.103659]}, "properties": {"aadt": 4231, "route_name": "Elm Street", "year": 2021, "tier": "local", "road": "Elm Street"}}, {"type": "Feature", "geometry": {"type": "Point", "coordinates": [-70.960416, 42.218076]}, "properties": {"aadt": 4224, "route_name": "Webb Street", "year": 2021, "tier": "local", "road": "Webb Street"}}, {"type": "Feature", "geometry": {"type": "Point", "coordinates": [-70.960681, 42.219049]}, "properties": {"aadt": 4224, "route_name": "Webb Street", "year": 2021, "tier": "local", "road": "Webb Street"}}, {"type": "Feature", "geometry": {"type": "Point", "coordinates": [-70.961156, 42.220806]}, "properties": {"aadt": 4224, "route_name": "Webb Street", "year": 2021, "tier": "local", "road": "Webb Street"}}, {"type": "Feature", "geometry": {"type": "Point", "coordinates": [-70.999261, 42.237349]}, "properties": {"aadt": 4205, "route_name": "Kendrick Avenue", "year": 2021, "tier": "local", "road": "Kendrick Avenue"}}, {"type": "Feature", "geometry": {"type": "Point", "coordinates": [-70.997554, 42.239215]}, "properties": {"aadt": 4205, "route_name": "Faxon Park Road", "year": 2021, "tier": "local", "road": "Faxon Park Road"}}, {"type": "Feature", "geometry": {"type": "Point", "coordinates": [-70.995433, 42.241144]}, "properties": {"aadt": 4205, "route_name": "Faxon Park Road", "year": 2021, "tier": "local", "road": "Faxon Park Road"}}, {"type": "Feature", "geometry": {"type": "Point", "coordinates": [-70.96461, 42.169275]}, "properties": {"aadt": 4194, "route_name": "Hollis Street", "year": 2021, "tier": "local", "road": "Hollis Street"}}, {"type": "Feature", "geometry": {"type": "Point", "coordinates": [-70.963341, 42.168969]}, "properties": {"aadt": 4194, "route_name": "Hollis Street", "year": 2021, "tier": "local", "road": "Hollis Street"}}, {"type": "Feature", "geometry": {"type": "Point", "coordinates": [-71.031709, 42.263529]}, "properties": {"aadt": 4194, "route_name": "Sherman Street", "year": 2021, "tier": "local", "road": "Sherman Street"}}, {"type": "Feature", "geometry": {"type": "Point", "coordinates": [-71.026441, 42.266619]}, "properties": {"aadt": 4194, "route_name": "North Central Avenue", "year": 2021, "tier": "local", "road": "North Central Avenue"}}, {"type": "Feature", "geometry": {"type": "Point", "coordinates": [-71.028281, 42.265539]}, "properties": {"aadt": 4194, "route_name": "North Central Avenue", "year": 2021, "tier": "local", "road": "North Central Avenue"}}, {"type": "Feature", "geometry": {"type": "Point", "coordinates": [-71.029441, 42.264859]}, "properties": {"aadt": 4194, "route_name": "Sherman Street", "year": 2021, "tier": "local", "road": "Sherman Street"}}, {"type": "Feature", "geometry": {"type": "Point", "coordinates": [-71.02333, 42.268459]}, "properties": {"aadt": 4194, "route_name": "North Central Avenue", "year": 2021, "tier": "local", "road": "North Central Avenue"}}, {"type": "Feature", "geometry": {"type": "Point", "coordinates": [-70.980559, 42.24262]}, "properties": {"aadt": 4191, "route_name": "South Street", "year": 2021, "tier": "local", "road": "South Street"}}, {"type": "Feature", "geometry": {"type": "Point", "coordinates": [-70.974671, 42.223879]}, "properties": {"aadt": 4187, "route_name": "Shaw Street", "year": 2021, "tier": "local", "road": "Shaw Street"}}, {"type": "Feature", "geometry": {"type": "Point", "coordinates": [-70.975561, 42.225809]}, "properties": {"aadt": 4187, "route_name": "Shaw Street", "year": 2021, "tier": "local", "road": "Shaw Street"}}, {"type": "Feature", "geometry": {"type": "Point", "coordinates": [-71.032799, 42.263834]}, "properties": {"aadt": 4186, "route_name": "Harvard Street", "year": 2021, "tier": "local", "road": "Harvard Street"}}, {"type": "Feature", "geometry": {"type": "Point", "coordinates": [-71.035635, 42.266664]}, "properties": {"aadt": 4186, "route_name": "Harvard Street", "year": 2021, "tier": "local", "road": "Harvard Street"}}, {"type": "Feature", "geometry": {"type": "Point", "coordinates": [-71.013223, 42.271084]}, "properties": {"aadt": 4166, "route_name": "West Elm Avenue", "year": 2021, "tier": "local", "road": "West Elm Avenue"}}, {"type": "Feature", "geometry": {"type": "Point", "coordinates": [-71.013131, 42.271929]}, "properties": {"aadt": 4166, "route_name": "West Elm Avenue", "year": 2021, "tier": "local", "road": "West Elm Avenue"}}, {"type": "Feature", "geometry": {"type": "Point", "coordinates": [-71.002308, 42.254295]}, "properties": {"aadt": 4159, "route_name": "Russell Park", "year": 2021, "tier": "local", "road": "Russell Park"}}, {"type": "Feature", "geometry": {"type": "Point", "coordinates": [-70.957531, 42.191949]}, "properties": {"aadt": 4153, "route_name": "Front Street", "year": 2021, "tier": "local", "road": "Front Street"}}, {"type": "Feature", "geometry": {"type": "Point", "coordinates": [-70.95962, 42.193599]}, "properties": {"aadt": 4153, "route_name": "Front Street", "year": 2021, "tier": "local", "road": "Front Street"}}, {"type": "Feature", "geometry": {"type": "Point", "coordinates": [-70.957842, 42.200756]}, "properties": {"aadt": 4153, "route_name": "Front Street", "year": 2021, "tier": "local", "road": "Front Street"}}, {"type": "Feature", "geometry": {"type": "Point", "coordinates": [-70.958535, 42.203509]}, "properties": {"aadt": 4153, "route_name": "Front Street", "year": 2021, "tier": "local", "road": "Front Street"}}, {"type": "Feature", "geometry": {"type": "Point", "coordinates": [-70.959079, 42.205598]}, "properties": {"aadt": 4153, "route_name": "Front Street", "year": 2021, "tier": "local", "road": "Front Street"}}, {"type": "Feature", "geometry": {"type": "Point", "coordinates": [-70.961021, 42.208894]}, "properties": {"aadt": 4153, "route_name": "Front Street", "year": 2021, "tier": "local", "road": "Front Street"}}, {"type": "Feature", "geometry": {"type": "Point", "coordinates": [-70.963733, 42.212666]}, "properties": {"aadt": 4153, "route_name": "Front Street", "year": 2021, "tier": "local", "road": "Front Street"}}, {"type": "Feature", "geometry": {"type": "Point", "coordinates": [-70.90882, 42.12544]}, "properties": {"aadt": 4150, "route_name": "Howard Street", "year": 2021, "tier": "local", "road": "Howard Street"}}, {"type": "Feature", "geometry": {"type": "Point", "coordinates": [-70.909694, 42.127357]}, "properties": {"aadt": 4150, "route_name": "Howard Street", "year": 2021, "tier": "local", "road": "Howard Street"}}, {"type": "Feature", "geometry": {"type": "Point", "coordinates": [-70.82116, 42.232269]}, "properties": {"aadt": 4129, "route_name": "King Street", "year": 2021, "tier": "local", "road": "King Street"}}, {"type": "Feature", "geometry": {"type": "Point", "coordinates": [-70.964511, 42.207131]}, "properties": {"aadt": 4127, "route_name": "Federal Street", "year": 2021, "tier": "local", "road": "Federal Street"}}, {"type": "Feature", "geometry": {"type": "Point", "coordinates": [-70.96344, 42.207349]}, "properties": {"aadt": 4127, "route_name": "Federal Street", "year": 2021, "tier": "local", "road": "Federal Street"}}, {"type": "Feature", "geometry": {"type": "Point", "coordinates": [-71.03498, 42.164379]}, "properties": {"aadt": 4124, "route_name": "Mill Street", "year": 2021, "tier": "local", "road": "Mill Street"}}, {"type": "Feature", "geometry": {"type": "Point", "coordinates": [-71.03319, 42.163449]}, "properties": {"aadt": 4124, "route_name": "Mill Street", "year": 2021, "tier": "local", "road": "Mill Street"}}, {"type": "Feature", "geometry": {"type": "Point", "coordinates": [-71.032451, 42.163059]}, "properties": {"aadt": 4124, "route_name": "Mill Street", "year": 2021, "tier": "local", "road": "Mill Street"}}, {"type": "Feature", "geometry": {"type": "Point", "coordinates": [-71.029416, 42.161391]}, "properties": {"aadt": 4124, "route_name": "Mill Street", "year": 2021, "tier": "local", "road": "Mill Street"}}, {"type": "Feature", "geometry": {"type": "Point", "coordinates": [-71.027592, 42.160141]}, "properties": {"aadt": 4124, "route_name": "Mill Street", "year": 2021, "tier": "local", "road": "Mill Street"}}, {"type": "Feature", "geometry": {"type": "Point", "coordinates": [-70.98627, 42.205779]}, "properties": {"aadt": 4102, "route_name": "Middle Street", "year": 2021, "tier": "local", "road": "Middle Street"}}, {"type": "Feature", "geometry": {"type": "Point", "coordinates": [-70.98638, 42.209338]}, "properties": {"aadt": 4102, "route_name": "Middle Street", "year": 2021, "tier": "local", "road": "Middle Street"}}, {"type": "Feature", "geometry": {"type": "Point", "coordinates": [-70.989444, 42.214517]}, "properties": {"aadt": 4102, "route_name": "Middle Street", "year": 2021, "tier": "local", "road": "Middle Street"}}, {"type": "Feature", "geometry": {"type": "Point", "coordinates": [-70.990687, 42.216648]}, "properties": {"aadt": 4102, "route_name": "Middle Street", "year": 2021, "tier": "local", "road": "Middle Street"}}, {"type": "Feature", "geometry": {"type": "Point", "coordinates": [-70.991669, 42.217812]}, "properties": {"aadt": 4102, "route_name": "Middle Street", "year": 2021, "tier": "local", "road": "Middle Street"}}, {"type": "Feature", "geometry": {"type": "Point", "coordinates": [-70.970845, 42.187863]}, "properties": {"aadt": 4081, "route_name": "Summer Street", "year": 2021, "tier": "local", "road": "Summer Street"}}, {"type": "Feature", "geometry": {"type": "Point", "coordinates": [-70.970693, 42.190506]}, "properties": {"aadt": 4081, "route_name": "Summer Street", "year": 2021, "tier": "local", "road": "Summer Street"}}, {"type": "Feature", "geometry": {"type": "Point", "coordinates": [-70.970732, 42.195258]}, "properties": {"aadt": 4081, "route_name": "Summer Street", "year": 2021, "tier": "local", "road": "Summer Street"}}, {"type": "Feature", "geometry": {"type": "Point", "coordinates": [-70.970088, 42.199546]}, "properties": {"aadt": 4081, "route_name": "Summer Street", "year": 2021, "tier": "local", "road": "Summer Street"}}, {"type": "Feature", "geometry": {"type": "Point", "coordinates": [-70.96927, 42.202439]}, "properties": {"aadt": 4081, "route_name": "Summer Street", "year": 2021, "tier": "local", "road": "Summer Street"}}, {"type": "Feature", "geometry": {"type": "Point", "coordinates": [-70.968766, 42.202821]}, "properties": {"aadt": 4081, "route_name": "Summer Street", "year": 2021, "tier": "local", "road": "Summer Street"}}, {"type": "Feature", "geometry": {"type": "Point", "coordinates": [-70.965848, 42.205019]}, "properties": {"aadt": 4081, "route_name": "Summer Street", "year": 2021, "tier": "local", "road": "Summer Street"}}, {"type": "Feature", "geometry": {"type": "Point", "coordinates": [-70.96566, 42.208579]}, "properties": {"aadt": 4081, "route_name": "Summer Street", "year": 2021, "tier": "local", "road": "Summer Street"}}, {"type": "Feature", "geometry": {"type": "Point", "coordinates": [-70.966511, 42.210329]}, "properties": {"aadt": 4081, "route_name": "Summer Street", "year": 2021, "tier": "local", "road": "Summer Street"}}, {"type": "Feature", "geometry": {"type": "Point", "coordinates": [-70.966759, 42.211839]}, "properties": {"aadt": 4081, "route_name": "Summer Street", "year": 2021, "tier": "local", "road": "Summer Street"}}, {"type": "Feature", "geometry": {"type": "Point", "coordinates": [-71.004054, 42.256629]}, "properties": {"aadt": 4063, "route_name": "Greenleaf Street", "year": 2021, "tier": "local", "road": "Greenleaf Street"}}, {"type": "Feature", "geometry": {"type": "Point", "coordinates": [-70.954431, 42.266039]}, "properties": {"aadt": 4061, "route_name": "Darrow Street", "year": 2021, "tier": "local", "road": "Darrow Street"}}, {"type": "Feature", "geometry": {"type": "Point", "coordinates": [-70.951495, 42.26599]}, "properties": {"aadt": 4061, "route_name": "Darrow Street", "year": 2021, "tier": "local", "road": "Darrow Street"}}, {"type": "Feature", "geometry": {"type": "Point", "coordinates": [-70.957143, 42.212723]}, "properties": {"aadt": 4031, "route_name": "King Avenue", "year": 2021, "tier": "local", "road": "King Avenue"}}, {"type": "Feature", "geometry": {"type": "Point", "coordinates": [-71.014013, 42.296961]}, "properties": {"aadt": 4020, "route_name": "Huckins Avenue", "year": 2021, "tier": "local", "road": "Huckins Avenue"}}, {"type": "Feature", "geometry": {"type": "Point", "coordinates": [-71.011127, 42.297121]}, "properties": {"aadt": 4020, "route_name": "Huckins Avenue", "year": 2021, "tier": "local", "road": "Huckins Avenue"}}, {"type": "Feature", "geometry": {"type": "Point", "coordinates": [-71.051062, 42.173359]}, "properties": {"aadt": 4016, "route_name": "Grove Street", "year": 2021, "tier": "local", "road": "Grove Street"}}, {"type": "Feature", "geometry": {"type": "Point", "coordinates": [-71.013602, 42.112571]}, "properties": {"aadt": 4004, "route_name": "Hovenden Avenue", "year": 2021, "tier": "local", "road": "Hovenden Avenue"}}, {"type": "Feature", "geometry": {"type": "Point", "coordinates": [-71.011487, 42.11353]}, "properties": {"aadt": 4004, "route_name": "Hovenden Avenue", "year": 2021, "tier": "local", "road": "Hovenden Avenue"}}, {"type": "Feature", "geometry": {"type": "Point", "coordinates": [-71.006587, 42.115933]}, "properties": {"aadt": 4004, "route_name": "Hovenden Avenue", "year": 2021, "tier": "local", "road": "Hovenden Avenue"}}, {"type": "Feature", "geometry": {"type": "Point", "coordinates": [-71.005121, 42.116466]}, "properties": {"aadt": 4004, "route_name": "Hovenden Avenue", "year": 2021, "tier": "local", "road": "Hovenden Avenue"}}, {"type": "Feature", "geometry": {"type": "Point", "coordinates": [-71.050021, 42.178598]}, "properties": {"aadt": 4001, "route_name": "Orchard Street", "year": 2021, "tier": "local", "road": "Orchard Street"}}, {"type": "Feature", "geometry": {"type": "Point", "coordinates": [-71.050061, 42.184235]}, "properties": {"aadt": 3958, "route_name": "Oak Street", "year": 2021, "tier": "local", "road": "Oak Street"}}, {"type": "Feature", "geometry": {"type": "Point", "coordinates": [-71.047278, 42.183494]}, "properties": {"aadt": 3958, "route_name": "Oak Street", "year": 2021, "tier": "local", "road": "Oak Street"}}, {"type": "Feature", "geometry": {"type": "Point", "coordinates": [-71.04416, 42.1822]}, "properties": {"aadt": 3958, "route_name": "Oak Street", "year": 2021, "tier": "local", "road": "Oak Street"}}, {"type": "Feature", "geometry": {"type": "Point", "coordinates": [-71.04133, 42.181793]}, "properties": {"aadt": 3958, "route_name": "Oak Street", "year": 2021, "tier": "local", "road": "Oak Street"}}, {"type": "Feature", "geometry": {"type": "Point", "coordinates": [-71.038121, 42.181839]}, "properties": {"aadt": 3958, "route_name": "Oak Street", "year": 2021, "tier": "local", "road": "Oak Street"}}, {"type": "Feature", "geometry": {"type": "Point", "coordinates": [-71.034913, 42.182142]}, "properties": {"aadt": 3958, "route_name": "Oak Street", "year": 2021, "tier": "local", "road": "Oak Street"}}, {"type": "Feature", "geometry": {"type": "Point", "coordinates": [-71.03213, 42.182979]}, "properties": {"aadt": 3958, "route_name": "Oak Street", "year": 2021, "tier": "local", "road": "Oak Street"}}, {"type": "Feature", "geometry": {"type": "Point", "coordinates": [-70.948241, 42.241219]}, "properties": {"aadt": 3936, "route_name": "Pearl Street", "year": 2021, "tier": "local", "road": "Pearl Street"}}, {"type": "Feature", "geometry": {"type": "Point", "coordinates": [-71.006089, 42.253391]}, "properties": {"aadt": 3936, "route_name": "Dimmock Street", "year": 2021, "tier": "local", "road": "Dimmock Street"}}, {"type": "Feature", "geometry": {"type": "Point", "coordinates": [-70.924334, 42.21283]}, "properties": {"aadt": 3897, "route_name": "Water Street", "year": 2023, "tier": "local", "road": "Water Street"}}, {"type": "Feature", "geometry": {"type": "Point", "coordinates": [-70.921439, 42.217622]}, "properties": {"aadt": 3897, "route_name": "Commercial Street", "year": 2023, "tier": "local", "road": "Commercial Street"}}, {"type": "Feature", "geometry": {"type": "Point", "coordinates": [-70.918431, 42.220438]}, "properties": {"aadt": 3897, "route_name": "Commercial Street", "year": 2023, "tier": "local", "road": "Commercial Street"}}, {"type": "Feature", "geometry": {"type": "Point", "coordinates": [-70.917894, 42.22147]}, "properties": {"aadt": 3897, "route_name": "Commercial Street", "year": 2023, "tier": "local", "road": "Commercial Street"}}, {"type": "Feature", "geometry": {"type": "Point", "coordinates": [-70.915376, 42.224002]}, "properties": {"aadt": 3897, "route_name": "Commercial Street", "year": 2023, "tier": "local", "road": "Commercial Street"}}, {"type": "Feature", "geometry": {"type": "Point", "coordinates": [-70.911706, 42.226705]}, "properties": {"aadt": 3897, "route_name": "Fresh River Avenue", "year": 2023, "tier": "local", "road": "Fresh River Avenue"}}, {"type": "Feature", "geometry": {"type": "Point", "coordinates": [-70.909225, 42.228675]}, "properties": {"aadt": 3897, "route_name": "Fort Hill Street", "year": 2023, "tier": "local", "road": "Fort Hill Street"}}, {"type": "Feature", "geometry": {"type": "Point", "coordinates": [-70.908035, 42.230254]}, "properties": {"aadt": 3897, "route_name": "Fort Hill Street", "year": 2023, "tier": "local", "road": "Fort Hill Street"}}, {"type": "Feature", "geometry": {"type": "Point", "coordinates": [-70.904677, 42.23422]}, "properties": {"aadt": 3897, "route_name": "Fort Hill Street", "year": 2023, "tier": "local", "road": "Fort Hill Street"}}, {"type": "Feature", "geometry": {"type": "Point", "coordinates": [-70.903335, 42.236614]}, "properties": {"aadt": 3897, "route_name": "Fort Hill Street", "year": 2023, "tier": "local", "road": "Fort Hill Street"}}, {"type": "Feature", "geometry": {"type": "Point", "coordinates": [-70.900959, 42.238763]}, "properties": {"aadt": 3897, "route_name": "South Street", "year": 2023, "tier": "local", "road": "South Street"}}, {"type": "Feature", "geometry": {"type": "Point", "coordinates": [-70.90021, 42.239479]}, "properties": {"aadt": 3897, "route_name": "South Street", "year": 2023, "tier": "local", "road": "South Street"}}, {"type": "Feature", "geometry": {"type": "Point", "coordinates": [-70.897408, 42.240792]}, "properties": {"aadt": 3897, "route_name": "South Street", "year": 2023, "tier": "local", "road": "South Street"}}, {"type": "Feature", "geometry": {"type": "Point", "coordinates": [-70.893595, 42.24136]}, "properties": {"aadt": 3897, "route_name": "South Street", "year": 2023, "tier": "local", "road": "South Street"}}, {"type": "Feature", "geometry": {"type": "Point", "coordinates": [-70.868772, 42.09836]}, "properties": {"aadt": 3887, "route_name": "Winter Street", "year": 2021, "tier": "local", "road": "Winter Street"}}, {"type": "Feature", "geometry": {"type": "Point", "coordinates": [-70.86928, 42.101296]}, "properties": {"aadt": 3887, "route_name": "Winter Street", "year": 2021, "tier": "local", "road": "Winter Street"}}, {"type": "Feature", "geometry": {"type": "Point", "coordinates": [-70.869449, 42.103808]}, "properties": {"aadt": 3887, "route_name": "Winter Street", "year": 2021, "tier": "local", "road": "Winter Street"}}, {"type": "Feature", "geometry": {"type": "Point", "coordinates": [-70.879737, 42.287637]}, "properties": {"aadt": 3859, "route_name": "Prospect Avenue", "year": 2021, "tier": "local", "road": "Prospect Avenue"}}, {"type": "Feature", "geometry": {"type": "Point", "coordinates": [-70.880023, 42.290643]}, "properties": {"aadt": 3859, "route_name": "Prospect Avenue", "year": 2021, "tier": "local", "road": "Prospect Avenue"}}, {"type": "Feature", "geometry": {"type": "Point", "coordinates": [-70.949361, 42.220959]}, "properties": {"aadt": 3843, "route_name": "Essex Street", "year": 2021, "tier": "local", "road": "Essex Street"}}, {"type": "Feature", "geometry": {"type": "Point", "coordinates": [-70.948728, 42.223967]}, "properties": {"aadt": 3843, "route_name": "Essex Street", "year": 2021, "tier": "local", "road": "Essex Street"}}, {"type": "Feature", "geometry": {"type": "Point", "coordinates": [-70.876225, 42.107087]}, "properties": {"aadt": 3838, "route_name": "School Street", "year": 2021, "tier": "local", "road": "School Street"}}, {"type": "Feature", "geometry": {"type": "Point", "coordinates": [-70.871941, 42.10812]}, "properties": {"aadt": 3838, "route_name": "School Street", "year": 2021, "tier": "local", "road": "School Street"}}, {"type": "Feature", "geometry": {"type": "Point", "coordinates": [-70.888896, 42.22918]}, "properties": {"aadt": 3823, "route_name": "Cedar Street", "year": 2021, "tier": "local", "road": "Cedar Street"}}, {"type": "Feature", "geometry": {"type": "Point", "coordinates": [-70.890549, 42.229584]}, "properties": {"aadt": 3823, "route_name": "Hersey Street", "year": 2021, "tier": "local", "road": "Hersey Street"}}, {"type": "Feature", "geometry": {"type": "Point", "coordinates": [-70.891574, 42.230734]}, "properties": {"aadt": 3823, "route_name": "Hersey Street", "year": 2021, "tier": "local", "road": "Hersey Street"}}, {"type": "Feature", "geometry": {"type": "Point", "coordinates": [-70.893001, 42.233169]}, "properties": {"aadt": 3823, "route_name": "Hersey Street", "year": 2021, "tier": "local", "road": "Hersey Street"}}, {"type": "Feature", "geometry": {"type": "Point", "coordinates": [-70.89242, 42.235618]}, "properties": {"aadt": 3823, "route_name": "Hersey Street", "year": 2021, "tier": "local", "road": "Hersey Street"}}, {"type": "Feature", "geometry": {"type": "Point", "coordinates": [-71.008125, 42.100014]}, "properties": {"aadt": 3821, "route_name": "North Cary Street", "year": 2021, "tier": "local", "road": "North Cary Street"}}, {"type": "Feature", "geometry": {"type": "Point", "coordinates": [-71.007961, 42.100755]}, "properties": {"aadt": 3821, "route_name": "North Cary Street", "year": 2021, "tier": "local", "road": "North Cary Street"}}, {"type": "Feature", "geometry": {"type": "Point", "coordinates": [-71.006138, 42.103539]}, "properties": {"aadt": 3821, "route_name": "North Cary Street", "year": 2021, "tier": "local", "road": "North Cary Street"}}, {"type": "Feature", "geometry": {"type": "Point", "coordinates": [-71.005361, 42.10398]}, "properties": {"aadt": 3821, "route_name": "North Cary Street", "year": 2021, "tier": "local", "road": "North Cary Street"}}, {"type": "Feature", "geometry": {"type": "Point", "coordinates": [-71.040251, 42.169049]}, "properties": {"aadt": 3816, "route_name": "Pleasant Street", "year": 2021, "tier": "local", "road": "Pleasant Street"}}, {"type": "Feature", "geometry": {"type": "Point", "coordinates": [-71.017023, 42.103502]}, "properties": {"aadt": 3807, "route_name": "Intervale Street", "year": 2021, "tier": "local", "road": "Intervale Street"}}, {"type": "Feature", "geometry": {"type": "Point", "coordinates": [-71.017602, 42.104318]}, "properties": {"aadt": 3807, "route_name": "Intervale Street", "year": 2021, "tier": "local", "road": "Intervale Street"}}, {"type": "Feature", "geometry": {"type": "Point", "coordinates": [-70.891679, 42.217945]}, "properties": {"aadt": 3774, "route_name": "Cross Street", "year": 2021, "tier": "local", "road": "Cross Street"}}, {"type": "Feature", "geometry": {"type": "Point", "coordinates": [-70.893494, 42.2209]}, "properties": {"aadt": 3774, "route_name": "Cross Street", "year": 2021, "tier": "local", "road": "Cross Street"}}, {"type": "Feature", "geometry": {"type": "Point", "coordinates": [-70.895154, 42.223046]}, "properties": {"aadt": 3774, "route_name": "New Bridge Street", "year": 2021, "tier": "local", "road": "New Bridge Street"}}, {"type": "Feature", "geometry": {"type": "Point", "coordinates": [-70.896499, 42.224557]}, "properties": {"aadt": 3774, "route_name": "New Bridge Street", "year": 2021, "tier": "local", "road": "New Bridge Street"}}, {"type": "Feature", "geometry": {"type": "Point", "coordinates": [-70.897786, 42.226073]}, "properties": {"aadt": 3774, "route_name": "New Bridge Street", "year": 2021, "tier": "local", "road": "New Bridge Street"}}, {"type": "Feature", "geometry": {"type": "Point", "coordinates": [-70.898517, 42.227058]}, "properties": {"aadt": 3774, "route_name": "New Bridge Street", "year": 2021, "tier": "local", "road": "New Bridge Street"}}, {"type": "Feature", "geometry": {"type": "Point", "coordinates": [-70.902713, 42.230167]}, "properties": {"aadt": 3774, "route_name": "New Bridge Street", "year": 2021, "tier": "local", "road": "New Bridge Street"}}, {"type": "Feature", "geometry": {"type": "Point", "coordinates": [-70.904369, 42.230692]}, "properties": {"aadt": 3774, "route_name": "New Bridge Street", "year": 2021, "tier": "local", "road": "New Bridge Street"}}, {"type": "Feature", "geometry": {"type": "Point", "coordinates": [-70.991367, 42.244539]}, "properties": {"aadt": 3768, "route_name": "Sumner Street", "year": 2021, "tier": "local", "road": "Sumner Street"}}, {"type": "Feature", "geometry": {"type": "Point", "coordinates": [-70.990226, 42.245329]}, "properties": {"aadt": 3768, "route_name": "Sumner Street", "year": 2021, "tier": "local", "road": "Sumner Street"}}, {"type": "Feature", "geometry": {"type": "Point", "coordinates": [-70.987183, 42.247368]}, "properties": {"aadt": 3768, "route_name": "Sumner Street", "year": 2021, "tier": "local", "road": "Sumner Street"}}, {"type": "Feature", "geometry": {"type": "Point", "coordinates": [-70.903106, 42.110204]}, "properties": {"aadt": 3767, "route_name": "Summer Street", "year": 2021, "tier": "local", "road": "Summer Street"}}, {"type": "Feature", "geometry": {"type": "Point", "coordinates": [-70.908373, 42.108957]}, "properties": {"aadt": 3767, "route_name": "Summer Street", "year": 2021, "tier": "local", "road": "Summer Street"}}, {"type": "Feature", "geometry": {"type": "Point", "coordinates": [-70.906447, 42.109247]}, "properties": {"aadt": 3767, "route_name": "Summer Street", "year": 2021, "tier": "local", "road": "Summer Street"}}, {"type": "Feature", "geometry": {"type": "Point", "coordinates": [-70.904427, 42.109826]}, "properties": {"aadt": 3767, "route_name": "Summer Street", "year": 2021, "tier": "local", "road": "Summer Street"}}, {"type": "Feature", "geometry": {"type": "Point", "coordinates": [-70.898645, 42.111446]}, "properties": {"aadt": 3767, "route_name": "Summer Street", "year": 2021, "tier": "local", "road": "Summer Street"}}, {"type": "Feature", "geometry": {"type": "Point", "coordinates": [-70.89713, 42.11177]}, "properties": {"aadt": 3767, "route_name": "Summer Street", "year": 2021, "tier": "local", "road": "Summer Street"}}, {"type": "Feature", "geometry": {"type": "Point", "coordinates": [-70.893572, 42.11179]}, "properties": {"aadt": 3767, "route_name": "Summer Street", "year": 2021, "tier": "local", "road": "Summer Street"}}, {"type": "Feature", "geometry": {"type": "Point", "coordinates": [-70.890637, 42.112331]}, "properties": {"aadt": 3767, "route_name": "Summer Street", "year": 2021, "tier": "local", "road": "Summer Street"}}, {"type": "Feature", "geometry": {"type": "Point", "coordinates": [-70.88681, 42.113373]}, "properties": {"aadt": 3767, "route_name": "Summer Street", "year": 2021, "tier": "local", "road": "Summer Street"}}, {"type": "Feature", "geometry": {"type": "Point", "coordinates": [-70.884655, 42.113948]}, "properties": {"aadt": 3767, "route_name": "Summer Street", "year": 2021, "tier": "local", "road": "Summer Street"}}, {"type": "Feature", "geometry": {"type": "Point", "coordinates": [-70.940045, 42.131294]}, "properties": {"aadt": 3767, "route_name": "Spruce Street", "year": 2021, "tier": "local", "road": "Spruce Street"}}, {"type": "Feature", "geometry": {"type": "Point", "coordinates": [-70.940106, 42.133717]}, "properties": {"aadt": 3767, "route_name": "Spruce Street", "year": 2021, "tier": "local", "road": "Spruce Street"}}, {"type": "Feature", "geometry": {"type": "Point", "coordinates": [-70.938409, 42.134917]}, "properties": {"aadt": 3767, "route_name": "Spruce Street", "year": 2021, "tier": "local", "road": "Spruce Street"}}, {"type": "Feature", "geometry": {"type": "Point", "coordinates": [-70.933946, 42.136669]}, "properties": {"aadt": 3767, "route_name": "Spruce Street", "year": 2021, "tier": "local", "road": "Spruce Street"}}, {"type": "Feature", "geometry": {"type": "Point", "coordinates": [-70.838707, 42.128448]}, "properties": {"aadt": 3760, "route_name": "Silver Street", "year": 2021, "tier": "local", "road": "Silver Street"}}, {"type": "Feature", "geometry": {"type": "Point", "coordinates": [-70.843398, 42.118524]}, "properties": {"aadt": 3760, "route_name": "Silver Street", "year": 2021, "tier": "local", "road": "Silver Street"}}, {"type": "Feature", "geometry": {"type": "Point", "coordinates": [-70.842272, 42.121772]}, "properties": {"aadt": 3760, "route_name": "Silver Street", "year": 2021, "tier": "local", "road": "Silver Street"}}, {"type": "Feature", "geometry": {"type": "Point", "coordinates": [-70.840816, 42.125209]}, "properties": {"aadt": 3760, "route_name": "Silver Street", "year": 2021, "tier": "local", "road": "Silver Street"}}, {"type": "Feature", "geometry": {"type": "Point", "coordinates": [-70.840068, 42.126548]}, "properties": {"aadt": 3760, "route_name": "Silver Street", "year": 2021, "tier": "local", "road": "Silver Street"}}, {"type": "Feature", "geometry": {"type": "Point", "coordinates": [-70.927218, 42.116046]}, "properties": {"aadt": 3750, "route_name": "Central Street", "year": 2021, "tier": "local", "road": "Central Street"}}, {"type": "Feature", "geometry": {"type": "Point", "coordinates": [-70.922932, 42.115893]}, "properties": {"aadt": 3750, "route_name": "Central Street", "year": 2021, "tier": "local", "road": "Central Street"}}, {"type": "Feature", "geometry": {"type": "Point", "coordinates": [-71.01707, 42.264518]}, "properties": {"aadt": 3745, "route_name": "Standish Avenue", "year": 2021, "tier": "local", "road": "Standish Avenue"}}, {"type": "Feature", "geometry": {"type": "Point", "coordinates": [-70.851875, 42.131503]}, "properties": {"aadt": 3740, "route_name": "Union Street", "year": 2021, "tier": "local", "road": "Union Street"}}, {"type": "Feature", "geometry": {"type": "Point", "coordinates": [-70.849431, 42.131262]}, "properties": {"aadt": 3740, "route_name": "Union Street", "year": 2021, "tier": "local", "road": "Union Street"}}, {"type": "Feature", "geometry": {"type": "Point", "coordinates": [-70.846402, 42.131671]}, "properties": {"aadt": 3740, "route_name": "Union Street", "year": 2021, "tier": "local", "road": "Union Street"}}, {"type": "Feature", "geometry": {"type": "Point", "coordinates": [-70.843245, 42.132091]}, "properties": {"aadt": 3740, "route_name": "Union Street", "year": 2021, "tier": "local", "road": "Union Street"}}, {"type": "Feature", "geometry": {"type": "Point", "coordinates": [-70.89736, 42.242089]}, "properties": {"aadt": 3735, "route_name": "Thaxter Street", "year": 2021, "tier": "local", "road": "Thaxter Street"}}, {"type": "Feature", "geometry": {"type": "Point", "coordinates": [-70.897765, 42.242478]}, "properties": {"aadt": 3735, "route_name": "Thaxter Street", "year": 2021, "tier": "local", "road": "Thaxter Street"}}, {"type": "Feature", "geometry": {"type": "Point", "coordinates": [-70.901281, 42.245884]}, "properties": {"aadt": 3735, "route_name": "Thaxter Street", "year": 2021, "tier": "local", "road": "Thaxter Street"}}, {"type": "Feature", "geometry": {"type": "Point", "coordinates": [-70.903025, 42.250962]}, "properties": {"aadt": 3735, "route_name": "Downer Avenue", "year": 2021, "tier": "local", "road": "Downer Avenue"}}, {"type": "Feature", "geometry": {"type": "Point", "coordinates": [-70.902098, 42.253538]}, "properties": {"aadt": 3735, "route_name": "Downer Avenue", "year": 2021, "tier": "local", "road": "Downer Avenue"}}, {"type": "Feature", "geometry": {"type": "Point", "coordinates": [-70.899938, 42.25601]}, "properties": {"aadt": 3735, "route_name": "Downer Avenue", "year": 2021, "tier": "local", "road": "Downer Avenue"}}, {"type": "Feature", "geometry": {"type": "Point", "coordinates": [-70.899229, 42.256652]}, "properties": {"aadt": 3735, "route_name": "Downer Avenue", "year": 2021, "tier": "local", "road": "Downer Avenue"}}, {"type": "Feature", "geometry": {"type": "Point", "coordinates": [-70.897469, 42.258229]}, "properties": {"aadt": 3735, "route_name": "Downer Avenue", "year": 2021, "tier": "local", "road": "Downer Avenue"}}, {"type": "Feature", "geometry": {"type": "Point", "coordinates": [-70.895994, 42.25954]}, "properties": {"aadt": 3735, "route_name": "Downer Avenue", "year": 2021, "tier": "local", "road": "Downer Avenue"}}, {"type": "Feature", "geometry": {"type": "Point", "coordinates": [-70.894054, 42.261469]}, "properties": {"aadt": 3735, "route_name": "Downer Avenue", "year": 2021, "tier": "local", "road": "Downer Avenue"}}, {"type": "Feature", "geometry": {"type": "Point", "coordinates": [-70.960701, 42.192216]}, "properties": {"aadt": 3707, "route_name": "Mill Street", "year": 2021, "tier": "local", "road": "Mill Street"}}, {"type": "Feature", "geometry": {"type": "Point", "coordinates": [-70.874012, 42.279257]}, "properties": {"aadt": 3706, "route_name": "Newport Road", "year": 2021, "tier": "local", "road": "Newport Road"}}, {"type": "Feature", "geometry": {"type": "Point", "coordinates": [-70.876518, 42.28047]}, "properties": {"aadt": 3706, "route_name": "Newport Road", "year": 2021, "tier": "local", "road": "Newport Road"}}, {"type": "Feature", "geometry": {"type": "Point", "coordinates": [-70.87695, 42.280539]}, "properties": {"aadt": 3706, "route_name": "Newport Road", "year": 2021, "tier": "local", "road": "Newport Road"}}, {"type": "Feature", "geometry": {"type": "Point", "coordinates": [-70.879604, 42.282298]}, "properties": {"aadt": 3706, "route_name": "Newport Road", "year": 2021, "tier": "local", "road": "Newport Road"}}, {"type": "Feature", "geometry": {"type": "Point", "coordinates": [-70.880957, 42.283567]}, "properties": {"aadt": 3706, "route_name": "Newport Road", "year": 2021, "tier": "local", "road": "Newport Road"}}, {"type": "Feature", "geometry": {"type": "Point", "coordinates": [-70.876623, 42.285716]}, "properties": {"aadt": 3688, "route_name": "Kingsley Road", "year": 2021, "tier": "local", "road": "Kingsley Road"}}, {"type": "Feature", "geometry": {"type": "Point", "coordinates": [-70.899777, 42.199908]}, "properties": {"aadt": 3685, "route_name": "Cushing Street", "year": 2021, "tier": "local", "road": "Cushing Street"}}, {"type": "Feature", "geometry": {"type": "Point", "coordinates": [-70.901895, 42.185233]}, "properties": {"aadt": 3685, "route_name": "Cushing Street", "year": 2021, "tier": "local", "road": "Cushing Street"}}, {"type": "Feature", "geometry": {"type": "Point", "coordinates": [-70.900671, 42.190219]}, "properties": {"aadt": 3685, "route_name": "Cushing Street", "year": 2021, "tier": "local", "road": "Cushing Street"}}, {"type": "Feature", "geometry": {"type": "Point", "coordinates": [-70.899917, 42.1952]}, "properties": {"aadt": 3685, "route_name": "Cushing Street", "year": 2021, "tier": "local", "road": "Cushing Street"}}, {"type": "Feature", "geometry": {"type": "Point", "coordinates": [-70.899738, 42.19656]}, "properties": {"aadt": 3685, "route_name": "Cushing Street", "year": 2021, "tier": "local", "road": "Cushing Street"}}, {"type": "Feature", "geometry": {"type": "Point", "coordinates": [-70.897622, 42.202657]}, "properties": {"aadt": 3685, "route_name": "Cushing Street", "year": 2021, "tier": "local", "road": "Cushing Street"}}, {"type": "Feature", "geometry": {"type": "Point", "coordinates": [-70.895342, 42.203318]}, "properties": {"aadt": 3685, "route_name": "Cushing Street", "year": 2021, "tier": "local", "road": "Cushing Street"}}, {"type": "Feature", "geometry": {"type": "Point", "coordinates": [-70.892745, 42.204021]}, "properties": {"aadt": 3685, "route_name": "Cushing Street", "year": 2021, "tier": "local", "road": "Cushing Street"}}, {"type": "Feature", "geometry": {"type": "Point", "coordinates": [-70.890642, 42.204503]}, "properties": {"aadt": 3685, "route_name": "Cushing Street", "year": 2021, "tier": "local", "road": "Cushing Street"}}, {"type": "Feature", "geometry": {"type": "Point", "coordinates": [-71.035433, 42.100449]}, "properties": {"aadt": 3681, "route_name": "Battles Street", "year": 2021, "tier": "local", "road": "Battles Street"}}, {"type": "Feature", "geometry": {"type": "Point", "coordinates": [-70.869113, 42.202809]}, "properties": {"aadt": 3667, "route_name": "Charles Street", "year": 2021, "tier": "local", "road": "Charles Street"}}, {"type": "Feature", "geometry": {"type": "Point", "coordinates": [-70.868448, 42.192286]}, "properties": {"aadt": 3667, "route_name": "Charles Street", "year": 2021, "tier": "local", "road": "Charles Street"}}, {"type": "Feature", "geometry": {"type": "Point", "coordinates": [-70.868932, 42.193639]}, "properties": {"aadt": 3667, "route_name": "Charles Street", "year": 2021, "tier": "local", "road": "Charles Street"}}, {"type": "Feature", "geometry": {"type": "Point", "coordinates": [-70.869092, 42.197919]}, "properties": {"aadt": 3667, "route_name": "Charles Street", "year": 2021, "tier": "local", "road": "Charles Street"}}, {"type": "Feature", "geometry": {"type": "Point", "coordinates": [-70.868995, 42.199855]}, "properties": {"aadt": 3667, "route_name": "Charles Street", "year": 2021, "tier": "local", "road": "Charles Street"}}, {"type": "Feature", "geometry": {"type": "Point", "coordinates": [-70.870131, 42.206323]}, "properties": {"aadt": 3667, "route_name": "Charles Street", "year": 2021, "tier": "local", "road": "Charles Street"}}, {"type": "Feature", "geometry": {"type": "Point", "coordinates": [-70.869608, 42.20874]}, "properties": {"aadt": 3667, "route_name": "Lazell Street", "year": 2021, "tier": "local", "road": "Lazell Street"}}, {"type": "Feature", "geometry": {"type": "Point", "coordinates": [-70.87071, 42.211673]}, "properties": {"aadt": 3667, "route_name": "Lazell Street", "year": 2021, "tier": "local", "road": "Lazell Street"}}, {"type": "Feature", "geometry": {"type": "Point", "coordinates": [-70.87136, 42.21506]}, "properties": {"aadt": 3667, "route_name": "Lazell Street", "year": 2021, "tier": "local", "road": "Lazell Street"}}, {"type": "Feature", "geometry": {"type": "Point", "coordinates": [-70.920958, 42.251736]}, "properties": {"aadt": 3666, "route_name": "Shipyard Drive", "year": 2021, "tier": "local", "road": "Shipyard Drive"}}, {"type": "Feature", "geometry": {"type": "Point", "coordinates": [-70.917919, 42.252239]}, "properties": {"aadt": 3666, "route_name": "Shipyard Drive", "year": 2021, "tier": "local", "road": "Shipyard Drive"}}, {"type": "Feature", "geometry": {"type": "Point", "coordinates": [-70.882898, 42.291172]}, "properties": {"aadt": 3663, "route_name": "Halvorsen Avenue", "year": 2021, "tier": "local", "road": "Halvorsen Avenue"}}, {"type": "Feature", "geometry": {"type": "Point", "coordinates": [-70.877529, 42.292542]}, "properties": {"aadt": 3663, "route_name": "A Street", "year": 2021, "tier": "local", "road": "A Street"}}, {"type": "Feature", "geometry": {"type": "Point", "coordinates": [-70.869709, 42.244964]}, "properties": {"aadt": 3655, "route_name": "Summer Street", "year": 2021, "tier": "local", "road": "Summer Street"}}, {"type": "Feature", "geometry": {"type": "Point", "coordinates": [-70.870767, 42.246584]}, "properties": {"aadt": 3655, "route_name": "Summer Street", "year": 2021, "tier": "local", "road": "Summer Street"}}, {"type": "Feature", "geometry": {"type": "Point", "coordinates": [-70.86953, 42.280618]}, "properties": {"aadt": 3642, "route_name": "Samoset Avenue", "year": 2021, "tier": "local", "road": "Samoset Avenue"}}, {"type": "Feature", "geometry": {"type": "Point", "coordinates": [-70.872714, 42.283919]}, "properties": {"aadt": 3642, "route_name": "Samoset Avenue", "year": 2021, "tier": "local", "road": "Samoset Avenue"}}, {"type": "Feature", "geometry": {"type": "Point", "coordinates": [-70.876468, 42.289744]}, "properties": {"aadt": 3642, "route_name": "Samoset Avenue", "year": 2021, "tier": "local", "road": "Samoset Avenue"}}, {"type": "Feature", "geometry": {"type": "Point", "coordinates": [-70.881297, 42.216829]}, "properties": {"aadt": 3620, "route_name": "Free Street", "year": 2021, "tier": "local", "road": "Free Street"}}, {"type": "Feature", "geometry": {"type": "Point", "coordinates": [-70.878013, 42.217146]}, "properties": {"aadt": 3620, "route_name": "Free Street", "year": 2021, "tier": "local", "road": "Free Street"}}, {"type": "Feature", "geometry": {"type": "Point", "coordinates": [-70.87615, 42.217512]}, "properties": {"aadt": 3620, "route_name": "Free Street", "year": 2021, "tier": "local", "road": "Free Street"}}, {"type": "Feature", "geometry": {"type": "Point", "coordinates": [-70.872908, 42.217872]}, "properties": {"aadt": 3620, "route_name": "Free Street", "year": 2021, "tier": "local", "road": "Free Street"}}, {"type": "Feature", "geometry": {"type": "Point", "coordinates": [-70.870398, 42.217782]}, "properties": {"aadt": 3620, "route_name": "Free Street", "year": 2021, "tier": "local", "road": "Free Street"}}, {"type": "Feature", "geometry": {"type": "Point", "coordinates": [-70.871177, 42.220736]}, "properties": {"aadt": 3620, "route_name": "Union Street", "year": 2021, "tier": "local", "road": "Union Street"}}, {"type": "Feature", "geometry": {"type": "Point", "coordinates": [-70.874445, 42.223576]}, "properties": {"aadt": 3620, "route_name": "Union Street", "year": 2021, "tier": "local", "road": "Union Street"}}, {"type": "Feature", "geometry": {"type": "Point", "coordinates": [-70.876265, 42.227504]}, "properties": {"aadt": 3620, "route_name": "Union Street", "year": 2021, "tier": "local", "road": "Union Street"}}, {"type": "Feature", "geometry": {"type": "Point", "coordinates": [-70.876547, 42.22859]}, "properties": {"aadt": 3620, "route_name": "Union Street", "year": 2021, "tier": "local", "road": "Union Street"}}, {"type": "Feature", "geometry": {"type": "Point", "coordinates": [-70.877739, 42.23021]}, "properties": {"aadt": 3620, "route_name": "Middle Street", "year": 2021, "tier": "local", "road": "Middle Street"}}, {"type": "Feature", "geometry": {"type": "Point", "coordinates": [-70.90388, 42.239044]}, "properties": {"aadt": 3611, "route_name": "West Street", "year": 2021, "tier": "local", "road": "West Street"}}, {"type": "Feature", "geometry": {"type": "Point", "coordinates": [-70.838425, 42.106522]}, "properties": {"aadt": 3587, "route_name": "Spring Street", "year": 2021, "tier": "local", "road": "Spring Street"}}, {"type": "Feature", "geometry": {"type": "Point", "coordinates": [-70.839187, 42.109932]}, "properties": {"aadt": 3587, "route_name": "Spring Street", "year": 2021, "tier": "local", "road": "Spring Street"}}, {"type": "Feature", "geometry": {"type": "Point", "coordinates": [-70.839364, 42.113355]}, "properties": {"aadt": 3587, "route_name": "Spring Street", "year": 2021, "tier": "local", "road": "Spring Street"}}, {"type": "Feature", "geometry": {"type": "Point", "coordinates": [-70.902973, 42.112723]}, "properties": {"aadt": 3579, "route_name": "Concord Street", "year": 2021, "tier": "local", "road": "Concord Street"}}, {"type": "Feature", "geometry": {"type": "Point", "coordinates": [-70.904145, 42.113581]}, "properties": {"aadt": 3579, "route_name": "Concord Street", "year": 2021, "tier": "local", "road": "Concord Street"}}, {"type": "Feature", "geometry": {"type": "Point", "coordinates": [-70.907581, 42.116083]}, "properties": {"aadt": 3579, "route_name": "Concord Street", "year": 2021, "tier": "local", "road": "Concord Street"}}, {"type": "Feature", "geometry": {"type": "Point", "coordinates": [-70.910257, 42.119175]}, "properties": {"aadt": 3579, "route_name": "Concord Street", "year": 2021, "tier": "local", "road": "Concord Street"}}, {"type": "Feature", "geometry": {"type": "Point", "coordinates": [-70.868236, 42.107537]}, "properties": {"aadt": 3579, "route_name": "Myrtle Street", "year": 2017, "tier": "local", "road": "Myrtle Street"}}, {"type": "Feature", "geometry": {"type": "Point", "coordinates": [-70.867118, 42.107042]}, "properties": {"aadt": 3579, "route_name": "Myrtle Street", "year": 2017, "tier": "local", "road": "Myrtle Street"}}, {"type": "Feature", "geometry": {"type": "Point", "coordinates": [-70.865522, 42.106385]}, "properties": {"aadt": 3579, "route_name": "Myrtle Street", "year": 2017, "tier": "local", "road": "Myrtle Street"}}, {"type": "Feature", "geometry": {"type": "Point", "coordinates": [-70.859806, 42.104021]}, "properties": {"aadt": 3579, "route_name": "Myrtle Street", "year": 2017, "tier": "local", "road": "Myrtle Street"}}, {"type": "Feature", "geometry": {"type": "Point", "coordinates": [-70.853978, 42.100388]}, "properties": {"aadt": 3579, "route_name": "Cross Street", "year": 2017, "tier": "local", "road": "Cross Street"}}, {"type": "Feature", "geometry": {"type": "Point", "coordinates": [-70.89898, 42.182356]}, "properties": {"aadt": 3571, "route_name": "Gardner Street", "year": 2021, "tier": "local", "road": "Gardner Street"}}, {"type": "Feature", "geometry": {"type": "Point", "coordinates": [-70.896225, 42.18383]}, "properties": {"aadt": 3571, "route_name": "Gardner Street", "year": 2021, "tier": "local", "road": "Gardner Street"}}, {"type": "Feature", "geometry": {"type": "Point", "coordinates": [-70.891472, 42.185875]}, "properties": {"aadt": 3571, "route_name": "Gardner Street", "year": 2021, "tier": "local", "road": "Gardner Street"}}, {"type": "Feature", "geometry": {"type": "Point", "coordinates": [-70.887494, 42.187491]}, "properties": {"aadt": 3571, "route_name": "Gardner Street", "year": 2021, "tier": "local", "road": "Gardner Street"}}, {"type": "Feature", "geometry": {"type": "Point", "coordinates": [-70.908808, 42.222569]}, "properties": {"aadt": 3503, "route_name": "Hobart Street", "year": 2021, "tier": "local", "road": "Hobart Street"}}, {"type": "Feature", "geometry": {"type": "Point", "coordinates": [-70.905925, 42.222382]}, "properties": {"aadt": 3503, "route_name": "Hobart Street", "year": 2021, "tier": "local", "road": "Hobart Street"}}, {"type": "Feature", "geometry": {"type": "Point", "coordinates": [-70.902775, 42.222221]}, "properties": {"aadt": 3503, "route_name": "Hobart Street", "year": 2021, "tier": "local", "road": "Hobart Street"}}, {"type": "Feature", "geometry": {"type": "Point", "coordinates": [-70.899417, 42.222312]}, "properties": {"aadt": 3503, "route_name": "Hobart Street", "year": 2021, "tier": "local", "road": "Hobart Street"}}, {"type": "Feature", "geometry": {"type": "Point", "coordinates": [-70.890713, 42.223957]}, "properties": {"aadt": 3503, "route_name": "Hobart Street", "year": 2021, "tier": "local", "road": "Hobart Street"}}, {"type": "Feature", "geometry": {"type": "Point", "coordinates": [-70.926848, 42.24778]}, "properties": {"aadt": 3485, "route_name": "Beal Street", "year": 2021, "tier": "local", "road": "Beal Street"}}, {"type": "Feature", "geometry": {"type": "Point", "coordinates": [-70.926063, 42.247448]}, "properties": {"aadt": 3485, "route_name": "Beal Street", "year": 2021, "tier": "local", "road": "Beal Street"}}, {"type": "Feature", "geometry": {"type": "Point", "coordinates": [-70.923959, 42.24654]}, "properties": {"aadt": 3485, "route_name": "Beal Street", "year": 2021, "tier": "local", "road": "Beal Street"}}, {"type": "Feature", "geometry": {"type": "Point", "coordinates": [-70.920895, 42.245216]}, "properties": {"aadt": 3485, "route_name": "Beal Street", "year": 2021, "tier": "local", "road": "Beal Street"}}, {"type": "Feature", "geometry": {"type": "Point", "coordinates": [-70.918747, 42.244436]}, "properties": {"aadt": 3485, "route_name": "Beal Street", "year": 2021, "tier": "local", "road": "Beal Street"}}, {"type": "Feature", "geometry": {"type": "Point", "coordinates": [-70.91818, 42.244219]}, "properties": {"aadt": 3485, "route_name": "Beal Street", "year": 2021, "tier": "local", "road": "Beal Street"}}, {"type": "Feature", "geometry": {"type": "Point", "coordinates": [-70.913063, 42.242692]}, "properties": {"aadt": 3485, "route_name": "Beal Street", "year": 2021, "tier": "local", "road": "Beal Street"}}, {"type": "Feature", "geometry": {"type": "Point", "coordinates": [-70.907833, 42.241015]}, "properties": {"aadt": 3485, "route_name": "Beal Street", "year": 2021, "tier": "local", "road": "Beal Street"}}, {"type": "Feature", "geometry": {"type": "Point", "coordinates": [-71.013107, 42.103637]}, "properties": {"aadt": 3473, "route_name": "Sawtell Avenue", "year": 2021, "tier": "local", "road": "Sawtell Avenue"}}, {"type": "Feature", "geometry": {"type": "Point", "coordinates": [-70.900867, 42.2026]}, "properties": {"aadt": 3459, "route_name": "Ward Street", "year": 2021, "tier": "local", "road": "Ward Street"}}, {"type": "Feature", "geometry": {"type": "Point", "coordinates": [-70.904769, 42.206644]}, "properties": {"aadt": 3459, "route_name": "Ward Street", "year": 2021, "tier": "local", "road": "Ward Street"}}, {"type": "Feature", "geometry": {"type": "Point", "coordinates": [-70.906514, 42.20852]}, "properties": {"aadt": 3459, "route_name": "Ward Street", "year": 2021, "tier": "local", "road": "Ward Street"}}, {"type": "Feature", "geometry": {"type": "Point", "coordinates": [-70.910682, 42.210827]}, "properties": {"aadt": 3459, "route_name": "Ward Street", "year": 2021, "tier": "local", "road": "Ward Street"}}, {"type": "Feature", "geometry": {"type": "Point", "coordinates": [-70.912314, 42.21499]}, "properties": {"aadt": 3459, "route_name": "French Street", "year": 2021, "tier": "local", "road": "French Street"}}, {"type": "Feature", "geometry": {"type": "Point", "coordinates": [-70.91134, 42.217626]}, "properties": {"aadt": 3459, "route_name": "French Street", "year": 2021, "tier": "local", "road": "French Street"}}, {"type": "Feature", "geometry": {"type": "Point", "coordinates": [-70.91049, 42.220968]}, "properties": {"aadt": 3459, "route_name": "French Street", "year": 2021, "tier": "local", "road": "French Street"}}, {"type": "Feature", "geometry": {"type": "Point", "coordinates": [-70.910837, 42.223608]}, "properties": {"aadt": 3459, "route_name": "French Street", "year": 2021, "tier": "local", "road": "French Street"}}, {"type": "Feature", "geometry": {"type": "Point", "coordinates": [-70.87626, 42.110364]}, "properties": {"aadt": 3424, "route_name": "Circuit Street", "year": 2021, "tier": "local", "road": "Circuit Street"}}, {"type": "Feature", "geometry": {"type": "Point", "coordinates": [-70.86723, 42.109559]}, "properties": {"aadt": 3424, "route_name": "Circuit Street", "year": 2021, "tier": "local", "road": "Circuit Street"}}, {"type": "Feature", "geometry": {"type": "Point", "coordinates": [-70.863925, 42.112826]}, "properties": {"aadt": 3424, "route_name": "Circuit Street", "year": 2021, "tier": "local", "road": "Circuit Street"}}, {"type": "Feature", "geometry": {"type": "Point", "coordinates": [-70.856261, 42.113596]}, "properties": {"aadt": 3424, "route_name": "Circuit Street", "year": 2021, "tier": "local", "road": "Circuit Street"}}, {"type": "Feature", "geometry": {"type": "Point", "coordinates": [-70.909614, 42.134215]}, "properties": {"aadt": 3317, "route_name": "Liberty Street", "year": 2021, "tier": "local", "road": "Liberty Street"}}, {"type": "Feature", "geometry": {"type": "Point", "coordinates": [-70.911694, 42.136731]}, "properties": {"aadt": 3317, "route_name": "Liberty Street", "year": 2021, "tier": "local", "road": "Liberty Street"}}, {"type": "Feature", "geometry": {"type": "Point", "coordinates": [-70.913213, 42.140665]}, "properties": {"aadt": 3317, "route_name": "Liberty Street", "year": 2021, "tier": "local", "road": "Liberty Street"}}, {"type": "Feature", "geometry": {"type": "Point", "coordinates": [-70.91321, 42.142956]}, "properties": {"aadt": 3317, "route_name": "Pleasant Street", "year": 2021, "tier": "local", "road": "Pleasant Street"}}, {"type": "Feature", "geometry": {"type": "Point", "coordinates": [-70.914218, 42.14584]}, "properties": {"aadt": 3317, "route_name": "Pleasant Street", "year": 2021, "tier": "local", "road": "Pleasant Street"}}, {"type": "Feature", "geometry": {"type": "Point", "coordinates": [-70.998424, 42.200363]}, "properties": {"aadt": 3250, "route_name": "John W Mahar Highway", "year": 2021, "tier": "local", "road": "John W Mahar Highway"}}, {"type": "Feature", "geometry": {"type": "Point", "coordinates": [-70.83643, 42.129898]}, "properties": {"aadt": 3199, "route_name": "Old Washington Street", "year": 2021, "tier": "local", "road": "Old Washington Street"}}, {"type": "Feature", "geometry": {"type": "Point", "coordinates": [-70.881982, 42.205376]}, "properties": {"aadt": 3198, "route_name": "South Pleasant Street", "year": 2021, "tier": "local", "road": "South Pleasant Street"}}, {"type": "Feature", "geometry": {"type": "Point", "coordinates": [-70.878932, 42.205118]}, "properties": {"aadt": 3198, "route_name": "South Pleasant Street", "year": 2021, "tier": "local", "road": "South Pleasant Street"}}, {"type": "Feature", "geometry": {"type": "Point", "coordinates": [-70.875942, 42.204303]}, "properties": {"aadt": 3198, "route_name": "South Pleasant Street", "year": 2021, "tier": "local", "road": "South Pleasant Street"}}, {"type": "Feature", "geometry": {"type": "Point", "coordinates": [-70.872181, 42.202738]}, "properties": {"aadt": 3198, "route_name": "South Pleasant Street", "year": 2021, "tier": "local", "road": "South Pleasant Street"}}, {"type": "Feature", "geometry": {"type": "Point", "coordinates": [-71.041658, 42.118797]}, "properties": {"aadt": 3185, "route_name": "South Street", "year": 2022, "tier": "local", "road": "South Street"}}, {"type": "Feature", "geometry": {"type": "Point", "coordinates": [-71.050834, 42.113249]}, "properties": {"aadt": 3174, "route_name": "South Street", "year": 2022, "tier": "local", "road": "South Street"}}, {"type": "Feature", "geometry": {"type": "Point", "coordinates": [-71.04826, 42.114619]}, "properties": {"aadt": 3174, "route_name": "South Street", "year": 2022, "tier": "local", "road": "South Street"}}, {"type": "Feature", "geometry": {"type": "Point", "coordinates": [-70.894587, 42.254179]}, "properties": {"aadt": 3168, "route_name": "Otis Street", "year": 2021, "tier": "local", "road": "Otis Street"}}, {"type": "Feature", "geometry": {"type": "Point", "coordinates": [-71.042614, 42.11827]}, "properties": {"aadt": 3165, "route_name": "South Street", "year": 2022, "tier": "local", "road": "South Street"}}, {"type": "Feature", "geometry": {"type": "Point", "coordinates": [-71.04492, 42.116471]}, "properties": {"aadt": 3130, "route_name": "South Street", "year": 2022, "tier": "local", "road": "South Street"}}, {"type": "Feature", "geometry": {"type": "Point", "coordinates": [-71.047468, 42.115068]}, "properties": {"aadt": 3060, "route_name": "South Street", "year": 2022, "tier": "local", "road": "South Street"}}]}