{
  "type": "FeatureCollection",
  "name": "MnDOT AADT - Bloomington MN Area",
  "source": "MnDOT AADT Locations Current - webgis.dot.state.mn.us",
  "bbox": [
    -93.4,
    44.78,
    -93.2,
    44.88
  ],
  "features": [
    {
      "type": "Feature",
      "properties": {
        "road": "I 494",
        "street_name": "ISTH 494",
        "aadt": 163372,
        "year": 2023,
        "location": "EAST OF MN 100"
      },
      "geometry": {
        "type": "Point",
        "coordinates": [
          -93.342331,
          44.858481
        ]
      }
    },
    {
      "type": "Feature",
      "properties": {
        "road": "I 494",
        "street_name": "ISTH 494",
        "aadt": 152731,
        "year": 2025,
        "location": "WEST OF CSAH32 (PENN AVE) IN BLOOMINGTON"
      },
      "geometry": {
        "type": "Point",
        "coordinates": [
          -93.313498,
          44.861933
        ]
      }
    },
    {
      "type": "Feature",
      "properties": {
        "road": "I 494",
        "street_name": "ISTH 494",
        "aadt": 145668,
        "year": 2024,
        "location": "WEST OF I-35W IN BLOOMINGTON"
      },
      "geometry": {
        "type": "Point",
        "coordinates": [
          -93.303824,
          44.861917
        ]
      }
    },
    {
      "type": "Feature",
      "properties": {
        "road": "I 494",
        "street_name": "ISTH 494",
        "aadt": 140296,
        "year": 2025,
        "location": "EAST OF US 169"
      },
      "geometry": {
        "type": "Point",
        "coordinates": [
          -93.372562,
          44.860256
        ]
      }
    },
    {
      "type": "Feature",
      "properties": {
        "road": "I 494",
        "street_name": "ISTH 494",
        "aadt": 132154,
        "year": 2025,
        "location": "EAST OF CSAH 1 (24th Ave S)"
      },
      "geometry": {
        "type": "Point",
        "coordinates": [
          -93.228594,
          44.862274
        ]
      }
    },
    {
      "type": "Feature",
      "properties": {
        "road": "I 494",
        "street_name": "ISTH 494",
        "aadt": 128449,
        "year": 2025,
        "location": "WEST OF MN 77"
      },
      "geometry": {
        "type": "Point",
        "coordinates": [
          -93.252143,
          44.862235
        ]
      }
    },
    {
      "type": "Feature",
      "properties": {
        "road": "I 494",
        "street_name": "ISTH 494",
        "aadt": 127000,
        "year": 2019,
        "location": "EAST OF 34th AVE S IN MPLS"
      },
      "geometry": {
        "type": "Point",
        "coordinates": [
          -93.210927,
          44.862832
        ]
      }
    },
    {
      "type": "Feature",
      "properties": {
        "road": "I 494",
        "street_name": "ISTH 494",
        "aadt": 125500,
        "year": 2024,
        "location": "WEST OF MN 100 (NORMANDALE BLVD)"
      },
      "geometry": {
        "type": "Point",
        "coordinates": [
          -93.356481,
          44.859346
        ]
      }
    },
    {
      "type": "Feature",
      "properties": {
        "road": "I 494",
        "street_name": "ISTH 494",
        "aadt": 125345,
        "year": 2025,
        "location": "EAST OF CSAH52 (NICOLLET AV) IN RICHFIELD"
      },
      "geometry": {
        "type": "Point",
        "coordinates": [
          -93.273705,
          44.861748
        ]
      }
    },
    {
      "type": "Feature",
      "properties": {
        "road": "I 494",
        "street_name": "ISTH 494",
        "aadt": 115151,
        "year": 2023,
        "location": "EAST OF I-35W"
      },
      "geometry": {
        "type": "Point",
        "coordinates": [
          -93.293563,
          44.861937
        ]
      }
    },
    {
      "type": "Feature",
      "properties": {
        "road": "I 494",
        "street_name": "ISTH 494",
        "aadt": 114786,
        "year": 2025,
        "location": "EAST OF CSAH35 (PORTLAND AV) IN RICHFIELD"
      },
      "geometry": {
        "type": "Point",
        "coordinates": [
          -93.263807,
          44.862256
        ]
      }
    },
    {
      "type": "Feature",
      "properties": {
        "road": "I 494",
        "street_name": "ISTH 494",
        "aadt": 111111,
        "year": 2025,
        "location": "WEST OF CSAH52 (NICOLLET AV) IN RICHFIELD"
      },
      "geometry": {
        "type": "Point",
        "coordinates": [
          -93.283672,
          44.862041
        ]
      }
    },
    {
      "type": "Feature",
      "properties": {
        "road": "US 169",
        "street_name": "USTH 169",
        "aadt": 103625,
        "year": 2025,
        "location": "SOUTH OF OLD SHAKOPEE RD (MN RIVER XING)"
      },
      "geometry": {
        "type": "Point",
        "coordinates": [
          -93.398295,
          44.800189
        ]
      }
    },
    {
      "type": "Feature",
      "properties": {
        "road": "I 35W",
        "street_name": "",
        "aadt": 102285,
        "year": 2025,
        "location": "NORTH OF 76th ST IN RICHFIELD"
      },
      "geometry": {
        "type": "Point",
        "coordinates": [
          -93.298082,
          44.876061
        ]
      }
    },
    {
      "type": "Feature",
      "properties": {
        "road": "I 494",
        "street_name": "ISTH 494",
        "aadt": 102238,
        "year": 2025,
        "location": "EAST OF MN 77 (CEDAR AVE)"
      },
      "geometry": {
        "type": "Point",
        "coordinates": [
          -93.244408,
          44.862284
        ]
      }
    },
    {
      "type": "Feature",
      "properties": {
        "road": "I 494",
        "street_name": "ISTH 494",
        "aadt": 102113,
        "year": 2023,
        "location": "EAST OF CSAH1 (34th AV)"
      },
      "geometry": {
        "type": "Point",
        "coordinates": [
          -93.220204,
          44.862422
        ]
      }
    },
    {
      "type": "Feature",
      "properties": {
        "road": "I 35W",
        "street_name": "",
        "aadt": 99985,
        "year": 2025,
        "location": "NORTH OF 90th ST IN BLOOMINGTON"
      },
      "geometry": {
        "type": "Point",
        "coordinates": [
          -93.298164,
          44.847028
        ]
      }
    },
    {
      "type": "Feature",
      "properties": {
        "road": "US 169",
        "street_name": "USTH 169",
        "aadt": 98741,
        "year": 2025,
        "location": "SOUTH OF I-494"
      },
      "geometry": {
        "type": "Point",
        "coordinates": [
          -93.398322,
          44.847037
        ]
      }
    },
    {
      "type": "Feature",
      "properties": {
        "road": "I 494",
        "street_name": "ISTH 494",
        "aadt": 95744,
        "year": 2025,
        "location": "WEST OF CSAH1 (24th Ave S)"
      },
      "geometry": {
        "type": "Point",
        "coordinates": [
          -93.241617,
          44.862278
        ]
      }
    },
    {
      "type": "Feature",
      "properties": {
        "road": "I 35W",
        "street_name": "",
        "aadt": 95694,
        "year": 2025,
        "location": "NORTH OF 94th ST IN BLOOMINGTON"
      },
      "geometry": {
        "type": "Point",
        "coordinates": [
          -93.297469,
          44.837773
        ]
      }
    },
    {
      "type": "Feature",
      "properties": {
        "road": "MN 77",
        "street_name": "MNTH 77",
        "aadt": 95551,
        "year": 2025,
        "location": "NORTH OF MN 13"
      },
      "geometry": {
        "type": "Point",
        "coordinates": [
          -93.223651,
          44.819696
        ]
      }
    },
    {
      "type": "Feature",
      "properties": {
        "road": "US 169",
        "street_name": "USTH 169",
        "aadt": 95034,
        "year": 2025,
        "location": "SOUTH OF ANDERSON LK PKWY"
      },
      "geometry": {
        "type": "Point",
        "coordinates": [
          -93.398111,
          44.830196
        ]
      }
    },
    {
      "type": "Feature",
      "properties": {
        "road": "I 35W",
        "street_name": "",
        "aadt": 94340,
        "year": 2025,
        "location": "SOUTH OF BLACK DOG RD"
      },
      "geometry": {
        "type": "Point",
        "coordinates": [
          -93.288761,
          44.792242
        ]
      }
    },
    {
      "type": "Feature",
      "properties": {
        "road": "US 169",
        "street_name": "USTH 169",
        "aadt": 93004,
        "year": 2023,
        "location": "SOUTH OF CSAH1 (PIONEER TR) & 102nd ST"
      },
      "geometry": {
        "type": "Point",
        "coordinates": [
          -93.398097,
          44.813655
        ]
      }
    },
    {
      "type": "Feature",
      "properties": {
        "road": "I 35W",
        "street_name": "",
        "aadt": 92684,
        "year": 2025,
        "location": "NORTH OF MN RIVER BRIDGE IN BLOOMINGTON"
      },
      "geometry": {
        "type": "Point",
        "coordinates": [
          -93.290266,
          44.802961
        ]
      }
    },
    {
      "type": "Feature",
      "properties": {
        "road": "I 35W",
        "street_name": "",
        "aadt": 92411,
        "year": 2025,
        "location": "NORTH OF MN 13"
      },
      "geometry": {
        "type": "Point",
        "coordinates": [
          -93.288367,
          44.780484
        ]
      }
    },
    {
      "type": "Feature",
      "properties": {
        "road": "I 35W",
        "street_name": "",
        "aadt": 91225,
        "year": 2023,
        "location": "NORTH OF I-494 IN RICHFIELD"
      },
      "geometry": {
        "type": "Point",
        "coordinates": [
          -93.298529,
          44.863414
        ]
      }
    },
    {
      "type": "Feature",
      "properties": {
        "road": "I 35W",
        "street_name": "",
        "aadt": 88192,
        "year": 2025,
        "location": "NORTH OF CSAH1 (OLD SHAKOPEE RD) IN BLOOMI"
      },
      "geometry": {
        "type": "Point",
        "coordinates": [
          -93.292637,
          44.829869
        ]
      }
    },
    {
      "type": "Feature",
      "properties": {
        "road": "I 35W",
        "street_name": "",
        "aadt": 87406,
        "year": 2024,
        "location": "SOUTH OF I-494"
      },
      "geometry": {
        "type": "Point",
        "coordinates": [
          -93.298107,
          44.858511
        ]
      }
    },
    {
      "type": "Feature",
      "properties": {
        "road": "I 35W",
        "street_name": "",
        "aadt": 87385,
        "year": 2025,
        "location": "NORTH OF W 106th ST IN BLOOMINGTON"
      },
      "geometry": {
        "type": "Point",
        "coordinates": [
          -93.291247,
          44.82143
        ]
      }
    },
    {
      "type": "Feature",
      "properties": {
        "road": "MN 77",
        "street_name": "MNTH 77",
        "aadt": 81249,
        "year": 2025,
        "location": "SOUTH OF MN 13"
      },
      "geometry": {
        "type": "Point",
        "coordinates": [
          -93.219016,
          44.810605
        ]
      }
    },
    {
      "type": "Feature",
      "properties": {
        "road": "MN 77",
        "street_name": "Cedar Avenue South",
        "aadt": 79964,
        "year": 2024,
        "location": "NORTH OF CSAH1 (Old Shakopee Rd) Bloomington"
      },
      "geometry": {
        "type": "Point",
        "coordinates": [
          -93.247251,
          44.846551
        ]
      }
    },
    {
      "type": "Feature",
      "properties": {
        "road": "I 494",
        "street_name": "ISTH 494",
        "aadt": 77633,
        "year": 2025,
        "location": "EAST OF MN 5"
      },
      "geometry": {
        "type": "Point",
        "coordinates": [
          -93.200076,
          44.862128
        ]
      }
    },
    {
      "type": "Feature",
      "properties": {
        "road": "MN 77",
        "street_name": "MNTH 77",
        "aadt": 73545,
        "year": 2025,
        "location": "NORTH OF CSAH32"
      },
      "geometry": {
        "type": "Point",
        "coordinates": [
          -93.221741,
          44.799484
        ]
      }
    },
    {
      "type": "Feature",
      "properties": {
        "road": "I 35E",
        "street_name": "",
        "aadt": 73176,
        "year": 2025,
        "location": "SW OF CSAH32 (CLIFF RD)"
      },
      "geometry": {
        "type": "Point",
        "coordinates": [
          -93.207105,
          44.785075
        ]
      }
    },
    {
      "type": "Feature",
      "properties": {
        "road": "MN 77",
        "street_name": "MNTH 77",
        "aadt": 65413,
        "year": 2025,
        "location": "NORTH OF I-494 IN MPLS"
      },
      "geometry": {
        "type": "Point",
        "coordinates": [
          -93.247227,
          44.866526
        ]
      }
    },
    {
      "type": "Feature",
      "properties": {
        "road": "MN 77",
        "street_name": "MNTH 77",
        "aadt": 62706,
        "year": 2025,
        "location": "NORTH OF I-35E"
      },
      "geometry": {
        "type": "Point",
        "coordinates": [
          -93.218702,
          44.784257
        ]
      }
    },
    {
      "type": "Feature",
      "properties": {
        "road": "US 169",
        "street_name": "USTH 169",
        "aadt": 62385,
        "year": 2025,
        "location": "NORTH OF MSAS 175 (VALLEY VIEW RD)"
      },
      "geometry": {
        "type": "Point",
        "coordinates": [
          -93.396847,
          44.877266
        ]
      }
    },
    {
      "type": "Feature",
      "properties": {
        "road": "US 169",
        "street_name": "USTH 169",
        "aadt": 62189,
        "year": 2025,
        "location": "NORTH OF I-494 IN EDINA"
      },
      "geometry": {
        "type": "Point",
        "coordinates": [
          -93.396703,
          44.866746
        ]
      }
    },
    {
      "type": "Feature",
      "properties": {
        "road": "MN 100",
        "street_name": "MNTH 100",
        "aadt": 60776,
        "year": 2025,
        "location": "SOUTH OF W 70th ST IN EDINA"
      },
      "geometry": {
        "type": "Point",
        "coordinates": [
          -93.350175,
          44.870695
        ]
      }
    },
    {
      "type": "Feature",
      "properties": {
        "road": "MN 5",
        "street_name": "MNTH 5",
        "aadt": 57861,
        "year": 2025,
        "location": "NE OF I-494 IN MPLS"
      },
      "geometry": {
        "type": "Point",
        "coordinates": [
          -93.20106,
          44.86744
        ]
      }
    },
    {
      "type": "Feature",
      "properties": {
        "road": "MN 100",
        "street_name": "MNTH 100",
        "aadt": 56222,
        "year": 2025,
        "location": "NORTH OF I-494 IN EDINA"
      },
      "geometry": {
        "type": "Point",
        "coordinates": [
          -93.349987,
          44.862618
        ]
      }
    },
    {
      "type": "Feature",
      "properties": {
        "road": "MN 101",
        "street_name": "MNTH 101",
        "aadt": 54820,
        "year": 2025,
        "location": "WEST OF MN 13 (HIGHWAY 13 S)"
      },
      "geometry": {
        "type": "Point",
        "coordinates": [
          -93.385085,
          44.780506
        ]
      }
    },
    {
      "type": "Feature",
      "properties": {
        "road": "MN 77",
        "street_name": "Cedar Avenue South",
        "aadt": 46333,
        "year": 2025,
        "location": "SOUTH OF I-494 IN BLOOMINGTON"
      },
      "geometry": {
        "type": "Point",
        "coordinates": [
          -93.247035,
          44.855097
        ]
      }
    },
    {
      "type": "Feature",
      "properties": {
        "road": "CSAH 34",
        "street_name": "Normandale Boulevard",
        "aadt": 35978,
        "year": 2025,
        "location": "NORTH OF W 84th ST"
      },
      "geometry": {
        "type": "Point",
        "coordinates": [
          -93.350086,
          44.852886
        ]
      }
    },
    {
      "type": "Feature",
      "properties": {
        "road": "CSAH 32",
        "street_name": "Cliff Road",
        "aadt": 30421,
        "year": 2025,
        "location": "EAST OF TH77"
      },
      "geometry": {
        "type": "Point",
        "coordinates": [
          -93.21886,
          44.790127
        ]
      }
    },
    {
      "type": "Feature",
      "properties": {
        "road": "MN 13",
        "street_name": "MNTH 13",
        "aadt": 29533,
        "year": 2025,
        "location": "WEST OF 12th AVE (PARKWOOD DR)"
      },
      "geometry": {
        "type": "Point",
        "coordinates": [
          -93.260236,
          44.783372
        ]
      }
    },
    {
      "type": "Feature",
      "properties": {
        "road": "CSAH 1",
        "street_name": "Old West Shakopee Road",
        "aadt": 28710,
        "year": 2025,
        "location": "WEST OF I-35W (ON 98th ST)"
      },
      "geometry": {
        "type": "Point",
        "coordinates": [
          -93.294653,
          44.826211
        ]
      }
    },
    {
      "type": "Feature",
      "properties": {
        "road": "CSAH 32",
        "street_name": "Cliff Road",
        "aadt": 28426,
        "year": 2025,
        "location": "WEST OF TH77"
      },
      "geometry": {
        "type": "Point",
        "coordinates": [
          -93.223759,
          44.790155
        ]
      }
    },
    {
      "type": "Feature",
      "properties": {
        "road": "MN 13",
        "street_name": "MNTH 13",
        "aadt": 28425,
        "year": 2025,
        "location": "EAST OF MSAS 104 (12th Ave)"
      },
      "geometry": {
        "type": "Point",
        "coordinates": [
          -93.255106,
          44.78422
        ]
      }
    },
    {
      "type": "Feature",
      "properties": {
        "road": "MN 13",
        "street_name": "MNTH 13",
        "aadt": 27556,
        "year": 2025,
        "location": "EAST OF MN 77"
      },
      "geometry": {
        "type": "Point",
        "coordinates": [
          -93.214147,
          44.817281
        ]
      }
    },
    {
      "type": "Feature",
      "properties": {
        "road": "CSAH 1",
        "street_name": "",
        "aadt": 27180,
        "year": 2025,
        "location": "WEST OF CSAH34"
      },
      "geometry": {
        "type": "Point",
        "coordinates": [
          -93.351631,
          44.807701
        ]
      }
    },
    {
      "type": "Feature",
      "properties": {
        "road": "CSAH 1",
        "street_name": "Old West Shakopee Road",
        "aadt": 26692,
        "year": 2025,
        "location": "EAST OF I-35W"
      },
      "geometry": {
        "type": "Point",
        "coordinates": [
          -93.289192,
          44.826211
        ]
      }
    },
    {
      "type": "Feature",
      "properties": {
        "road": "CON 71",
        "street_name": "",
        "aadt": 26341,
        "year": 2025,
        "location": "BETWEEN WB I-494 AND NB TH 169"
      },
      "geometry": {
        "type": "Point",
        "coordinates": [
          -93.391173,
          44.859856
        ]
      }
    },
    {
      "type": "Feature",
      "properties": {
        "road": "MSAS 415",
        "street_name": "Lyndale Avenue South",
        "aadt": 24485,
        "year": 2025,
        "location": "NORTH OF MSAS399 (W AMERICAN BLVD)"
      },
      "geometry": {
        "type": "Point",
        "coordinates": [
          -93.288328,
          44.859921
        ]
      }
    },
    {
      "type": "Feature",
      "properties": {
        "road": "CSAH 32",
        "street_name": "Cliff Road",
        "aadt": 23912,
        "year": 2022,
        "location": "WEST OF I-35E"
      },
      "geometry": {
        "type": "Point",
        "coordinates": [
          -93.204632,
          44.790006
        ]
      }
    },
    {
      "type": "Feature",
      "properties": {
        "road": "CSAH 32",
        "street_name": "Cliff Road",
        "aadt": 23764,
        "year": 2025,
        "location": "EAST OF N RIVER HILLS DR"
      },
      "geometry": {
        "type": "Point",
        "coordinates": [
          -93.234171,
          44.790258
        ]
      }
    },
    {
      "type": "Feature",
      "properties": {
        "road": "CSAH 17",
        "street_name": "France Avenue",
        "aadt": 22711,
        "year": 2025,
        "location": "NORTH OF MINNESOTA DR"
      },
      "geometry": {
        "type": "Point",
        "coordinates": [
          -93.328705,
          44.862956
        ]
      }
    },
    {
      "type": "Feature",
      "properties": {
        "road": "CSAH 1",
        "street_name": "",
        "aadt": 22465,
        "year": 2025,
        "location": "EAST OF CSAH28"
      },
      "geometry": {
        "type": "Point",
        "coordinates": [
          -93.375123,
          44.807923
        ]
      }
    },
    {
      "type": "Feature",
      "properties": {
        "road": "CSAH 1",
        "street_name": "",
        "aadt": 22234,
        "year": 2025,
        "location": "EAST OF TH169"
      },
      "geometry": {
        "type": "Point",
        "coordinates": [
          -93.395296,
          44.8078
        ]
      }
    },
    {
      "type": "Feature",
      "properties": {
        "road": "CSAH 1",
        "street_name": "",
        "aadt": 22001,
        "year": 2025,
        "location": "EAST OF CSAH 34 (Normandale Blvd)"
      },
      "geometry": {
        "type": "Point",
        "coordinates": [
          -93.346996,
          44.807942
        ]
      }
    },
    {
      "type": "Feature",
      "properties": {
        "road": "CSAH 34",
        "street_name": "Normandale Boulevard",
        "aadt": 21686,
        "year": 2023,
        "location": "SOUTH OF W 84th ST"
      },
      "geometry": {
        "type": "Point",
        "coordinates": [
          -93.350259,
          44.849465
        ]
      }
    },
    {
      "type": "Feature",
      "properties": {
        "road": "MN 13",
        "street_name": "MNTH 13",
        "aadt": 21564,
        "year": 2025,
        "location": "NE OF CSAH32 (CLIFF RD)"
      },
      "geometry": {
        "type": "Point",
        "coordinates": [
          -93.237981,
          44.795605
        ]
      }
    },
    {
      "type": "Feature",
      "properties": {
        "road": "CSAH 32",
        "street_name": "Cliff Road",
        "aadt": 20989,
        "year": 2025,
        "location": "EAST OF TH13"
      },
      "geometry": {
        "type": "Point",
        "coordinates": [
          -93.241434,
          44.790254
        ]
      }
    },
    {
      "type": "Feature",
      "properties": {
        "road": "CSAH 1",
        "street_name": "",
        "aadt": 20902,
        "year": 2025,
        "location": "WEST OF CSAH28"
      },
      "geometry": {
        "type": "Point",
        "coordinates": [
          -93.378008,
          44.807951
        ]
      }
    },
    {
      "type": "Feature",
      "properties": {
        "road": "CSAH 30",
        "street_name": "Diffley Road",
        "aadt": 20550,
        "year": 2025,
        "location": "EAST OF TH77 IN EAGAN"
      },
      "geometry": {
        "type": "Point",
        "coordinates": [
          -93.218772,
          44.804658
        ]
      }
    },
    {
      "type": "Feature",
      "properties": {
        "road": "MN 13",
        "street_name": "MNTH 13",
        "aadt": 20275,
        "year": 2025,
        "location": "WEST OF MN 77"
      },
      "geometry": {
        "type": "Point",
        "coordinates": [
          -93.225758,
          44.811944
        ]
      }
    },
    {
      "type": "Feature",
      "properties": {
        "road": "CON 770",
        "street_name": "",
        "aadt": 20172,
        "year": 2025,
        "location": "BETWEEN MN 77 AND I-494"
      },
      "geometry": {
        "type": "Point",
        "coordinates": [
          -93.249955,
          44.862613
        ]
      }
    },
    {
      "type": "Feature",
      "properties": {
        "road": "AR 1",
        "street_name": "34th Avenue South",
        "aadt": 19900,
        "year": 2015,
        "location": "SOUTH OF Airport Ln"
      },
      "geometry": {
        "type": "Point",
        "coordinates": [
          -93.223018,
          44.864256
        ]
      }
    },
    {
      "type": "Feature",
      "properties": {
        "road": "CON 1689",
        "street_name": "",
        "aadt": 19585,
        "year": 2025,
        "location": "BETWEEN EB I-494 AND SB MN 77"
      },
      "geometry": {
        "type": "Point",
        "coordinates": [
          -93.248349,
          44.860491
        ]
      }
    },
    {
      "type": "Feature",
      "properties": {
        "road": "CSAH 17",
        "street_name": "France Avenue",
        "aadt": 19191,
        "year": 2023,
        "location": "SOUTH OF CSAH53 (W 66th ST)"
      },
      "geometry": {
        "type": "Point",
        "coordinates": [
          -93.328811,
          44.879466
        ]
      }
    },
    {
      "type": "Feature",
      "properties": {
        "road": "CSAH 17",
        "street_name": "France Avenue South",
        "aadt": 19102,
        "year": 2025,
        "location": "SOUTH OF AMERICAN BLVD"
      },
      "geometry": {
        "type": "Point",
        "coordinates": [
          -93.32897,
          44.854904
        ]
      }
    },
    {
      "type": "Feature",
      "properties": {
        "road": "CSAH 31",
        "street_name": "York Avenue South",
        "aadt": 18800,
        "year": 2019,
        "location": "SOUTH OF MSAS145 (W 70TH ST) IN EDINA"
      },
      "geometry": {
        "type": "Point",
        "coordinates": [
          -93.321115,
          44.87541
        ]
      }
    },
    {
      "type": "Feature",
      "properties": {
        "road": "CSAH 1",
        "street_name": "Old West Shakopee Road",
        "aadt": 18399,
        "year": 2024,
        "location": "WEST OF CSAH17"
      },
      "geometry": {
        "type": "Point",
        "coordinates": [
          -93.331027,
          44.810063
        ]
      }
    },
    {
      "type": "Feature",
      "properties": {
        "road": "CON 1652",
        "street_name": "",
        "aadt": 18399,
        "year": 2025,
        "location": "BETWEEN MN 77 AND I-494"
      },
      "geometry": {
        "type": "Point",
        "coordinates": [
          -93.246915,
          44.854101
        ]
      }
    },
    {
      "type": "Feature",
      "properties": {
        "road": "CSAH 1",
        "street_name": "Old West Shakopee Road",
        "aadt": 18230,
        "year": 2024,
        "location": "EAST OF 2nd AV"
      },
      "geometry": {
        "type": "Point",
        "coordinates": [
          -93.273966,
          44.826246
        ]
      }
    },
    {
      "type": "Feature",
      "properties": {
        "road": "MSAS 399",
        "street_name": "American Boulevard West",
        "aadt": 18220,
        "year": 2025,
        "location": "WEST OF MSAS415 (LYNDALE AV)"
      },
      "geometry": {
        "type": "Point",
        "coordinates": [
          -93.289369,
          44.859265
        ]
      }
    },
    {
      "type": "Feature",
      "properties": {
        "road": "CSAH 32",
        "street_name": "Penn Avenue South",
        "aadt": 17979,
        "year": 2025,
        "location": "SOUTH OF I-494"
      },
      "geometry": {
        "type": "Point",
        "coordinates": [
          -93.308669,
          44.86064
        ]
      }
    },
    {
      "type": "Feature",
      "properties": {
        "road": "CSAH 34",
        "street_name": "Normandale Boulevard",
        "aadt": 17720,
        "year": 2025,
        "location": "SOUTH OF 98th ST"
      },
      "geometry": {
        "type": "Point",
        "coordinates": [
          -93.35028,
          44.824967
        ]
      }
    },
    {
      "type": "Feature",
      "properties": {
        "road": "CSAH 1",
        "street_name": "Old West Shakopee Road",
        "aadt": 17530,
        "year": 2023,
        "location": "EAST OF PLEASANT AV"
      },
      "geometry": {
        "type": "Point",
        "coordinates": [
          -93.282635,
          44.826252
        ]
      }
    },
    {
      "type": "Feature",
      "properties": {
        "road": "MSAS 361",
        "street_name": "West 76th Street",
        "aadt": 17166,
        "year": 2023,
        "location": "WEST OF I-35W"
      },
      "geometry": {
        "type": "Point",
        "coordinates": [
          -93.300043,
          44.86543
        ]
      }
    },
    {
      "type": "Feature",
      "properties": {
        "road": "CON 18",
        "street_name": "",
        "aadt": 17097,
        "year": 2025,
        "location": "BETWEEN WB I-494 AND SB TH 169"
      },
      "geometry": {
        "type": "Point",
        "coordinates": [
          -93.394166,
          44.856373
        ]
      }
    },
    {
      "type": "Feature",
      "properties": {
        "road": "CON 2646",
        "street_name": "",
        "aadt": 16630,
        "year": 2023,
        "location": "BETWEEN NB I-35W AND WB I-494"
      },
      "geometry": {
        "type": "Point",
        "coordinates": [
          -93.297042,
          44.862579
        ]
      }
    },
    {
      "type": "Feature",
      "properties": {
        "road": "MSAS 136",
        "street_name": "Edina Industrial Boulevard",
        "aadt": 16600,
        "year": 2019,
        "location": "WEST OF TH100"
      },
      "geometry": {
        "type": "Point",
        "coordinates": [
          -93.352246,
          44.864151
        ]
      }
    },
    {
      "type": "Feature",
      "properties": {
        "road": "CSAH 1",
        "street_name": "Old West Shakopee Road",
        "aadt": 16490,
        "year": 2025,
        "location": "NE OF LOGAN AVE S"
      },
      "geometry": {
        "type": "Point",
        "coordinates": [
          -93.302109,
          44.823734
        ]
      }
    },
    {
      "type": "Feature",
      "properties": {
        "road": "CON 5772",
        "street_name": "",
        "aadt": 16364,
        "year": 2025,
        "location": "BETWEEN NB MN 77 AND WB I-494"
      },
      "geometry": {
        "type": "Point",
        "coordinates": [
          -93.248081,
          44.86371
        ]
      }
    },
    {
      "type": "Feature",
      "properties": {
        "road": "MSAS 363",
        "street_name": "Lyndale Avenue South",
        "aadt": 16302,
        "year": 2023,
        "location": "NORTH OF I-494"
      },
      "geometry": {
        "type": "Point",
        "coordinates": [
          -93.288296,
          44.863233
        ]
      }
    },
    {
      "type": "Feature",
      "properties": {
        "road": "MSAS 399",
        "street_name": "American Boulevard West",
        "aadt": 16194,
        "year": 2025,
        "location": "EAST OF MSAS415 (LYNDALE AV)"
      },
      "geometry": {
        "type": "Point",
        "coordinates": [
          -93.28742,
          44.859231
        ]
      }
    },
    {
      "type": "Feature",
      "properties": {
        "road": "CSAH 1",
        "street_name": "Old West Shakopee Road",
        "aadt": 16109,
        "year": 2023,
        "location": "WEST OF YORK AV"
      },
      "geometry": {
        "type": "Point",
        "coordinates": [
          -93.321085,
          44.812609
        ]
      }
    },
    {
      "type": "Feature",
      "properties": {
        "road": "MSAS 145",
        "street_name": "West 70th Street",
        "aadt": 16100,
        "year": 2015,
        "location": "WEST OF TH100"
      },
      "geometry": {
        "type": "Point",
        "coordinates": [
          -93.351628,
          44.875901
        ]
      }
    },
    {
      "type": "Feature",
      "properties": {
        "road": "MSAS 419",
        "street_name": "American Boulevard West",
        "aadt": 16070,
        "year": 2025,
        "location": "EAST OF CSAH17 (FRANCE AV)"
      },
      "geometry": {
        "type": "Point",
        "coordinates": [
          -93.328078,
          44.855638
        ]
      }
    },
    {
      "type": "Feature",
      "properties": {
        "road": "MSAS 132",
        "street_name": "West 84th Street",
        "aadt": 15888,
        "year": 2025,
        "location": "EAST OF CSAH34 (NORMANDALE BLVD)"
      },
      "geometry": {
        "type": "Point",
        "coordinates": [
          -93.349202,
          44.851614
        ]
      }
    },
    {
      "type": "Feature",
      "properties": {
        "road": "MSAS 399",
        "street_name": "American Boulevard West",
        "aadt": 15847,
        "year": 2025,
        "location": "WEST OF FREMONT AV"
      },
      "geometry": {
        "type": "Point",
        "coordinates": [
          -93.296706,
          44.859336
        ]
      }
    },
    {
      "type": "Feature",
      "properties": {
        "road": "MSAS 361",
        "street_name": "West 76th Street",
        "aadt": 15766,
        "year": 2023,
        "location": "EAST OF XERXES AVE (S WCL RICHFIELD)"
      },
      "geometry": {
        "type": "Point",
        "coordinates": [
          -93.318219,
          44.86551
        ]
      }
    },
    {
      "type": "Feature",
      "properties": {
        "road": "MSAS 385",
        "street_name": "American Boulevard West",
        "aadt": 15741,
        "year": 2025,
        "location": "WEST OF CSAH32 (PENN AV)"
      },
      "geometry": {
        "type": "Point",
        "coordinates": [
          -93.309494,
          44.85881
        ]
      }
    },
    {
      "type": "Feature",
      "properties": {
        "road": "MSAS 434",
        "street_name": "Killebrew Drive",
        "aadt": 15730,
        "year": 2021,
        "location": "EAST OF TH77"
      },
      "geometry": {
        "type": "Point",
        "coordinates": [
          -93.245349,
          44.852306
        ]
      }
    },
    {
      "type": "Feature",
      "properties": {
        "road": "CON 6374",
        "street_name": "",
        "aadt": 15524,
        "year": 2025,
        "location": "BETWEEN I-494 AND SB MN 77"
      },
      "geometry": {
        "type": "Point",
        "coordinates": [
          -93.247706,
          44.861157
        ]
      }
    },
    {
      "type": "Feature",
      "properties": {
        "road": "MSAS 385",
        "street_name": "American Boulevard West",
        "aadt": 15440,
        "year": 2025,
        "location": "EAST OF MSAS436 (KNOX AV)"
      },
      "geometry": {
        "type": "Point",
        "coordinates": [
          -93.301043,
          44.858705
        ]
      }
    },
    {
      "type": "Feature",
      "properties": {
        "road": "MSAS 444",
        "street_name": "Lindau Lane",
        "aadt": 15407,
        "year": 2025,
        "location": "EAST OF TH77"
      },
      "geometry": {
        "type": "Point",
        "coordinates": [
          -93.245235,
          44.856841
        ]
      }
    },
    {
      "type": "Feature",
      "properties": {
        "road": "CON 6373",
        "street_name": "",
        "aadt": 15403,
        "year": 2025,
        "location": "BETWEEN SB MB 77 AND EB I-494"
      },
      "geometry": {
        "type": "Point",
        "coordinates": [
          -93.247698,
          44.862203
        ]
      }
    },
    {
      "type": "Feature",
      "properties": {
        "road": "CSAH 17",
        "street_name": "France Avenue South",
        "aadt": 15398,
        "year": 2025,
        "location": "NORTH OF 90th ST"
      },
      "geometry": {
        "type": "Point",
        "coordinates": [
          -93.329245,
          44.844447
        ]
      }
    },
    {
      "type": "Feature",
      "properties": {
        "road": "MSAS 399",
        "street_name": "East American Boulevard",
        "aadt": 15388,
        "year": 2023,
        "location": "EAST OF CSAH35 (PORTLAND AV)"
      },
      "geometry": {
        "type": "Point",
        "coordinates": [
          -93.266814,
          44.859697
        ]
      }
    },
    {
      "type": "Feature",
      "properties": {
        "road": "MSAS 361",
        "street_name": "West 76th Street",
        "aadt": 15372,
        "year": 2023,
        "location": "EAST OF I-35W"
      },
      "geometry": {
        "type": "Point",
        "coordinates": [
          -93.296606,
          44.865364
        ]
      }
    },
    {
      "type": "Feature",
      "properties": {
        "road": "CSAH 1",
        "street_name": "Old East Shakopee Road",
        "aadt": 15312,
        "year": 2024,
        "location": "SW OF 12th AV"
      },
      "geometry": {
        "type": "Point",
        "coordinates": [
          -93.257192,
          44.830374
        ]
      }
    },
    {
      "type": "Feature",
      "properties": {
        "road": "MSAS 136",
        "street_name": "West 77th Street",
        "aadt": 14732,
        "year": 2024,
        "location": "EAST OF TH100"
      },
      "geometry": {
        "type": "Point",
        "coordinates": [
          -93.347542,
          44.864138
        ]
      }
    },
    {
      "type": "Feature",
      "properties": {
        "road": "MSAS 136",
        "street_name": "East Bush Lake Road",
        "aadt": 14719,
        "year": 2023,
        "location": "NORTH OF MSAS160 (78th ST)"
      },
      "geometry": {
        "type": "Point",
        "coordinates": [
          -93.360889,
          44.86238
        ]
      }
    },
    {
      "type": "Feature",
      "properties": {
        "road": "MSAS 415",
        "street_name": "Lyndale Avenue South",
        "aadt": 14506,
        "year": 2024,
        "location": "NORTH OF MSAS354 (W 82nd ST)"
      },
      "geometry": {
        "type": "Point",
        "coordinates": [
          -93.288383,
          44.855999
        ]
      }
    },
    {
      "type": "Feature",
      "properties": {
        "road": "CSAH 34",
        "street_name": "Normandale Boulevard",
        "aadt": 14393,
        "year": 2025,
        "location": "NORTH OF CSAH1 (OLD SHAKOPEE RD)"
      },
      "geometry": {
        "type": "Point",
        "coordinates": [
          -93.350325,
          44.808823
        ]
      }
    },
    {
      "type": "Feature",
      "properties": {
        "road": "CSAH 32",
        "street_name": "Cliff Road East",
        "aadt": 14170,
        "year": 2022,
        "location": "WEST OF WEST RIVER HILLS DR"
      },
      "geometry": {
        "type": "Point",
        "coordinates": [
          -93.249639,
          44.790421
        ]
      }
    },
    {
      "type": "Feature",
      "properties": {
        "road": "MSAS 418",
        "street_name": "78th Street West",
        "aadt": 13997,
        "year": 2021,
        "location": "WEST OF CSAH17 (FRANCE AV)"
      },
      "geometry": {
        "type": "Point",
        "coordinates": [
          -93.330129,
          44.860265
        ]
      }
    },
    {
      "type": "Feature",
      "properties": {
        "road": "CSAH 1",
        "street_name": "24th Avenue South",
        "aadt": 13989,
        "year": 2023,
        "location": "NORTH OF AMERICAN BLVD"
      },
      "geometry": {
        "type": "Point",
        "coordinates": [
          -93.237508,
          44.860576
        ]
      }
    },
    {
      "type": "Feature",
      "properties": {
        "road": "CON 3791",
        "street_name": "",
        "aadt": 13831,
        "year": 2025,
        "location": "BETWEEN I-494 AND SB MN 77"
      },
      "geometry": {
        "type": "Point",
        "coordinates": [
          -93.247768,
          44.852369
        ]
      }
    },
    {
      "type": "Feature",
      "properties": {
        "road": "MSAS 361",
        "street_name": "West 76th Street",
        "aadt": 13818,
        "year": 2023,
        "location": "EAST OF CSAH32 (PENN AVE S)"
      },
      "geometry": {
        "type": "Point",
        "coordinates": [
          -93.307921,
          44.865394
        ]
      }
    },
    {
      "type": "Feature",
      "properties": {
        "road": "CSAH 31",
        "street_name": "York Avenue South",
        "aadt": 13728,
        "year": 2024,
        "location": "NORTH OF W 76th ST"
      },
      "geometry": {
        "type": "Point",
        "coordinates": [
          -93.321168,
          44.866101
        ]
      }
    },
    {
      "type": "Feature",
      "properties": {
        "road": "CSAH 32",
        "street_name": "Cliff Road",
        "aadt": 13695,
        "year": 2022,
        "location": "WEST OF TH13"
      },
      "geometry": {
        "type": "Point",
        "coordinates": [
          -93.244186,
          44.790357
        ]
      }
    },
    {
      "type": "Feature",
      "properties": {
        "road": "MSAS 132",
        "street_name": "West 84th Street",
        "aadt": 13611,
        "year": 2025,
        "location": "WEST OF CSAH34 (NORMANDALE BLVD)"
      },
      "geometry": {
        "type": "Point",
        "coordinates": [
          -93.351584,
          44.85173
        ]
      }
    },
    {
      "type": "Feature",
      "properties": {
        "road": "CON 5202",
        "street_name": "",
        "aadt": 13607,
        "year": 2025,
        "location": "BETWEEN EB I-494 AND MN 77"
      },
      "geometry": {
        "type": "Point",
        "coordinates": [
          -93.247821,
          44.856728
        ]
      }
    },
    {
      "type": "Feature",
      "properties": {
        "road": "MSAS 415",
        "street_name": "Lyndale Avenue South",
        "aadt": 13602,
        "year": 2025,
        "location": "SOUTH OF MSAS354 (W 82nd ST)"
      },
      "geometry": {
        "type": "Point",
        "coordinates": [
          -93.288444,
          44.854486
        ]
      }
    },
    {
      "type": "Feature",
      "properties": {
        "road": "CON 1852",
        "street_name": "",
        "aadt": 13488,
        "year": 2023,
        "location": "BETWEEN SB MN 100 AND EB I-494"
      },
      "geometry": {
        "type": "Point",
        "coordinates": [
          -93.350818,
          44.857827
        ]
      }
    },
    {
      "type": "Feature",
      "properties": {
        "road": "MSAS 108",
        "street_name": "Silver Bell Road",
        "aadt": 13435,
        "year": 2024,
        "location": "SE OF TH13"
      },
      "geometry": {
        "type": "Point",
        "coordinates": [
          -93.208404,
          44.819429
        ]
      }
    },
    {
      "type": "Feature",
      "properties": {
        "road": "CON 19",
        "street_name": "",
        "aadt": 13298,
        "year": 2025,
        "location": "BETWEEN NB TH 169 AND EB I-494"
      },
      "geometry": {
        "type": "Point",
        "coordinates": [
          -93.392518,
          44.858711
        ]
      }
    },
    {
      "type": "Feature",
      "properties": {
        "road": "AR 1",
        "street_name": "34th Avenue South",
        "aadt": 13192,
        "year": 2023,
        "location": "SOUTH OF E 72nd St"
      },
      "geometry": {
        "type": "Point",
        "coordinates": [
          -93.223118,
          44.871832
        ]
      }
    },
    {
      "type": "Feature",
      "properties": {
        "road": "CON 41",
        "street_name": "",
        "aadt": 13165,
        "year": 2025,
        "location": "BETWEEN M-1309/ EB I-494 AND SB TH 169"
      },
      "geometry": {
        "type": "Point",
        "coordinates": [
          -93.394624,
          44.854598
        ]
      }
    },
    {
      "type": "Feature",
      "properties": {
        "road": "MSAS 385",
        "street_name": "American Boulevard West",
        "aadt": 13071,
        "year": 2023,
        "location": "EAST OF CSAH32 (PENN AV)"
      },
      "geometry": {
        "type": "Point",
        "coordinates": [
          -93.307939,
          44.858759
        ]
      }
    },
    {
      "type": "Feature",
      "properties": {
        "road": "CSAH 32",
        "street_name": "Penn Avenue South",
        "aadt": 12897,
        "year": 2025,
        "location": "NORTH OF 90th ST"
      },
      "geometry": {
        "type": "Point",
        "coordinates": [
          -93.30873,
          44.84168
        ]
      }
    },
    {
      "type": "Feature",
      "properties": {
        "road": "MSAS 407",
        "street_name": "West 106th Street",
        "aadt": 12787,
        "year": 2025,
        "location": "WEST OF I-35W SERVICE RD"
      },
      "geometry": {
        "type": "Point",
        "coordinates": [
          -93.292683,
          44.811907
        ]
      }
    },
    {
      "type": "Feature",
      "properties": {
        "road": "CSAH 28",
        "street_name": "East Bush Lake Road",
        "aadt": 12692,
        "year": 2023,
        "location": "NORTH OF I-494"
      },
      "geometry": {
        "type": "Point",
        "coordinates": [
          -93.361943,
          44.860413
        ]
      }
    },
    {
      "type": "Feature",
      "properties": {
        "road": "MSAS 136",
        "street_name": "West 76th Street",
        "aadt": 12445,
        "year": 2025,
        "location": "EAST OF CSAH31 (YORK AVE)"
      },
      "geometry": {
        "type": "Point",
        "coordinates": [
          -93.320416,
          44.865513
        ]
      }
    },
    {
      "type": "Feature",
      "properties": {
        "road": "CSAH 32",
        "street_name": "Penn Avenue South",
        "aadt": 12419,
        "year": 2025,
        "location": "SOUTH OF W 76th ST - Ho. #7627"
      },
      "geometry": {
        "type": "Point",
        "coordinates": [
          -93.308518,
          44.864765
        ]
      }
    },
    {
      "type": "Feature",
      "properties": {
        "road": "MSAS 415",
        "street_name": "Lyndale Avenue South",
        "aadt": 12400,
        "year": 2024,
        "location": "NORTH OF CSAH1 (W OLD SHAKOPEE RD)"
      },
      "geometry": {
        "type": "Point",
        "coordinates": [
          -93.288527,
          44.827413
        ]
      }
    },
    {
      "type": "Feature",
      "properties": {
        "road": "CSAH 28",
        "street_name": "Bush Lake Road",
        "aadt": 12367,
        "year": 2023,
        "location": "SOUTH OF I-494"
      },
      "geometry": {
        "type": "Point",
        "coordinates": [
          -93.36225,
          44.859019
        ]
      }
    },
    {
      "type": "Feature",
      "properties": {
        "road": "CSAH 32",
        "street_name": "Cliff Road",
        "aadt": 12361,
        "year": 2024,
        "location": "EAST OF I-35W"
      },
      "geometry": {
        "type": "Point",
        "coordinates": [
          -93.285113,
          44.783284
        ]
      }
    },
    {
      "type": "Feature",
      "properties": {
        "road": "CSAH 17",
        "street_name": "France Avenue South",
        "aadt": 12202,
        "year": 2024,
        "location": "NORTH OF 98th ST"
      },
      "geometry": {
        "type": "Point",
        "coordinates": [
          -93.329458,
          44.829082
        ]
      }
    },
    {
      "type": "Feature",
      "properties": {
        "road": "CSAH 35",
        "street_name": "Portland Avenue South",
        "aadt": 12132,
        "year": 2024,
        "location": "SOUTH OF E 76th ST"
      },
      "geometry": {
        "type": "Point",
        "coordinates": [
          -93.268129,
          44.864996
        ]
      }
    },
    {
      "type": "Feature",
      "properties": {
        "road": "MSAS 131",
        "street_name": "West 98th Street",
        "aadt": 12101,
        "year": 2025,
        "location": "EAST OF CSAH32 (PENN AV)"
      },
      "geometry": {
        "type": "Point",
        "coordinates": [
          -93.307908,
          44.826295
        ]
      }
    },
    {
      "type": "Feature",
      "properties": {
        "road": "CON 40",
        "street_name": "",
        "aadt": 12055,
        "year": 2025,
        "location": "BETWEEN EB I-494 AND M-1309"
      },
      "geometry": {
        "type": "Point",
        "coordinates": [
          -93.398071,
          44.859023
        ]
      }
    },
    {
      "type": "Feature",
      "properties": {
        "road": "MSAS 419",
        "street_name": "American Boulevard West",
        "aadt": 11946,
        "year": 2023,
        "location": "WEST OF XERXES AV"
      },
      "geometry": {
        "type": "Point",
        "coordinates": [
          -93.321876,
          44.858172
        ]
      }
    },
    {
      "type": "Feature",
      "properties": {
        "road": "CON 5735",
        "street_name": "",
        "aadt": 11750,
        "year": 2023,
        "location": "BETWEEN SB I-35W AND WB I-494"
      },
      "geometry": {
        "type": "Point",
        "coordinates": [
          -93.301016,
          44.86225
        ]
      }
    },
    {
      "type": "Feature",
      "properties": {
        "road": "CON 4366",
        "street_name": "",
        "aadt": 11542,
        "year": 2024,
        "location": "BETWEEN MN 77 AND NEB I-35E"
      },
      "geometry": {
        "type": "Point",
        "coordinates": [
          -93.210153,
          44.782455
        ]
      }
    },
    {
      "type": "Feature",
      "properties": {
        "road": "CON 767",
        "street_name": "",
        "aadt": 11518,
        "year": 2024,
        "location": "BETWEEN WB MN 5 AND AR 522"
      },
      "geometry": {
        "type": "Point",
        "coordinates": [
          -93.230514,
          44.862311
        ]
      }
    },
    {
      "type": "Feature",
      "properties": {
        "road": "CON 3227",
        "street_name": "",
        "aadt": 11443,
        "year": 2025,
        "location": "BETWEEN EB I-494 AND SB I-35W"
      },
      "geometry": {
        "type": "Point",
        "coordinates": [
          -93.298991,
          44.860218
        ]
      }
    },
    {
      "type": "Feature",
      "properties": {
        "road": "CON 146",
        "street_name": "",
        "aadt": 11431,
        "year": 2023,
        "location": "BETWEEN WB I-494 AND CSAH 17"
      },
      "geometry": {
        "type": "Point",
        "coordinates": [
          -93.326009,
          44.860255
        ]
      }
    },
    {
      "type": "Feature",
      "properties": {
        "road": "MSAS 124",
        "street_name": "Cliff Lake Road",
        "aadt": 11389,
        "year": 2024,
        "location": "NORTH OF CLIFF RD"
      },
      "geometry": {
        "type": "Point",
        "coordinates": [
          -93.20785,
          44.790766
        ]
      }
    },
    {
      "type": "Feature",
      "properties": {
        "road": "MSAS 361",
        "street_name": "West 76th Street",
        "aadt": 11307,
        "year": 2022,
        "location": "WEST OF CSAH32 (PENN AVE S)"
      },
      "geometry": {
        "type": "Point",
        "coordinates": [
          -93.309471,
          44.865386
        ]
      }
    },
    {
      "type": "Feature",
      "properties": {
        "road": "CON 4313",
        "street_name": "",
        "aadt": 11235,
        "year": 2025,
        "location": "BETWEEN MN 77 AND I-494"
      },
      "geometry": {
        "type": "Point",
        "coordinates": [
          -93.246959,
          44.86023
        ]
      }
    },
    {
      "type": "Feature",
      "properties": {
        "road": "MSAS 175",
        "street_name": "Valley View Road",
        "aadt": 11200,
        "year": 2018,
        "location": "WEST OF TH169"
      },
      "geometry": {
        "type": "Point",
        "coordinates": [
          -93.397258,
          44.873221
        ]
      }
    },
    {
      "type": "Feature",
      "properties": {
        "road": "MSAS 415",
        "street_name": "Lyndale Avenue South",
        "aadt": 11164,
        "year": 2025,
        "location": "SOUTH OF MSAS129 (W 86th ST)"
      },
      "geometry": {
        "type": "Point",
        "coordinates": [
          -93.28861,
          44.846895
        ]
      }
    },
    {
      "type": "Feature",
      "properties": {
        "road": "CON 2585",
        "street_name": "",
        "aadt": 11154,
        "year": 2025,
        "location": "BETWEEN NB TH 169 AND WB I-494"
      },
      "geometry": {
        "type": "Point",
        "coordinates": [
          -93.39325,
          44.860287
        ]
      }
    },
    {
      "type": "Feature",
      "properties": {
        "road": "MSAS 145",
        "street_name": "West 70th Street",
        "aadt": 11138,
        "year": 2025,
        "location": "EAST OF NORMANDALE RD E OF TH100"
      },
      "geometry": {
        "type": "Point",
        "coordinates": [
          -93.345454,
          44.876342
        ]
      }
    },
    {
      "type": "Feature",
      "properties": {
        "road": "CON 2378",
        "street_name": "",
        "aadt": 11028,
        "year": 2025,
        "location": "BETWEEN MN 77 AND I-494"
      },
      "geometry": {
        "type": "Point",
        "coordinates": [
          -93.244587,
          44.861764
        ]
      }
    },
    {
      "type": "Feature",
      "properties": {
        "road": "MSAS 399",
        "street_name": "East American Boulevard",
        "aadt": 10964,
        "year": 2023,
        "location": "WEST OF BLOOMINGTON AVE S"
      },
      "geometry": {
        "type": "Point",
        "coordinates": [
          -93.253619,
          44.859812
        ]
      }
    },
    {
      "type": "Feature",
      "properties": {
        "road": "CON 17",
        "street_name": "",
        "aadt": 10887,
        "year": 2025,
        "location": "BETWEEN WB I-494 AND NB TH 169"
      },
      "geometry": {
        "type": "Point",
        "coordinates": [
          -93.394136,
          44.860667
        ]
      }
    },
    {
      "type": "Feature",
      "properties": {
        "road": "CON 6607",
        "street_name": "",
        "aadt": 10846,
        "year": 2025,
        "location": "BETWEEN SB AR 1 (34th Ave S) AND WB I 494"
      },
      "geometry": {
        "type": "Point",
        "coordinates": [
          -93.225146,
          44.862517
        ]
      }
    },
    {
      "type": "Feature",
      "properties": {
        "road": "MSAS 131",
        "street_name": "West 98th Street",
        "aadt": 10797,
        "year": 2024,
        "location": "EAST OF MSAS384 (JAMES AV)"
      },
      "geometry": {
        "type": "Point",
        "coordinates": [
          -93.300396,
          44.826271
        ]
      }
    },
    {
      "type": "Feature",
      "properties": {
        "road": "MSAS 159",
        "street_name": "West 69th Street",
        "aadt": 10793,
        "year": 2025,
        "location": "EAST OF CSAH17 (FRANCE AVE)"
      },
      "geometry": {
        "type": "Point",
        "coordinates": [
          -93.32826,
          44.878071
        ]
      }
    },
    {
      "type": "Feature",
      "properties": {
        "road": "CSAH 52",
        "street_name": "Nicollet Avenue South",
        "aadt": 10741,
        "year": 2025,
        "location": "NORTH OF 76th ST"
      },
      "geometry": {
        "type": "Point",
        "coordinates": [
          -93.278277,
          44.866354
        ]
      }
    },
    {
      "type": "Feature",
      "properties": {
        "road": "MSAS 159",
        "street_name": "West 69th Street",
        "aadt": 10694,
        "year": 2025,
        "location": "WEST OF CSAH17 (FRANCE AVE)"
      },
      "geometry": {
        "type": "Point",
        "coordinates": [
          -93.329801,
          44.878126
        ]
      }
    },
    {
      "type": "Feature",
      "properties": {
        "road": "MSAS 160",
        "street_name": "78th Street West",
        "aadt": 10689,
        "year": 2023,
        "location": "WEST OF Lochmere Ter (M 847)"
      },
      "geometry": {
        "type": "Point",
        "coordinates": [
          -93.369624,
          44.861953
        ]
      }
    },
    {
      "type": "Feature",
      "properties": {
        "road": "MSAS 415",
        "street_name": "Lyndale Avenue South",
        "aadt": 10628,
        "year": 2025,
        "location": "SOUTH OF MSAS130 (W 90th ST)"
      },
      "geometry": {
        "type": "Point",
        "coordinates": [
          -93.28855,
          44.839981
        ]
      }
    },
    {
      "type": "Feature",
      "properties": {
        "road": "MSAS 166",
        "street_name": "Hazelton Road",
        "aadt": 10605,
        "year": 2022,
        "location": "EAST OF CSAH17 (FRANCE AVE)"
      },
      "geometry": {
        "type": "Point",
        "coordinates": [
          -93.327943,
          44.873977
        ]
      }
    },
    {
      "type": "Feature",
      "properties": {
        "road": "MSAS 131",
        "street_name": "West 98th Street",
        "aadt": 10591,
        "year": 2025,
        "location": "EAST OF CSAH17 (FRANCE AV)"
      },
      "geometry": {
        "type": "Point",
        "coordinates": [
          -93.328392,
          44.827206
        ]
      }
    },
    {
      "type": "Feature",
      "properties": {
        "road": "CON 6336",
        "street_name": "",
        "aadt": 10590,
        "year": 2025,
        "location": "BETWEEN CON 6336 AND SB MN 77"
      },
      "geometry": {
        "type": "Point",
        "coordinates": [
          -93.247493,
          44.858341
        ]
      }
    },
    {
      "type": "Feature",
      "properties": {
        "road": "CON 1945",
        "street_name": "",
        "aadt": 10575,
        "year": 2025,
        "location": "BETWEEN SB MN 77 AND MSAS 444"
      },
      "geometry": {
        "type": "Point",
        "coordinates": [
          -93.247122,
          44.856919
        ]
      }
    },
    {
      "type": "Feature",
      "properties": {
        "road": "CON 6372",
        "street_name": "",
        "aadt": 10483,
        "year": 2024,
        "location": "BETWEEN SB MN 77 AND I-494"
      },
      "geometry": {
        "type": "Point",
        "coordinates": [
          -93.247663,
          44.863119
        ]
      }
    },
    {
      "type": "Feature",
      "properties": {
        "road": "MSAS 145",
        "street_name": "West 70th Street",
        "aadt": 10467,
        "year": 2022,
        "location": "EAST OF CSAH17 (FRANCE AVE)"
      },
      "geometry": {
        "type": "Point",
        "coordinates": [
          -93.327712,
          44.876291
        ]
      }
    },
    {
      "type": "Feature",
      "properties": {
        "road": "CSAH 32",
        "street_name": "Penn Avenue South",
        "aadt": 10397,
        "year": 2025,
        "location": "NORTH OF MSAS132 (W 84th St)"
      },
      "geometry": {
        "type": "Point",
        "coordinates": [
          -93.308796,
          44.852421
        ]
      }
    },
    {
      "type": "Feature",
      "properties": {
        "road": "CON 4066",
        "street_name": "",
        "aadt": 10305,
        "year": 2025,
        "location": "BETWEEN WB I-494 AND NB MN 100"
      },
      "geometry": {
        "type": "Point",
        "coordinates": [
          -93.348087,
          44.859488
        ]
      }
    },
    {
      "type": "Feature",
      "properties": {
        "road": "MSAS 399",
        "street_name": "East American Boulevard",
        "aadt": 10293,
        "year": 2024,
        "location": "NW OF CSAH1 (24th AVE S)"
      },
      "geometry": {
        "type": "Point",
        "coordinates": [
          -93.239682,
          44.859254
        ]
      }
    },
    {
      "type": "Feature",
      "properties": {
        "road": "MSAS 136",
        "street_name": "West 76th Street",
        "aadt": 10292,
        "year": 2025,
        "location": "EAST OF CSAH17 (FRANCE AVE)"
      },
      "geometry": {
        "type": "Point",
        "coordinates": [
          -93.32799,
          44.865387
        ]
      }
    },
    {
      "type": "Feature",
      "properties": {
        "road": "CON 1078",
        "street_name": "",
        "aadt": 10282,
        "year": 2025,
        "location": "BETWEEN MSAS 434 AND I-494"
      },
      "geometry": {
        "type": "Point",
        "coordinates": [
          -93.246669,
          44.859784
        ]
      }
    },
    {
      "type": "Feature",
      "properties": {
        "road": "MSAS 115",
        "street_name": "12th Avenue South",
        "aadt": 10222,
        "year": 2025,
        "location": "NORTH OF I-494"
      },
      "geometry": {
        "type": "Point",
        "coordinates": [
          -93.258003,
          44.862751
        ]
      }
    },
    {
      "type": "Feature",
      "properties": {
        "road": "MSAS 160",
        "street_name": "West 78th Street",
        "aadt": 10220,
        "year": 2025,
        "location": "EAST OF MSAS156 (CAHILL RD)"
      },
      "geometry": {
        "type": "Point",
        "coordinates": [
          -93.363524,
          44.863048
        ]
      }
    },
    {
      "type": "Feature",
      "properties": {
        "road": "MSAS 128",
        "street_name": "34th Avenue South",
        "aadt": 10211,
        "year": 2021,
        "location": "NORTH OF MSAS432 (E AMERICAN BLVD)"
      },
      "geometry": {
        "type": "Point",
        "coordinates": [
          -93.222998,
          44.85985
        ]
      }
    },
    {
      "type": "Feature",
      "properties": {
        "road": "MSAS 131",
        "street_name": "West 98th Street",
        "aadt": 10078,
        "year": 2024,
        "location": "WEST OF MSAS421 (COLLEGEVIEW RD)"
      },
      "geometry": {
        "type": "Point",
        "coordinates": [
          -93.332848,
          44.826459
        ]
      }
    },
    {
      "type": "Feature",
      "properties": {
        "road": "CON 2274",
        "street_name": "",
        "aadt": 10040,
        "year": 2025,
        "location": "BETWEEN WB  I-494 AND NB MN 77"
      },
      "geometry": {
        "type": "Point",
        "coordinates": [
          -93.246874,
          44.864256
        ]
      }
    },
    {
      "type": "Feature",
      "properties": {
        "road": "CSAH 28",
        "street_name": "East Bush Lake Road",
        "aadt": 10037,
        "year": 2025,
        "location": "BETWEEN HIGHWOOD DR AND  W 84th ST"
      },
      "geometry": {
        "type": "Point",
        "coordinates": [
          -93.36681,
          44.852945
        ]
      }
    },
    {
      "type": "Feature",
      "properties": {
        "road": "MSAS 130",
        "street_name": "West 90th Street",
        "aadt": 9992,
        "year": 2024,
        "location": "EAST OF GIRARD AV"
      },
      "geometry": {
        "type": "Point",
        "coordinates": [
          -93.296714,
          44.840722
        ]
      }
    },
    {
      "type": "Feature",
      "properties": {
        "road": "CON 826",
        "street_name": "",
        "aadt": 9950,
        "year": 2025,
        "location": "BETWEEN EB I 494 AND MSAS 128 (34th Ave S)"
      },
      "geometry": {
        "type": "Point",
        "coordinates": [
          -93.225137,
          44.861746
        ]
      }
    },
    {
      "type": "Feature",
      "properties": {
        "road": "CON 3667",
        "street_name": "",
        "aadt": 9892,
        "year": 2025,
        "location": "BETWEEN WB I-494 AND SB I-35W"
      },
      "geometry": {
        "type": "Point",
        "coordinates": [
          -93.299464,
          44.862887
        ]
      }
    },
    {
      "type": "Feature",
      "properties": {
        "road": "MSAS 130",
        "street_name": "West 90th Street",
        "aadt": 9868,
        "year": 2025,
        "location": "WEST OF VINCENT AV"
      },
      "geometry": {
        "type": "Point",
        "coordinates": [
          -93.316819,
          44.840834
        ]
      }
    },
    {
      "type": "Feature",
      "properties": {
        "road": "MSAS 131",
        "street_name": "West 98th Street",
        "aadt": 9861,
        "year": 2025,
        "location": "WEST OF CSAH17 (FRANCE AV)"
      },
      "geometry": {
        "type": "Point",
        "coordinates": [
          -93.330404,
          44.827198
        ]
      }
    },
    {
      "type": "Feature",
      "properties": {
        "road": "CON 4078",
        "street_name": "",
        "aadt": 9796,
        "year": 2025,
        "location": "BETWEEN WB I 494 AND R 522 (24th Ave) "
      },
      "geometry": {
        "type": "Point",
        "coordinates": [
          -93.231806,
          44.862396
        ]
      }
    },
    {
      "type": "Feature",
      "properties": {
        "road": "MSAS 419",
        "street_name": "American Boulevard West",
        "aadt": 9785,
        "year": 2025,
        "location": "WEST OF CSAH17 (FRANCE AV)"
      },
      "geometry": {
        "type": "Point",
        "coordinates": [
          -93.329788,
          44.855698
        ]
      }
    },
    {
      "type": "Feature",
      "properties": {
        "road": "CSAH 32",
        "street_name": "Penn Avenue South",
        "aadt": 9769,
        "year": 2025,
        "location": "SOUTH OF W 70 1/2th ST"
      },
      "geometry": {
        "type": "Point",
        "coordinates": [
          -93.308617,
          44.876079
        ]
      }
    },
    {
      "type": "Feature",
      "properties": {
        "road": "MSAS 108",
        "street_name": "77th Street West",
        "aadt": 9660,
        "year": 2023,
        "location": "WEST OF MSAS111 (COLFAX AVE S)"
      },
      "geometry": {
        "type": "Point",
        "coordinates": [
          -93.29304,
          44.863601
        ]
      }
    },
    {
      "type": "Feature",
      "properties": {
        "road": "MSAS 130",
        "street_name": "West 90th Street",
        "aadt": 9577,
        "year": 2021,
        "location": "WEST OF I-35W SERVICE RD"
      },
      "geometry": {
        "type": "Point",
        "coordinates": [
          -93.299598,
          44.840735
        ]
      }
    },
    {
      "type": "Feature",
      "properties": {
        "road": "MSAS 363",
        "street_name": "Lyndale Avenue South",
        "aadt": 9514,
        "year": 2024,
        "location": "NORTH OF MSAS361 (W 76th ST)"
      },
      "geometry": {
        "type": "Point",
        "coordinates": [
          -93.288415,
          44.866222
        ]
      }
    },
    {
      "type": "Feature",
      "properties": {
        "road": "MSAS 432",
        "street_name": "East American Boulevard",
        "aadt": 9498,
        "year": 2025,
        "location": "WEST OF MSAS128 (34th AV)"
      },
      "geometry": {
        "type": "Point",
        "coordinates": [
          -93.224254,
          44.858656
        ]
      }
    },
    {
      "type": "Feature",
      "properties": {
        "road": "MSAS 132",
        "street_name": "West 84th Street",
        "aadt": 9468,
        "year": 2025,
        "location": "EAST OF CSAH28 (BUSH LAKE RD) &CHALET RD"
      },
      "geometry": {
        "type": "Point",
        "coordinates": [
          -93.360898,
          44.853856
        ]
      }
    },
    {
      "type": "Feature",
      "properties": {
        "road": "CSAH 52",
        "street_name": "Nicollet Avenue South",
        "aadt": 9458,
        "year": 2025,
        "location": "NORTH OF 83rd ST"
      },
      "geometry": {
        "type": "Point",
        "coordinates": [
          -93.278388,
          44.85403
        ]
      }
    },
    {
      "type": "Feature",
      "properties": {
        "road": "MSAS 130",
        "street_name": "West 90th Street",
        "aadt": 9441,
        "year": 2025,
        "location": "EAST OF CSAH17 (FRANCE AV)"
      },
      "geometry": {
        "type": "Point",
        "coordinates": [
          -93.328184,
          44.842
        ]
      }
    },
    {
      "type": "Feature",
      "properties": {
        "road": "CSAH 11",
        "street_name": "County 11",
        "aadt": 9331,
        "year": 2025,
        "location": "SOUTH OF TH13"
      },
      "geometry": {
        "type": "Point",
        "coordinates": [
          -93.248131,
          44.78617
        ]
      }
    },
    {
      "type": "Feature",
      "properties": {
        "road": "MSAS 108",
        "street_name": "77th Street West",
        "aadt": 9209,
        "year": 2025,
        "location": "EAST OF MSAS363 (LYNDALE AV)"
      },
      "geometry": {
        "type": "Point",
        "coordinates": [
          -93.287589,
          44.863685
        ]
      }
    },
    {
      "type": "Feature",
      "properties": {
        "road": "CON 1436",
        "street_name": "",
        "aadt": 8998,
        "year": 2023,
        "location": "BETWEEN EB I-494 AND CSAH 17"
      },
      "geometry": {
        "type": "Point",
        "coordinates": [
          -93.33182,
          44.857771
        ]
      }
    },
    {
      "type": "Feature",
      "properties": {
        "road": "CON 1952",
        "street_name": "",
        "aadt": 8980,
        "year": 2025,
        "location": "BETWEEN WB I-494 AND SB MN 77"
      },
      "geometry": {
        "type": "Point",
        "coordinates": [
          -93.248003,
          44.863176
        ]
      }
    },
    {
      "type": "Feature",
      "properties": {
        "road": "CON 4459",
        "street_name": "",
        "aadt": 8965,
        "year": 2025,
        "location": "BETWEEN MN TH 5/ I 494 AND R 1 (34th Ave S) "
      },
      "geometry": {
        "type": "Point",
        "coordinates": [
          -93.220901,
          44.862947
        ]
      }
    },
    {
      "type": "Feature",
      "properties": {
        "road": "CON 6368",
        "street_name": "",
        "aadt": 8938,
        "year": 2025,
        "location": "BETWEEN NB AR 1 (34th Ave S) AND WB I 494"
      },
      "geometry": {
        "type": "Point",
        "coordinates": [
          -93.223418,
          44.862766
        ]
      }
    },
    {
      "type": "Feature",
      "properties": {
        "road": "MSAS 407",
        "street_name": "West 106th Street",
        "aadt": 8900,
        "year": 2024,
        "location": "WEST OF MSAS414 (HUMBOLDT AV)"
      },
      "geometry": {
        "type": "Point",
        "coordinates": [
          -93.299539,
          44.811983
        ]
      }
    },
    {
      "type": "Feature",
      "properties": {
        "road": "CSAH 35",
        "street_name": "Portland Avenue South",
        "aadt": 8884,
        "year": 2024,
        "location": "SOUTH OF AMERICAN BLVD"
      },
      "geometry": {
        "type": "Point",
        "coordinates": [
          -93.268208,
          44.858737
        ]
      }
    },
    {
      "type": "Feature",
      "properties": {
        "road": "CON 3591",
        "street_name": "",
        "aadt": 8724,
        "year": 2025,
        "location": "BETWEEN MN 77 AND I-494"
      },
      "geometry": {
        "type": "Point",
        "coordinates": [
          -93.246675,
          44.854622
        ]
      }
    },
    {
      "type": "Feature",
      "properties": {
        "road": "CSAH 17",
        "street_name": "France Avenue South",
        "aadt": 8665,
        "year": 2025,
        "location": "NORTH OF CSAH1 (OLD SHAKOPEE RD)"
      },
      "geometry": {
        "type": "Point",
        "coordinates": [
          -93.329551,
          44.814258
        ]
      }
    },
    {
      "type": "Feature",
      "properties": {
        "road": "MSAS 363",
        "street_name": "Lyndale Avenue South",
        "aadt": 8659,
        "year": 2025,
        "location": "SOUTH OF MSAS361 (W 76th ST)"
      },
      "geometry": {
        "type": "Point",
        "coordinates": [
          -93.288313,
          44.864786
        ]
      }
    },
    {
      "type": "Feature",
      "properties": {
        "road": "CON 4364",
        "street_name": "",
        "aadt": 8596,
        "year": 2025,
        "location": "BETWEEN MSAS 128 (34th Ave S) AND MN 5/ I 494"
      },
      "geometry": {
        "type": "Point",
        "coordinates": [
          -93.22,
          44.861569
        ]
      }
    },
    {
      "type": "Feature",
      "properties": {
        "road": "MSAS 354",
        "street_name": "West 82nd Street",
        "aadt": 8539,
        "year": 2025,
        "location": "WEST OF I-35W"
      },
      "geometry": {
        "type": "Point",
        "coordinates": [
          -93.299456,
          44.85513
        ]
      }
    },
    {
      "type": "Feature",
      "properties": {
        "road": "MSAS 418",
        "street_name": "West 78th Street",
        "aadt": 8505,
        "year": 2025,
        "location": "EAST OF MSAS 422 (W BUSH LK RD)"
      },
      "geometry": {
        "type": "Point",
        "coordinates": [
          -93.382026,
          44.860955
        ]
      }
    },
    {
      "type": "Feature",
      "properties": {
        "road": "MSAS 172",
        "street_name": "Metro Boulevard",
        "aadt": 8465,
        "year": 2023,
        "location": "SOUTH OF MSAS145 (W 70th ST)"
      },
      "geometry": {
        "type": "Point",
        "coordinates": [
          -93.353537,
          44.87469
        ]
      }
    },
    {
      "type": "Feature",
      "properties": {
        "road": "MSAS 407",
        "street_name": "106th Street West",
        "aadt": 8443,
        "year": 2025,
        "location": "EAST OF MSAS409 (XERXES AV)"
      },
      "geometry": {
        "type": "Point",
        "coordinates": [
          -93.318324,
          44.811939
        ]
      }
    },
    {
      "type": "Feature",
      "properties": {
        "road": "MSAS 136",
        "street_name": "Parklawn Avenue",
        "aadt": 8438,
        "year": 2025,
        "location": "NORTH OF MSAS171 (77th ST)"
      },
      "geometry": {
        "type": "Point",
        "coordinates": [
          -93.335906,
          44.863832
        ]
      }
    },
    {
      "type": "Feature",
      "properties": {
        "road": "MSAS 136",
        "street_name": "West 76th Street",
        "aadt": 8395,
        "year": 2025,
        "location": "WEST OF CSAH17 (FRANCE AVE)"
      },
      "geometry": {
        "type": "Point",
        "coordinates": [
          -93.329771,
          44.865549
        ]
      }
    },
    {
      "type": "Feature",
      "properties": {
        "road": "CON 2338",
        "street_name": "",
        "aadt": 8379,
        "year": 2025,
        "location": "BETWEEN SB CSAH 17 AND EB I-494"
      },
      "geometry": {
        "type": "Point",
        "coordinates": [
          -93.330606,
          44.858019
        ]
      }
    },
    {
      "type": "Feature",
      "properties": {
        "road": "MSAS 171",
        "street_name": "Minnesota Drive",
        "aadt": 8358,
        "year": 2023,
        "location": "EAST OF CSAH17 (FRANCE AV)"
      },
      "geometry": {
        "type": "Point",
        "coordinates": [
          -93.328083,
          44.861875
        ]
      }
    },
    {
      "type": "Feature",
      "properties": {
        "road": "CON 3973",
        "street_name": "",
        "aadt": 8355,
        "year": 2023,
        "location": "BETWEEN CSAH 32 AND EB I-494"
      },
      "geometry": {
        "type": "Point",
        "coordinates": [
          -93.306671,
          44.861596
        ]
      }
    },
    {
      "type": "Feature",
      "properties": {
        "road": "CON 86",
        "street_name": "",
        "aadt": 8332,
        "year": 2025,
        "location": "BETWEEN SWB I-35E AND CSAH 32"
      },
      "geometry": {
        "type": "Point",
        "coordinates": [
          -93.201096,
          44.791755
        ]
      }
    },
    {
      "type": "Feature",
      "properties": {
        "road": "MSAS 145",
        "street_name": "West 70th Street",
        "aadt": 8300,
        "year": 2019,
        "location": "EAST OF CAHILL RD"
      },
      "geometry": {
        "type": "Point",
        "coordinates": [
          -93.362544,
          44.876359
        ]
      }
    },
    {
      "type": "Feature",
      "properties": {
        "road": "AR 3",
        "street_name": "34th Avenue South",
        "aadt": 8300,
        "year": 2015,
        "location": "SOUTH OF E 70th St"
      },
      "geometry": {
        "type": "Point",
        "coordinates": [
          -93.22314,
          44.8755
        ]
      }
    },
    {
      "type": "Feature",
      "properties": {
        "road": "CON 479",
        "street_name": "",
        "aadt": 8299,
        "year": 2025,
        "location": "BETWEEN SB MN TH 5 AND B I 494 "
      },
      "geometry": {
        "type": "Point",
        "coordinates": [
          -93.205469,
          44.864498
        ]
      }
    },
    {
      "type": "Feature",
      "properties": {
        "road": "CON 2687",
        "street_name": "",
        "aadt": 8287,
        "year": 2025,
        "location": "BETWEEN CSAH 1 AND NB I-35W"
      },
      "geometry": {
        "type": "Point",
        "coordinates": [
          -93.291649,
          44.828099
        ]
      }
    },
    {
      "type": "Feature",
      "properties": {
        "road": "MSAS 383",
        "street_name": "12th Avenue South",
        "aadt": 8240,
        "year": 2023,
        "location": "NORTH OF MSAS399 (E AMERICAN BLVD)"
      },
      "geometry": {
        "type": "Point",
        "coordinates": [
          -93.258033,
          44.860552
        ]
      }
    },
    {
      "type": "Feature",
      "properties": {
        "road": "MSAS 145",
        "street_name": "West 70th Street",
        "aadt": 8089,
        "year": 2025,
        "location": "WEST OF CSAH17 (FRANCE AVE)"
      },
      "geometry": {
        "type": "Point",
        "coordinates": [
          -93.329608,
          44.876354
        ]
      }
    },
    {
      "type": "Feature",
      "properties": {
        "road": "CON 1373",
        "street_name": "",
        "aadt": 8036,
        "year": 2025,
        "location": "BETWEEN SB I-35W AND CSAH 1"
      },
      "geometry": {
        "type": "Point",
        "coordinates": [
          -93.292816,
          44.827372
        ]
      }
    },
    {
      "type": "Feature",
      "properties": {
        "road": "MSAS 429",
        "street_name": "Normandale Boulevard",
        "aadt": 8028,
        "year": 2022,
        "location": "NORTH OF MSAS412 (110th ST)"
      },
      "geometry": {
        "type": "Point",
        "coordinates": [
          -93.350505,
          44.805318
        ]
      }
    },
    {
      "type": "Feature",
      "properties": {
        "road": "MSAS 131",
        "street_name": "West 98th Street",
        "aadt": 7968,
        "year": 2025,
        "location": "EAST OF CSAH34 (NORMANDALE BLVD)"
      },
      "geometry": {
        "type": "Point",
        "coordinates": [
          -93.3491,
          44.825805
        ]
      }
    },
    {
      "type": "Feature",
      "properties": {
        "road": "CON 4549",
        "street_name": "",
        "aadt": 7956,
        "year": 2025,
        "location": "BETWEEN NB US 169 AND CSAH 1"
      },
      "geometry": {
        "type": "Point",
        "coordinates": [
          -93.397499,
          44.806476
        ]
      }
    },
    {
      "type": "Feature",
      "properties": {
        "road": "MSAS 407",
        "street_name": "106th Street West",
        "aadt": 7942,
        "year": 2021,
        "location": "WEST OF MSAS416 (PENN AVE S)"
      },
      "geometry": {
        "type": "Point",
        "coordinates": [
          -93.309163,
          44.811895
        ]
      }
    },
    {
      "type": "Feature",
      "properties": {
        "road": "MSAS 435",
        "street_name": "Normandale Lake Boulevard",
        "aadt": 7900,
        "year": 2016,
        "location": "NORTH OF MSAS132 (W 84th ST)"
      },
      "geometry": {
        "type": "Point",
        "coordinates": [
          -93.355988,
          44.853664
        ]
      }
    },
    {
      "type": "Feature",
      "properties": {
        "road": "MSAS 399",
        "street_name": "East American Boulevard",
        "aadt": 7883,
        "year": 2023,
        "location": "WEST OF CSAH35 (PORTLAND AV)"
      },
      "geometry": {
        "type": "Point",
        "coordinates": [
          -93.26888,
          44.859621
        ]
      }
    },
    {
      "type": "Feature",
      "properties": {
        "road": "MSAS 174",
        "street_name": "Parklawn Avenue",
        "aadt": 7848,
        "year": 2022,
        "location": "EAST OF CSAH17 (FRANCE AV)"
      },
      "geometry": {
        "type": "Point",
        "coordinates": [
          -93.327898,
          44.868211
        ]
      }
    },
    {
      "type": "Feature",
      "properties": {
        "road": "CON 886",
        "street_name": "",
        "aadt": 7830,
        "year": 2025,
        "location": "BETWEEN CSAH 1 (24th Ave) AND EB I 494"
      },
      "geometry": {
        "type": "Point",
        "coordinates": [
          -93.232811,
          44.861935
        ]
      }
    },
    {
      "type": "Feature",
      "properties": {
        "road": "CSAH 30",
        "street_name": "Diffley Road",
        "aadt": 7812,
        "year": 2025,
        "location": "WEST OF TH77"
      },
      "geometry": {
        "type": "Point",
        "coordinates": [
          -93.224599,
          44.804676
        ]
      }
    },
    {
      "type": "Feature",
      "properties": {
        "road": "CON 2060",
        "street_name": "",
        "aadt": 7731,
        "year": 2025,
        "location": "BETWEEN WB I-494 AND MSAS 369"
      },
      "geometry": {
        "type": "Point",
        "coordinates": [
          -93.255512,
          44.862374
        ]
      }
    },
    {
      "type": "Feature",
      "properties": {
        "road": "CON 5882",
        "street_name": "",
        "aadt": 7674,
        "year": 2025,
        "location": "BETWEEN CSAH 28 AND EB I-494"
      },
      "geometry": {
        "type": "Point",
        "coordinates": [
          -93.359075,
          44.858996
        ]
      }
    },
    {
      "type": "Feature",
      "properties": {
        "road": "CON 6353",
        "street_name": "",
        "aadt": 7618,
        "year": 2025,
        "location": "BETWEEN SB MN 77 AND I-494"
      },
      "geometry": {
        "type": "Point",
        "coordinates": [
          -93.247768,
          44.867605
        ]
      }
    },
    {
      "type": "Feature",
      "properties": {
        "road": "CSAH 52",
        "street_name": "Nicollet Avenue South",
        "aadt": 7524,
        "year": 2025,
        "location": "NORTH OF 90th ST"
      },
      "geometry": {
        "type": "Point",
        "coordinates": [
          -93.278438,
          44.841586
        ]
      }
    },
    {
      "type": "Feature",
      "properties": {
        "road": "MSAS 136",
        "street_name": "West 94th Street",
        "aadt": 7491,
        "year": 2025,
        "location": "WEST OF I-35W SERVICE RD"
      },
      "geometry": {
        "type": "Point",
        "coordinates": [
          -93.296377,
          44.833542
        ]
      }
    },
    {
      "type": "Feature",
      "properties": {
        "road": "MSAS 130",
        "street_name": "West 90th Street",
        "aadt": 7457,
        "year": 2021,
        "location": "WEST OF CSAH52 (NICOLLET AV)"
      },
      "geometry": {
        "type": "Point",
        "coordinates": [
          -93.27888,
          44.840747
        ]
      }
    },
    {
      "type": "Feature",
      "properties": {
        "road": "CON 2753",
        "street_name": "",
        "aadt": 7384,
        "year": 2023,
        "location": "BETWEEN NB I-35W AND EB I-494"
      },
      "geometry": {
        "type": "Point",
        "coordinates": [
          -93.296075,
          44.861417
        ]
      }
    },
    {
      "type": "Feature",
      "properties": {
        "road": "CSAH 1",
        "street_name": "24th Avenue South",
        "aadt": 7382,
        "year": 2023,
        "location": "NORTH OF KILLEBREW DR"
      },
      "geometry": {
        "type": "Point",
        "coordinates": [
          -93.237521,
          44.85296
        ]
      }
    },
    {
      "type": "Feature",
      "properties": {
        "road": "CON 521",
        "street_name": "",
        "aadt": 7377,
        "year": 2025,
        "location": "BETWEEN SB TH 169 AND EB I-494"
      },
      "geometry": {
        "type": "Point",
        "coordinates": [
          -93.395781,
          44.858688
        ]
      }
    },
    {
      "type": "Feature",
      "properties": {
        "road": "MSAS 425",
        "street_name": "Bloomington Ferry Road",
        "aadt": 7343,
        "year": 2022,
        "location": "SOUTH OF CSAH1 (W OLD SHAKOPEE RD)"
      },
      "geometry": {
        "type": "Point",
        "coordinates": [
          -93.383939,
          44.807384
        ]
      }
    },
    {
      "type": "Feature",
      "properties": {
        "road": "MSAS 407",
        "street_name": "West 106th Street",
        "aadt": 7342,
        "year": 2024,
        "location": "EAST OF I-35W SERVICE RD"
      },
      "geometry": {
        "type": "Point",
        "coordinates": [
          -93.290121,
          44.811806
        ]
      }
    },
    {
      "type": "Feature",
      "properties": {
        "road": "CON 49",
        "street_name": "",
        "aadt": 7340,
        "year": 2025,
        "location": "BETWEEN NB TH 77 AND CSAH 1"
      },
      "geometry": {
        "type": "Point",
        "coordinates": [
          -93.244462,
          44.842202
        ]
      }
    },
    {
      "type": "Feature",
      "properties": {
        "road": "MSAS 354",
        "street_name": "West 82nd Street",
        "aadt": 7320,
        "year": 2022,
        "location": "WEST OF FREMONT AV"
      },
      "geometry": {
        "type": "Point",
        "coordinates": [
          -93.296652,
          44.855183
        ]
      }
    },
    {
      "type": "Feature",
      "properties": {
        "road": "CON 4779",
        "street_name": "",
        "aadt": 7257,
        "year": 2023,
        "location": "BETWEEN EB I-494 AND NB I-35W"
      },
      "geometry": {
        "type": "Point",
        "coordinates": [
          -93.297211,
          44.860881
        ]
      }
    },
    {
      "type": "Feature",
      "properties": {
        "road": "MSAS 108",
        "street_name": "Silver Bell Road",
        "aadt": 7255,
        "year": 2023,
        "location": "EAST OF MSAS104 (Cedar Grove Pkwy)"
      },
      "geometry": {
        "type": "Point",
        "coordinates": [
          -93.206891,
          44.819027
        ]
      }
    },
    {
      "type": "Feature",
      "properties": {
        "road": "MSAS 415",
        "street_name": "Lyndale Avenue South",
        "aadt": 7220,
        "year": 2025,
        "location": "SOUTH OF CSAH1 (W OLD SHAKOPEE RD)"
      },
      "geometry": {
        "type": "Point",
        "coordinates": [
          -93.288506,
          44.825738
        ]
      }
    },
    {
      "type": "Feature",
      "properties": {
        "road": "MSAS 108",
        "street_name": "77th Street East",
        "aadt": 7174,
        "year": 2024,
        "location": "EAST OF CSAH52 (NICOLLET AVE S)"
      },
      "geometry": {
        "type": "Point",
        "coordinates": [
          -93.277049,
          44.863705
        ]
      }
    },
    {
      "type": "Feature",
      "properties": {
        "road": "MSAS 172",
        "street_name": "Metro Boulevard",
        "aadt": 7100,
        "year": 2019,
        "location": "NORTH OF MSAS136 (EDINA INDUSTRIAL BLVD)"
      },
      "geometry": {
        "type": "Point",
        "coordinates": [
          -93.354084,
          44.864818
        ]
      }
    },
    {
      "type": "Feature",
      "properties": {
        "road": "MSAS 104",
        "street_name": "12th Avenue",
        "aadt": 7051,
        "year": 2025,
        "location": "NORTH OF TH13"
      },
      "geometry": {
        "type": "Point",
        "coordinates": [
          -93.258254,
          44.784178
        ]
      }
    },
    {
      "type": "Feature",
      "properties": {
        "road": "MSAS 413",
        "street_name": "France Avenue South",
        "aadt": 7024,
        "year": 2025,
        "location": "SOUTH OF CSAH1 (W OLD SHAKOPEE RD)"
      },
      "geometry": {
        "type": "Point",
        "coordinates": [
          -93.329448,
          44.809871
        ]
      }
    },
    {
      "type": "Feature",
      "properties": {
        "road": "CON 4350",
        "street_name": "",
        "aadt": 7014,
        "year": 2025,
        "location": "BETWEEN MSAS 136 AND NB TH 100"
      },
      "geometry": {
        "type": "Point",
        "coordinates": [
          -93.349659,
          44.86625
        ]
      }
    },
    {
      "type": "Feature",
      "properties": {
        "road": "CON 5617",
        "street_name": "",
        "aadt": 6989,
        "year": 2025,
        "location": "BETWEEN MN 77 AND I-494"
      },
      "geometry": {
        "type": "Point",
        "coordinates": [
          -93.246808,
          44.859466
        ]
      }
    },
    {
      "type": "Feature",
      "properties": {
        "road": "MSAS 427",
        "street_name": "Bloomington Ferry Road",
        "aadt": 6986,
        "year": 2022,
        "location": "EAST OF TH169"
      },
      "geometry": {
        "type": "Point",
        "coordinates": [
          -93.397066,
          44.836573
        ]
      }
    },
    {
      "type": "Feature",
      "properties": {
        "road": "CON 4676",
        "street_name": "",
        "aadt": 6986,
        "year": 2025,
        "location": "BETWEEN WB I-494 AND MSAS 363"
      },
      "geometry": {
        "type": "Point",
        "coordinates": [
          -93.286605,
          44.862285
        ]
      }
    },
    {
      "type": "Feature",
      "properties": {
        "road": "MSAS 409",
        "street_name": "Xerxes Avenue South",
        "aadt": 6979,
        "year": 2024,
        "location": "NORTH OF MSAS407 (W 106th ST)"
      },
      "geometry": {
        "type": "Point",
        "coordinates": [
          -93.319306,
          44.812408
        ]
      }
    },
    {
      "type": "Feature",
      "properties": {
        "road": "MSAS 130",
        "street_name": "West 90th Street",
        "aadt": 6975,
        "year": 2024,
        "location": "WEST OF CSAH17 (FRANCE AV)"
      },
      "geometry": {
        "type": "Point",
        "coordinates": [
          -93.3301,
          44.842171
        ]
      }
    },
    {
      "type": "Feature",
      "properties": {
        "road": "CSAH 32",
        "street_name": "Penn Avenue South",
        "aadt": 6965,
        "year": 2022,
        "location": "NORTH OF 94th ST"
      },
      "geometry": {
        "type": "Point",
        "coordinates": [
          -93.308829,
          44.834379
        ]
      }
    },
    {
      "type": "Feature",
      "properties": {
        "road": "MSAS 418",
        "street_name": "West 78th Street",
        "aadt": 6959,
        "year": 2025,
        "location": "WEST OF MSAS422 (W BUSH LK RD)"
      },
      "geometry": {
        "type": "Point",
        "coordinates": [
          -93.383873,
          44.860672
        ]
      }
    },
    {
      "type": "Feature",
      "properties": {
        "road": "CON 1211",
        "street_name": "",
        "aadt": 6935,
        "year": 2025,
        "location": "BETWEEN M-755 AND EB I-494"
      },
      "geometry": {
        "type": "Point",
        "coordinates": [
          -93.256124,
          44.861988
        ]
      }
    },
    {
      "type": "Feature",
      "properties": {
        "road": "MSAS 432",
        "street_name": "East American Boulevard",
        "aadt": 6880,
        "year": 2023,
        "location": "EAST OF CSAH1 (24th AV)"
      },
      "geometry": {
        "type": "Point",
        "coordinates": [
          -93.23615,
          44.858684
        ]
      }
    },
    {
      "type": "Feature",
      "properties": {
        "road": "CON 1077",
        "street_name": "",
        "aadt": 6864,
        "year": 2024,
        "location": "BETWEEN MSAS 434 AND I-494"
      },
      "geometry": {
        "type": "Point",
        "coordinates": [
          -93.246499,
          44.861088
        ]
      }
    },
    {
      "type": "Feature",
      "properties": {
        "road": "CON 6352",
        "street_name": "",
        "aadt": 6852,
        "year": 2025,
        "location": "BETWEEN SB MN 77 AND I-494"
      },
      "geometry": {
        "type": "Point",
        "coordinates": [
          -93.247655,
          44.864276
        ]
      }
    },
    {
      "type": "Feature",
      "properties": {
        "road": "MSAS 363",
        "street_name": "Lyndale Avenue South",
        "aadt": 6754,
        "year": 2024,
        "location": "SOUTH OF MSAS113 (W 70th ST)"
      },
      "geometry": {
        "type": "Point",
        "coordinates": [
          -93.28916,
          44.87598
        ]
      }
    },
    {
      "type": "Feature",
      "properties": {
        "road": "MSAS 156",
        "street_name": "Cahill Road",
        "aadt": 6737,
        "year": 2023,
        "location": "SOUTH OF 70th ST"
      },
      "geometry": {
        "type": "Point",
        "coordinates": [
          -93.363465,
          44.876015
        ]
      }
    },
    {
      "type": "Feature",
      "properties": {
        "road": "M 6",
        "street_name": "Washington Avenue",
        "aadt": 6735,
        "year": 2023,
        "location": "NORTH OF MSAS 123"
      },
      "geometry": {
        "type": "Point",
        "coordinates": [
          -93.398843,
          44.874025
        ]
      }
    },
    {
      "type": "Feature",
      "properties": {
        "road": "MSAS 444",
        "street_name": "Lindau Lane",
        "aadt": 6714,
        "year": 2025,
        "location": "WEST OF CSAH1 (24th AV)"
      },
      "geometry": {
        "type": "Point",
        "coordinates": [
          -93.238728,
          44.856832
        ]
      }
    },
    {
      "type": "Feature",
      "properties": {
        "road": "CON 2613",
        "street_name": "",
        "aadt": 6705,
        "year": 2025,
        "location": "BETWEEN SB MN 77 AND NEB MN 13"
      },
      "geometry": {
        "type": "Point",
        "coordinates": [
          -93.221112,
          44.813591
        ]
      }
    },
    {
      "type": "Feature",
      "properties": {
        "road": "MSAS 175",
        "street_name": "Valley View Road",
        "aadt": 6700,
        "year": 2018,
        "location": "EAST OF TH169"
      },
      "geometry": {
        "type": "Point",
        "coordinates": [
          -93.395212,
          44.872938
        ]
      }
    },
    {
      "type": "Feature",
      "properties": {
        "road": "AR 13",
        "street_name": "Humphrey Drive",
        "aadt": 6700,
        "year": 2015,
        "location": "WEST OF E 70th St"
      },
      "geometry": {
        "type": "Point",
        "coordinates": [
          -93.224399,
          44.876349
        ]
      }
    },
    {
      "type": "Feature",
      "properties": {
        "road": "MSAS 122",
        "street_name": "Nicols  Road",
        "aadt": 6636,
        "year": 2023,
        "location": "NORTH OF CSAH32 (CLIFF RD)"
      },
      "geometry": {
        "type": "Point",
        "coordinates": [
          -93.218022,
          44.790855
        ]
      }
    },
    {
      "type": "Feature",
      "properties": {
        "road": "MSAS 101",
        "street_name": "Rahn Road",
        "aadt": 6595,
        "year": 2024,
        "location": "NORTH OF CSAH30 (DIFFLEY RD)"
      },
      "geometry": {
        "type": "Point",
        "coordinates": [
          -93.207692,
          44.805345
        ]
      }
    },
    {
      "type": "Feature",
      "properties": {
        "road": "CON 1619",
        "street_name": "",
        "aadt": 6574,
        "year": 2025,
        "location": "BETWEEN CSAH 1 AND SB US 169"
      },
      "geometry": {
        "type": "Point",
        "coordinates": [
          -93.39906,
          44.816857
        ]
      }
    },
    {
      "type": "Feature",
      "properties": {
        "road": "CON 6731",
        "street_name": "",
        "aadt": 6566,
        "year": 2025,
        "location": "BETWEEN MSAS 415 AND EB I-494"
      },
      "geometry": {
        "type": "Point",
        "coordinates": [
          -93.286688,
          44.861463
        ]
      }
    },
    {
      "type": "Feature",
      "properties": {
        "road": "CON 5702",
        "street_name": "",
        "aadt": 6549,
        "year": 2023,
        "location": "BETWEEN WB I-494 AND NB I-35W"
      },
      "geometry": {
        "type": "Point",
        "coordinates": [
          -93.297826,
          44.863507
        ]
      }
    },
    {
      "type": "Feature",
      "properties": {
        "road": "CON 3476",
        "street_name": "",
        "aadt": 6546,
        "year": 2023,
        "location": "BETWEEN SB MN 100 AND WB I-494"
      },
      "geometry": {
        "type": "Point",
        "coordinates": [
          -93.352937,
          44.859359
        ]
      }
    },
    {
      "type": "Feature",
      "properties": {
        "road": "MSAS 428",
        "street_name": "Pioneer Trail",
        "aadt": 6500,
        "year": 2017,
        "location": "EAST OF TH169"
      },
      "geometry": {
        "type": "Point",
        "coordinates": [
          -93.397055,
          44.818685
        ]
      }
    },
    {
      "type": "Feature",
      "properties": {
        "road": "MSAS 135",
        "street_name": "Dupont Avenue South",
        "aadt": 6500,
        "year": 2018,
        "location": "SOUTH OF CSAH5 (CLIFF RD)"
      },
      "geometry": {
        "type": "Point",
        "coordinates": [
          -93.293938,
          44.781131
        ]
      }
    },
    {
      "type": "Feature",
      "properties": {
        "road": "CON 889",
        "street_name": "",
        "aadt": 6425,
        "year": 2025,
        "location": "BETWEEN SWB MN 13 AND NB MN 77"
      },
      "geometry": {
        "type": "Point",
        "coordinates": [
          -93.221675,
          44.817679
        ]
      }
    },
    {
      "type": "Feature",
      "properties": {
        "road": "MSAS 443",
        "street_name": "Minnesota Drive",
        "aadt": 6417,
        "year": 2021,
        "location": "WEST OF CSAH17 (FRANCE AV)"
      },
      "geometry": {
        "type": "Point",
        "coordinates": [
          -93.331176,
          44.861895
        ]
      }
    },
    {
      "type": "Feature",
      "properties": {
        "road": "MSAS 128",
        "street_name": "Old East Shakopee Road",
        "aadt": 6388,
        "year": 2025,
        "location": "EAST OF CSAH1 (24th AV)"
      },
      "geometry": {
        "type": "Point",
        "coordinates": [
          -93.236695,
          44.851653
        ]
      }
    },
    {
      "type": "Feature",
      "properties": {
        "road": "CON 6728",
        "street_name": "",
        "aadt": 6350,
        "year": 2023,
        "location": "BETWEEN MSAS 363 AND WB I-494"
      },
      "geometry": {
        "type": "Point",
        "coordinates": [
          -93.290522,
          44.862254
        ]
      }
    },
    {
      "type": "Feature",
      "properties": {
        "road": "CON 650",
        "street_name": "",
        "aadt": 6302,
        "year": 2025,
        "location": "BETWEEN SB CSAH 17 AND WB I-494"
      },
      "geometry": {
        "type": "Point",
        "coordinates": [
          -93.331171,
          44.858701
        ]
      }
    },
    {
      "type": "Feature",
      "properties": {
        "road": "CON 5361",
        "street_name": "",
        "aadt": 6298,
        "year": 2025,
        "location": "BETWEEN EB CSAH 1 AND SB TH 77"
      },
      "geometry": {
        "type": "Point",
        "coordinates": [
          -93.24353,
          44.838852
        ]
      }
    },
    {
      "type": "Feature",
      "properties": {
        "road": "AR 522",
        "street_name": "24th Avenue South",
        "aadt": 6297,
        "year": 2023,
        "location": "NORTH OF AR 6 (Airport Ln)"
      },
      "geometry": {
        "type": "Point",
        "coordinates": [
          -93.237646,
          44.863577
        ]
      }
    },
    {
      "type": "Feature",
      "properties": {
        "road": "M 85",
        "street_name": "122nd Street East",
        "aadt": 6272,
        "year": 2022,
        "location": "WEST OF CSAH 11"
      },
      "geometry": {
        "type": "Point",
        "coordinates": [
          -93.249035,
          44.783085
        ]
      }
    },
    {
      "type": "Feature",
      "properties": {
        "road": "MSAS 171",
        "street_name": "West 77th Street",
        "aadt": 6267,
        "year": 2022,
        "location": "WEST OF CSAH17 (FRANCE AV)"
      },
      "geometry": {
        "type": "Point",
        "coordinates": [
          -93.3345,
          44.862835
        ]
      }
    },
    {
      "type": "Feature",
      "properties": {
        "road": "MSAS 442",
        "street_name": "Old Cedar Avenue South",
        "aadt": 6264,
        "year": 2021,
        "location": "NORTH OF CSAH1 (E OLD SHAKOPEE RD)"
      },
      "geometry": {
        "type": "Point",
        "coordinates": [
          -93.247887,
          44.838119
        ]
      }
    },
    {
      "type": "Feature",
      "properties": {
        "road": "CON 5009",
        "street_name": "",
        "aadt": 6263,
        "year": 2025,
        "location": "BETWEEN SB TH 100 AND MSAS 136"
      },
      "geometry": {
        "type": "Point",
        "coordinates": [
          -93.350887,
          44.865617
        ]
      }
    },
    {
      "type": "Feature",
      "properties": {
        "road": "CON 5245",
        "street_name": "",
        "aadt": 6251,
        "year": 2025,
        "location": "BETWEEN MN 77 AND I-494"
      },
      "geometry": {
        "type": "Point",
        "coordinates": [
          -93.246447,
          44.857989
        ]
      }
    },
    {
      "type": "Feature",
      "properties": {
        "road": "CSAH 31",
        "street_name": "Xerxes Avenue South",
        "aadt": 6243,
        "year": 2025,
        "location": "SOUTH OF I-494"
      },
      "geometry": {
        "type": "Point",
        "coordinates": [
          -93.318765,
          44.860479
        ]
      }
    },
    {
      "type": "Feature",
      "properties": {
        "road": "MSAS 131",
        "street_name": "West 98th Street",
        "aadt": 6210,
        "year": 2022,
        "location": "WEST OF CSAH32 (PENN AV)"
      },
      "geometry": {
        "type": "Point",
        "coordinates": [
          -93.309359,
          44.826339
        ]
      }
    },
    {
      "type": "Feature",
      "properties": {
        "road": "CON 3070",
        "street_name": "",
        "aadt": 6201,
        "year": 2025,
        "location": "BETWEEN SB TH I-35W AND MSAS 361"
      },
      "geometry": {
        "type": "Point",
        "coordinates": [
          -93.299541,
          44.8666
        ]
      }
    },
    {
      "type": "Feature",
      "properties": {
        "road": "CON 3755",
        "street_name": "",
        "aadt": 6188,
        "year": 2025,
        "location": "BETWEEN SB I-35W AND EB I-494"
      },
      "geometry": {
        "type": "Point",
        "coordinates": [
          -93.299804,
          44.861192
        ]
      }
    },
    {
      "type": "Feature",
      "properties": {
        "road": "MSAS 104",
        "street_name": "Cedar Grove  Parkway",
        "aadt": 6175,
        "year": 2022,
        "location": "SOUTH OF MSAS108 (SILVER BELL RD)"
      },
      "geometry": {
        "type": "Point",
        "coordinates": [
          -93.207621,
          44.818313
        ]
      }
    },
    {
      "type": "Feature",
      "properties": {
        "road": "MSAS 415",
        "street_name": "Lyndale Avenue South",
        "aadt": 6147,
        "year": 2024,
        "location": "NORTH OF MSAS407 (W 106th ST)"
      },
      "geometry": {
        "type": "Point",
        "coordinates": [
          -93.288696,
          44.812463
        ]
      }
    },
    {
      "type": "Feature",
      "properties": {
        "road": "CON 1735",
        "street_name": "",
        "aadt": 6146,
        "year": 2021,
        "location": "BETWEEN MSAS 115 AND SB US 169"
      },
      "geometry": {
        "type": "Point",
        "coordinates": [
          -93.398873,
          44.806358
        ]
      }
    },
    {
      "type": "Feature",
      "properties": {
        "road": "M 1355",
        "street_name": "West 78th Street",
        "aadt": 6123,
        "year": 2022,
        "location": "EAST OF MSAS 139 (Washington Ave)"
      },
      "geometry": {
        "type": "Point",
        "coordinates": [
          -93.396807,
          44.860591
        ]
      }
    },
    {
      "type": "Feature",
      "properties": {
        "road": "MSAS 130",
        "street_name": "East 90th Street",
        "aadt": 6081,
        "year": 2021,
        "location": "EAST OF CSAH52 (NICOLLET AV)"
      },
      "geometry": {
        "type": "Point",
        "coordinates": [
          -93.277766,
          44.840744
        ]
      }
    },
    {
      "type": "Feature",
      "properties": {
        "road": "CON 2979",
        "street_name": "",
        "aadt": 6071,
        "year": 2025,
        "location": "BETWEEN MSAS 444 AND I-494"
      },
      "geometry": {
        "type": "Point",
        "coordinates": [
          -93.246267,
          44.857243
        ]
      }
    },
    {
      "type": "Feature",
      "properties": {
        "road": "MSAS 136",
        "street_name": "West 94th Street",
        "aadt": 6064,
        "year": 2024,
        "location": "EAST OF I-35W SERVICE RD"
      },
      "geometry": {
        "type": "Point",
        "coordinates": [
          -93.293088,
          44.833539
        ]
      }
    },
    {
      "type": "Feature",
      "properties": {
        "road": "CON 4520",
        "street_name": "",
        "aadt": 6019,
        "year": 2025,
        "location": "BETWEEN SB MN TH 5 AND R 1 / EB I 494 "
      },
      "geometry": {
        "type": "Point",
        "coordinates": [
          -93.208791,
          44.863946
        ]
      }
    },
    {
      "type": "Feature",
      "properties": {
        "road": "CSAH 1",
        "street_name": "Old East Shakopee Road",
        "aadt": 6018,
        "year": 2021,
        "location": "EAST OF MNTH77"
      },
      "geometry": {
        "type": "Point",
        "coordinates": [
          -93.242042,
          44.84338
        ]
      }
    },
    {
      "type": "Feature",
      "properties": {
        "road": "CON 2568",
        "street_name": "",
        "aadt": 5984,
        "year": 2025,
        "location": "BETWEEN I-494 AND MSAS 444"
      },
      "geometry": {
        "type": "Point",
        "coordinates": [
          -93.247752,
          44.857931
        ]
      }
    },
    {
      "type": "Feature",
      "properties": {
        "road": "M 1355",
        "street_name": "West 78th Street",
        "aadt": 5843,
        "year": 2022,
        "location": "WEST OF USTH 169"
      },
      "geometry": {
        "type": "Point",
        "coordinates": [
          -93.395583,
          44.861203
        ]
      }
    },
    {
      "type": "Feature",
      "properties": {
        "road": "CON 2456",
        "street_name": "",
        "aadt": 5832,
        "year": 2025,
        "location": "BETWEEN WB I 494 AND NB MN TH 5"
      },
      "geometry": {
        "type": "Point",
        "coordinates": [
          -93.207587,
          44.862856
        ]
      }
    },
    {
      "type": "Feature",
      "properties": {
        "road": "CON 501",
        "street_name": "",
        "aadt": 5829,
        "year": 2025,
        "location": "BETWEEN MSAS 128 (34th Ave S) AND NB MN TH 5"
      },
      "geometry": {
        "type": "Point",
        "coordinates": [
          -93.212643,
          44.861788
        ]
      }
    },
    {
      "type": "Feature",
      "properties": {
        "road": "CON 3307",
        "street_name": "",
        "aadt": 5784,
        "year": 2025,
        "location": "BETWEEN MSAS 361 AND NB I-35W"
      },
      "geometry": {
        "type": "Point",
        "coordinates": [
          -93.298664,
          44.866518
        ]
      }
    },
    {
      "type": "Feature",
      "properties": {
        "road": "CON 6165",
        "street_name": "",
        "aadt": 5784,
        "year": 2025,
        "location": "BETWEEN MSAS 361 AND NB 1-35W (HOV)"
      },
      "geometry": {
        "type": "Point",
        "coordinates": [
          -93.297581,
          44.865748
        ]
      }
    },
    {
      "type": "Feature",
      "properties": {
        "road": "CON 6166",
        "street_name": "",
        "aadt": 5777,
        "year": 2025,
        "location": "BETWEEN MSAS 361 AND NB I-35W"
      },
      "geometry": {
        "type": "Point",
        "coordinates": [
          -93.2981,
          44.86592
        ]
      }
    },
    {
      "type": "Feature",
      "properties": {
        "road": "MSAS 156",
        "street_name": "Cahill Road",
        "aadt": 5759,
        "year": 2023,
        "location": "NORTH OF MSAS160 (78th ST)"
      },
      "geometry": {
        "type": "Point",
        "coordinates": [
          -93.363782,
          44.863744
        ]
      }
    },
    {
      "type": "Feature",
      "properties": {
        "road": "CON 5883",
        "street_name": "",
        "aadt": 5715,
        "year": 2025,
        "location": "BETWEEN EB I-494 AND CSAH 28"
      },
      "geometry": {
        "type": "Point",
        "coordinates": [
          -93.361135,
          44.858599
        ]
      }
    },
    {
      "type": "Feature",
      "properties": {
        "road": "CON 2526",
        "street_name": "",
        "aadt": 5701,
        "year": 2025,
        "location": "BETWEEN CSAH 32 AND SB MN 77"
      },
      "geometry": {
        "type": "Point",
        "coordinates": [
          -93.222769,
          44.789197
        ]
      }
    },
    {
      "type": "Feature",
      "properties": {
        "road": "CON 4969",
        "street_name": "",
        "aadt": 5625,
        "year": 2025,
        "location": "BETWEEN CSAH 32 AND WB I-494"
      },
      "geometry": {
        "type": "Point",
        "coordinates": [
          -93.311115,
          44.86224
        ]
      }
    },
    {
      "type": "Feature",
      "properties": {
        "road": "MSAS 129",
        "street_name": "East 86th",
        "aadt": 5589,
        "year": 2021,
        "location": "EAST OF CSAH35 (PORTLAND AV)"
      },
      "geometry": {
        "type": "Point",
        "coordinates": [
          -93.267678,
          44.847952
        ]
      }
    },
    {
      "type": "Feature",
      "properties": {
        "road": "CON 2734",
        "street_name": "",
        "aadt": 5581,
        "year": 2025,
        "location": "BETWEEN CSAH 52 AND WB I-494"
      },
      "geometry": {
        "type": "Point",
        "coordinates": [
          -93.279555,
          44.862125
        ]
      }
    },
    {
      "type": "Feature",
      "properties": {
        "road": "MSAS 132",
        "street_name": "West 84th Street",
        "aadt": 5562,
        "year": 2021,
        "location": "WEST OF CSAH17 (FRANCE AV)"
      },
      "geometry": {
        "type": "Point",
        "coordinates": [
          -93.32986,
          44.851719
        ]
      }
    },
    {
      "type": "Feature",
      "properties": {
        "road": "CON 2601",
        "street_name": "",
        "aadt": 5541,
        "year": 2025,
        "location": "BETWEEN WB I-494 AND CSAH 52"
      },
      "geometry": {
        "type": "Point",
        "coordinates": [
          -93.276366,
          44.861989
        ]
      }
    },
    {
      "type": "Feature",
      "properties": {
        "road": "CON 5180",
        "street_name": "",
        "aadt": 5535,
        "year": 2025,
        "location": "BETWEEN CSAH 35 AND WB I-494"
      },
      "geometry": {
        "type": "Point",
        "coordinates": [
          -93.269446,
          44.862329
        ]
      }
    },
    {
      "type": "Feature",
      "properties": {
        "road": "CON 4929",
        "street_name": "",
        "aadt": 5535,
        "year": 2025,
        "location": "BETWEEN MSAS 434 AND I-494"
      },
      "geometry": {
        "type": "Point",
        "coordinates": [
          -93.24657,
          44.852745
        ]
      }
    },
    {
      "type": "Feature",
      "properties": {
        "road": "CSAH 35",
        "street_name": "Portland Avenue South",
        "aadt": 5529,
        "year": 2021,
        "location": "NORTH OF 88th ST"
      },
      "geometry": {
        "type": "Point",
        "coordinates": [
          -93.268321,
          44.844046
        ]
      }
    },
    {
      "type": "Feature",
      "properties": {
        "road": "CON 1367",
        "street_name": "",
        "aadt": 5522,
        "year": 2025,
        "location": "BETWEEN SWB MN 77 AND SWB MN 13"
      },
      "geometry": {
        "type": "Point",
        "coordinates": [
          -93.223211,
          44.816649
        ]
      }
    },
    {
      "type": "Feature",
      "properties": {
        "road": "CON 1536",
        "street_name": "",
        "aadt": 5516,
        "year": 2025,
        "location": "BETWEEN SB TH 77 AND CSAH 1"
      },
      "geometry": {
        "type": "Point",
        "coordinates": [
          -93.246041,
          44.842148
        ]
      }
    },
    {
      "type": "Feature",
      "properties": {
        "road": "AR 55",
        "street_name": "77th Street East",
        "aadt": 5516,
        "year": 2025,
        "location": "WEST OF AR 6 (22nd Ave)"
      },
      "geometry": {
        "type": "Point",
        "coordinates": [
          -93.241532,
          44.864581
        ]
      }
    },
    {
      "type": "Feature",
      "properties": {
        "road": "MSAS 454",
        "street_name": "Washington Avenue",
        "aadt": 5498,
        "year": 2022,
        "location": "NORTH OF MSAS 127 (W 78th St)"
      },
      "geometry": {
        "type": "Point",
        "coordinates": [
          -93.398516,
          44.859097
        ]
      }
    },
    {
      "type": "Feature",
      "properties": {
        "road": "CON 1345",
        "street_name": "",
        "aadt": 5495,
        "year": 2025,
        "location": "BETWEEN CSAH 32 AND NB MN 77"
      },
      "geometry": {
        "type": "Point",
        "coordinates": [
          -93.221362,
          44.792842
        ]
      }
    },
    {
      "type": "Feature",
      "properties": {
        "road": "MSAS 354",
        "street_name": "West 82nd Street",
        "aadt": 5492,
        "year": 2023,
        "location": "EAST OF MSAS415 (LYNDALE AV)"
      },
      "geometry": {
        "type": "Point",
        "coordinates": [
          -93.287864,
          44.85519
        ]
      }
    },
    {
      "type": "Feature",
      "properties": {
        "road": "CON 3109",
        "street_name": "",
        "aadt": 5478,
        "year": 2025,
        "location": "BETWEEN MSAS 128 (34th Ave S) AND EB I 494"
      },
      "geometry": {
        "type": "Point",
        "coordinates": [
          -93.21069,
          44.861631
        ]
      }
    },
    {
      "type": "Feature",
      "properties": {
        "road": "CON 3236",
        "street_name": "",
        "aadt": 5473,
        "year": 2025,
        "location": "BETWEEN NB CSAH 17 AND EB I-494"
      },
      "geometry": {
        "type": "Point",
        "coordinates": [
          -93.327574,
          44.858924
        ]
      }
    },
    {
      "type": "Feature",
      "properties": {
        "road": "MSAS 422",
        "street_name": "Bloomington Ferry Road",
        "aadt": 5471,
        "year": 2025,
        "location": "NORTH OF BOONE CIRCLE"
      },
      "geometry": {
        "type": "Point",
        "coordinates": [
          -93.393339,
          44.82017
        ]
      }
    },
    {
      "type": "Feature",
      "properties": {
        "road": "CON 405",
        "street_name": "",
        "aadt": 5444,
        "year": 2025,
        "location": "BETWEEN NB MN 77 AND CSAH 32"
      },
      "geometry": {
        "type": "Point",
        "coordinates": [
          -93.219884,
          44.788977
        ]
      }
    },
    {
      "type": "Feature",
      "properties": {
        "road": "MSAS 129",
        "street_name": "West 86th",
        "aadt": 5432,
        "year": 2023,
        "location": "WEST OF CSAH52 (NICOLLET AV)"
      },
      "geometry": {
        "type": "Point",
        "coordinates": [
          -93.27888,
          44.847937
        ]
      }
    },
    {
      "type": "Feature",
      "properties": {
        "road": "CON 2622",
        "street_name": "",
        "aadt": 5426,
        "year": 2025,
        "location": "BETWEEN SB TH 100 AND M-348"
      },
      "geometry": {
        "type": "Point",
        "coordinates": [
          -93.350847,
          44.878291
        ]
      }
    },
    {
      "type": "Feature",
      "properties": {
        "road": "MSAS 145",
        "street_name": "West 70th Street",
        "aadt": 5413,
        "year": 2022,
        "location": "EAST OF CSAH31 (YORK AVE)"
      },
      "geometry": {
        "type": "Point",
        "coordinates": [
          -93.320426,
          44.876339
        ]
      }
    },
    {
      "type": "Feature",
      "properties": {
        "road": "CON 6371",
        "street_name": "",
        "aadt": 5405,
        "year": 2021,
        "location": "BETWEEN MN 5 AND MN 77"
      },
      "geometry": {
        "type": "Point",
        "coordinates": [
          -93.247323,
          44.856197
        ]
      }
    },
    {
      "type": "Feature",
      "properties": {
        "road": "MSAS 411",
        "street_name": "West 102nd Street",
        "aadt": 5399,
        "year": 2023,
        "location": "WEST OF CSAH17 (FRANCE AV)"
      },
      "geometry": {
        "type": "Point",
        "coordinates": [
          -93.330631,
          44.819297
        ]
      }
    },
    {
      "type": "Feature",
      "properties": {
        "road": "MSAS 129",
        "street_name": "West 86th",
        "aadt": 5374,
        "year": 2023,
        "location": "WEST OF MSAS415 (LYNDALE AV)"
      },
      "geometry": {
        "type": "Point",
        "coordinates": [
          -93.289332,
          44.847947
        ]
      }
    },
    {
      "type": "Feature",
      "properties": {
        "road": "CON 5474",
        "street_name": "",
        "aadt": 5353,
        "year": 2021,
        "location": "BETWEEN NB MN 77 AND MSAS 434"
      },
      "geometry": {
        "type": "Point",
        "coordinates": [
          -93.247075,
          44.850515
        ]
      }
    },
    {
      "type": "Feature",
      "properties": {
        "road": "MSAS 425",
        "street_name": "Bloomington Ferry Road",
        "aadt": 5320,
        "year": 2022,
        "location": "NORTH OF CSAH1 (W OLD SHAKOPEE RD)"
      },
      "geometry": {
        "type": "Point",
        "coordinates": [
          -93.383816,
          44.809003
        ]
      }
    },
    {
      "type": "Feature",
      "properties": {
        "road": "CON 211",
        "street_name": "",
        "aadt": 5299,
        "year": 2025,
        "location": "BETWEEN SB MN 77 AND CSAH 32"
      },
      "geometry": {
        "type": "Point",
        "coordinates": [
          -93.222953,
          44.791448
        ]
      }
    },
    {
      "type": "Feature",
      "properties": {
        "road": "M 962",
        "street_name": "Hennepin Town Road",
        "aadt": 5282,
        "year": 2024,
        "location": "SE OF MSAS 107"
      },
      "geometry": {
        "type": "Point",
        "coordinates": [
          -93.399044,
          44.836326
        ]
      }
    },
    {
      "type": "Feature",
      "properties": {
        "road": "CON 1324",
        "street_name": "",
        "aadt": 5276,
        "year": 2025,
        "location": "BETWEEN MSAS 145 AND NB TH 100"
      },
      "geometry": {
        "type": "Point",
        "coordinates": [
          -93.350097,
          44.87828
        ]
      }
    },
    {
      "type": "Feature",
      "properties": {
        "road": "M 974",
        "street_name": "124th Street West",
        "aadt": 5272,
        "year": 2022,
        "location": "WEST OF EMBASSY RD (W OF I-35W)"
      },
      "geometry": {
        "type": "Point",
        "coordinates": [
          -93.2917,
          44.783013
        ]
      }
    },
    {
      "type": "Feature",
      "properties": {
        "road": "CSAH 28",
        "street_name": "East Bush Lake Road",
        "aadt": 5253,
        "year": 2021,
        "location": "SOUTH OF W 86th ST"
      },
      "geometry": {
        "type": "Point",
        "coordinates": [
          -93.372707,
          44.846683
        ]
      }
    },
    {
      "type": "Feature",
      "properties": {
        "road": "CON 3290",
        "street_name": "",
        "aadt": 5245,
        "year": 2025,
        "location": "BETWEEN WB I-494 AND CSAH 32"
      },
      "geometry": {
        "type": "Point",
        "coordinates": [
          -93.306539,
          44.862148
        ]
      }
    },
    {
      "type": "Feature",
      "properties": {
        "road": "MSAS 429",
        "street_name": "Normandale Boulevard",
        "aadt": 5242,
        "year": 2025,
        "location": "NORTH OF MSAS416 (OVERLOOK DR)"
      },
      "geometry": {
        "type": "Point",
        "coordinates": [
          -93.350515,
          44.801822
        ]
      }
    },
    {
      "type": "Feature",
      "properties": {
        "road": "MSAS 129",
        "street_name": "East 86th",
        "aadt": 5213,
        "year": 2023,
        "location": "EAST OF MSAS383 (12th AV)"
      },
      "geometry": {
        "type": "Point",
        "coordinates": [
          -93.257297,
          44.847969
        ]
      }
    },
    {
      "type": "Feature",
      "properties": {
        "road": "MSAS 424",
        "street_name": "Highwood Drive",
        "aadt": 5195,
        "year": 2022,
        "location": "NW OF CSAH28 (E BUSH LAKE RD)"
      },
      "geometry": {
        "type": "Point",
        "coordinates": [
          -93.371835,
          44.850252
        ]
      }
    },
    {
      "type": "Feature",
      "properties": {
        "road": "MSAS 354",
        "street_name": "West 82nd Street",
        "aadt": 5194,
        "year": 2023,
        "location": "EAST OF CSAH32 (PENN AV)"
      },
      "geometry": {
        "type": "Point",
        "coordinates": [
          -93.307768,
          44.855664
        ]
      }
    },
    {
      "type": "Feature",
      "properties": {
        "road": "CON 6627",
        "street_name": "",
        "aadt": 5182,
        "year": 2025,
        "location": "BETWEEN SB US 169 AND MSAS 107"
      },
      "geometry": {
        "type": "Point",
        "coordinates": [
          -93.399512,
          44.839178
        ]
      }
    },
    {
      "type": "Feature",
      "properties": {
        "road": "MSAS 115",
        "street_name": "12th Avenue South",
        "aadt": 5172,
        "year": 2023,
        "location": "SOUTH OF MSAS361 (76th ST)"
      },
      "geometry": {
        "type": "Point",
        "coordinates": [
          -93.258029,
          44.865101
        ]
      }
    },
    {
      "type": "Feature",
      "properties": {
        "road": "CON 2016",
        "street_name": "",
        "aadt": 5164,
        "year": 2025,
        "location": "BETWEEN EB I-494 AND CSAH 35"
      },
      "geometry": {
        "type": "Point",
        "coordinates": [
          -93.269617,
          44.861865
        ]
      }
    },
    {
      "type": "Feature",
      "properties": {
        "road": "MSAS 108",
        "street_name": "77th Street East",
        "aadt": 5142,
        "year": 2023,
        "location": "WEST OF MSAS115 (12th AVE S)"
      },
      "geometry": {
        "type": "Point",
        "coordinates": [
          -93.25859,
          44.863706
        ]
      }
    },
    {
      "type": "Feature",
      "properties": {
        "road": "MSAS 425",
        "street_name": "Bloomington Ferry Road",
        "aadt": 5124,
        "year": 2022,
        "location": "EAST OF ZINRAN AV"
      },
      "geometry": {
        "type": "Point",
        "coordinates": [
          -93.390567,
          44.818795
        ]
      }
    },
    {
      "type": "Feature",
      "properties": {
        "road": "CON 698",
        "street_name": "",
        "aadt": 5083,
        "year": 2025,
        "location": "BETWEEN EB I-494 AND MSAS 415"
      },
      "geometry": {
        "type": "Point",
        "coordinates": [
          -93.29023,
          44.861482
        ]
      }
    },
    {
      "type": "Feature",
      "properties": {
        "road": "MSAS 412",
        "street_name": "West 110th Street",
        "aadt": 5081,
        "year": 2023,
        "location": "EAST OF MSAS413 (FRANCE AV)"
      },
      "geometry": {
        "type": "Point",
        "coordinates": [
          -93.328932,
          44.804797
        ]
      }
    },
    {
      "type": "Feature",
      "properties": {
        "road": "MSAS 411",
        "street_name": "West 102nd Street",
        "aadt": 5077,
        "year": 2022,
        "location": "EAST OF CSAH34 (NORMANDALE BLVD)"
      },
      "geometry": {
        "type": "Point",
        "coordinates": [
          -93.349227,
          44.819097
        ]
      }
    },
    {
      "type": "Feature",
      "properties": {
        "road": "CSAH 52",
        "street_name": "Nicollet Avenue South",
        "aadt": 5075,
        "year": 2023,
        "location": "NORTH OF CSAH1"
      },
      "geometry": {
        "type": "Point",
        "coordinates": [
          -93.278499,
          44.827546
        ]
      }
    },
    {
      "type": "Feature",
      "properties": {
        "road": "MSAS 122",
        "street_name": "Nicols  Road",
        "aadt": 5072,
        "year": 2023,
        "location": "NORTH OF CSAH30 (DIFFLEY RD)"
      },
      "geometry": {
        "type": "Point",
        "coordinates": [
          -93.217933,
          44.806256
        ]
      }
    },
    {
      "type": "Feature",
      "properties": {
        "road": "CON 3124",
        "street_name": "",
        "aadt": 5062,
        "year": 2025,
        "location": "BETWEEN WB I 494 AND AR 1 (34th Ave S)"
      },
      "geometry": {
        "type": "Point",
        "coordinates": [
          -93.214943,
          44.863564
        ]
      }
    },
    {
      "type": "Feature",
      "properties": {
        "road": "CON 5885",
        "street_name": "",
        "aadt": 5031,
        "year": 2023,
        "location": "BETWEEN WB I-494 AND CSAH 28"
      },
      "geometry": {
        "type": "Point",
        "coordinates": [
          -93.360546,
          44.859973
        ]
      }
    },
    {
      "type": "Feature",
      "properties": {
        "road": "MSAS 132",
        "street_name": "West 84th Street",
        "aadt": 5003,
        "year": 2024,
        "location": "EAST OF CSAH17 (FRANCE AV)"
      },
      "geometry": {
        "type": "Point",
        "coordinates": [
          -93.328019,
          44.851728
        ]
      }
    },
    {
      "type": "Feature",
      "properties": {
        "road": "CON 2811",
        "street_name": "",
        "aadt": 5002,
        "year": 2025,
        "location": "BETWEEN EB I-494 AND CSAH 52"
      },
      "geometry": {
        "type": "Point",
        "coordinates": [
          -93.279869,
          44.861515
        ]
      }
    }
  ]
}