{"type": "FeatureCollection", "features": [{"type": "Feature", "geometry": {"type": "Point", "coordinates": [-74.016214, 40.849083]}, "properties": {"road": "I 95", "aadt": 160117, "year": 2022, "tier": "core"}}, {"type": "Feature", "geometry": {"type": "Point", "coordinates": [-74.016516, 40.848266]}, "properties": {"road": "I 95", "aadt": 160117, "year": 2022, "tier": "core"}}, {"type": "Feature", "geometry": {"type": "Point", "coordinates": [-74.017039, 40.846691]}, "properties": {"road": "I 95", "aadt": 160117, "year": 2022, "tier": "core"}}, {"type": "Feature", "geometry": {"type": "Point", "coordinates": [-74.017121, 40.846371]}, "properties": {"road": "I 95", "aadt": 160117, "year": 2022, "tier": "core"}}, {"type": "Feature", "geometry": {"type": "Point", "coordinates": [-74.017452, 40.844442]}, "properties": {"road": "I 95", "aadt": 160117, "year": 2022, "tier": "core"}}, {"type": "Feature", "geometry": {"type": "Point", "coordinates": [-74.017514, 40.843112]}, "properties": {"road": "I 95", "aadt": 160117, "year": 2022, "tier": "core"}}, {"type": "Feature", "geometry": {"type": "Point", "coordinates": [-74.017554, 40.842104]}, "properties": {"road": "I 95", "aadt": 160117, "year": 2022, "tier": "core"}}, {"type": "Feature", "geometry": {"type": "Point", "coordinates": [-74.017644, 40.841333]}, "properties": {"road": "I 95", "aadt": 160117, "year": 2022, "tier": "core"}}, {"type": "Feature", "geometry": {"type": "Point", "coordinates": [-74.017811, 40.84049]}, "properties": {"road": "I 95", "aadt": 160117, "year": 2022, "tier": "core"}}, {"type": "Feature", "geometry": {"type": "Point", "coordinates": [-74.01851, 40.838634]}, "properties": {"road": "I 95", "aadt": 160117, "year": 2022, "tier": "core"}}, {"type": "Feature", "geometry": {"type": "Point", "coordinates": [-74.01885, 40.837812]}, "properties": {"road": "I 95", "aadt": 160117, "year": 2022, "tier": "core"}}, {"type": "Feature", "geometry": {"type": "Point", "coordinates": [-74.019513, 40.836077]}, "properties": {"road": "I 95", "aadt": 160117, "year": 2022, "tier": "core"}}, {"type": "Feature", "geometry": {"type": "Point", "coordinates": [-74.019997, 40.834997]}, "properties": {"road": "I 95", "aadt": 160117, "year": 2022, "tier": "core"}}, {"type": "Feature", "geometry": {"type": "Point", "coordinates": [-74.0204, 40.834283]}, "properties": {"road": "I 95", "aadt": 160117, "year": 2022, "tier": "core"}}, {"type": "Feature", "geometry": {"type": "Point", "coordinates": [-74.020665, 40.83389]}, "properties": {"road": "I 95", "aadt": 160117, "year": 2022, "tier": "core"}}, {"type": "Feature", "geometry": {"type": "Point", "coordinates": [-74.017358, 40.845192]}, "properties": {"road": "I 95", "aadt": 160117, "year": 2022, "tier": "core"}}, {"type": "Feature", "geometry": {"type": "Point", "coordinates": [-74.019091, 40.837173]}, "properties": {"road": "I 95", "aadt": 160117, "year": 2022, "tier": "core"}}, {"type": "Feature", "geometry": {"type": "Point", "coordinates": [-74.020993, 40.833454]}, "properties": {"road": "I 95", "aadt": 160117, "year": 2022, "tier": "core"}}, {"type": "Feature", "geometry": {"type": "Point", "coordinates": [-74.019363, 40.83647]}, "properties": {"road": "I 95", "aadt": 160117, "year": 2022, "tier": "core"}}, {"type": "Feature", "geometry": {"type": "Point", "coordinates": [-74.116324, 40.818197]}, "properties": {"road": "NJ 3", "aadt": 157444, "year": 2024, "tier": "core"}}, {"type": "Feature", "geometry": {"type": "Point", "coordinates": [-74.067381, 40.797875]}, "properties": {"road": "NJ 3", "aadt": 154961, "year": 2022, "tier": "core"}}, {"type": "Feature", "geometry": {"type": "Point", "coordinates": [-74.068188, 40.798352]}, "properties": {"road": "NJ 3", "aadt": 154961, "year": 2022, "tier": "core"}}, {"type": "Feature", "geometry": {"type": "Point", "coordinates": [-74.06933, 40.799012]}, "properties": {"road": "NJ 3", "aadt": 154961, "year": 2022, "tier": "core"}}, {"type": "Feature", "geometry": {"type": "Point", "coordinates": [-74.07041, 40.799684]}, "properties": {"road": "NJ 3", "aadt": 154961, "year": 2022, "tier": "core"}}, {"type": "Feature", "geometry": {"type": "Point", "coordinates": [-74.072737, 40.80268]}, "properties": {"road": "NJ 3", "aadt": 154961, "year": 2022, "tier": "core"}}, {"type": "Feature", "geometry": {"type": "Point", "coordinates": [-74.073436, 40.804032]}, "properties": {"road": "NJ 3", "aadt": 154961, "year": 2022, "tier": "core"}}, {"type": "Feature", "geometry": {"type": "Point", "coordinates": [-74.073739, 40.804468]}, "properties": {"road": "NJ 3", "aadt": 154961, "year": 2022, "tier": "core"}}, {"type": "Feature", "geometry": {"type": "Point", "coordinates": [-74.071941, 40.801217]}, "properties": {"road": "NJ 3", "aadt": 154961, "year": 2022, "tier": "core"}}, {"type": "Feature", "geometry": {"type": "Point", "coordinates": [-74.071492, 40.800633]}, "properties": {"road": "NJ 3", "aadt": 154961, "year": 2022, "tier": "core"}}, {"type": "Feature", "geometry": {"type": "Point", "coordinates": [-74.072551, 40.802318]}, "properties": {"road": "NJ 3", "aadt": 154961, "year": 2022, "tier": "core"}}, {"type": "Feature", "geometry": {"type": "Point", "coordinates": [-74.080159, 40.808772]}, "properties": {"road": "NJ 3", "aadt": 150467, "year": 2022, "tier": "core"}}, {"type": "Feature", "geometry": {"type": "Point", "coordinates": [-74.080767, 40.809055]}, "properties": {"road": "NJ 3", "aadt": 150467, "year": 2022, "tier": "core"}}, {"type": "Feature", "geometry": {"type": "Point", "coordinates": [-74.081874, 40.809576]}, "properties": {"road": "NJ 3", "aadt": 150467, "year": 2022, "tier": "core"}}, {"type": "Feature", "geometry": {"type": "Point", "coordinates": [-74.084213, 40.810389]}, "properties": {"road": "NJ 3", "aadt": 150467, "year": 2022, "tier": "core"}}, {"type": "Feature", "geometry": {"type": "Point", "coordinates": [-74.085002, 40.810586]}, "properties": {"road": "NJ 3", "aadt": 150467, "year": 2022, "tier": "core"}}, {"type": "Feature", "geometry": {"type": "Point", "coordinates": [-74.08638, 40.810834]}, "properties": {"road": "NJ 3", "aadt": 150467, "year": 2022, "tier": "core"}}, {"type": "Feature", "geometry": {"type": "Point", "coordinates": [-74.087135, 40.810918]}, "properties": {"road": "NJ 3", "aadt": 150467, "year": 2022, "tier": "core"}}, {"type": "Feature", "geometry": {"type": "Point", "coordinates": [-74.087659, 40.810956]}, "properties": {"road": "NJ 3", "aadt": 150467, "year": 2022, "tier": "core"}}, {"type": "Feature", "geometry": {"type": "Point", "coordinates": [-74.089864, 40.81096]}, "properties": {"road": "NJ 3", "aadt": 150467, "year": 2022, "tier": "core"}}, {"type": "Feature", "geometry": {"type": "Point", "coordinates": [-74.093023, 40.810665]}, "properties": {"road": "NJ 3", "aadt": 150467, "year": 2022, "tier": "core"}}, {"type": "Feature", "geometry": {"type": "Point", "coordinates": [-74.096197, 40.810348]}, "properties": {"road": "NJ 3", "aadt": 150467, "year": 2022, "tier": "core"}}, {"type": "Feature", "geometry": {"type": "Point", "coordinates": [-74.098771, 40.810399]}, "properties": {"road": "NJ 3", "aadt": 150467, "year": 2022, "tier": "core"}}, {"type": "Feature", "geometry": {"type": "Point", "coordinates": [-74.09995, 40.810578]}, "properties": {"road": "NJ 3", "aadt": 150467, "year": 2022, "tier": "core"}}, {"type": "Feature", "geometry": {"type": "Point", "coordinates": [-74.10109, 40.810866]}, "properties": {"road": "NJ 3", "aadt": 150467, "year": 2022, "tier": "core"}}, {"type": "Feature", "geometry": {"type": "Point", "coordinates": [-74.101867, 40.811128]}, "properties": {"road": "NJ 3", "aadt": 150467, "year": 2022, "tier": "core"}}, {"type": "Feature", "geometry": {"type": "Point", "coordinates": [-74.103771, 40.811955]}, "properties": {"road": "NJ 3", "aadt": 150467, "year": 2022, "tier": "core"}}, {"type": "Feature", "geometry": {"type": "Point", "coordinates": [-74.105516, 40.812736]}, "properties": {"road": "NJ 3", "aadt": 150467, "year": 2022, "tier": "core"}}, {"type": "Feature", "geometry": {"type": "Point", "coordinates": [-74.108824, 40.814208]}, "properties": {"road": "NJ 3", "aadt": 150467, "year": 2022, "tier": "core"}}, {"type": "Feature", "geometry": {"type": "Point", "coordinates": [-74.110042, 40.814743]}, "properties": {"road": "NJ 3", "aadt": 150467, "year": 2022, "tier": "core"}}, {"type": "Feature", "geometry": {"type": "Point", "coordinates": [-74.114044, 40.816878]}, "properties": {"road": "NJ 3", "aadt": 150467, "year": 2022, "tier": "core"}}, {"type": "Feature", "geometry": {"type": "Point", "coordinates": [-74.117682, 40.819028]}, "properties": {"road": "NJ 3", "aadt": 150467, "year": 2022, "tier": "core"}}, {"type": "Feature", "geometry": {"type": "Point", "coordinates": [-74.119431, 40.820142]}, "properties": {"road": "NJ 3", "aadt": 150467, "year": 2022, "tier": "core"}}, {"type": "Feature", "geometry": {"type": "Point", "coordinates": [-74.121404, 40.821434]}, "properties": {"road": "NJ 3", "aadt": 150467, "year": 2022, "tier": "core"}}, {"type": "Feature", "geometry": {"type": "Point", "coordinates": [-74.121858, 40.821711]}, "properties": {"road": "NJ 3", "aadt": 150467, "year": 2022, "tier": "core"}}, {"type": "Feature", "geometry": {"type": "Point", "coordinates": [-74.122715, 40.822216]}, "properties": {"road": "NJ 3", "aadt": 150467, "year": 2022, "tier": "core"}}, {"type": "Feature", "geometry": {"type": "Point", "coordinates": [-74.094146, 40.81055]}, "properties": {"road": "NJ 3", "aadt": 150467, "year": 2022, "tier": "core"}}, {"type": "Feature", "geometry": {"type": "Point", "coordinates": [-74.112998, 40.816304]}, "properties": {"road": "NJ 3", "aadt": 150467, "year": 2022, "tier": "core"}}, {"type": "Feature", "geometry": {"type": "Point", "coordinates": [-74.111193, 40.81532]}, "properties": {"road": "NJ 3", "aadt": 150467, "year": 2022, "tier": "core"}}, {"type": "Feature", "geometry": {"type": "Point", "coordinates": [-74.08323, 40.810089]}, "properties": {"road": "NJ 3", "aadt": 150467, "year": 2022, "tier": "core"}}, {"type": "Feature", "geometry": {"type": "Point", "coordinates": [-74.097802, 40.810324]}, "properties": {"road": "NJ 3", "aadt": 150467, "year": 2022, "tier": "core"}}, {"type": "Feature", "geometry": {"type": "Point", "coordinates": [-74.088749, 40.810991]}, "properties": {"road": "NJ 3", "aadt": 150467, "year": 2022, "tier": "core"}}, {"type": "Feature", "geometry": {"type": "Point", "coordinates": [-74.115094, 40.817467]}, "properties": {"road": "NJ 3", "aadt": 150467, "year": 2022, "tier": "core"}}, {"type": "Feature", "geometry": {"type": "Point", "coordinates": [-74.120281, 40.820695]}, "properties": {"road": "NJ 3", "aadt": 150467, "year": 2022, "tier": "core"}}, {"type": "Feature", "geometry": {"type": "Point", "coordinates": [-74.132143, 40.826803]}, "properties": {"road": "NJ 3", "aadt": 144931, "year": 2024, "tier": "core"}}, {"type": "Feature", "geometry": {"type": "Point", "coordinates": [-74.1239, 40.822884]}, "properties": {"road": "NJ 3", "aadt": 137186, "year": 2022, "tier": "core"}}, {"type": "Feature", "geometry": {"type": "Point", "coordinates": [-74.124783, 40.82335]}, "properties": {"road": "NJ 3", "aadt": 137186, "year": 2022, "tier": "core"}}, {"type": "Feature", "geometry": {"type": "Point", "coordinates": [-74.125445, 40.823686]}, "properties": {"road": "NJ 3", "aadt": 137186, "year": 2022, "tier": "core"}}, {"type": "Feature", "geometry": {"type": "Point", "coordinates": [-74.127714, 40.824773]}, "properties": {"road": "NJ 3", "aadt": 137186, "year": 2022, "tier": "core"}}, {"type": "Feature", "geometry": {"type": "Point", "coordinates": [-74.129031, 40.82537]}, "properties": {"road": "NJ 3", "aadt": 137186, "year": 2022, "tier": "core"}}, {"type": "Feature", "geometry": {"type": "Point", "coordinates": [-74.13004, 40.825835]}, "properties": {"road": "NJ 3", "aadt": 137186, "year": 2022, "tier": "core"}}, {"type": "Feature", "geometry": {"type": "Point", "coordinates": [-74.131412, 40.826465]}, "properties": {"road": "NJ 3", "aadt": 137186, "year": 2022, "tier": "core"}}, {"type": "Feature", "geometry": {"type": "Point", "coordinates": [-74.132712, 40.827067]}, "properties": {"road": "NJ 3", "aadt": 137186, "year": 2022, "tier": "core"}}, {"type": "Feature", "geometry": {"type": "Point", "coordinates": [-74.133697, 40.827517]}, "properties": {"road": "NJ 3", "aadt": 137186, "year": 2022, "tier": "core"}}, {"type": "Feature", "geometry": {"type": "Point", "coordinates": [-74.134713, 40.827985]}, "properties": {"road": "NJ 3", "aadt": 137186, "year": 2022, "tier": "core"}}, {"type": "Feature", "geometry": {"type": "Point", "coordinates": [-74.138281, 40.829634]}, "properties": {"road": "NJ 3", "aadt": 137186, "year": 2022, "tier": "core"}}, {"type": "Feature", "geometry": {"type": "Point", "coordinates": [-74.140682, 40.830735]}, "properties": {"road": "NJ 3", "aadt": 137186, "year": 2022, "tier": "core"}}, {"type": "Feature", "geometry": {"type": "Point", "coordinates": [-74.139483, 40.830187]}, "properties": {"road": "NJ 3", "aadt": 137186, "year": 2022, "tier": "core"}}, {"type": "Feature", "geometry": {"type": "Point", "coordinates": [-74.141998, 40.831341]}, "properties": {"road": "NJ 3", "aadt": 137186, "year": 2022, "tier": "core"}}, {"type": "Feature", "geometry": {"type": "Point", "coordinates": [-74.137037, 40.829059]}, "properties": {"road": "NJ 3", "aadt": 137186, "year": 2022, "tier": "core"}}, {"type": "Feature", "geometry": {"type": "Point", "coordinates": [-74.126883, 40.824401]}, "properties": {"road": "NJ 3", "aadt": 137186, "year": 2022, "tier": "core"}}, {"type": "Feature", "geometry": {"type": "Point", "coordinates": [-74.034879, 40.773712]}, "properties": {"road": "NJ 495", "aadt": 135639, "year": 2024, "tier": "core"}}, {"type": "Feature", "geometry": {"type": "Point", "coordinates": [-74.117843, 40.755018]}, "properties": {"road": "I 95 Ramp", "aadt": 134565, "year": 2022, "tier": "core"}}, {"type": "Feature", "geometry": {"type": "Point", "coordinates": [-74.11812, 40.754326]}, "properties": {"road": "I 95 Ramp", "aadt": 134565, "year": 2022, "tier": "core"}}, {"type": "Feature", "geometry": {"type": "Point", "coordinates": [-74.118683, 40.752921]}, "properties": {"road": "I 95 Ramp", "aadt": 134565, "year": 2022, "tier": "core"}}, {"type": "Feature", "geometry": {"type": "Point", "coordinates": [-74.11975, 40.750257]}, "properties": {"road": "I 95 Ramp", "aadt": 134565, "year": 2022, "tier": "core"}}, {"type": "Feature", "geometry": {"type": "Point", "coordinates": [-74.120308, 40.748859]}, "properties": {"road": "I 95 Ramp", "aadt": 134565, "year": 2022, "tier": "core"}}, {"type": "Feature", "geometry": {"type": "Point", "coordinates": [-74.121219, 40.746587]}, "properties": {"road": "I 95 Ramp", "aadt": 134565, "year": 2022, "tier": "core"}}, {"type": "Feature", "geometry": {"type": "Point", "coordinates": [-74.121557, 40.745745]}, "properties": {"road": "I 95 Ramp", "aadt": 134565, "year": 2022, "tier": "core"}}, {"type": "Feature", "geometry": {"type": "Point", "coordinates": [-74.122168, 40.744124]}, "properties": {"road": "I 95 Ramp", "aadt": 134565, "year": 2022, "tier": "core"}}, {"type": "Feature", "geometry": {"type": "Point", "coordinates": [-74.12245, 40.743293]}, "properties": {"road": "I 95 Ramp", "aadt": 134565, "year": 2022, "tier": "core"}}, {"type": "Feature", "geometry": {"type": "Point", "coordinates": [-74.123578, 40.739811]}, "properties": {"road": "I 95 Ramp", "aadt": 134565, "year": 2022, "tier": "core"}}, {"type": "Feature", "geometry": {"type": "Point", "coordinates": [-74.124371, 40.734075]}, "properties": {"road": "I 95 Ramp", "aadt": 134565, "year": 2022, "tier": "core"}}, {"type": "Feature", "geometry": {"type": "Point", "coordinates": [-74.12498, 40.732792]}, "properties": {"road": "I 95 Ramp", "aadt": 134565, "year": 2022, "tier": "core"}}, {"type": "Feature", "geometry": {"type": "Point", "coordinates": [-74.126087, 40.731334]}, "properties": {"road": "I 95 Ramp", "aadt": 134565, "year": 2022, "tier": "core"}}, {"type": "Feature", "geometry": {"type": "Point", "coordinates": [-74.126763, 40.730682]}, "properties": {"road": "I 95 Ramp", "aadt": 134565, "year": 2022, "tier": "core"}}, {"type": "Feature", "geometry": {"type": "Point", "coordinates": [-74.124235, 40.734505]}, "properties": {"road": "I 95 Ramp", "aadt": 134565, "year": 2022, "tier": "core"}}, {"type": "Feature", "geometry": {"type": "Point", "coordinates": [-74.119426, 40.75106]}, "properties": {"road": "I 95 Ramp", "aadt": 134565, "year": 2022, "tier": "core"}}, {"type": "Feature", "geometry": {"type": "Point", "coordinates": [-74.123773, 40.738579]}, "properties": {"road": "I 95 Ramp", "aadt": 134565, "year": 2022, "tier": "core"}}, {"type": "Feature", "geometry": {"type": "Point", "coordinates": [-74.122741, 40.742443]}, "properties": {"road": "I 95 Ramp", "aadt": 134565, "year": 2022, "tier": "core"}}, {"type": "Feature", "geometry": {"type": "Point", "coordinates": [-74.123879, 40.737235]}, "properties": {"road": "I 95 Ramp", "aadt": 134565, "year": 2022, "tier": "core"}}, {"type": "Feature", "geometry": {"type": "Point", "coordinates": [-74.123223, 40.740989]}, "properties": {"road": "I 95 Ramp", "aadt": 134565, "year": 2022, "tier": "core"}}, {"type": "Feature", "geometry": {"type": "Point", "coordinates": [-74.058349, 40.794181]}, "properties": {"road": "NJ 3", "aadt": 133402, "year": 2022, "tier": "core"}}, {"type": "Feature", "geometry": {"type": "Point", "coordinates": [-74.05869, 40.79442]}, "properties": {"road": "NJ 3", "aadt": 133402, "year": 2022, "tier": "core"}}, {"type": "Feature", "geometry": {"type": "Point", "coordinates": [-74.059424, 40.794892]}, "properties": {"road": "NJ 3", "aadt": 133402, "year": 2022, "tier": "core"}}, {"type": "Feature", "geometry": {"type": "Point", "coordinates": [-74.060675, 40.795558]}, "properties": {"road": "NJ 3", "aadt": 133402, "year": 2022, "tier": "core"}}, {"type": "Feature", "geometry": {"type": "Point", "coordinates": [-74.062214, 40.796183]}, "properties": {"road": "NJ 3", "aadt": 133402, "year": 2022, "tier": "core"}}, {"type": "Feature", "geometry": {"type": "Point", "coordinates": [-74.063312, 40.796526]}, "properties": {"road": "NJ 3", "aadt": 133402, "year": 2022, "tier": "core"}}, {"type": "Feature", "geometry": {"type": "Point", "coordinates": [-74.064373, 40.796825]}, "properties": {"road": "NJ 3", "aadt": 133402, "year": 2022, "tier": "core"}}, {"type": "Feature", "geometry": {"type": "Point", "coordinates": [-74.065875, 40.797254]}, "properties": {"road": "NJ 3", "aadt": 133402, "year": 2022, "tier": "core"}}, {"type": "Feature", "geometry": {"type": "Point", "coordinates": [-74.115699, 40.750867]}, "properties": {"road": "I 95", "aadt": 126798, "year": 2022, "tier": "core"}}, {"type": "Feature", "geometry": {"type": "Point", "coordinates": [-74.079225, 40.760607]}, "properties": {"road": "I 95", "aadt": 126798, "year": 2022, "tier": "core"}}, {"type": "Feature", "geometry": {"type": "Point", "coordinates": [-74.092777, 40.757087]}, "properties": {"road": "I 95", "aadt": 126798, "year": 2022, "tier": "core"}}, {"type": "Feature", "geometry": {"type": "Point", "coordinates": [-74.094864, 40.757051]}, "properties": {"road": "I 95", "aadt": 126798, "year": 2022, "tier": "core"}}, {"type": "Feature", "geometry": {"type": "Point", "coordinates": [-74.096335, 40.757035]}, "properties": {"road": "I 95", "aadt": 126798, "year": 2022, "tier": "core"}}, {"type": "Feature", "geometry": {"type": "Point", "coordinates": [-74.09853, 40.756996]}, "properties": {"road": "I 95", "aadt": 126798, "year": 2022, "tier": "core"}}, {"type": "Feature", "geometry": {"type": "Point", "coordinates": [-74.100665, 40.756828]}, "properties": {"road": "I 95", "aadt": 126798, "year": 2022, "tier": "core"}}, {"type": "Feature", "geometry": {"type": "Point", "coordinates": [-74.080104, 40.760186]}, "properties": {"road": "I 95", "aadt": 126798, "year": 2022, "tier": "core"}}, {"type": "Feature", "geometry": {"type": "Point", "coordinates": [-74.082323, 40.759122]}, "properties": {"road": "I 95", "aadt": 126798, "year": 2022, "tier": "core"}}, {"type": "Feature", "geometry": {"type": "Point", "coordinates": [-74.083564, 40.758541]}, "properties": {"road": "I 95", "aadt": 126798, "year": 2022, "tier": "core"}}, {"type": "Feature", "geometry": {"type": "Point", "coordinates": [-74.087369, 40.75741]}, "properties": {"road": "I 95", "aadt": 126798, "year": 2022, "tier": "core"}}, {"type": "Feature", "geometry": {"type": "Point", "coordinates": [-74.08903, 40.757191]}, "properties": {"road": "I 95", "aadt": 126798, "year": 2022, "tier": "core"}}, {"type": "Feature", "geometry": {"type": "Point", "coordinates": [-74.106701, 40.755183]}, "properties": {"road": "I 95", "aadt": 126798, "year": 2022, "tier": "core"}}, {"type": "Feature", "geometry": {"type": "Point", "coordinates": [-74.108847, 40.754261]}, "properties": {"road": "I 95", "aadt": 126798, "year": 2022, "tier": "core"}}, {"type": "Feature", "geometry": {"type": "Point", "coordinates": [-74.11081, 40.753364]}, "properties": {"road": "I 95", "aadt": 126798, "year": 2022, "tier": "core"}}, {"type": "Feature", "geometry": {"type": "Point", "coordinates": [-74.114463, 40.751553]}, "properties": {"road": "I 95", "aadt": 126798, "year": 2022, "tier": "core"}}, {"type": "Feature", "geometry": {"type": "Point", "coordinates": [-74.105424, 40.75569]}, "properties": {"road": "I 95", "aadt": 126798, "year": 2022, "tier": "core"}}, {"type": "Feature", "geometry": {"type": "Point", "coordinates": [-74.112498, 40.752547]}, "properties": {"road": "I 95", "aadt": 126798, "year": 2022, "tier": "core"}}, {"type": "Feature", "geometry": {"type": "Point", "coordinates": [-74.104228, 40.756083]}, "properties": {"road": "I 95", "aadt": 126798, "year": 2022, "tier": "core"}}, {"type": "Feature", "geometry": {"type": "Point", "coordinates": [-74.090436, 40.757118]}, "properties": {"road": "I 95", "aadt": 126798, "year": 2022, "tier": "core"}}, {"type": "Feature", "geometry": {"type": "Point", "coordinates": [-74.084818, 40.758059]}, "properties": {"road": "I 95", "aadt": 126798, "year": 2022, "tier": "core"}}, {"type": "Feature", "geometry": {"type": "Point", "coordinates": [-74.102284, 40.756562]}, "properties": {"road": "I 95", "aadt": 126798, "year": 2022, "tier": "core"}}, {"type": "Feature", "geometry": {"type": "Point", "coordinates": [-74.085901, 40.757734]}, "properties": {"road": "I 95", "aadt": 126798, "year": 2022, "tier": "core"}}, {"type": "Feature", "geometry": {"type": "Point", "coordinates": [-74.106333, 40.755336]}, "properties": {"road": "I 95", "aadt": 126798, "year": 2022, "tier": "core"}}, {"type": "Feature", "geometry": {"type": "Point", "coordinates": [-74.074273, 40.801015]}, "properties": {"road": "I 95 Ramp", "aadt": 125258, "year": 2022, "tier": "core"}}, {"type": "Feature", "geometry": {"type": "Point", "coordinates": [-74.074794, 40.800598]}, "properties": {"road": "I 95 Ramp", "aadt": 125258, "year": 2022, "tier": "core"}}, {"type": "Feature", "geometry": {"type": "Point", "coordinates": [-74.075282, 40.800206]}, "properties": {"road": "I 95 Ramp", "aadt": 125258, "year": 2022, "tier": "core"}}, {"type": "Feature", "geometry": {"type": "Point", "coordinates": [-74.077574, 40.798363]}, "properties": {"road": "I 95 Ramp", "aadt": 125258, "year": 2022, "tier": "core"}}, {"type": "Feature", "geometry": {"type": "Point", "coordinates": [-74.078536, 40.79758]}, "properties": {"road": "I 95 Ramp", "aadt": 125258, "year": 2022, "tier": "core"}}, {"type": "Feature", "geometry": {"type": "Point", "coordinates": [-74.096598, 40.781414]}, "properties": {"road": "I 95 Ramp", "aadt": 125258, "year": 2022, "tier": "core"}}, {"type": "Feature", "geometry": {"type": "Point", "coordinates": [-74.098031, 40.779782]}, "properties": {"road": "I 95 Ramp", "aadt": 125258, "year": 2022, "tier": "core"}}, {"type": "Feature", "geometry": {"type": "Point", "coordinates": [-74.098694, 40.779023]}, "properties": {"road": "I 95 Ramp", "aadt": 125258, "year": 2022, "tier": "core"}}, {"type": "Feature", "geometry": {"type": "Point", "coordinates": [-74.099996, 40.777541]}, "properties": {"road": "I 95 Ramp", "aadt": 125258, "year": 2022, "tier": "core"}}, {"type": "Feature", "geometry": {"type": "Point", "coordinates": [-74.100857, 40.776554]}, "properties": {"road": "I 95 Ramp", "aadt": 125258, "year": 2022, "tier": "core"}}, {"type": "Feature", "geometry": {"type": "Point", "coordinates": [-74.101423, 40.77591]}, "properties": {"road": "I 95 Ramp", "aadt": 125258, "year": 2022, "tier": "core"}}, {"type": "Feature", "geometry": {"type": "Point", "coordinates": [-74.101964, 40.775284]}, "properties": {"road": "I 95 Ramp", "aadt": 125258, "year": 2022, "tier": "core"}}, {"type": "Feature", "geometry": {"type": "Point", "coordinates": [-74.102999, 40.774101]}, "properties": {"road": "I 95 Ramp", "aadt": 125258, "year": 2022, "tier": "core"}}, {"type": "Feature", "geometry": {"type": "Point", "coordinates": [-74.104324, 40.772583]}, "properties": {"road": "I 95 Ramp", "aadt": 125258, "year": 2022, "tier": "core"}}, {"type": "Feature", "geometry": {"type": "Point", "coordinates": [-74.105991, 40.770684]}, "properties": {"road": "I 95 Ramp", "aadt": 125258, "year": 2022, "tier": "core"}}, {"type": "Feature", "geometry": {"type": "Point", "coordinates": [-74.107387, 40.769084]}, "properties": {"road": "I 95 Ramp", "aadt": 125258, "year": 2022, "tier": "core"}}, {"type": "Feature", "geometry": {"type": "Point", "coordinates": [-74.108106, 40.768261]}, "properties": {"road": "I 95 Ramp", "aadt": 125258, "year": 2022, "tier": "core"}}, {"type": "Feature", "geometry": {"type": "Point", "coordinates": [-74.109171, 40.767042]}, "properties": {"road": "I 95 Ramp", "aadt": 125258, "year": 2022, "tier": "core"}}, {"type": "Feature", "geometry": {"type": "Point", "coordinates": [-74.110506, 40.765513]}, "properties": {"road": "I 95 Ramp", "aadt": 125258, "year": 2022, "tier": "core"}}, {"type": "Feature", "geometry": {"type": "Point", "coordinates": [-74.111268, 40.764665]}, "properties": {"road": "I 95 Ramp", "aadt": 125258, "year": 2022, "tier": "core"}}, {"type": "Feature", "geometry": {"type": "Point", "coordinates": [-74.113918, 40.761611]}, "properties": {"road": "I 95 Ramp", "aadt": 125258, "year": 2022, "tier": "core"}}, {"type": "Feature", "geometry": {"type": "Point", "coordinates": [-74.114385, 40.76105]}, "properties": {"road": "I 95 Ramp", "aadt": 125258, "year": 2022, "tier": "core"}}, {"type": "Feature", "geometry": {"type": "Point", "coordinates": [-74.114666, 40.760698]}, "properties": {"road": "I 95 Ramp", "aadt": 125258, "year": 2022, "tier": "core"}}, {"type": "Feature", "geometry": {"type": "Point", "coordinates": [-74.115761, 40.75914]}, "properties": {"road": "I 95 Ramp", "aadt": 125258, "year": 2022, "tier": "core"}}, {"type": "Feature", "geometry": {"type": "Point", "coordinates": [-74.116506, 40.7579]}, "properties": {"road": "I 95 Ramp", "aadt": 125258, "year": 2022, "tier": "core"}}, {"type": "Feature", "geometry": {"type": "Point", "coordinates": [-74.117157, 40.756657]}, "properties": {"road": "I 95 Ramp", "aadt": 125258, "year": 2022, "tier": "core"}}, {"type": "Feature", "geometry": {"type": "Point", "coordinates": [-74.117581, 40.755672]}, "properties": {"road": "I 95 Ramp", "aadt": 125258, "year": 2022, "tier": "core"}}, {"type": "Feature", "geometry": {"type": "Point", "coordinates": [-74.11238, 40.763385]}, "properties": {"road": "I 95 Ramp", "aadt": 125258, "year": 2022, "tier": "core"}}, {"type": "Feature", "geometry": {"type": "Point", "coordinates": [-74.079199, 40.797041]}, "properties": {"road": "I 95 Ramp", "aadt": 125258, "year": 2022, "tier": "core"}}, {"type": "Feature", "geometry": {"type": "Point", "coordinates": [-74.082618, 40.794303]}, "properties": {"road": "I 95 Ramp", "aadt": 125258, "year": 2022, "tier": "core"}}, {"type": "Feature", "geometry": {"type": "Point", "coordinates": [-74.087861, 40.789872]}, "properties": {"road": "I 95 Ramp", "aadt": 125258, "year": 2022, "tier": "core"}}, {"type": "Feature", "geometry": {"type": "Point", "coordinates": [-74.089436, 40.78838]}, "properties": {"road": "I 95 Ramp", "aadt": 125258, "year": 2022, "tier": "core"}}, {"type": "Feature", "geometry": {"type": "Point", "coordinates": [-74.090068, 40.787795]}, "properties": {"road": "I 95 Ramp", "aadt": 125258, "year": 2022, "tier": "core"}}, {"type": "Feature", "geometry": {"type": "Point", "coordinates": [-74.090902, 40.787002]}, "properties": {"road": "I 95 Ramp", "aadt": 125258, "year": 2022, "tier": "core"}}, {"type": "Feature", "geometry": {"type": "Point", "coordinates": [-74.091815, 40.786137]}, "properties": {"road": "I 95 Ramp", "aadt": 125258, "year": 2022, "tier": "core"}}, {"type": "Feature", "geometry": {"type": "Point", "coordinates": [-74.092987, 40.785032]}, "properties": {"road": "I 95 Ramp", "aadt": 125258, "year": 2022, "tier": "core"}}, {"type": "Feature", "geometry": {"type": "Point", "coordinates": [-74.093919, 40.784153]}, "properties": {"road": "I 95 Ramp", "aadt": 125258, "year": 2022, "tier": "core"}}, {"type": "Feature", "geometry": {"type": "Point", "coordinates": [-74.096044, 40.782017]}, "properties": {"road": "I 95 Ramp", "aadt": 125258, "year": 2022, "tier": "core"}}, {"type": "Feature", "geometry": {"type": "Point", "coordinates": [-74.084533, 40.792766]}, "properties": {"road": "I 95 Ramp", "aadt": 125258, "year": 2022, "tier": "core"}}, {"type": "Feature", "geometry": {"type": "Point", "coordinates": [-74.093513, 40.784535]}, "properties": {"road": "I 95 Ramp", "aadt": 125258, "year": 2022, "tier": "core"}}, {"type": "Feature", "geometry": {"type": "Point", "coordinates": [-74.084254, 40.79299]}, "properties": {"road": "I 95 Ramp", "aadt": 125258, "year": 2022, "tier": "core"}}, {"type": "Feature", "geometry": {"type": "Point", "coordinates": [-74.101741, 40.775542]}, "properties": {"road": "I 95 Ramp", "aadt": 125258, "year": 2022, "tier": "core"}}, {"type": "Feature", "geometry": {"type": "Point", "coordinates": [-74.081252, 40.795392]}, "properties": {"road": "I 95 Ramp", "aadt": 125258, "year": 2022, "tier": "core"}}, {"type": "Feature", "geometry": {"type": "Point", "coordinates": [-74.076468, 40.799253]}, "properties": {"road": "I 95 Ramp", "aadt": 125258, "year": 2022, "tier": "core"}}, {"type": "Feature", "geometry": {"type": "Point", "coordinates": [-74.115202, 40.759979]}, "properties": {"road": "I 95 Ramp", "aadt": 125258, "year": 2022, "tier": "core"}}, {"type": "Feature", "geometry": {"type": "Point", "coordinates": [-74.085227, 40.792208]}, "properties": {"road": "I 95 Ramp", "aadt": 125258, "year": 2022, "tier": "core"}}, {"type": "Feature", "geometry": {"type": "Point", "coordinates": [-74.088325, 40.789434]}, "properties": {"road": "I 95 Ramp", "aadt": 125258, "year": 2022, "tier": "core"}}, {"type": "Feature", "geometry": {"type": "Point", "coordinates": [-74.085771, 40.791752]}, "properties": {"road": "I 95 Ramp", "aadt": 125258, "year": 2022, "tier": "core"}}, {"type": "Feature", "geometry": {"type": "Point", "coordinates": [-74.104909, 40.771922]}, "properties": {"road": "I 95 Ramp", "aadt": 125258, "year": 2022, "tier": "core"}}, {"type": "Feature", "geometry": {"type": "Point", "coordinates": [-74.127523, 40.730002]}, "properties": {"road": "I 95 Ramp", "aadt": 121805, "year": 2022, "tier": "core"}}, {"type": "Feature", "geometry": {"type": "Point", "coordinates": [-74.128539, 40.729109]}, "properties": {"road": "I 95 Ramp", "aadt": 121805, "year": 2022, "tier": "core"}}, {"type": "Feature", "geometry": {"type": "Point", "coordinates": [-74.129686, 40.728104]}, "properties": {"road": "I 95 Ramp", "aadt": 121805, "year": 2022, "tier": "core"}}, {"type": "Feature", "geometry": {"type": "Point", "coordinates": [-74.130498, 40.727392]}, "properties": {"road": "I 95 Ramp", "aadt": 121805, "year": 2022, "tier": "core"}}, {"type": "Feature", "geometry": {"type": "Point", "coordinates": [-74.131083, 40.726881]}, "properties": {"road": "I 95 Ramp", "aadt": 121805, "year": 2022, "tier": "core"}}, {"type": "Feature", "geometry": {"type": "Point", "coordinates": [-74.131537, 40.726433]}, "properties": {"road": "I 95 Ramp", "aadt": 121805, "year": 2022, "tier": "core"}}, {"type": "Feature", "geometry": {"type": "Point", "coordinates": [-74.13256, 40.72533]}, "properties": {"road": "I 95 Ramp", "aadt": 121805, "year": 2022, "tier": "core"}}, {"type": "Feature", "geometry": {"type": "Point", "coordinates": [-74.134006, 40.723396]}, "properties": {"road": "I 95 Ramp", "aadt": 121805, "year": 2022, "tier": "core"}}, {"type": "Feature", "geometry": {"type": "Point", "coordinates": [-74.13454, 40.721939]}, "properties": {"road": "I 95 Ramp", "aadt": 121805, "year": 2022, "tier": "core"}}, {"type": "Feature", "geometry": {"type": "Point", "coordinates": [-74.134587, 40.721114]}, "properties": {"road": "I 95 Ramp", "aadt": 121805, "year": 2022, "tier": "core"}}, {"type": "Feature", "geometry": {"type": "Point", "coordinates": [-74.134549, 40.720199]}, "properties": {"road": "I 95 Ramp", "aadt": 121805, "year": 2022, "tier": "core"}}, {"type": "Feature", "geometry": {"type": "Point", "coordinates": [-74.025144, 40.769339]}, "properties": {"road": "NJ 495", "aadt": 120770, "year": 2022, "tier": "core"}}, {"type": "Feature", "geometry": {"type": "Point", "coordinates": [-74.025945, 40.769691]}, "properties": {"road": "NJ 495", "aadt": 120770, "year": 2022, "tier": "core"}}, {"type": "Feature", "geometry": {"type": "Point", "coordinates": [-74.029646, 40.77122]}, "properties": {"road": "NJ 495", "aadt": 120770, "year": 2022, "tier": "core"}}, {"type": "Feature", "geometry": {"type": "Point", "coordinates": [-74.032567, 40.77265]}, "properties": {"road": "NJ 495", "aadt": 120770, "year": 2022, "tier": "core"}}, {"type": "Feature", "geometry": {"type": "Point", "coordinates": [-74.03897, 40.775199]}, "properties": {"road": "NJ 495", "aadt": 120770, "year": 2022, "tier": "core"}}, {"type": "Feature", "geometry": {"type": "Point", "coordinates": [-74.04306, 40.776667]}, "properties": {"road": "NJ 495", "aadt": 120770, "year": 2022, "tier": "core"}}, {"type": "Feature", "geometry": {"type": "Point", "coordinates": [-74.044426, 40.776995]}, "properties": {"road": "NJ 495", "aadt": 120770, "year": 2022, "tier": "core"}}, {"type": "Feature", "geometry": {"type": "Point", "coordinates": [-74.02365, 40.768677]}, "properties": {"road": "NJ 495", "aadt": 120770, "year": 2022, "tier": "core"}}, {"type": "Feature", "geometry": {"type": "Point", "coordinates": [-74.034423, 40.773521]}, "properties": {"road": "NJ 495", "aadt": 120770, "year": 2022, "tier": "core"}}, {"type": "Feature", "geometry": {"type": "Point", "coordinates": [-74.045361, 40.777113]}, "properties": {"road": "NJ 495", "aadt": 120770, "year": 2022, "tier": "core"}}, {"type": "Feature", "geometry": {"type": "Point", "coordinates": [-74.039706, 40.775451]}, "properties": {"road": "NJ 495", "aadt": 120770, "year": 2022, "tier": "core"}}, {"type": "Feature", "geometry": {"type": "Point", "coordinates": [-74.038033, 40.77488]}, "properties": {"road": "NJ 495", "aadt": 120770, "year": 2022, "tier": "core"}}, {"type": "Feature", "geometry": {"type": "Point", "coordinates": [-74.03669, 40.774396]}, "properties": {"road": "NJ 495", "aadt": 120770, "year": 2022, "tier": "core"}}, {"type": "Feature", "geometry": {"type": "Point", "coordinates": [-74.037178, 40.774569]}, "properties": {"road": "NJ 495", "aadt": 120770, "year": 2022, "tier": "core"}}, {"type": "Feature", "geometry": {"type": "Point", "coordinates": [-74.031249, 40.772006]}, "properties": {"road": "NJ 495", "aadt": 120770, "year": 2022, "tier": "core"}}, {"type": "Feature", "geometry": {"type": "Point", "coordinates": [-74.027845, 40.770475]}, "properties": {"road": "NJ 495", "aadt": 120770, "year": 2022, "tier": "core"}}, {"type": "Feature", "geometry": {"type": "Point", "coordinates": [-74.055839, 40.78078]}, "properties": {"road": "I 95", "aadt": 118293, "year": 2022, "tier": "core"}}, {"type": "Feature", "geometry": {"type": "Point", "coordinates": [-74.056289, 40.780174]}, "properties": {"road": "I 95", "aadt": 118293, "year": 2022, "tier": "core"}}, {"type": "Feature", "geometry": {"type": "Point", "coordinates": [-74.057745, 40.777631]}, "properties": {"road": "I 95", "aadt": 118293, "year": 2022, "tier": "core"}}, {"type": "Feature", "geometry": {"type": "Point", "coordinates": [-74.057981, 40.777267]}, "properties": {"road": "I 95", "aadt": 118293, "year": 2022, "tier": "core"}}, {"type": "Feature", "geometry": {"type": "Point", "coordinates": [-74.059155, 40.775567]}, "properties": {"road": "I 95", "aadt": 118293, "year": 2022, "tier": "core"}}, {"type": "Feature", "geometry": {"type": "Point", "coordinates": [-74.064581, 40.768271]}, "properties": {"road": "I 95", "aadt": 118293, "year": 2022, "tier": "core"}}, {"type": "Feature", "geometry": {"type": "Point", "coordinates": [-74.065905, 40.767179]}, "properties": {"road": "I 95", "aadt": 118293, "year": 2022, "tier": "core"}}, {"type": "Feature", "geometry": {"type": "Point", "coordinates": [-74.067491, 40.766098]}, "properties": {"road": "I 95", "aadt": 118293, "year": 2022, "tier": "core"}}, {"type": "Feature", "geometry": {"type": "Point", "coordinates": [-74.068704, 40.765402]}, "properties": {"road": "I 95", "aadt": 118293, "year": 2022, "tier": "core"}}, {"type": "Feature", "geometry": {"type": "Point", "coordinates": [-74.07613, 40.762013]}, "properties": {"road": "I 95", "aadt": 118293, "year": 2022, "tier": "core"}}, {"type": "Feature", "geometry": {"type": "Point", "coordinates": [-74.076944, 40.761646]}, "properties": {"road": "I 95", "aadt": 118293, "year": 2022, "tier": "core"}}, {"type": "Feature", "geometry": {"type": "Point", "coordinates": [-74.069502, 40.764988]}, "properties": {"road": "I 95", "aadt": 118293, "year": 2022, "tier": "core"}}, {"type": "Feature", "geometry": {"type": "Point", "coordinates": [-74.056793, 40.779379]}, "properties": {"road": "I 95", "aadt": 118293, "year": 2022, "tier": "core"}}, {"type": "Feature", "geometry": {"type": "Point", "coordinates": [-74.063602, 40.769218]}, "properties": {"road": "I 95", "aadt": 118293, "year": 2022, "tier": "core"}}, {"type": "Feature", "geometry": {"type": "Point", "coordinates": [-74.07522, 40.762417]}, "properties": {"road": "I 95", "aadt": 118293, "year": 2022, "tier": "core"}}, {"type": "Feature", "geometry": {"type": "Point", "coordinates": [-74.056608, 40.779696]}, "properties": {"road": "I 95", "aadt": 118293, "year": 2022, "tier": "core"}}, {"type": "Feature", "geometry": {"type": "Point", "coordinates": [-74.060827, 40.77301]}, "properties": {"road": "I 95", "aadt": 118293, "year": 2022, "tier": "core"}}, {"type": "Feature", "geometry": {"type": "Point", "coordinates": [-74.061188, 40.77244]}, "properties": {"road": "I 95", "aadt": 118293, "year": 2022, "tier": "core"}}, {"type": "Feature", "geometry": {"type": "Point", "coordinates": [-74.062636, 40.770333]}, "properties": {"road": "I 95", "aadt": 118293, "year": 2022, "tier": "core"}}, {"type": "Feature", "geometry": {"type": "Point", "coordinates": [-74.060361, 40.773756]}, "properties": {"road": "I 95", "aadt": 118293, "year": 2022, "tier": "core"}}, {"type": "Feature", "geometry": {"type": "Point", "coordinates": [-74.061682, 40.771655]}, "properties": {"road": "I 95", "aadt": 118293, "year": 2022, "tier": "core"}}, {"type": "Feature", "geometry": {"type": "Point", "coordinates": [-74.072141, 40.763792]}, "properties": {"road": "I 95", "aadt": 118293, "year": 2022, "tier": "core"}}, {"type": "Feature", "geometry": {"type": "Point", "coordinates": [-74.074447, 40.762764]}, "properties": {"road": "I 95", "aadt": 118293, "year": 2022, "tier": "core"}}, {"type": "Feature", "geometry": {"type": "Point", "coordinates": [-74.059885, 40.774519]}, "properties": {"road": "I 95", "aadt": 118293, "year": 2022, "tier": "core"}}, {"type": "Feature", "geometry": {"type": "Point", "coordinates": [-74.073174, 40.763331]}, "properties": {"road": "I 95", "aadt": 118293, "year": 2022, "tier": "core"}}, {"type": "Feature", "geometry": {"type": "Point", "coordinates": [-74.077094, 40.807291]}, "properties": {"road": "NJ 3", "aadt": 117435, "year": 2022, "tier": "core"}}, {"type": "Feature", "geometry": {"type": "Point", "coordinates": [-74.077807, 40.807658]}, "properties": {"road": "NJ 3", "aadt": 117435, "year": 2022, "tier": "core"}}, {"type": "Feature", "geometry": {"type": "Point", "coordinates": [-74.079474, 40.808444]}, "properties": {"road": "NJ 3", "aadt": 117435, "year": 2022, "tier": "core"}}, {"type": "Feature", "geometry": {"type": "Point", "coordinates": [-74.075218, 40.805985]}, "properties": {"road": "NJ 3", "aadt": 117435, "year": 2022, "tier": "core"}}, {"type": "Feature", "geometry": {"type": "Point", "coordinates": [-74.074313, 40.805097]}, "properties": {"road": "NJ 3", "aadt": 117435, "year": 2022, "tier": "core"}}, {"type": "Feature", "geometry": {"type": "Point", "coordinates": [-74.128085, 40.728742]}, "properties": {"road": "I 95", "aadt": 116702, "year": 2022, "tier": "core"}}, {"type": "Feature", "geometry": {"type": "Point", "coordinates": [-74.129508, 40.727631]}, "properties": {"road": "I 95", "aadt": 116702, "year": 2022, "tier": "core"}}, {"type": "Feature", "geometry": {"type": "Point", "coordinates": [-74.130575, 40.726758]}, "properties": {"road": "I 95", "aadt": 116702, "year": 2022, "tier": "core"}}, {"type": "Feature", "geometry": {"type": "Point", "coordinates": [-74.131198, 40.726139]}, "properties": {"road": "I 95", "aadt": 116702, "year": 2022, "tier": "core"}}, {"type": "Feature", "geometry": {"type": "Point", "coordinates": [-74.131869, 40.725334]}, "properties": {"road": "I 95", "aadt": 116702, "year": 2022, "tier": "core"}}, {"type": "Feature", "geometry": {"type": "Point", "coordinates": [-74.132433, 40.724481]}, "properties": {"road": "I 95", "aadt": 116702, "year": 2022, "tier": "core"}}, {"type": "Feature", "geometry": {"type": "Point", "coordinates": [-74.132661, 40.724071]}, "properties": {"road": "I 95", "aadt": 116702, "year": 2022, "tier": "core"}}, {"type": "Feature", "geometry": {"type": "Point", "coordinates": [-74.133128, 40.722875]}, "properties": {"road": "I 95", "aadt": 116702, "year": 2022, "tier": "core"}}, {"type": "Feature", "geometry": {"type": "Point", "coordinates": [-74.133638, 40.721461]}, "properties": {"road": "I 95", "aadt": 116702, "year": 2022, "tier": "core"}}, {"type": "Feature", "geometry": {"type": "Point", "coordinates": [-74.128582, 40.728365]}, "properties": {"road": "I 95", "aadt": 116702, "year": 2022, "tier": "core"}}, {"type": "Feature", "geometry": {"type": "Point", "coordinates": [-74.148809, 40.720301]}, "properties": {"road": "US 1", "aadt": 116027, "year": 2022, "tier": "core"}}, {"type": "Feature", "geometry": {"type": "Point", "coordinates": [-74.051745, 40.789251]}, "properties": {"road": "NJ 3", "aadt": 115130, "year": 2024, "tier": "core"}}, {"type": "Feature", "geometry": {"type": "Point", "coordinates": [-74.050031, 40.787766]}, "properties": {"road": "NJ 3", "aadt": 114399, "year": 2022, "tier": "core"}}, {"type": "Feature", "geometry": {"type": "Point", "coordinates": [-74.055406, 40.79191]}, "properties": {"road": "NJ 3", "aadt": 114399, "year": 2022, "tier": "core"}}, {"type": "Feature", "geometry": {"type": "Point", "coordinates": [-74.056359, 40.79259]}, "properties": {"road": "NJ 3", "aadt": 114399, "year": 2022, "tier": "core"}}, {"type": "Feature", "geometry": {"type": "Point", "coordinates": [-74.057001, 40.793053]}, "properties": {"road": "NJ 3", "aadt": 114399, "year": 2022, "tier": "core"}}, {"type": "Feature", "geometry": {"type": "Point", "coordinates": [-74.055864, 40.792237]}, "properties": {"road": "NJ 3", "aadt": 114399, "year": 2022, "tier": "core"}}, {"type": "Feature", "geometry": {"type": "Point", "coordinates": [-74.052154, 40.789575]}, "properties": {"road": "NJ 3", "aadt": 114399, "year": 2022, "tier": "core"}}, {"type": "Feature", "geometry": {"type": "Point", "coordinates": [-74.050765, 40.788458]}, "properties": {"road": "NJ 3", "aadt": 114399, "year": 2022, "tier": "core"}}, {"type": "Feature", "geometry": {"type": "Point", "coordinates": [-74.053421, 40.790502]}, "properties": {"road": "NJ 3", "aadt": 114399, "year": 2022, "tier": "core"}}, {"type": "Feature", "geometry": {"type": "Point", "coordinates": [-74.1195, 40.74772]}, "properties": {"road": "I 95", "aadt": 111612, "year": 2022, "tier": "core"}}, {"type": "Feature", "geometry": {"type": "Point", "coordinates": [-74.120418, 40.746537]}, "properties": {"road": "I 95", "aadt": 111612, "year": 2022, "tier": "core"}}, {"type": "Feature", "geometry": {"type": "Point", "coordinates": [-74.121377, 40.744917]}, "properties": {"road": "I 95", "aadt": 111612, "year": 2022, "tier": "core"}}, {"type": "Feature", "geometry": {"type": "Point", "coordinates": [-74.121715, 40.74415]}, "properties": {"road": "I 95", "aadt": 111612, "year": 2022, "tier": "core"}}, {"type": "Feature", "geometry": {"type": "Point", "coordinates": [-74.122154, 40.742897]}, "properties": {"road": "I 95", "aadt": 111612, "year": 2022, "tier": "core"}}, {"type": "Feature", "geometry": {"type": "Point", "coordinates": [-74.123203, 40.739595]}, "properties": {"road": "I 95", "aadt": 111612, "year": 2022, "tier": "core"}}, {"type": "Feature", "geometry": {"type": "Point", "coordinates": [-74.123363, 40.737848]}, "properties": {"road": "I 95", "aadt": 111612, "year": 2022, "tier": "core"}}, {"type": "Feature", "geometry": {"type": "Point", "coordinates": [-74.123412, 40.736769]}, "properties": {"road": "I 95", "aadt": 111612, "year": 2022, "tier": "core"}}, {"type": "Feature", "geometry": {"type": "Point", "coordinates": [-74.123671, 40.734157]}, "properties": {"road": "I 95", "aadt": 111612, "year": 2022, "tier": "core"}}, {"type": "Feature", "geometry": {"type": "Point", "coordinates": [-74.124463, 40.732283]}, "properties": {"road": "I 95", "aadt": 111612, "year": 2022, "tier": "core"}}, {"type": "Feature", "geometry": {"type": "Point", "coordinates": [-74.125273, 40.73116]}, "properties": {"road": "I 95", "aadt": 111612, "year": 2022, "tier": "core"}}, {"type": "Feature", "geometry": {"type": "Point", "coordinates": [-74.126431, 40.730056]}, "properties": {"road": "I 95", "aadt": 111612, "year": 2022, "tier": "core"}}, {"type": "Feature", "geometry": {"type": "Point", "coordinates": [-74.124079, 40.733011]}, "properties": {"road": "I 95", "aadt": 111612, "year": 2022, "tier": "core"}}, {"type": "Feature", "geometry": {"type": "Point", "coordinates": [-74.122906, 40.740656]}, "properties": {"road": "I 95", "aadt": 111612, "year": 2022, "tier": "core"}}, {"type": "Feature", "geometry": {"type": "Point", "coordinates": [-74.122545, 40.741731]}, "properties": {"road": "I 95", "aadt": 111612, "year": 2022, "tier": "core"}}, {"type": "Feature", "geometry": {"type": "Point", "coordinates": [-74.122497, 40.741874]}, "properties": {"road": "I 95", "aadt": 111612, "year": 2022, "tier": "core"}}, {"type": "Feature", "geometry": {"type": "Point", "coordinates": [-74.117119, 40.749914]}, "properties": {"road": "I 95", "aadt": 111612, "year": 2022, "tier": "core"}}, {"type": "Feature", "geometry": {"type": "Point", "coordinates": [-74.11829, 40.748949]}, "properties": {"road": "I 95", "aadt": 111612, "year": 2022, "tier": "core"}}, {"type": "Feature", "geometry": {"type": "Point", "coordinates": [-74.123518, 40.734995]}, "properties": {"road": "I 95", "aadt": 111612, "year": 2022, "tier": "core"}}, {"type": "Feature", "geometry": {"type": "Point", "coordinates": [-74.013294, 40.764169]}, "properties": {"road": "NJ 495", "aadt": 110985, "year": 2022, "tier": "core"}}, {"type": "Feature", "geometry": {"type": "Point", "coordinates": [-74.016014, 40.765333]}, "properties": {"road": "NJ 495", "aadt": 110985, "year": 2022, "tier": "core"}}, {"type": "Feature", "geometry": {"type": "Point", "coordinates": [-74.021133, 40.767056]}, "properties": {"road": "NJ 495", "aadt": 110985, "year": 2022, "tier": "core"}}, {"type": "Feature", "geometry": {"type": "Point", "coordinates": [-74.02176, 40.766982]}, "properties": {"road": "NJ 495", "aadt": 110985, "year": 2022, "tier": "core"}}, {"type": "Feature", "geometry": {"type": "Point", "coordinates": [-74.022742, 40.766202]}, "properties": {"road": "NJ 495", "aadt": 110985, "year": 2022, "tier": "core"}}, {"type": "Feature", "geometry": {"type": "Point", "coordinates": [-74.024477, 40.763238]}, "properties": {"road": "NJ 495", "aadt": 110985, "year": 2022, "tier": "core"}}, {"type": "Feature", "geometry": {"type": "Point", "coordinates": [-74.022227, 40.764041]}, "properties": {"road": "NJ 495", "aadt": 110985, "year": 2022, "tier": "core"}}, {"type": "Feature", "geometry": {"type": "Point", "coordinates": [-74.022006, 40.764568]}, "properties": {"road": "NJ 495", "aadt": 110985, "year": 2022, "tier": "core"}}, {"type": "Feature", "geometry": {"type": "Point", "coordinates": [-74.021563, 40.765943]}, "properties": {"road": "NJ 495", "aadt": 110985, "year": 2022, "tier": "core"}}, {"type": "Feature", "geometry": {"type": "Point", "coordinates": [-74.023309, 40.765281]}, "properties": {"road": "NJ 495", "aadt": 110985, "year": 2022, "tier": "core"}}, {"type": "Feature", "geometry": {"type": "Point", "coordinates": [-74.020281, 40.766967]}, "properties": {"road": "NJ 495", "aadt": 110985, "year": 2022, "tier": "core"}}, {"type": "Feature", "geometry": {"type": "Point", "coordinates": [-74.024472, 40.763766]}, "properties": {"road": "NJ 495", "aadt": 110985, "year": 2022, "tier": "core"}}, {"type": "Feature", "geometry": {"type": "Point", "coordinates": [-74.022777, 40.763064]}, "properties": {"road": "NJ 495", "aadt": 110985, "year": 2022, "tier": "core"}}, {"type": "Feature", "geometry": {"type": "Point", "coordinates": [-74.011018, 40.763195]}, "properties": {"road": "NJ 495", "aadt": 110985, "year": 2022, "tier": "core"}}, {"type": "Feature", "geometry": {"type": "Point", "coordinates": [-74.023728, 40.764517]}, "properties": {"road": "NJ 495", "aadt": 110985, "year": 2022, "tier": "core"}}, {"type": "Feature", "geometry": {"type": "Point", "coordinates": [-74.010187, 40.762839]}, "properties": {"road": "NJ 495", "aadt": 110985, "year": 2022, "tier": "core"}}, {"type": "Feature", "geometry": {"type": "Point", "coordinates": [-74.018905, 40.766536]}, "properties": {"road": "NJ 495", "aadt": 110985, "year": 2022, "tier": "core"}}, {"type": "Feature", "geometry": {"type": "Point", "coordinates": [-74.049662, 40.787443]}, "properties": {"road": "I 95", "aadt": 102638, "year": 2022, "tier": "core"}}, {"type": "Feature", "geometry": {"type": "Point", "coordinates": [-74.051331, 40.785714]}, "properties": {"road": "I 95", "aadt": 102638, "year": 2022, "tier": "core"}}, {"type": "Feature", "geometry": {"type": "Point", "coordinates": [-74.052958, 40.784028]}, "properties": {"road": "I 95", "aadt": 102638, "year": 2022, "tier": "core"}}, {"type": "Feature", "geometry": {"type": "Point", "coordinates": [-74.053981, 40.782963]}, "properties": {"road": "I 95", "aadt": 102638, "year": 2022, "tier": "core"}}, {"type": "Feature", "geometry": {"type": "Point", "coordinates": [-74.055146, 40.781653]}, "properties": {"road": "I 95", "aadt": 102638, "year": 2022, "tier": "core"}}, {"type": "Feature", "geometry": {"type": "Point", "coordinates": [-74.052023, 40.784995]}, "properties": {"road": "I 95", "aadt": 102638, "year": 2022, "tier": "core"}}, {"type": "Feature", "geometry": {"type": "Point", "coordinates": [-74.14234, 40.831501]}, "properties": {"road": "NJ 3", "aadt": 100718, "year": 2022, "tier": "core"}}, {"type": "Feature", "geometry": {"type": "Point", "coordinates": [-74.142975, 40.831797]}, "properties": {"road": "NJ 3", "aadt": 100718, "year": 2022, "tier": "core"}}, {"type": "Feature", "geometry": {"type": "Point", "coordinates": [-74.146558, 40.833444]}, "properties": {"road": "NJ 3", "aadt": 100718, "year": 2022, "tier": "core"}}, {"type": "Feature", "geometry": {"type": "Point", "coordinates": [-74.147704, 40.833976]}, "properties": {"road": "NJ 3", "aadt": 100718, "year": 2022, "tier": "core"}}, {"type": "Feature", "geometry": {"type": "Point", "coordinates": [-74.148553, 40.834372]}, "properties": {"road": "NJ 3", "aadt": 100718, "year": 2022, "tier": "core"}}, {"type": "Feature", "geometry": {"type": "Point", "coordinates": [-74.148956, 40.834557]}, "properties": {"road": "NJ 3", "aadt": 100718, "year": 2022, "tier": "core"}}, {"type": "Feature", "geometry": {"type": "Point", "coordinates": [-74.144899, 40.832684]}, "properties": {"road": "NJ 3", "aadt": 100718, "year": 2022, "tier": "core"}}, {"type": "Feature", "geometry": {"type": "Point", "coordinates": [-74.111378, 40.73087]}, "properties": {"road": "NJ 1 Ramp", "aadt": 97519, "year": 2022, "tier": "core"}}, {"type": "Feature", "geometry": {"type": "Point", "coordinates": [-74.113467, 40.731383]}, "properties": {"road": "NJ 1 Ramp", "aadt": 97519, "year": 2022, "tier": "core"}}, {"type": "Feature", "geometry": {"type": "Point", "coordinates": [-74.114813, 40.73169]}, "properties": {"road": "NJ 1 Ramp", "aadt": 97519, "year": 2022, "tier": "core"}}, {"type": "Feature", "geometry": {"type": "Point", "coordinates": [-74.116179, 40.731991]}, "properties": {"road": "NJ 1 Ramp", "aadt": 97519, "year": 2022, "tier": "core"}}, {"type": "Feature", "geometry": {"type": "Point", "coordinates": [-74.112171, 40.73108]}, "properties": {"road": "NJ 1 Ramp", "aadt": 97519, "year": 2022, "tier": "core"}}, {"type": "Feature", "geometry": {"type": "Point", "coordinates": [-74.048482, 40.785504]}, "properties": {"road": "NJ 3", "aadt": 95279, "year": 2012, "tier": "core"}}, {"type": "Feature", "geometry": {"type": "Point", "coordinates": [-74.075393, 40.849165]}, "properties": {"road": "NJ 17", "aadt": 89976, "year": 2022, "tier": "core"}}, {"type": "Feature", "geometry": {"type": "Point", "coordinates": [-74.076512, 40.847503]}, "properties": {"road": "NJ 17", "aadt": 89976, "year": 2022, "tier": "core"}}, {"type": "Feature", "geometry": {"type": "Point", "coordinates": [-74.077412, 40.846192]}, "properties": {"road": "NJ 17", "aadt": 89976, "year": 2022, "tier": "core"}}, {"type": "Feature", "geometry": {"type": "Point", "coordinates": [-74.0782, 40.845194]}, "properties": {"road": "NJ 17", "aadt": 89976, "year": 2022, "tier": "core"}}, {"type": "Feature", "geometry": {"type": "Point", "coordinates": [-74.079247, 40.844115]}, "properties": {"road": "NJ 17", "aadt": 89976, "year": 2022, "tier": "core"}}, {"type": "Feature", "geometry": {"type": "Point", "coordinates": [-74.080836, 40.842815]}, "properties": {"road": "NJ 17", "aadt": 89976, "year": 2022, "tier": "core"}}, {"type": "Feature", "geometry": {"type": "Point", "coordinates": [-74.081883, 40.841751]}, "properties": {"road": "NJ 17", "aadt": 89976, "year": 2022, "tier": "core"}}, {"type": "Feature", "geometry": {"type": "Point", "coordinates": [-74.083281, 40.839512]}, "properties": {"road": "NJ 17", "aadt": 89976, "year": 2022, "tier": "core"}}, {"type": "Feature", "geometry": {"type": "Point", "coordinates": [-74.082747, 40.840536]}, "properties": {"road": "NJ 17", "aadt": 89976, "year": 2022, "tier": "core"}}, {"type": "Feature", "geometry": {"type": "Point", "coordinates": [-74.140362, 40.803688]}, "properties": {"road": "NJ 21", "aadt": 87285, "year": 2024, "tier": "core"}}, {"type": "Feature", "geometry": {"type": "Point", "coordinates": [-74.018103, 40.839683]}, "properties": {"road": "I 95 Ramp", "aadt": 86335, "year": 2022, "tier": "core"}}, {"type": "Feature", "geometry": {"type": "Point", "coordinates": [-74.018586, 40.83866]}, "properties": {"road": "I 95 Ramp", "aadt": 86335, "year": 2022, "tier": "core"}}, {"type": "Feature", "geometry": {"type": "Point", "coordinates": [-74.019318, 40.837019]}, "properties": {"road": "I 95 Ramp", "aadt": 86335, "year": 2022, "tier": "core"}}, {"type": "Feature", "geometry": {"type": "Point", "coordinates": [-74.019863, 40.835824]}, "properties": {"road": "I 95 Ramp", "aadt": 86335, "year": 2022, "tier": "core"}}, {"type": "Feature", "geometry": {"type": "Point", "coordinates": [-74.02062, 40.834597]}, "properties": {"road": "I 95 Ramp", "aadt": 86335, "year": 2022, "tier": "core"}}, {"type": "Feature", "geometry": {"type": "Point", "coordinates": [-74.02129, 40.83378]}, "properties": {"road": "I 95 Ramp", "aadt": 86335, "year": 2022, "tier": "core"}}, {"type": "Feature", "geometry": {"type": "Point", "coordinates": [-74.021825, 40.83323]}, "properties": {"road": "I 95 Ramp", "aadt": 86335, "year": 2022, "tier": "core"}}, {"type": "Feature", "geometry": {"type": "Point", "coordinates": [-74.022574, 40.832584]}, "properties": {"road": "I 95 Ramp", "aadt": 86335, "year": 2022, "tier": "core"}}, {"type": "Feature", "geometry": {"type": "Point", "coordinates": [-74.022824, 40.83238]}, "properties": {"road": "I 95 Ramp", "aadt": 86335, "year": 2022, "tier": "core"}}, {"type": "Feature", "geometry": {"type": "Point", "coordinates": [-74.023681, 40.831683]}, "properties": {"road": "I 95 Ramp", "aadt": 86335, "year": 2022, "tier": "core"}}, {"type": "Feature", "geometry": {"type": "Point", "coordinates": [-74.024765, 40.830808]}, "properties": {"road": "I 95 Ramp", "aadt": 86335, "year": 2022, "tier": "core"}}, {"type": "Feature", "geometry": {"type": "Point", "coordinates": [-74.026087, 40.829741]}, "properties": {"road": "I 95 Ramp", "aadt": 86335, "year": 2022, "tier": "core"}}, {"type": "Feature", "geometry": {"type": "Point", "coordinates": [-74.02649, 40.829416]}, "properties": {"road": "I 95 Ramp", "aadt": 86335, "year": 2022, "tier": "core"}}, {"type": "Feature", "geometry": {"type": "Point", "coordinates": [-74.026542, 40.829374]}, "properties": {"road": "I 95 Ramp", "aadt": 86335, "year": 2022, "tier": "core"}}, {"type": "Feature", "geometry": {"type": "Point", "coordinates": [-74.028511, 40.82779]}, "properties": {"road": "I 95 Ramp", "aadt": 86335, "year": 2022, "tier": "core"}}, {"type": "Feature", "geometry": {"type": "Point", "coordinates": [-74.029157, 40.827268]}, "properties": {"road": "I 95 Ramp", "aadt": 86335, "year": 2022, "tier": "core"}}, {"type": "Feature", "geometry": {"type": "Point", "coordinates": [-74.030128, 40.826476]}, "properties": {"road": "I 95 Ramp", "aadt": 86335, "year": 2022, "tier": "core"}}, {"type": "Feature", "geometry": {"type": "Point", "coordinates": [-74.030586, 40.826107]}, "properties": {"road": "I 95 Ramp", "aadt": 86335, "year": 2022, "tier": "core"}}, {"type": "Feature", "geometry": {"type": "Point", "coordinates": [-74.031911, 40.825036]}, "properties": {"road": "I 95 Ramp", "aadt": 86335, "year": 2022, "tier": "core"}}, {"type": "Feature", "geometry": {"type": "Point", "coordinates": [-74.033506, 40.823749]}, "properties": {"road": "I 95 Ramp", "aadt": 86335, "year": 2022, "tier": "core"}}, {"type": "Feature", "geometry": {"type": "Point", "coordinates": [-74.03492, 40.822607]}, "properties": {"road": "I 95 Ramp", "aadt": 86335, "year": 2022, "tier": "core"}}, {"type": "Feature", "geometry": {"type": "Point", "coordinates": [-74.036643, 40.821217]}, "properties": {"road": "I 95 Ramp", "aadt": 86335, "year": 2022, "tier": "core"}}, {"type": "Feature", "geometry": {"type": "Point", "coordinates": [-74.03791, 40.820264]}, "properties": {"road": "I 95 Ramp", "aadt": 86335, "year": 2022, "tier": "core"}}, {"type": "Feature", "geometry": {"type": "Point", "coordinates": [-74.038893, 40.819671]}, "properties": {"road": "I 95 Ramp", "aadt": 86335, "year": 2022, "tier": "core"}}, {"type": "Feature", "geometry": {"type": "Point", "coordinates": [-74.039901, 40.819151]}, "properties": {"road": "I 95 Ramp", "aadt": 86335, "year": 2022, "tier": "core"}}, {"type": "Feature", "geometry": {"type": "Point", "coordinates": [-74.040644, 40.818816]}, "properties": {"road": "I 95 Ramp", "aadt": 86335, "year": 2022, "tier": "core"}}, {"type": "Feature", "geometry": {"type": "Point", "coordinates": [-74.04197, 40.818311]}, "properties": {"road": "I 95 Ramp", "aadt": 86335, "year": 2022, "tier": "core"}}, {"type": "Feature", "geometry": {"type": "Point", "coordinates": [-74.04329, 40.817866]}, "properties": {"road": "I 95 Ramp", "aadt": 86335, "year": 2022, "tier": "core"}}, {"type": "Feature", "geometry": {"type": "Point", "coordinates": [-74.044606, 40.817428]}, "properties": {"road": "I 95 Ramp", "aadt": 86335, "year": 2022, "tier": "core"}}, {"type": "Feature", "geometry": {"type": "Point", "coordinates": [-74.04681, 40.816686]}, "properties": {"road": "I 95 Ramp", "aadt": 86335, "year": 2022, "tier": "core"}}, {"type": "Feature", "geometry": {"type": "Point", "coordinates": [-74.047671, 40.8164]}, "properties": {"road": "I 95 Ramp", "aadt": 86335, "year": 2022, "tier": "core"}}, {"type": "Feature", "geometry": {"type": "Point", "coordinates": [-74.04951, 40.815785]}, "properties": {"road": "I 95 Ramp", "aadt": 86335, "year": 2022, "tier": "core"}}, {"type": "Feature", "geometry": {"type": "Point", "coordinates": [-74.050797, 40.815354]}, "properties": {"road": "I 95 Ramp", "aadt": 86335, "year": 2022, "tier": "core"}}, {"type": "Feature", "geometry": {"type": "Point", "coordinates": [-74.052772, 40.814693]}, "properties": {"road": "I 95 Ramp", "aadt": 86335, "year": 2022, "tier": "core"}}, {"type": "Feature", "geometry": {"type": "Point", "coordinates": [-74.054691, 40.814054]}, "properties": {"road": "I 95 Ramp", "aadt": 86335, "year": 2022, "tier": "core"}}, {"type": "Feature", "geometry": {"type": "Point", "coordinates": [-74.055682, 40.813686]}, "properties": {"road": "I 95 Ramp", "aadt": 86335, "year": 2022, "tier": "core"}}, {"type": "Feature", "geometry": {"type": "Point", "coordinates": [-74.056333, 40.813388]}, "properties": {"road": "I 95 Ramp", "aadt": 86335, "year": 2022, "tier": "core"}}, {"type": "Feature", "geometry": {"type": "Point", "coordinates": [-74.057277, 40.812891]}, "properties": {"road": "I 95 Ramp", "aadt": 86335, "year": 2022, "tier": "core"}}, {"type": "Feature", "geometry": {"type": "Point", "coordinates": [-74.06003, 40.811304]}, "properties": {"road": "I 95 Ramp", "aadt": 86335, "year": 2022, "tier": "core"}}, {"type": "Feature", "geometry": {"type": "Point", "coordinates": [-74.061527, 40.810495]}, "properties": {"road": "I 95 Ramp", "aadt": 86335, "year": 2022, "tier": "core"}}, {"type": "Feature", "geometry": {"type": "Point", "coordinates": [-74.063822, 40.809088]}, "properties": {"road": "I 95 Ramp", "aadt": 86335, "year": 2022, "tier": "core"}}, {"type": "Feature", "geometry": {"type": "Point", "coordinates": [-74.065377, 40.808018]}, "properties": {"road": "I 95 Ramp", "aadt": 86335, "year": 2022, "tier": "core"}}, {"type": "Feature", "geometry": {"type": "Point", "coordinates": [-74.066388, 40.807293]}, "properties": {"road": "I 95 Ramp", "aadt": 86335, "year": 2022, "tier": "core"}}, {"type": "Feature", "geometry": {"type": "Point", "coordinates": [-74.068379, 40.805742]}, "properties": {"road": "I 95 Ramp", "aadt": 86335, "year": 2022, "tier": "core"}}, {"type": "Feature", "geometry": {"type": "Point", "coordinates": [-74.069371, 40.804952]}, "properties": {"road": "I 95 Ramp", "aadt": 86335, "year": 2022, "tier": "core"}}, {"type": "Feature", "geometry": {"type": "Point", "coordinates": [-74.070445, 40.804081]}, "properties": {"road": "I 95 Ramp", "aadt": 86335, "year": 2022, "tier": "core"}}, {"type": "Feature", "geometry": {"type": "Point", "coordinates": [-74.070858, 40.803752]}, "properties": {"road": "I 95 Ramp", "aadt": 86335, "year": 2022, "tier": "core"}}, {"type": "Feature", "geometry": {"type": "Point", "coordinates": [-74.07122, 40.803463]}, "properties": {"road": "I 95 Ramp", "aadt": 86335, "year": 2022, "tier": "core"}}, {"type": "Feature", "geometry": {"type": "Point", "coordinates": [-74.071981, 40.80286]}, "properties": {"road": "I 95 Ramp", "aadt": 86335, "year": 2022, "tier": "core"}}, {"type": "Feature", "geometry": {"type": "Point", "coordinates": [-74.072577, 40.802368]}, "properties": {"road": "I 95 Ramp", "aadt": 86335, "year": 2022, "tier": "core"}}, {"type": "Feature", "geometry": {"type": "Point", "coordinates": [-74.049363, 40.77892]}, "properties": {"road": "NJ 495", "aadt": 80311, "year": 2022, "tier": "core"}}, {"type": "Feature", "geometry": {"type": "Point", "coordinates": [-74.050799, 40.779502]}, "properties": {"road": "NJ 495", "aadt": 80311, "year": 2022, "tier": "core"}}, {"type": "Feature", "geometry": {"type": "Point", "coordinates": [-74.047886, 40.778246]}, "properties": {"road": "NJ 495", "aadt": 80311, "year": 2022, "tier": "core"}}, {"type": "Feature", "geometry": {"type": "Point", "coordinates": [-74.052312, 40.78005]}, "properties": {"road": "NJ 495", "aadt": 80311, "year": 2022, "tier": "core"}}, {"type": "Feature", "geometry": {"type": "Point", "coordinates": [-74.046339, 40.777353]}, "properties": {"road": "NJ 495", "aadt": 80311, "year": 2022, "tier": "core"}}, {"type": "Feature", "geometry": {"type": "Point", "coordinates": [-74.046839, 40.777637]}, "properties": {"road": "NJ 495", "aadt": 80311, "year": 2022, "tier": "core"}}, {"type": "Feature", "geometry": {"type": "Point", "coordinates": [-74.124905, 40.823062]}, "properties": {"road": "NJ 21", "aadt": 80067, "year": 2022, "tier": "core"}}, {"type": "Feature", "geometry": {"type": "Point", "coordinates": [-74.126296, 40.821936]}, "properties": {"road": "NJ 21", "aadt": 80067, "year": 2022, "tier": "core"}}, {"type": "Feature", "geometry": {"type": "Point", "coordinates": [-74.127668, 40.82126]}, "properties": {"road": "NJ 21", "aadt": 80067, "year": 2022, "tier": "core"}}, {"type": "Feature", "geometry": {"type": "Point", "coordinates": [-74.128638, 40.820959]}, "properties": {"road": "NJ 21", "aadt": 80067, "year": 2022, "tier": "core"}}, {"type": "Feature", "geometry": {"type": "Point", "coordinates": [-74.130345, 40.820586]}, "properties": {"road": "NJ 21", "aadt": 80067, "year": 2022, "tier": "core"}}, {"type": "Feature", "geometry": {"type": "Point", "coordinates": [-74.130639, 40.82052]}, "properties": {"road": "NJ 21", "aadt": 80067, "year": 2022, "tier": "core"}}, {"type": "Feature", "geometry": {"type": "Point", "coordinates": [-74.131361, 40.820365]}, "properties": {"road": "NJ 21", "aadt": 80067, "year": 2022, "tier": "core"}}, {"type": "Feature", "geometry": {"type": "Point", "coordinates": [-74.133024, 40.820002]}, "properties": {"road": "NJ 21", "aadt": 80067, "year": 2022, "tier": "core"}}, {"type": "Feature", "geometry": {"type": "Point", "coordinates": [-74.135285, 40.819484]}, "properties": {"road": "NJ 21", "aadt": 80067, "year": 2022, "tier": "core"}}, {"type": "Feature", "geometry": {"type": "Point", "coordinates": [-74.136767, 40.81872]}, "properties": {"road": "NJ 21", "aadt": 80067, "year": 2022, "tier": "core"}}, {"type": "Feature", "geometry": {"type": "Point", "coordinates": [-74.137619, 40.817722]}, "properties": {"road": "NJ 21", "aadt": 80067, "year": 2022, "tier": "core"}}, {"type": "Feature", "geometry": {"type": "Point", "coordinates": [-74.138125, 40.816455]}, "properties": {"road": "NJ 21", "aadt": 80067, "year": 2022, "tier": "core"}}, {"type": "Feature", "geometry": {"type": "Point", "coordinates": [-74.139223, 40.81342]}, "properties": {"road": "NJ 21", "aadt": 80067, "year": 2022, "tier": "core"}}, {"type": "Feature", "geometry": {"type": "Point", "coordinates": [-74.139522, 40.811287]}, "properties": {"road": "NJ 21", "aadt": 80067, "year": 2022, "tier": "core"}}, {"type": "Feature", "geometry": {"type": "Point", "coordinates": [-74.139466, 40.810322]}, "properties": {"road": "NJ 21", "aadt": 80067, "year": 2022, "tier": "core"}}, {"type": "Feature", "geometry": {"type": "Point", "coordinates": [-74.139478, 40.80896]}, "properties": {"road": "NJ 21", "aadt": 80067, "year": 2022, "tier": "core"}}, {"type": "Feature", "geometry": {"type": "Point", "coordinates": [-74.139874, 40.807506]}, "properties": {"road": "NJ 21", "aadt": 80067, "year": 2022, "tier": "core"}}, {"type": "Feature", "geometry": {"type": "Point", "coordinates": [-74.140316, 40.806147]}, "properties": {"road": "NJ 21", "aadt": 80067, "year": 2022, "tier": "core"}}, {"type": "Feature", "geometry": {"type": "Point", "coordinates": [-74.140456, 40.804603]}, "properties": {"road": "NJ 21", "aadt": 80067, "year": 2022, "tier": "core"}}, {"type": "Feature", "geometry": {"type": "Point", "coordinates": [-74.140233, 40.80318]}, "properties": {"road": "NJ 21", "aadt": 80067, "year": 2022, "tier": "core"}}, {"type": "Feature", "geometry": {"type": "Point", "coordinates": [-74.139101, 40.800385]}, "properties": {"road": "NJ 21", "aadt": 80067, "year": 2022, "tier": "core"}}, {"type": "Feature", "geometry": {"type": "Point", "coordinates": [-74.139787, 40.797856]}, "properties": {"road": "NJ 21", "aadt": 80067, "year": 2022, "tier": "core"}}, {"type": "Feature", "geometry": {"type": "Point", "coordinates": [-74.140503, 40.796858]}, "properties": {"road": "NJ 21", "aadt": 80067, "year": 2022, "tier": "core"}}, {"type": "Feature", "geometry": {"type": "Point", "coordinates": [-74.141626, 40.795271]}, "properties": {"road": "NJ 21", "aadt": 80067, "year": 2022, "tier": "core"}}, {"type": "Feature", "geometry": {"type": "Point", "coordinates": [-74.14353, 40.792732]}, "properties": {"road": "NJ 21", "aadt": 80067, "year": 2022, "tier": "core"}}, {"type": "Feature", "geometry": {"type": "Point", "coordinates": [-74.145033, 40.791371]}, "properties": {"road": "NJ 21", "aadt": 80067, "year": 2022, "tier": "core"}}, {"type": "Feature", "geometry": {"type": "Point", "coordinates": [-74.145535, 40.79074]}, "properties": {"road": "NJ 21", "aadt": 80067, "year": 2022, "tier": "core"}}, {"type": "Feature", "geometry": {"type": "Point", "coordinates": [-74.147375, 40.787715]}, "properties": {"road": "NJ 21", "aadt": 80067, "year": 2022, "tier": "core"}}, {"type": "Feature", "geometry": {"type": "Point", "coordinates": [-74.14791, 40.787051]}, "properties": {"road": "NJ 21", "aadt": 80067, "year": 2022, "tier": "core"}}, {"type": "Feature", "geometry": {"type": "Point", "coordinates": [-74.148521, 40.786189]}, "properties": {"road": "NJ 21", "aadt": 80067, "year": 2022, "tier": "core"}}, {"type": "Feature", "geometry": {"type": "Point", "coordinates": [-74.149201, 40.783842]}, "properties": {"road": "NJ 21", "aadt": 80067, "year": 2022, "tier": "core"}}, {"type": "Feature", "geometry": {"type": "Point", "coordinates": [-74.148879, 40.780764]}, "properties": {"road": "NJ 21", "aadt": 80067, "year": 2022, "tier": "core"}}, {"type": "Feature", "geometry": {"type": "Point", "coordinates": [-74.148874, 40.78001]}, "properties": {"road": "NJ 21", "aadt": 80067, "year": 2022, "tier": "core"}}, {"type": "Feature", "geometry": {"type": "Point", "coordinates": [-74.149133, 40.779056]}, "properties": {"road": "NJ 21", "aadt": 80067, "year": 2022, "tier": "core"}}, {"type": "Feature", "geometry": {"type": "Point", "coordinates": [-74.149545, 40.778339]}, "properties": {"road": "NJ 21", "aadt": 80067, "year": 2022, "tier": "core"}}, {"type": "Feature", "geometry": {"type": "Point", "coordinates": [-74.146541, 40.788902]}, "properties": {"road": "NJ 21", "aadt": 80067, "year": 2022, "tier": "core"}}, {"type": "Feature", "geometry": {"type": "Point", "coordinates": [-74.138783, 40.814688]}, "properties": {"road": "NJ 21", "aadt": 80067, "year": 2022, "tier": "core"}}, {"type": "Feature", "geometry": {"type": "Point", "coordinates": [-74.149032, 40.782158]}, "properties": {"road": "NJ 21", "aadt": 80067, "year": 2022, "tier": "core"}}, {"type": "Feature", "geometry": {"type": "Point", "coordinates": [-74.149035, 40.785071]}, "properties": {"road": "NJ 21", "aadt": 80067, "year": 2022, "tier": "core"}}, {"type": "Feature", "geometry": {"type": "Point", "coordinates": [-74.139103, 40.799187]}, "properties": {"road": "NJ 21", "aadt": 80067, "year": 2022, "tier": "core"}}, {"type": "Feature", "geometry": {"type": "Point", "coordinates": [-74.139455, 40.812213]}, "properties": {"road": "NJ 21", "aadt": 80067, "year": 2022, "tier": "core"}}, {"type": "Feature", "geometry": {"type": "Point", "coordinates": [-74.139839, 40.802117]}, "properties": {"road": "NJ 21", "aadt": 80067, "year": 2022, "tier": "core"}}, {"type": "Feature", "geometry": {"type": "Point", "coordinates": [-74.142682, 40.793802]}, "properties": {"road": "NJ 21", "aadt": 80067, "year": 2022, "tier": "core"}}, {"type": "Feature", "geometry": {"type": "Point", "coordinates": [-74.054436, 40.78028]}, "properties": {"road": "NJ 495", "aadt": 77931, "year": 2022, "tier": "core"}}, {"type": "Feature", "geometry": {"type": "Point", "coordinates": [-74.056205, 40.779565]}, "properties": {"road": "NJ 495", "aadt": 77931, "year": 2022, "tier": "core"}}, {"type": "Feature", "geometry": {"type": "Point", "coordinates": [-74.056925, 40.778694]}, "properties": {"road": "NJ 495", "aadt": 77931, "year": 2022, "tier": "core"}}, {"type": "Feature", "geometry": {"type": "Point", "coordinates": [-74.021736, 40.767668]}, "properties": {"road": "NJ 495", "aadt": 77931, "year": 2022, "tier": "core"}}, {"type": "Feature", "geometry": {"type": "Point", "coordinates": [-74.022737, 40.768273]}, "properties": {"road": "NJ 495", "aadt": 77931, "year": 2022, "tier": "core"}}, {"type": "Feature", "geometry": {"type": "Point", "coordinates": [-74.044908, 40.730575]}, "properties": {"road": "NJ 139", "aadt": 77848, "year": 2022, "tier": "core"}}, {"type": "Feature", "geometry": {"type": "Point", "coordinates": [-74.04641, 40.730747]}, "properties": {"road": "NJ 139", "aadt": 77848, "year": 2022, "tier": "core"}}, {"type": "Feature", "geometry": {"type": "Point", "coordinates": [-74.047975, 40.730879]}, "properties": {"road": "NJ 139", "aadt": 77848, "year": 2022, "tier": "core"}}, {"type": "Feature", "geometry": {"type": "Point", "coordinates": [-74.049896, 40.731049]}, "properties": {"road": "NJ 139", "aadt": 77848, "year": 2022, "tier": "core"}}, {"type": "Feature", "geometry": {"type": "Point", "coordinates": [-74.050685, 40.731099]}, "properties": {"road": "NJ 139", "aadt": 77848, "year": 2022, "tier": "core"}}, {"type": "Feature", "geometry": {"type": "Point", "coordinates": [-74.051567, 40.731192]}, "properties": {"road": "NJ 139", "aadt": 77848, "year": 2022, "tier": "core"}}, {"type": "Feature", "geometry": {"type": "Point", "coordinates": [-74.053127, 40.732103]}, "properties": {"road": "NJ 139", "aadt": 77848, "year": 2022, "tier": "core"}}, {"type": "Feature", "geometry": {"type": "Point", "coordinates": [-74.056889, 40.735344]}, "properties": {"road": "NJ 139", "aadt": 77848, "year": 2022, "tier": "core"}}, {"type": "Feature", "geometry": {"type": "Point", "coordinates": [-74.058589, 40.736809]}, "properties": {"road": "NJ 139", "aadt": 77848, "year": 2022, "tier": "core"}}, {"type": "Feature", "geometry": {"type": "Point", "coordinates": [-74.062383, 40.738953]}, "properties": {"road": "NJ 139", "aadt": 77848, "year": 2022, "tier": "core"}}, {"type": "Feature", "geometry": {"type": "Point", "coordinates": [-74.063549, 40.739117]}, "properties": {"road": "NJ 139", "aadt": 77848, "year": 2022, "tier": "core"}}, {"type": "Feature", "geometry": {"type": "Point", "coordinates": [-74.06481, 40.739207]}, "properties": {"road": "NJ 139", "aadt": 77848, "year": 2022, "tier": "core"}}, {"type": "Feature", "geometry": {"type": "Point", "coordinates": [-74.067477, 40.739117]}, "properties": {"road": "NJ 139", "aadt": 77848, "year": 2022, "tier": "core"}}, {"type": "Feature", "geometry": {"type": "Point", "coordinates": [-74.05807, 40.73636]}, "properties": {"road": "NJ 139", "aadt": 77848, "year": 2022, "tier": "core"}}, {"type": "Feature", "geometry": {"type": "Point", "coordinates": [-74.059724, 40.737787]}, "properties": {"road": "NJ 139", "aadt": 77848, "year": 2022, "tier": "core"}}, {"type": "Feature", "geometry": {"type": "Point", "coordinates": [-74.054562, 40.733342]}, "properties": {"road": "NJ 139", "aadt": 77848, "year": 2022, "tier": "core"}}, {"type": "Feature", "geometry": {"type": "Point", "coordinates": [-74.055832, 40.734432]}, "properties": {"road": "NJ 139", "aadt": 77848, "year": 2022, "tier": "core"}}, {"type": "Feature", "geometry": {"type": "Point", "coordinates": [-74.061258, 40.738682]}, "properties": {"road": "NJ 139", "aadt": 77848, "year": 2022, "tier": "core"}}, {"type": "Feature", "geometry": {"type": "Point", "coordinates": [-74.120904, 40.735096]}, "properties": {"road": "US 1", "aadt": 76999, "year": 2013, "tier": "core"}}, {"type": "Feature", "geometry": {"type": "Point", "coordinates": [-74.052569, 40.780131]}, "properties": {"road": "NJ 495", "aadt": 76087, "year": 2024, "tier": "core"}}, {"type": "Feature", "geometry": {"type": "Point", "coordinates": [-74.057388, 40.735778]}, "properties": {"road": "NJ 139", "aadt": 75636, "year": 2024, "tier": "core"}}, {"type": "Feature", "geometry": {"type": "Point", "coordinates": [-74.021902, 40.832297]}, "properties": {"road": "I 95", "aadt": 73782, "year": 2022, "tier": "core"}}, {"type": "Feature", "geometry": {"type": "Point", "coordinates": [-74.022513, 40.831583]}, "properties": {"road": "I 95", "aadt": 73782, "year": 2022, "tier": "core"}}, {"type": "Feature", "geometry": {"type": "Point", "coordinates": [-74.022827, 40.831187]}, "properties": {"road": "I 95", "aadt": 73782, "year": 2022, "tier": "core"}}, {"type": "Feature", "geometry": {"type": "Point", "coordinates": [-74.025342, 40.82812]}, "properties": {"road": "I 95", "aadt": 73782, "year": 2022, "tier": "core"}}, {"type": "Feature", "geometry": {"type": "Point", "coordinates": [-74.026133, 40.826819]}, "properties": {"road": "I 95", "aadt": 73782, "year": 2022, "tier": "core"}}, {"type": "Feature", "geometry": {"type": "Point", "coordinates": [-74.02666, 40.825481]}, "properties": {"road": "I 95", "aadt": 73782, "year": 2022, "tier": "core"}}, {"type": "Feature", "geometry": {"type": "Point", "coordinates": [-74.026877, 40.824497]}, "properties": {"road": "I 95", "aadt": 73782, "year": 2022, "tier": "core"}}, {"type": "Feature", "geometry": {"type": "Point", "coordinates": [-74.02709, 40.823167]}, "properties": {"road": "I 95", "aadt": 73782, "year": 2022, "tier": "core"}}, {"type": "Feature", "geometry": {"type": "Point", "coordinates": [-74.027233, 40.822245]}, "properties": {"road": "I 95", "aadt": 73782, "year": 2022, "tier": "core"}}, {"type": "Feature", "geometry": {"type": "Point", "coordinates": [-74.027593, 40.819913]}, "properties": {"road": "I 95", "aadt": 73782, "year": 2022, "tier": "core"}}, {"type": "Feature", "geometry": {"type": "Point", "coordinates": [-74.02785, 40.818277]}, "properties": {"road": "I 95", "aadt": 73782, "year": 2022, "tier": "core"}}, {"type": "Feature", "geometry": {"type": "Point", "coordinates": [-74.028012, 40.81723]}, "properties": {"road": "I 95", "aadt": 73782, "year": 2022, "tier": "core"}}, {"type": "Feature", "geometry": {"type": "Point", "coordinates": [-74.028298, 40.815387]}, "properties": {"road": "I 95", "aadt": 73782, "year": 2022, "tier": "core"}}, {"type": "Feature", "geometry": {"type": "Point", "coordinates": [-74.028498, 40.814362]}, "properties": {"road": "I 95", "aadt": 73782, "year": 2022, "tier": "core"}}, {"type": "Feature", "geometry": {"type": "Point", "coordinates": [-74.028857, 40.812969]}, "properties": {"road": "I 95", "aadt": 73782, "year": 2022, "tier": "core"}}, {"type": "Feature", "geometry": {"type": "Point", "coordinates": [-74.029083, 40.812234]}, "properties": {"road": "I 95", "aadt": 73782, "year": 2022, "tier": "core"}}, {"type": "Feature", "geometry": {"type": "Point", "coordinates": [-74.029496, 40.811091]}, "properties": {"road": "I 95", "aadt": 73782, "year": 2022, "tier": "core"}}, {"type": "Feature", "geometry": {"type": "Point", "coordinates": [-74.03006, 40.809782]}, "properties": {"road": "I 95", "aadt": 73782, "year": 2022, "tier": "core"}}, {"type": "Feature", "geometry": {"type": "Point", "coordinates": [-74.030756, 40.808405]}, "properties": {"road": "I 95", "aadt": 73782, "year": 2022, "tier": "core"}}, {"type": "Feature", "geometry": {"type": "Point", "coordinates": [-74.031414, 40.807261]}, "properties": {"road": "I 95", "aadt": 73782, "year": 2022, "tier": "core"}}, {"type": "Feature", "geometry": {"type": "Point", "coordinates": [-74.032469, 40.805685]}, "properties": {"road": "I 95", "aadt": 73782, "year": 2022, "tier": "core"}}, {"type": "Feature", "geometry": {"type": "Point", "coordinates": [-74.033409, 40.804481]}, "properties": {"road": "I 95", "aadt": 73782, "year": 2022, "tier": "core"}}, {"type": "Feature", "geometry": {"type": "Point", "coordinates": [-74.033869, 40.803918]}, "properties": {"road": "I 95", "aadt": 73782, "year": 2022, "tier": "core"}}, {"type": "Feature", "geometry": {"type": "Point", "coordinates": [-74.034262, 40.803469]}, "properties": {"road": "I 95", "aadt": 73782, "year": 2022, "tier": "core"}}, {"type": "Feature", "geometry": {"type": "Point", "coordinates": [-74.034807, 40.802878]}, "properties": {"road": "I 95", "aadt": 73782, "year": 2022, "tier": "core"}}, {"type": "Feature", "geometry": {"type": "Point", "coordinates": [-74.037778, 40.799777]}, "properties": {"road": "I 95", "aadt": 73782, "year": 2022, "tier": "core"}}, {"type": "Feature", "geometry": {"type": "Point", "coordinates": [-74.038872, 40.798641]}, "properties": {"road": "I 95", "aadt": 73782, "year": 2022, "tier": "core"}}, {"type": "Feature", "geometry": {"type": "Point", "coordinates": [-74.040606, 40.79685]}, "properties": {"road": "I 95", "aadt": 73782, "year": 2022, "tier": "core"}}, {"type": "Feature", "geometry": {"type": "Point", "coordinates": [-74.042371, 40.795013]}, "properties": {"road": "I 95", "aadt": 73782, "year": 2022, "tier": "core"}}, {"type": "Feature", "geometry": {"type": "Point", "coordinates": [-74.044187, 40.793126]}, "properties": {"road": "I 95", "aadt": 73782, "year": 2022, "tier": "core"}}, {"type": "Feature", "geometry": {"type": "Point", "coordinates": [-74.045696, 40.79156]}, "properties": {"road": "I 95", "aadt": 73782, "year": 2022, "tier": "core"}}, {"type": "Feature", "geometry": {"type": "Point", "coordinates": [-74.046693, 40.790527]}, "properties": {"road": "I 95", "aadt": 73782, "year": 2022, "tier": "core"}}, {"type": "Feature", "geometry": {"type": "Point", "coordinates": [-74.047758, 40.789412]}, "properties": {"road": "I 95", "aadt": 73782, "year": 2022, "tier": "core"}}, {"type": "Feature", "geometry": {"type": "Point", "coordinates": [-74.048649, 40.788497]}, "properties": {"road": "I 95", "aadt": 73782, "year": 2022, "tier": "core"}}, {"type": "Feature", "geometry": {"type": "Point", "coordinates": [-74.041786, 40.795618]}, "properties": {"road": "I 95", "aadt": 73782, "year": 2022, "tier": "core"}}, {"type": "Feature", "geometry": {"type": "Point", "coordinates": [-74.036148, 40.801472]}, "properties": {"road": "I 95", "aadt": 73782, "year": 2022, "tier": "core"}}, {"type": "Feature", "geometry": {"type": "Point", "coordinates": [-74.039829, 40.797655]}, "properties": {"road": "I 95", "aadt": 73782, "year": 2022, "tier": "core"}}, {"type": "Feature", "geometry": {"type": "Point", "coordinates": [-74.02435, 40.829349]}, "properties": {"road": "I 95", "aadt": 73782, "year": 2022, "tier": "core"}}, {"type": "Feature", "geometry": {"type": "Point", "coordinates": [-74.035277, 40.802387]}, "properties": {"road": "I 95", "aadt": 73782, "year": 2022, "tier": "core"}}, {"type": "Feature", "geometry": {"type": "Point", "coordinates": [-74.033015, 40.804972]}, "properties": {"road": "I 95", "aadt": 73782, "year": 2022, "tier": "core"}}, {"type": "Feature", "geometry": {"type": "Point", "coordinates": [-74.025509, 40.827889]}, "properties": {"road": "I 95", "aadt": 73782, "year": 2022, "tier": "core"}}, {"type": "Feature", "geometry": {"type": "Point", "coordinates": [-74.025034, 40.828523]}, "properties": {"road": "I 95", "aadt": 73782, "year": 2022, "tier": "core"}}, {"type": "Feature", "geometry": {"type": "Point", "coordinates": [-74.043098, 40.794258]}, "properties": {"road": "I 95", "aadt": 73782, "year": 2022, "tier": "core"}}, {"type": "Feature", "geometry": {"type": "Point", "coordinates": [-74.117991, 40.732404]}, "properties": {"road": "NJ 1 Ramp", "aadt": 73718, "year": 2022, "tier": "core"}}, {"type": "Feature", "geometry": {"type": "Point", "coordinates": [-74.124066, 40.734008]}, "properties": {"road": "NJ 1 Ramp", "aadt": 73718, "year": 2022, "tier": "core"}}, {"type": "Feature", "geometry": {"type": "Point", "coordinates": [-74.125318, 40.734181]}, "properties": {"road": "NJ 1 Ramp", "aadt": 73718, "year": 2022, "tier": "core"}}, {"type": "Feature", "geometry": {"type": "Point", "coordinates": [-74.125741, 40.734125]}, "properties": {"road": "NJ 1 Ramp", "aadt": 73718, "year": 2022, "tier": "core"}}, {"type": "Feature", "geometry": {"type": "Point", "coordinates": [-74.12864, 40.732508]}, "properties": {"road": "NJ 1 Ramp", "aadt": 73718, "year": 2022, "tier": "core"}}, {"type": "Feature", "geometry": {"type": "Point", "coordinates": [-74.130157, 40.731666]}, "properties": {"road": "NJ 1 Ramp", "aadt": 73718, "year": 2022, "tier": "core"}}, {"type": "Feature", "geometry": {"type": "Point", "coordinates": [-74.119054, 40.732641]}, "properties": {"road": "NJ 1 Ramp", "aadt": 73718, "year": 2022, "tier": "core"}}, {"type": "Feature", "geometry": {"type": "Point", "coordinates": [-74.122385, 40.733604]}, "properties": {"road": "NJ 1 Ramp", "aadt": 73718, "year": 2022, "tier": "core"}}, {"type": "Feature", "geometry": {"type": "Point", "coordinates": [-74.116793, 40.732129]}, "properties": {"road": "NJ 1 Ramp", "aadt": 73718, "year": 2022, "tier": "core"}}, {"type": "Feature", "geometry": {"type": "Point", "coordinates": [-74.121015, 40.733177]}, "properties": {"road": "NJ 1 Ramp", "aadt": 73718, "year": 2022, "tier": "core"}}, {"type": "Feature", "geometry": {"type": "Point", "coordinates": [-74.120114, 40.732909]}, "properties": {"road": "NJ 1 Ramp", "aadt": 73718, "year": 2022, "tier": "core"}}, {"type": "Feature", "geometry": {"type": "Point", "coordinates": [-74.021307, 40.727446]}, "properties": {"road": "I 78", "aadt": 73532, "year": 2022, "tier": "core"}}, {"type": "Feature", "geometry": {"type": "Point", "coordinates": [-74.027621, 40.728417]}, "properties": {"road": "I 78", "aadt": 73532, "year": 2022, "tier": "core"}}, {"type": "Feature", "geometry": {"type": "Point", "coordinates": [-74.034567, 40.729341]}, "properties": {"road": "I 78", "aadt": 73532, "year": 2022, "tier": "core"}}, {"type": "Feature", "geometry": {"type": "Point", "coordinates": [-74.036065, 40.729702]}, "properties": {"road": "I 78", "aadt": 73532, "year": 2022, "tier": "core"}}, {"type": "Feature", "geometry": {"type": "Point", "coordinates": [-74.037728, 40.729798]}, "properties": {"road": "I 78", "aadt": 73532, "year": 2022, "tier": "core"}}, {"type": "Feature", "geometry": {"type": "Point", "coordinates": [-74.039679, 40.729951]}, "properties": {"road": "I 78", "aadt": 73532, "year": 2022, "tier": "core"}}, {"type": "Feature", "geometry": {"type": "Point", "coordinates": [-74.041174, 40.730159]}, "properties": {"road": "I 78", "aadt": 73532, "year": 2022, "tier": "core"}}, {"type": "Feature", "geometry": {"type": "Point", "coordinates": [-74.042976, 40.730338]}, "properties": {"road": "I 78", "aadt": 73532, "year": 2022, "tier": "core"}}, {"type": "Feature", "geometry": {"type": "Point", "coordinates": [-74.044024, 40.730431]}, "properties": {"road": "I 78", "aadt": 73532, "year": 2022, "tier": "core"}}, {"type": "Feature", "geometry": {"type": "Point", "coordinates": [-74.044531, 40.730479]}, "properties": {"road": "I 78", "aadt": 73532, "year": 2022, "tier": "core"}}, {"type": "Feature", "geometry": {"type": "Point", "coordinates": [-74.028732, 40.728506]}, "properties": {"road": "I 78", "aadt": 73532, "year": 2022, "tier": "core"}}, {"type": "Feature", "geometry": {"type": "Point", "coordinates": [-74.025536, 40.728211]}, "properties": {"road": "I 78", "aadt": 73532, "year": 2022, "tier": "core"}}, {"type": "Feature", "geometry": {"type": "Point", "coordinates": [-74.023947, 40.727931]}, "properties": {"road": "I 78", "aadt": 73532, "year": 2022, "tier": "core"}}, {"type": "Feature", "geometry": {"type": "Point", "coordinates": [-74.03683, 40.729798]}, "properties": {"road": "I 78", "aadt": 73532, "year": 2022, "tier": "core"}}, {"type": "Feature", "geometry": {"type": "Point", "coordinates": [-74.032171, 40.72881]}, "properties": {"road": "I 78", "aadt": 73532, "year": 2022, "tier": "core"}}, {"type": "Feature", "geometry": {"type": "Point", "coordinates": [-74.064948, 40.739367]}, "properties": {"road": "US 1", "aadt": 70683, "year": 2022, "tier": "core"}}, {"type": "Feature", "geometry": {"type": "Point", "coordinates": [-74.042129, 40.772563]}, "properties": {"road": "US 1", "aadt": 70683, "year": 2022, "tier": "core"}}, {"type": "Feature", "geometry": {"type": "Point", "coordinates": [-74.042349, 40.772176]}, "properties": {"road": "US 1", "aadt": 70683, "year": 2022, "tier": "core"}}, {"type": "Feature", "geometry": {"type": "Point", "coordinates": [-74.042524, 40.771894]}, "properties": {"road": "US 1", "aadt": 70683, "year": 2022, "tier": "core"}}, {"type": "Feature", "geometry": {"type": "Point", "coordinates": [-74.042906, 40.771293]}, "properties": {"road": "US 1", "aadt": 70683, "year": 2022, "tier": "core"}}, {"type": "Feature", "geometry": {"type": "Point", "coordinates": [-74.04462, 40.769018]}, "properties": {"road": "US 1", "aadt": 70683, "year": 2022, "tier": "core"}}, {"type": "Feature", "geometry": {"type": "Point", "coordinates": [-74.063208, 40.742566]}, "properties": {"road": "US 1", "aadt": 70683, "year": 2022, "tier": "core"}}, {"type": "Feature", "geometry": {"type": "Point", "coordinates": [-74.063462, 40.74177]}, "properties": {"road": "US 1", "aadt": 70683, "year": 2022, "tier": "core"}}, {"type": "Feature", "geometry": {"type": "Point", "coordinates": [-74.063576, 40.741545]}, "properties": {"road": "US 1", "aadt": 70683, "year": 2022, "tier": "core"}}, {"type": "Feature", "geometry": {"type": "Point", "coordinates": [-74.063823, 40.741171]}, "properties": {"road": "US 1", "aadt": 70683, "year": 2022, "tier": "core"}}, {"type": "Feature", "geometry": {"type": "Point", "coordinates": [-74.064297, 40.740497]}, "properties": {"road": "US 1", "aadt": 70683, "year": 2022, "tier": "core"}}, {"type": "Feature", "geometry": {"type": "Point", "coordinates": [-74.045101, 40.768392]}, "properties": {"road": "US 1", "aadt": 70683, "year": 2022, "tier": "core"}}, {"type": "Feature", "geometry": {"type": "Point", "coordinates": [-74.046529, 40.766533]}, "properties": {"road": "US 1", "aadt": 70683, "year": 2022, "tier": "core"}}, {"type": "Feature", "geometry": {"type": "Point", "coordinates": [-74.047157, 40.765707]}, "properties": {"road": "US 1", "aadt": 70683, "year": 2022, "tier": "core"}}, {"type": "Feature", "geometry": {"type": "Point", "coordinates": [-74.048434, 40.763883]}, "properties": {"road": "US 1", "aadt": 70683, "year": 2022, "tier": "core"}}, {"type": "Feature", "geometry": {"type": "Point", "coordinates": [-74.048928, 40.763177]}, "properties": {"road": "US 1", "aadt": 70683, "year": 2022, "tier": "core"}}, {"type": "Feature", "geometry": {"type": "Point", "coordinates": [-74.049744, 40.762022]}, "properties": {"road": "US 1", "aadt": 70683, "year": 2022, "tier": "core"}}, {"type": "Feature", "geometry": {"type": "Point", "coordinates": [-74.051052, 40.760154]}, "properties": {"road": "US 1", "aadt": 70683, "year": 2022, "tier": "core"}}, {"type": "Feature", "geometry": {"type": "Point", "coordinates": [-74.051647, 40.759374]}, "properties": {"road": "US 1", "aadt": 70683, "year": 2022, "tier": "core"}}, {"type": "Feature", "geometry": {"type": "Point", "coordinates": [-74.05334, 40.757776]}, "properties": {"road": "US 1", "aadt": 70683, "year": 2022, "tier": "core"}}, {"type": "Feature", "geometry": {"type": "Point", "coordinates": [-74.054296, 40.756847]}, "properties": {"road": "US 1", "aadt": 70683, "year": 2022, "tier": "core"}}, {"type": "Feature", "geometry": {"type": "Point", "coordinates": [-74.054889, 40.756038]}, "properties": {"road": "US 1", "aadt": 70683, "year": 2022, "tier": "core"}}, {"type": "Feature", "geometry": {"type": "Point", "coordinates": [-74.055468, 40.75525]}, "properties": {"road": "US 1", "aadt": 70683, "year": 2022, "tier": "core"}}, {"type": "Feature", "geometry": {"type": "Point", "coordinates": [-74.056648, 40.753692]}, "properties": {"road": "US 1", "aadt": 70683, "year": 2022, "tier": "core"}}, {"type": "Feature", "geometry": {"type": "Point", "coordinates": [-74.057482, 40.752641]}, "properties": {"road": "US 1", "aadt": 70683, "year": 2022, "tier": "core"}}, {"type": "Feature", "geometry": {"type": "Point", "coordinates": [-74.058459, 40.751433]}, "properties": {"road": "US 1", "aadt": 70683, "year": 2022, "tier": "core"}}, {"type": "Feature", "geometry": {"type": "Point", "coordinates": [-74.059499, 40.750508]}, "properties": {"road": "US 1", "aadt": 70683, "year": 2022, "tier": "core"}}, {"type": "Feature", "geometry": {"type": "Point", "coordinates": [-74.060531, 40.74929]}, "properties": {"road": "US 1", "aadt": 70683, "year": 2022, "tier": "core"}}, {"type": "Feature", "geometry": {"type": "Point", "coordinates": [-74.061788, 40.746917]}, "properties": {"road": "US 1", "aadt": 70683, "year": 2022, "tier": "core"}}, {"type": "Feature", "geometry": {"type": "Point", "coordinates": [-74.062357, 40.745329]}, "properties": {"road": "US 1", "aadt": 70683, "year": 2022, "tier": "core"}}, {"type": "Feature", "geometry": {"type": "Point", "coordinates": [-74.062813, 40.743851]}, "properties": {"road": "US 1", "aadt": 70683, "year": 2022, "tier": "core"}}, {"type": "Feature", "geometry": {"type": "Point", "coordinates": [-74.061347, 40.747777]}, "properties": {"road": "US 1", "aadt": 70683, "year": 2022, "tier": "core"}}, {"type": "Feature", "geometry": {"type": "Point", "coordinates": [-74.128247, 40.750441]}, "properties": {"road": "I 280", "aadt": 70636, "year": 2022, "tier": "core"}}, {"type": "Feature", "geometry": {"type": "Point", "coordinates": [-74.128878, 40.74924]}, "properties": {"road": "I 280", "aadt": 70636, "year": 2022, "tier": "core"}}, {"type": "Feature", "geometry": {"type": "Point", "coordinates": [-74.130573, 40.747079]}, "properties": {"road": "I 280", "aadt": 70636, "year": 2022, "tier": "core"}}, {"type": "Feature", "geometry": {"type": "Point", "coordinates": [-74.132783, 40.745871]}, "properties": {"road": "I 280", "aadt": 70636, "year": 2022, "tier": "core"}}, {"type": "Feature", "geometry": {"type": "Point", "coordinates": [-74.135547, 40.745065]}, "properties": {"road": "I 280", "aadt": 70636, "year": 2022, "tier": "core"}}, {"type": "Feature", "geometry": {"type": "Point", "coordinates": [-74.136984, 40.744722]}, "properties": {"road": "I 280", "aadt": 70636, "year": 2022, "tier": "core"}}, {"type": "Feature", "geometry": {"type": "Point", "coordinates": [-74.137683, 40.744557]}, "properties": {"road": "I 280", "aadt": 70636, "year": 2022, "tier": "core"}}, {"type": "Feature", "geometry": {"type": "Point", "coordinates": [-74.139654, 40.744088]}, "properties": {"road": "I 280", "aadt": 70636, "year": 2022, "tier": "core"}}, {"type": "Feature", "geometry": {"type": "Point", "coordinates": [-74.141527, 40.743643]}, "properties": {"road": "I 280", "aadt": 70636, "year": 2022, "tier": "core"}}, {"type": "Feature", "geometry": {"type": "Point", "coordinates": [-74.143715, 40.743117]}, "properties": {"road": "I 280", "aadt": 70636, "year": 2022, "tier": "core"}}, {"type": "Feature", "geometry": {"type": "Point", "coordinates": [-74.145522, 40.742751]}, "properties": {"road": "I 280", "aadt": 70636, "year": 2022, "tier": "core"}}, {"type": "Feature", "geometry": {"type": "Point", "coordinates": [-74.147567, 40.742504]}, "properties": {"road": "I 280", "aadt": 70636, "year": 2022, "tier": "core"}}, {"type": "Feature", "geometry": {"type": "Point", "coordinates": [-74.149076, 40.742394]}, "properties": {"road": "I 280", "aadt": 70636, "year": 2022, "tier": "core"}}, {"type": "Feature", "geometry": {"type": "Point", "coordinates": [-74.13421, 40.745393]}, "properties": {"road": "I 280", "aadt": 70636, "year": 2022, "tier": "core"}}, {"type": "Feature", "geometry": {"type": "Point", "coordinates": [-74.129935, 40.747663]}, "properties": {"road": "I 280", "aadt": 70636, "year": 2022, "tier": "core"}}, {"type": "Feature", "geometry": {"type": "Point", "coordinates": [-74.073976, 40.738463]}, "properties": {"road": "US 1", "aadt": 70435, "year": 2022, "tier": "core"}}, {"type": "Feature", "geometry": {"type": "Point", "coordinates": [-74.07503, 40.73827]}, "properties": {"road": "US 1", "aadt": 70435, "year": 2022, "tier": "core"}}, {"type": "Feature", "geometry": {"type": "Point", "coordinates": [-74.076371, 40.738018]}, "properties": {"road": "US 1", "aadt": 70435, "year": 2022, "tier": "core"}}, {"type": "Feature", "geometry": {"type": "Point", "coordinates": [-74.077533, 40.737807]}, "properties": {"road": "US 1", "aadt": 70435, "year": 2022, "tier": "core"}}, {"type": "Feature", "geometry": {"type": "Point", "coordinates": [-74.082614, 40.736822]}, "properties": {"road": "US 1", "aadt": 70435, "year": 2022, "tier": "core"}}, {"type": "Feature", "geometry": {"type": "Point", "coordinates": [-74.083983, 40.736559]}, "properties": {"road": "US 1", "aadt": 70435, "year": 2022, "tier": "core"}}, {"type": "Feature", "geometry": {"type": "Point", "coordinates": [-74.085386, 40.736322]}, "properties": {"road": "US 1", "aadt": 70435, "year": 2022, "tier": "core"}}, {"type": "Feature", "geometry": {"type": "Point", "coordinates": [-74.092279, 40.735288]}, "properties": {"road": "US 1", "aadt": 70435, "year": 2022, "tier": "core"}}, {"type": "Feature", "geometry": {"type": "Point", "coordinates": [-74.094315, 40.735116]}, "properties": {"road": "US 1", "aadt": 70435, "year": 2022, "tier": "core"}}, {"type": "Feature", "geometry": {"type": "Point", "coordinates": [-74.096398, 40.734931]}, "properties": {"road": "US 1", "aadt": 70435, "year": 2022, "tier": "core"}}, {"type": "Feature", "geometry": {"type": "Point", "coordinates": [-74.100084, 40.734615]}, "properties": {"road": "US 1", "aadt": 70435, "year": 2022, "tier": "core"}}, {"type": "Feature", "geometry": {"type": "Point", "coordinates": [-74.101014, 40.734532]}, "properties": {"road": "US 1", "aadt": 70435, "year": 2022, "tier": "core"}}, {"type": "Feature", "geometry": {"type": "Point", "coordinates": [-74.105962, 40.734517]}, "properties": {"road": "US 1", "aadt": 70435, "year": 2022, "tier": "core"}}, {"type": "Feature", "geometry": {"type": "Point", "coordinates": [-74.108358, 40.734611]}, "properties": {"road": "US 1", "aadt": 70435, "year": 2022, "tier": "core"}}, {"type": "Feature", "geometry": {"type": "Point", "coordinates": [-74.110237, 40.734685]}, "properties": {"road": "US 1", "aadt": 70435, "year": 2022, "tier": "core"}}, {"type": "Feature", "geometry": {"type": "Point", "coordinates": [-74.112318, 40.734767]}, "properties": {"road": "US 1", "aadt": 70435, "year": 2022, "tier": "core"}}, {"type": "Feature", "geometry": {"type": "Point", "coordinates": [-74.116466, 40.734924]}, "properties": {"road": "US 1", "aadt": 70435, "year": 2022, "tier": "core"}}, {"type": "Feature", "geometry": {"type": "Point", "coordinates": [-74.11832, 40.734994]}, "properties": {"road": "US 1", "aadt": 70435, "year": 2022, "tier": "core"}}, {"type": "Feature", "geometry": {"type": "Point", "coordinates": [-74.119678, 40.735045]}, "properties": {"road": "US 1", "aadt": 70435, "year": 2022, "tier": "core"}}, {"type": "Feature", "geometry": {"type": "Point", "coordinates": [-74.12167, 40.735102]}, "properties": {"road": "US 1", "aadt": 70435, "year": 2022, "tier": "core"}}, {"type": "Feature", "geometry": {"type": "Point", "coordinates": [-74.081301, 40.737107]}, "properties": {"road": "US 1", "aadt": 70435, "year": 2022, "tier": "core"}}, {"type": "Feature", "geometry": {"type": "Point", "coordinates": [-74.12363, 40.734904]}, "properties": {"road": "US 1", "aadt": 70435, "year": 2022, "tier": "core"}}, {"type": "Feature", "geometry": {"type": "Point", "coordinates": [-74.128194, 40.732996]}, "properties": {"road": "US 1", "aadt": 70435, "year": 2022, "tier": "core"}}, {"type": "Feature", "geometry": {"type": "Point", "coordinates": [-74.129228, 40.732338]}, "properties": {"road": "US 1", "aadt": 70435, "year": 2022, "tier": "core"}}, {"type": "Feature", "geometry": {"type": "Point", "coordinates": [-74.129838, 40.731961]}, "properties": {"road": "US 1", "aadt": 70435, "year": 2022, "tier": "core"}}, {"type": "Feature", "geometry": {"type": "Point", "coordinates": [-74.131915, 40.730724]}, "properties": {"road": "US 1", "aadt": 70435, "year": 2022, "tier": "core"}}, {"type": "Feature", "geometry": {"type": "Point", "coordinates": [-74.134884, 40.729055]}, "properties": {"road": "US 1", "aadt": 70435, "year": 2022, "tier": "core"}}, {"type": "Feature", "geometry": {"type": "Point", "coordinates": [-74.135675, 40.72861]}, "properties": {"road": "US 1", "aadt": 70435, "year": 2022, "tier": "core"}}, {"type": "Feature", "geometry": {"type": "Point", "coordinates": [-74.136892, 40.72792]}, "properties": {"road": "US 1", "aadt": 70435, "year": 2022, "tier": "core"}}, {"type": "Feature", "geometry": {"type": "Point", "coordinates": [-74.137858, 40.72739]}, "properties": {"road": "US 1", "aadt": 70435, "year": 2022, "tier": "core"}}, {"type": "Feature", "geometry": {"type": "Point", "coordinates": [-74.13877, 40.726871]}, "properties": {"road": "US 1", "aadt": 70435, "year": 2022, "tier": "core"}}, {"type": "Feature", "geometry": {"type": "Point", "coordinates": [-74.139729, 40.726345]}, "properties": {"road": "US 1", "aadt": 70435, "year": 2022, "tier": "core"}}, {"type": "Feature", "geometry": {"type": "Point", "coordinates": [-74.142453, 40.724799]}, "properties": {"road": "US 1", "aadt": 70435, "year": 2022, "tier": "core"}}, {"type": "Feature", "geometry": {"type": "Point", "coordinates": [-74.144229, 40.723772]}, "properties": {"road": "US 1", "aadt": 70435, "year": 2022, "tier": "core"}}, {"type": "Feature", "geometry": {"type": "Point", "coordinates": [-74.144554, 40.723594]}, "properties": {"road": "US 1", "aadt": 70435, "year": 2022, "tier": "core"}}, {"type": "Feature", "geometry": {"type": "Point", "coordinates": [-74.144815, 40.723435]}, "properties": {"road": "US 1", "aadt": 70435, "year": 2022, "tier": "core"}}, {"type": "Feature", "geometry": {"type": "Point", "coordinates": [-74.14653, 40.72232]}, "properties": {"road": "US 1", "aadt": 70435, "year": 2022, "tier": "core"}}, {"type": "Feature", "geometry": {"type": "Point", "coordinates": [-74.090643, 40.735443]}, "properties": {"road": "US 1", "aadt": 70435, "year": 2022, "tier": "core"}}, {"type": "Feature", "geometry": {"type": "Point", "coordinates": [-74.115146, 40.73487]}, "properties": {"road": "US 1", "aadt": 70435, "year": 2022, "tier": "core"}}, {"type": "Feature", "geometry": {"type": "Point", "coordinates": [-74.145832, 40.722808]}, "properties": {"road": "US 1", "aadt": 70435, "year": 2022, "tier": "core"}}, {"type": "Feature", "geometry": {"type": "Point", "coordinates": [-74.084491, 40.736465]}, "properties": {"road": "US 1", "aadt": 70435, "year": 2022, "tier": "core"}}, {"type": "Feature", "geometry": {"type": "Point", "coordinates": [-74.106871, 40.734557]}, "properties": {"road": "US 1", "aadt": 70435, "year": 2022, "tier": "core"}}, {"type": "Feature", "geometry": {"type": "Point", "coordinates": [-74.078888, 40.737552]}, "properties": {"road": "US 1", "aadt": 70435, "year": 2022, "tier": "core"}}, {"type": "Feature", "geometry": {"type": "Point", "coordinates": [-74.141425, 40.725393]}, "properties": {"road": "US 1", "aadt": 70435, "year": 2022, "tier": "core"}}, {"type": "Feature", "geometry": {"type": "Point", "coordinates": [-74.0988, 40.734725]}, "properties": {"road": "US 1", "aadt": 70435, "year": 2022, "tier": "core"}}, {"type": "Feature", "geometry": {"type": "Point", "coordinates": [-74.117376, 40.734962]}, "properties": {"road": "US 1", "aadt": 70435, "year": 2022, "tier": "core"}}, {"type": "Feature", "geometry": {"type": "Point", "coordinates": [-74.102288, 40.734458]}, "properties": {"road": "US 1", "aadt": 70435, "year": 2022, "tier": "core"}}, {"type": "Feature", "geometry": {"type": "Point", "coordinates": [-74.142971, 40.724486]}, "properties": {"road": "US 1", "aadt": 70435, "year": 2022, "tier": "core"}}, {"type": "Feature", "geometry": {"type": "Point", "coordinates": [-74.088945, 40.735691]}, "properties": {"road": "US 1", "aadt": 70435, "year": 2022, "tier": "core"}}, {"type": "Feature", "geometry": {"type": "Point", "coordinates": [-74.072584, 40.738719]}, "properties": {"road": "US 1", "aadt": 70435, "year": 2022, "tier": "core"}}, {"type": "Feature", "geometry": {"type": "Point", "coordinates": [-74.133965, 40.729573]}, "properties": {"road": "US 1", "aadt": 70435, "year": 2022, "tier": "core"}}, {"type": "Feature", "geometry": {"type": "Point", "coordinates": [-74.097397, 40.734844]}, "properties": {"road": "US 1", "aadt": 70435, "year": 2022, "tier": "core"}}, {"type": "Feature", "geometry": {"type": "Point", "coordinates": [-74.085977, 40.736238]}, "properties": {"road": "US 1", "aadt": 70435, "year": 2022, "tier": "core"}}, {"type": "Feature", "geometry": {"type": "Point", "coordinates": [-74.077472, 40.737819]}, "properties": {"road": "US 1", "aadt": 70435, "year": 2022, "tier": "core"}}, {"type": "Feature", "geometry": {"type": "Point", "coordinates": [-74.131092, 40.731229]}, "properties": {"road": "US 1", "aadt": 70435, "year": 2022, "tier": "core"}}, {"type": "Feature", "geometry": {"type": "Point", "coordinates": [-74.086833, 40.73608]}, "properties": {"road": "US 1", "aadt": 70435, "year": 2022, "tier": "core"}}, {"type": "Feature", "geometry": {"type": "Point", "coordinates": [-74.132489, 40.730403]}, "properties": {"road": "US 1", "aadt": 70435, "year": 2022, "tier": "core"}}, {"type": "Feature", "geometry": {"type": "Point", "coordinates": [-74.125327, 40.734438]}, "properties": {"road": "US 1", "aadt": 70435, "year": 2022, "tier": "core"}}, {"type": "Feature", "geometry": {"type": "Point", "coordinates": [-74.103914, 40.734442]}, "properties": {"road": "US 1", "aadt": 70435, "year": 2022, "tier": "core"}}, {"type": "Feature", "geometry": {"type": "Point", "coordinates": [-74.126422, 40.73397]}, "properties": {"road": "US 1", "aadt": 70435, "year": 2022, "tier": "core"}}, {"type": "Feature", "geometry": {"type": "Point", "coordinates": [-74.09276, 40.735247]}, "properties": {"road": "US 1", "aadt": 70435, "year": 2022, "tier": "core"}}, {"type": "Feature", "geometry": {"type": "Point", "coordinates": [-74.072323, 40.738765]}, "properties": {"road": "US 1", "aadt": 70435, "year": 2022, "tier": "core"}}, {"type": "Feature", "geometry": {"type": "Point", "coordinates": [-74.132697, 40.730287]}, "properties": {"road": "US 1", "aadt": 70435, "year": 2022, "tier": "core"}}, {"type": "Feature", "geometry": {"type": "Point", "coordinates": [-74.065591, 40.739104]}, "properties": {"road": "US 1", "aadt": 70435, "year": 2022, "tier": "core"}}, {"type": "Feature", "geometry": {"type": "Point", "coordinates": [-74.067068, 40.739002]}, "properties": {"road": "US 1", "aadt": 70435, "year": 2022, "tier": "core"}}, {"type": "Feature", "geometry": {"type": "Point", "coordinates": [-74.067528, 40.73899]}, "properties": {"road": "US 1", "aadt": 70435, "year": 2022, "tier": "core"}}, {"type": "Feature", "geometry": {"type": "Point", "coordinates": [-74.070331, 40.738979]}, "properties": {"road": "US 1", "aadt": 70435, "year": 2022, "tier": "core"}}, {"type": "Feature", "geometry": {"type": "Point", "coordinates": [-74.071488, 40.73888]}, "properties": {"road": "US 1", "aadt": 70435, "year": 2022, "tier": "core"}}, {"type": "Feature", "geometry": {"type": "Point", "coordinates": [-74.142473, 40.743417]}, "properties": {"road": "I 280", "aadt": 64002, "year": 2023, "tier": "core"}}, {"type": "Feature", "geometry": {"type": "Point", "coordinates": [-74.100451, 40.806746]}, "properties": {"road": "NJ 17", "aadt": 62424, "year": 2022, "tier": "core"}}, {"type": "Feature", "geometry": {"type": "Point", "coordinates": [-74.101326, 40.806538]}, "properties": {"road": "NJ 17", "aadt": 62424, "year": 2022, "tier": "core"}}, {"type": "Feature", "geometry": {"type": "Point", "coordinates": [-74.102017, 40.806747]}, "properties": {"road": "NJ 17", "aadt": 62424, "year": 2022, "tier": "core"}}, {"type": "Feature", "geometry": {"type": "Point", "coordinates": [-74.101978, 40.808517]}, "properties": {"road": "NJ 17", "aadt": 62424, "year": 2022, "tier": "core"}}, {"type": "Feature", "geometry": {"type": "Point", "coordinates": [-74.102968, 40.810079]}, "properties": {"road": "NJ 17", "aadt": 62424, "year": 2022, "tier": "core"}}, {"type": "Feature", "geometry": {"type": "Point", "coordinates": [-74.104561, 40.811139]}, "properties": {"road": "NJ 17", "aadt": 62424, "year": 2022, "tier": "core"}}, {"type": "Feature", "geometry": {"type": "Point", "coordinates": [-74.105991, 40.811959]}, "properties": {"road": "NJ 17", "aadt": 62424, "year": 2022, "tier": "core"}}, {"type": "Feature", "geometry": {"type": "Point", "coordinates": [-74.10722, 40.812646]}, "properties": {"road": "NJ 17", "aadt": 62424, "year": 2022, "tier": "core"}}, {"type": "Feature", "geometry": {"type": "Point", "coordinates": [-74.108729, 40.813534]}, "properties": {"road": "NJ 17", "aadt": 62424, "year": 2022, "tier": "core"}}, {"type": "Feature", "geometry": {"type": "Point", "coordinates": [-74.083629, 40.838809]}, "properties": {"road": "NJ 17", "aadt": 62424, "year": 2022, "tier": "core"}}, {"type": "Feature", "geometry": {"type": "Point", "coordinates": [-74.08421, 40.83762]}, "properties": {"road": "NJ 17", "aadt": 62424, "year": 2022, "tier": "core"}}, {"type": "Feature", "geometry": {"type": "Point", "coordinates": [-74.084843, 40.836586]}, "properties": {"road": "NJ 17", "aadt": 62424, "year": 2022, "tier": "core"}}, {"type": "Feature", "geometry": {"type": "Point", "coordinates": [-74.085747, 40.835635]}, "properties": {"road": "NJ 17", "aadt": 62424, "year": 2022, "tier": "core"}}, {"type": "Feature", "geometry": {"type": "Point", "coordinates": [-74.090089, 40.831368]}, "properties": {"road": "NJ 17", "aadt": 62424, "year": 2022, "tier": "core"}}, {"type": "Feature", "geometry": {"type": "Point", "coordinates": [-74.090979, 40.830489]}, "properties": {"road": "NJ 17", "aadt": 62424, "year": 2022, "tier": "core"}}, {"type": "Feature", "geometry": {"type": "Point", "coordinates": [-74.091836, 40.829645]}, "properties": {"road": "NJ 17", "aadt": 62424, "year": 2022, "tier": "core"}}, {"type": "Feature", "geometry": {"type": "Point", "coordinates": [-74.096754, 40.824926]}, "properties": {"road": "NJ 17", "aadt": 62424, "year": 2022, "tier": "core"}}, {"type": "Feature", "geometry": {"type": "Point", "coordinates": [-74.098753, 40.822653]}, "properties": {"road": "NJ 17", "aadt": 62424, "year": 2022, "tier": "core"}}, {"type": "Feature", "geometry": {"type": "Point", "coordinates": [-74.100508, 40.821047]}, "properties": {"road": "NJ 17", "aadt": 62424, "year": 2022, "tier": "core"}}, {"type": "Feature", "geometry": {"type": "Point", "coordinates": [-74.100987, 40.820455]}, "properties": {"road": "NJ 17", "aadt": 62424, "year": 2022, "tier": "core"}}, {"type": "Feature", "geometry": {"type": "Point", "coordinates": [-74.101735, 40.818867]}, "properties": {"road": "NJ 17", "aadt": 62424, "year": 2022, "tier": "core"}}, {"type": "Feature", "geometry": {"type": "Point", "coordinates": [-74.102376, 40.81715]}, "properties": {"road": "NJ 17", "aadt": 62424, "year": 2022, "tier": "core"}}, {"type": "Feature", "geometry": {"type": "Point", "coordinates": [-74.102624, 40.815779]}, "properties": {"road": "NJ 17", "aadt": 62424, "year": 2022, "tier": "core"}}, {"type": "Feature", "geometry": {"type": "Point", "coordinates": [-74.102373, 40.813723]}, "properties": {"road": "NJ 17", "aadt": 62424, "year": 2022, "tier": "core"}}, {"type": "Feature", "geometry": {"type": "Point", "coordinates": [-74.10132, 40.811189]}, "properties": {"road": "NJ 17", "aadt": 62424, "year": 2022, "tier": "core"}}, {"type": "Feature", "geometry": {"type": "Point", "coordinates": [-74.100856, 40.810036]}, "properties": {"road": "NJ 17", "aadt": 62424, "year": 2022, "tier": "core"}}, {"type": "Feature", "geometry": {"type": "Point", "coordinates": [-74.100411, 40.808222]}, "properties": {"road": "NJ 17", "aadt": 62424, "year": 2022, "tier": "core"}}, {"type": "Feature", "geometry": {"type": "Point", "coordinates": [-74.086557, 40.834837]}, "properties": {"road": "NJ 17", "aadt": 62424, "year": 2022, "tier": "core"}}, {"type": "Feature", "geometry": {"type": "Point", "coordinates": [-74.101724, 40.812116]}, "properties": {"road": "NJ 17", "aadt": 62424, "year": 2022, "tier": "core"}}, {"type": "Feature", "geometry": {"type": "Point", "coordinates": [-74.102169, 40.807688]}, "properties": {"road": "NJ 17", "aadt": 62424, "year": 2022, "tier": "core"}}, {"type": "Feature", "geometry": {"type": "Point", "coordinates": [-74.102565, 40.814574]}, "properties": {"road": "NJ 17", "aadt": 62424, "year": 2022, "tier": "core"}}, {"type": "Feature", "geometry": {"type": "Point", "coordinates": [-74.088479, 40.832935]}, "properties": {"road": "NJ 17", "aadt": 62424, "year": 2022, "tier": "core"}}, {"type": "Feature", "geometry": {"type": "Point", "coordinates": [-74.097777, 40.823804]}, "properties": {"road": "NJ 17", "aadt": 62424, "year": 2022, "tier": "core"}}, {"type": "Feature", "geometry": {"type": "Point", "coordinates": [-74.094515, 40.827034]}, "properties": {"road": "NJ 17", "aadt": 62424, "year": 2022, "tier": "core"}}, {"type": "Feature", "geometry": {"type": "Point", "coordinates": [-74.095601, 40.826018]}, "properties": {"road": "NJ 17", "aadt": 62424, "year": 2022, "tier": "core"}}, {"type": "Feature", "geometry": {"type": "Point", "coordinates": [-74.092792, 40.828708]}, "properties": {"road": "NJ 17", "aadt": 62424, "year": 2022, "tier": "core"}}, {"type": "Feature", "geometry": {"type": "Point", "coordinates": [-74.102173, 40.813197]}, "properties": {"road": "NJ 17", "aadt": 62424, "year": 2022, "tier": "core"}}, {"type": "Feature", "geometry": {"type": "Point", "coordinates": [-74.124066, 40.734008]}, "properties": {"road": "US 1T", "aadt": 61857, "year": 2020, "tier": "core"}}, {"type": "Feature", "geometry": {"type": "Point", "coordinates": [-73.997586, 40.841466]}, "properties": {"road": "US 46", "aadt": 60200, "year": 2022, "tier": "core"}}, {"type": "Feature", "geometry": {"type": "Point", "coordinates": [-73.999443, 40.841792]}, "properties": {"road": "US 46", "aadt": 60200, "year": 2022, "tier": "core"}}, {"type": "Feature", "geometry": {"type": "Point", "coordinates": [-74.003435, 40.8435]}, "properties": {"road": "US 46", "aadt": 60200, "year": 2022, "tier": "core"}}, {"type": "Feature", "geometry": {"type": "Point", "coordinates": [-74.004122, 40.843517]}, "properties": {"road": "US 46", "aadt": 60200, "year": 2022, "tier": "core"}}, {"type": "Feature", "geometry": {"type": "Point", "coordinates": [-74.004781, 40.843534]}, "properties": {"road": "US 46", "aadt": 60200, "year": 2022, "tier": "core"}}, {"type": "Feature", "geometry": {"type": "Point", "coordinates": [-74.001524, 40.842966]}, "properties": {"road": "US 46", "aadt": 60200, "year": 2022, "tier": "core"}}, {"type": "Feature", "geometry": {"type": "Point", "coordinates": [-74.111723, 40.752861]}, "properties": {"road": "I 280", "aadt": 59232, "year": 2022, "tier": "core"}}, {"type": "Feature", "geometry": {"type": "Point", "coordinates": [-74.113873, 40.751687]}, "properties": {"road": "I 280", "aadt": 59232, "year": 2022, "tier": "core"}}, {"type": "Feature", "geometry": {"type": "Point", "coordinates": [-74.116347, 40.75072]}, "properties": {"road": "I 280", "aadt": 59232, "year": 2022, "tier": "core"}}, {"type": "Feature", "geometry": {"type": "Point", "coordinates": [-74.117551, 40.751806]}, "properties": {"road": "I 280", "aadt": 59232, "year": 2022, "tier": "core"}}, {"type": "Feature", "geometry": {"type": "Point", "coordinates": [-74.118501, 40.752741]}, "properties": {"road": "I 280", "aadt": 59232, "year": 2022, "tier": "core"}}, {"type": "Feature", "geometry": {"type": "Point", "coordinates": [-74.115138, 40.750693]}, "properties": {"road": "I 280", "aadt": 59232, "year": 2022, "tier": "core"}}, {"type": "Feature", "geometry": {"type": "Point", "coordinates": [-74.001457, 40.842923]}, "properties": {"road": "US 46", "aadt": 59102, "year": 2024, "tier": "core"}}, {"type": "Feature", "geometry": {"type": "Point", "coordinates": [-74.098524, 40.747406]}, "properties": {"road": "NJ 7", "aadt": 58968, "year": 2022, "tier": "core"}}, {"type": "Feature", "geometry": {"type": "Point", "coordinates": [-74.097573, 40.747266]}, "properties": {"road": "NJ 7", "aadt": 58968, "year": 2022, "tier": "core"}}, {"type": "Feature", "geometry": {"type": "Point", "coordinates": [-74.096763, 40.747057]}, "properties": {"road": "NJ 7", "aadt": 58968, "year": 2022, "tier": "core"}}, {"type": "Feature", "geometry": {"type": "Point", "coordinates": [-74.096001, 40.746722]}, "properties": {"road": "NJ 7", "aadt": 58968, "year": 2022, "tier": "core"}}, {"type": "Feature", "geometry": {"type": "Point", "coordinates": [-74.094763, 40.746139]}, "properties": {"road": "NJ 7", "aadt": 58968, "year": 2022, "tier": "core"}}, {"type": "Feature", "geometry": {"type": "Point", "coordinates": [-74.092886, 40.745246]}, "properties": {"road": "NJ 7", "aadt": 58968, "year": 2022, "tier": "core"}}, {"type": "Feature", "geometry": {"type": "Point", "coordinates": [-74.092136, 40.744916]}, "properties": {"road": "NJ 7", "aadt": 58968, "year": 2022, "tier": "core"}}, {"type": "Feature", "geometry": {"type": "Point", "coordinates": [-74.091107, 40.744525]}, "properties": {"road": "NJ 7", "aadt": 58968, "year": 2022, "tier": "core"}}, {"type": "Feature", "geometry": {"type": "Point", "coordinates": [-74.089777, 40.744118]}, "properties": {"road": "NJ 7", "aadt": 58968, "year": 2022, "tier": "core"}}, {"type": "Feature", "geometry": {"type": "Point", "coordinates": [-74.087686, 40.743645]}, "properties": {"road": "NJ 7", "aadt": 58968, "year": 2022, "tier": "core"}}, {"type": "Feature", "geometry": {"type": "Point", "coordinates": [-74.090058, 40.724507]}, "properties": {"road": "NJ 1 Ramp", "aadt": 58782, "year": 2022, "tier": "core"}}, {"type": "Feature", "geometry": {"type": "Point", "coordinates": [-74.091157, 40.724448]}, "properties": {"road": "NJ 1 Ramp", "aadt": 58782, "year": 2022, "tier": "core"}}, {"type": "Feature", "geometry": {"type": "Point", "coordinates": [-74.094768, 40.725641]}, "properties": {"road": "NJ 1 Ramp", "aadt": 58782, "year": 2022, "tier": "core"}}, {"type": "Feature", "geometry": {"type": "Point", "coordinates": [-74.095939, 40.726185]}, "properties": {"road": "NJ 1 Ramp", "aadt": 58782, "year": 2022, "tier": "core"}}, {"type": "Feature", "geometry": {"type": "Point", "coordinates": [-74.096726, 40.72656]}, "properties": {"road": "NJ 1 Ramp", "aadt": 58782, "year": 2022, "tier": "core"}}, {"type": "Feature", "geometry": {"type": "Point", "coordinates": [-74.098132, 40.727086]}, "properties": {"road": "NJ 1 Ramp", "aadt": 58782, "year": 2022, "tier": "core"}}, {"type": "Feature", "geometry": {"type": "Point", "coordinates": [-74.099971, 40.727633]}, "properties": {"road": "NJ 1 Ramp", "aadt": 58782, "year": 2022, "tier": "core"}}, {"type": "Feature", "geometry": {"type": "Point", "coordinates": [-74.104128, 40.728659]}, "properties": {"road": "NJ 1 Ramp", "aadt": 58782, "year": 2022, "tier": "core"}}, {"type": "Feature", "geometry": {"type": "Point", "coordinates": [-74.107725, 40.729747]}, "properties": {"road": "NJ 1 Ramp", "aadt": 58782, "year": 2022, "tier": "core"}}, {"type": "Feature", "geometry": {"type": "Point", "coordinates": [-74.109033, 40.730146]}, "properties": {"road": "NJ 1 Ramp", "aadt": 58782, "year": 2022, "tier": "core"}}, {"type": "Feature", "geometry": {"type": "Point", "coordinates": [-74.105303, 40.729009]}, "properties": {"road": "NJ 1 Ramp", "aadt": 58782, "year": 2022, "tier": "core"}}, {"type": "Feature", "geometry": {"type": "Point", "coordinates": [-74.10142, 40.728027]}, "properties": {"road": "NJ 1 Ramp", "aadt": 58782, "year": 2022, "tier": "core"}}, {"type": "Feature", "geometry": {"type": "Point", "coordinates": [-74.093348, 40.72509]}, "properties": {"road": "NJ 1 Ramp", "aadt": 58782, "year": 2022, "tier": "core"}}, {"type": "Feature", "geometry": {"type": "Point", "coordinates": [-74.101983, 40.728165]}, "properties": {"road": "NJ 1 Ramp", "aadt": 58782, "year": 2022, "tier": "core"}}, {"type": "Feature", "geometry": {"type": "Point", "coordinates": [-74.103156, 40.728423]}, "properties": {"road": "NJ 1 Ramp", "aadt": 58782, "year": 2022, "tier": "core"}}, {"type": "Feature", "geometry": {"type": "Point", "coordinates": [-74.086174, 40.743306]}, "properties": {"road": "NJ 7", "aadt": 58529, "year": 2022, "tier": "core"}}, {"type": "Feature", "geometry": {"type": "Point", "coordinates": [-74.084941, 40.743]}, "properties": {"road": "NJ 7", "aadt": 58529, "year": 2022, "tier": "core"}}, {"type": "Feature", "geometry": {"type": "Point", "coordinates": [-74.084059, 40.742663]}, "properties": {"road": "NJ 7", "aadt": 58529, "year": 2022, "tier": "core"}}, {"type": "Feature", "geometry": {"type": "Point", "coordinates": [-74.082487, 40.741788]}, "properties": {"road": "NJ 7", "aadt": 58529, "year": 2022, "tier": "core"}}, {"type": "Feature", "geometry": {"type": "Point", "coordinates": [-74.07842, 40.739607]}, "properties": {"road": "NJ 7", "aadt": 58529, "year": 2022, "tier": "core"}}, {"type": "Feature", "geometry": {"type": "Point", "coordinates": [-74.075337, 40.739164]}, "properties": {"road": "NJ 7", "aadt": 58529, "year": 2022, "tier": "core"}}, {"type": "Feature", "geometry": {"type": "Point", "coordinates": [-74.087045, 40.743507]}, "properties": {"road": "NJ 7", "aadt": 58529, "year": 2022, "tier": "core"}}, {"type": "Feature", "geometry": {"type": "Point", "coordinates": [-74.080466, 40.740624]}, "properties": {"road": "NJ 7", "aadt": 58529, "year": 2022, "tier": "core"}}, {"type": "Feature", "geometry": {"type": "Point", "coordinates": [-74.07933, 40.739979]}, "properties": {"road": "NJ 7", "aadt": 58529, "year": 2022, "tier": "core"}}, {"type": "Feature", "geometry": {"type": "Point", "coordinates": [-74.077561, 40.73938]}, "properties": {"road": "NJ 7", "aadt": 58529, "year": 2022, "tier": "core"}}, {"type": "Feature", "geometry": {"type": "Point", "coordinates": [-74.046334, 40.730652]}, "properties": {"road": "I 78", "aadt": 56915, "year": 2022, "tier": "core"}}, {"type": "Feature", "geometry": {"type": "Point", "coordinates": [-74.046876, 40.730704]}, "properties": {"road": "I 78", "aadt": 56915, "year": 2022, "tier": "core"}}, {"type": "Feature", "geometry": {"type": "Point", "coordinates": [-74.048466, 40.730831]}, "properties": {"road": "I 78", "aadt": 56915, "year": 2022, "tier": "core"}}, {"type": "Feature", "geometry": {"type": "Point", "coordinates": [-74.0502, 40.730831]}, "properties": {"road": "I 78", "aadt": 56915, "year": 2022, "tier": "core"}}, {"type": "Feature", "geometry": {"type": "Point", "coordinates": [-74.051109, 40.730523]}, "properties": {"road": "I 78", "aadt": 56915, "year": 2022, "tier": "core"}}, {"type": "Feature", "geometry": {"type": "Point", "coordinates": [-74.051866, 40.729725]}, "properties": {"road": "I 78", "aadt": 56915, "year": 2022, "tier": "core"}}, {"type": "Feature", "geometry": {"type": "Point", "coordinates": [-74.052405, 40.728523]}, "properties": {"road": "I 78", "aadt": 56915, "year": 2022, "tier": "core"}}, {"type": "Feature", "geometry": {"type": "Point", "coordinates": [-74.053037, 40.726731]}, "properties": {"road": "I 78", "aadt": 56915, "year": 2022, "tier": "core"}}, {"type": "Feature", "geometry": {"type": "Point", "coordinates": [-74.053588, 40.725168]}, "properties": {"road": "I 78", "aadt": 56915, "year": 2022, "tier": "core"}}, {"type": "Feature", "geometry": {"type": "Point", "coordinates": [-74.054172, 40.723512]}, "properties": {"road": "I 78", "aadt": 56915, "year": 2022, "tier": "core"}}, {"type": "Feature", "geometry": {"type": "Point", "coordinates": [-74.05443, 40.722764]}, "properties": {"road": "I 78", "aadt": 56915, "year": 2022, "tier": "core"}}, {"type": "Feature", "geometry": {"type": "Point", "coordinates": [-74.055403, 40.720003]}, "properties": {"road": "I 78", "aadt": 56915, "year": 2022, "tier": "core"}}, {"type": "Feature", "geometry": {"type": "Point", "coordinates": [-74.054938, 40.721327]}, "properties": {"road": "I 78", "aadt": 56915, "year": 2022, "tier": "core"}}, {"type": "Feature", "geometry": {"type": "Point", "coordinates": [-74.119426, 40.753654]}, "properties": {"road": "I 280", "aadt": 54163, "year": 2022, "tier": "core"}}, {"type": "Feature", "geometry": {"type": "Point", "coordinates": [-74.125148, 40.753917]}, "properties": {"road": "I 280", "aadt": 54163, "year": 2022, "tier": "core"}}, {"type": "Feature", "geometry": {"type": "Point", "coordinates": [-74.127699, 40.751487]}, "properties": {"road": "I 280", "aadt": 54163, "year": 2022, "tier": "core"}}, {"type": "Feature", "geometry": {"type": "Point", "coordinates": [-74.120634, 40.754492]}, "properties": {"road": "I 280", "aadt": 54163, "year": 2022, "tier": "core"}}, {"type": "Feature", "geometry": {"type": "Point", "coordinates": [-74.126959, 40.752854]}, "properties": {"road": "I 280", "aadt": 53828, "year": 2023, "tier": "core"}}, {"type": "Feature", "geometry": {"type": "Point", "coordinates": [-74.121266, 40.849314]}, "properties": {"road": "NJ 21", "aadt": 52895, "year": 2022, "tier": "core"}}, {"type": "Feature", "geometry": {"type": "Point", "coordinates": [-74.12166, 40.847725]}, "properties": {"road": "NJ 21", "aadt": 52895, "year": 2022, "tier": "core"}}, {"type": "Feature", "geometry": {"type": "Point", "coordinates": [-74.122432, 40.845041]}, "properties": {"road": "NJ 21", "aadt": 52895, "year": 2022, "tier": "core"}}, {"type": "Feature", "geometry": {"type": "Point", "coordinates": [-74.12366, 40.842299]}, "properties": {"road": "NJ 21", "aadt": 52895, "year": 2022, "tier": "core"}}, {"type": "Feature", "geometry": {"type": "Point", "coordinates": [-74.124452, 40.840865]}, "properties": {"road": "NJ 21", "aadt": 52895, "year": 2022, "tier": "core"}}, {"type": "Feature", "geometry": {"type": "Point", "coordinates": [-74.12522, 40.838801]}, "properties": {"road": "NJ 21", "aadt": 52895, "year": 2022, "tier": "core"}}, {"type": "Feature", "geometry": {"type": "Point", "coordinates": [-74.12519, 40.837892]}, "properties": {"road": "NJ 21", "aadt": 52895, "year": 2022, "tier": "core"}}, {"type": "Feature", "geometry": {"type": "Point", "coordinates": [-74.124209, 40.835342]}, "properties": {"road": "NJ 21", "aadt": 52895, "year": 2022, "tier": "core"}}, {"type": "Feature", "geometry": {"type": "Point", "coordinates": [-74.123637, 40.834388]}, "properties": {"road": "NJ 21", "aadt": 52895, "year": 2022, "tier": "core"}}, {"type": "Feature", "geometry": {"type": "Point", "coordinates": [-74.122417, 40.832385]}, "properties": {"road": "NJ 21", "aadt": 52895, "year": 2022, "tier": "core"}}, {"type": "Feature", "geometry": {"type": "Point", "coordinates": [-74.121871, 40.831296]}, "properties": {"road": "NJ 21", "aadt": 52895, "year": 2022, "tier": "core"}}, {"type": "Feature", "geometry": {"type": "Point", "coordinates": [-74.122043, 40.828667]}, "properties": {"road": "NJ 21", "aadt": 52895, "year": 2022, "tier": "core"}}, {"type": "Feature", "geometry": {"type": "Point", "coordinates": [-74.122801, 40.826965]}, "properties": {"road": "NJ 21", "aadt": 52895, "year": 2022, "tier": "core"}}, {"type": "Feature", "geometry": {"type": "Point", "coordinates": [-74.124143, 40.824093]}, "properties": {"road": "NJ 21", "aadt": 52895, "year": 2022, "tier": "core"}}, {"type": "Feature", "geometry": {"type": "Point", "coordinates": [-74.124833, 40.836563]}, "properties": {"road": "NJ 21", "aadt": 52895, "year": 2022, "tier": "core"}}, {"type": "Feature", "geometry": {"type": "Point", "coordinates": [-74.122104, 40.846097]}, "properties": {"road": "NJ 21", "aadt": 52895, "year": 2022, "tier": "core"}}, {"type": "Feature", "geometry": {"type": "Point", "coordinates": [-74.125067, 40.839548]}, "properties": {"road": "NJ 21", "aadt": 52895, "year": 2022, "tier": "core"}}, {"type": "Feature", "geometry": {"type": "Point", "coordinates": [-74.123345, 40.82577]}, "properties": {"road": "NJ 21", "aadt": 52895, "year": 2022, "tier": "core"}}, {"type": "Feature", "geometry": {"type": "Point", "coordinates": [-74.122872, 40.84392]}, "properties": {"road": "NJ 21", "aadt": 52895, "year": 2022, "tier": "core"}}, {"type": "Feature", "geometry": {"type": "Point", "coordinates": [-74.121732, 40.829912]}, "properties": {"road": "NJ 21", "aadt": 52895, "year": 2022, "tier": "core"}}, {"type": "Feature", "geometry": {"type": "Point", "coordinates": [-74.007431, 40.844029]}, "properties": {"road": "US 46", "aadt": 51849, "year": 2022, "tier": "core"}}, {"type": "Feature", "geometry": {"type": "Point", "coordinates": [-74.007594, 40.844065]}, "properties": {"road": "US 46", "aadt": 51849, "year": 2022, "tier": "core"}}, {"type": "Feature", "geometry": {"type": "Point", "coordinates": [-74.008588, 40.844247]}, "properties": {"road": "US 46", "aadt": 51849, "year": 2022, "tier": "core"}}, {"type": "Feature", "geometry": {"type": "Point", "coordinates": [-74.011471, 40.844434]}, "properties": {"road": "US 46", "aadt": 51849, "year": 2022, "tier": "core"}}, {"type": "Feature", "geometry": {"type": "Point", "coordinates": [-74.01308, 40.844574]}, "properties": {"road": "US 46", "aadt": 51849, "year": 2022, "tier": "core"}}, {"type": "Feature", "geometry": {"type": "Point", "coordinates": [-74.013939, 40.844867]}, "properties": {"road": "US 46", "aadt": 51849, "year": 2022, "tier": "core"}}, {"type": "Feature", "geometry": {"type": "Point", "coordinates": [-74.014811, 40.845328]}, "properties": {"road": "US 46", "aadt": 51849, "year": 2022, "tier": "core"}}, {"type": "Feature", "geometry": {"type": "Point", "coordinates": [-74.016367, 40.846142]}, "properties": {"road": "US 46", "aadt": 51849, "year": 2022, "tier": "core"}}, {"type": "Feature", "geometry": {"type": "Point", "coordinates": [-74.0055, 40.84363]}, "properties": {"road": "US 46", "aadt": 51849, "year": 2022, "tier": "core"}}, {"type": "Feature", "geometry": {"type": "Point", "coordinates": [-74.009989, 40.844385]}, "properties": {"road": "US 46", "aadt": 51849, "year": 2022, "tier": "core"}}, {"type": "Feature", "geometry": {"type": "Point", "coordinates": [-73.997652, 40.841398]}, "properties": {"road": "US 1", "aadt": 49926, "year": 2022, "tier": "core"}}, {"type": "Feature", "geometry": {"type": "Point", "coordinates": [-73.98687, 40.849996]}, "properties": {"road": "US 1", "aadt": 49926, "year": 2022, "tier": "core"}}, {"type": "Feature", "geometry": {"type": "Point", "coordinates": [-73.988291, 40.84859]}, "properties": {"road": "US 1", "aadt": 49926, "year": 2022, "tier": "core"}}, {"type": "Feature", "geometry": {"type": "Point", "coordinates": [-73.988521, 40.848361]}, "properties": {"road": "US 1", "aadt": 49926, "year": 2022, "tier": "core"}}, {"type": "Feature", "geometry": {"type": "Point", "coordinates": [-73.989645, 40.847242]}, "properties": {"road": "US 1", "aadt": 49926, "year": 2022, "tier": "core"}}, {"type": "Feature", "geometry": {"type": "Point", "coordinates": [-73.990522, 40.846372]}, "properties": {"road": "US 1", "aadt": 49926, "year": 2022, "tier": "core"}}, {"type": "Feature", "geometry": {"type": "Point", "coordinates": [-73.991786, 40.845117]}, "properties": {"road": "US 1", "aadt": 49926, "year": 2022, "tier": "core"}}, {"type": "Feature", "geometry": {"type": "Point", "coordinates": [-73.993079, 40.843827]}, "properties": {"road": "US 1", "aadt": 49926, "year": 2022, "tier": "core"}}, {"type": "Feature", "geometry": {"type": "Point", "coordinates": [-73.993861, 40.843051]}, "properties": {"road": "US 1", "aadt": 49926, "year": 2022, "tier": "core"}}, {"type": "Feature", "geometry": {"type": "Point", "coordinates": [-73.994875, 40.842194]}, "properties": {"road": "US 1", "aadt": 49926, "year": 2022, "tier": "core"}}, {"type": "Feature", "geometry": {"type": "Point", "coordinates": [-73.99622, 40.841628]}, "properties": {"road": "US 1", "aadt": 49926, "year": 2022, "tier": "core"}}, {"type": "Feature", "geometry": {"type": "Point", "coordinates": [-74.068994, 40.814352]}, "properties": {"road": "NJ 120", "aadt": 48897, "year": 2022, "tier": "core"}}, {"type": "Feature", "geometry": {"type": "Point", "coordinates": [-74.070279, 40.812827]}, "properties": {"road": "NJ 120", "aadt": 48897, "year": 2022, "tier": "core"}}, {"type": "Feature", "geometry": {"type": "Point", "coordinates": [-74.071047, 40.811714]}, "properties": {"road": "NJ 120", "aadt": 48897, "year": 2022, "tier": "core"}}, {"type": "Feature", "geometry": {"type": "Point", "coordinates": [-74.072514, 40.80806]}, "properties": {"road": "NJ 120", "aadt": 48897, "year": 2022, "tier": "core"}}, {"type": "Feature", "geometry": {"type": "Point", "coordinates": [-74.072465, 40.80666]}, "properties": {"road": "NJ 120", "aadt": 48897, "year": 2022, "tier": "core"}}, {"type": "Feature", "geometry": {"type": "Point", "coordinates": [-74.072412, 40.805733]}, "properties": {"road": "NJ 120", "aadt": 48897, "year": 2022, "tier": "core"}}, {"type": "Feature", "geometry": {"type": "Point", "coordinates": [-74.072168, 40.804785]}, "properties": {"road": "NJ 120", "aadt": 48897, "year": 2022, "tier": "core"}}, {"type": "Feature", "geometry": {"type": "Point", "coordinates": [-74.069519, 40.813767]}, "properties": {"road": "NJ 120", "aadt": 48897, "year": 2022, "tier": "core"}}, {"type": "Feature", "geometry": {"type": "Point", "coordinates": [-74.071779, 40.81036]}, "properties": {"road": "NJ 120", "aadt": 48897, "year": 2022, "tier": "core"}}, {"type": "Feature", "geometry": {"type": "Point", "coordinates": [-74.071689, 40.810545]}, "properties": {"road": "NJ 120", "aadt": 48897, "year": 2022, "tier": "core"}}, {"type": "Feature", "geometry": {"type": "Point", "coordinates": [-74.072387, 40.808821]}, "properties": {"road": "NJ 120", "aadt": 48897, "year": 2022, "tier": "core"}}, {"type": "Feature", "geometry": {"type": "Point", "coordinates": [-74.010135, 40.832714]}, "properties": {"road": "US 1", "aadt": 46893, "year": 2022, "tier": "core"}}, {"type": "Feature", "geometry": {"type": "Point", "coordinates": [-74.010053, 40.831467]}, "properties": {"road": "US 1", "aadt": 46893, "year": 2022, "tier": "core"}}, {"type": "Feature", "geometry": {"type": "Point", "coordinates": [-74.010335, 40.829064]}, "properties": {"road": "US 1", "aadt": 46893, "year": 2022, "tier": "core"}}, {"type": "Feature", "geometry": {"type": "Point", "coordinates": [-74.01035, 40.82767]}, "properties": {"road": "US 1", "aadt": 46893, "year": 2022, "tier": "core"}}, {"type": "Feature", "geometry": {"type": "Point", "coordinates": [-74.010124, 40.826938]}, "properties": {"road": "US 1", "aadt": 46893, "year": 2022, "tier": "core"}}, {"type": "Feature", "geometry": {"type": "Point", "coordinates": [-74.009106, 40.824886]}, "properties": {"road": "US 1", "aadt": 46893, "year": 2022, "tier": "core"}}, {"type": "Feature", "geometry": {"type": "Point", "coordinates": [-74.008721, 40.824198]}, "properties": {"road": "US 1", "aadt": 46893, "year": 2022, "tier": "core"}}, {"type": "Feature", "geometry": {"type": "Point", "coordinates": [-74.008712, 40.822063]}, "properties": {"road": "US 1", "aadt": 46893, "year": 2022, "tier": "core"}}, {"type": "Feature", "geometry": {"type": "Point", "coordinates": [-74.008031, 40.820584]}, "properties": {"road": "US 1", "aadt": 46893, "year": 2022, "tier": "core"}}, {"type": "Feature", "geometry": {"type": "Point", "coordinates": [-74.007643, 40.819624]}, "properties": {"road": "US 1", "aadt": 46893, "year": 2022, "tier": "core"}}, {"type": "Feature", "geometry": {"type": "Point", "coordinates": [-74.007933, 40.817928]}, "properties": {"road": "US 1", "aadt": 46893, "year": 2022, "tier": "core"}}, {"type": "Feature", "geometry": {"type": "Point", "coordinates": [-74.008154, 40.816442]}, "properties": {"road": "US 1", "aadt": 46893, "year": 2022, "tier": "core"}}, {"type": "Feature", "geometry": {"type": "Point", "coordinates": [-74.008564, 40.815801]}, "properties": {"road": "US 1", "aadt": 46893, "year": 2022, "tier": "core"}}, {"type": "Feature", "geometry": {"type": "Point", "coordinates": [-74.009443, 40.814761]}, "properties": {"road": "US 1", "aadt": 46893, "year": 2022, "tier": "core"}}, {"type": "Feature", "geometry": {"type": "Point", "coordinates": [-74.010345, 40.830308]}, "properties": {"road": "US 1", "aadt": 46893, "year": 2022, "tier": "core"}}, {"type": "Feature", "geometry": {"type": "Point", "coordinates": [-74.017085, 40.846508]}, "properties": {"road": "US 46", "aadt": 46866, "year": 2022, "tier": "core"}}, {"type": "Feature", "geometry": {"type": "Point", "coordinates": [-74.017872, 40.846859]}, "properties": {"road": "US 46", "aadt": 46866, "year": 2022, "tier": "core"}}, {"type": "Feature", "geometry": {"type": "Point", "coordinates": [-74.022533, 40.84874]}, "properties": {"road": "US 46", "aadt": 46866, "year": 2022, "tier": "core"}}, {"type": "Feature", "geometry": {"type": "Point", "coordinates": [-74.024444, 40.849596]}, "properties": {"road": "US 46", "aadt": 46866, "year": 2022, "tier": "core"}}, {"type": "Feature", "geometry": {"type": "Point", "coordinates": [-74.019428, 40.847486]}, "properties": {"road": "US 46", "aadt": 46866, "year": 2022, "tier": "core"}}, {"type": "Feature", "geometry": {"type": "Point", "coordinates": [-74.020965, 40.848087]}, "properties": {"road": "US 46", "aadt": 46866, "year": 2022, "tier": "core"}}, {"type": "Feature", "geometry": {"type": "Point", "coordinates": [-74.021592, 40.848335]}, "properties": {"road": "US 46", "aadt": 46866, "year": 2022, "tier": "core"}}, {"type": "Feature", "geometry": {"type": "Point", "coordinates": [-74.117457, 40.749114]}, "properties": {"road": "CR 508", "aadt": 44546, "year": 2014, "tier": "core"}}, {"type": "Feature", "geometry": {"type": "Point", "coordinates": [-74.009748, 40.826112]}, "properties": {"road": "US 1", "aadt": 42999, "year": 2024, "tier": "core"}}, {"type": "Feature", "geometry": {"type": "Point", "coordinates": [-74.110251, 40.747717]}, "properties": {"road": "MUN 508", "aadt": 42729, "year": 2022, "tier": "core"}}, {"type": "Feature", "geometry": {"type": "Point", "coordinates": [-74.112909, 40.74823]}, "properties": {"road": "MUN 508", "aadt": 42729, "year": 2022, "tier": "core"}}, {"type": "Feature", "geometry": {"type": "Point", "coordinates": [-74.114631, 40.748574]}, "properties": {"road": "MUN 508", "aadt": 42729, "year": 2022, "tier": "core"}}, {"type": "Feature", "geometry": {"type": "Point", "coordinates": [-74.116386, 40.748911]}, "properties": {"road": "MUN 508", "aadt": 42729, "year": 2022, "tier": "core"}}, {"type": "Feature", "geometry": {"type": "Point", "coordinates": [-74.11815, 40.74925]}, "properties": {"road": "MUN 508", "aadt": 42729, "year": 2022, "tier": "core"}}, {"type": "Feature", "geometry": {"type": "Point", "coordinates": [-74.11887, 40.749389]}, "properties": {"road": "MUN 508", "aadt": 42729, "year": 2022, "tier": "core"}}, {"type": "Feature", "geometry": {"type": "Point", "coordinates": [-74.120438, 40.749694]}, "properties": {"road": "MUN 508", "aadt": 42729, "year": 2022, "tier": "core"}}, {"type": "Feature", "geometry": {"type": "Point", "coordinates": [-74.123033, 40.750139]}, "properties": {"road": "MUN 508", "aadt": 42729, "year": 2022, "tier": "core"}}, {"type": "Feature", "geometry": {"type": "Point", "coordinates": [-74.12397, 40.750263]}, "properties": {"road": "MUN 508", "aadt": 42729, "year": 2022, "tier": "core"}}, {"type": "Feature", "geometry": {"type": "Point", "coordinates": [-74.124916, 40.75036]}, "properties": {"road": "MUN 508", "aadt": 42729, "year": 2022, "tier": "core"}}, {"type": "Feature", "geometry": {"type": "Point", "coordinates": [-74.126628, 40.750448]}, "properties": {"road": "MUN 508", "aadt": 42729, "year": 2022, "tier": "core"}}, {"type": "Feature", "geometry": {"type": "Point", "coordinates": [-74.127952, 40.750453]}, "properties": {"road": "MUN 508", "aadt": 42729, "year": 2022, "tier": "core"}}, {"type": "Feature", "geometry": {"type": "Point", "coordinates": [-74.122281, 40.750035]}, "properties": {"road": "MUN 508", "aadt": 42729, "year": 2022, "tier": "core"}}, {"type": "Feature", "geometry": {"type": "Point", "coordinates": [-74.110841, 40.747831]}, "properties": {"road": "MUN 508", "aadt": 42729, "year": 2022, "tier": "core"}}, {"type": "Feature", "geometry": {"type": "Point", "coordinates": [-74.096726, 40.72656]}, "properties": {"road": "US 1T", "aadt": 42486, "year": 2024, "tier": "core"}}, {"type": "Feature", "geometry": {"type": "Point", "coordinates": [-74.072755, 40.739167]}, "properties": {"road": "US 1T", "aadt": 40340, "year": 2024, "tier": "core"}}, {"type": "Feature", "geometry": {"type": "Point", "coordinates": [-74.041621, 40.773508]}, "properties": {"road": "US 1", "aadt": 40270, "year": 2024, "tier": "core"}}, {"type": "Feature", "geometry": {"type": "Point", "coordinates": [-74.079727, 40.735699]}, "properties": {"road": "US 1T", "aadt": 39062, "year": 2013, "tier": "core"}}, {"type": "Feature", "geometry": {"type": "Point", "coordinates": [-74.069766, 40.739518]}, "properties": {"road": "NJ 1 Ramp", "aadt": 38648, "year": 2022, "tier": "core"}}, {"type": "Feature", "geometry": {"type": "Point", "coordinates": [-74.070605, 40.739424]}, "properties": {"road": "NJ 1 Ramp", "aadt": 38648, "year": 2022, "tier": "core"}}, {"type": "Feature", "geometry": {"type": "Point", "coordinates": [-74.072459, 40.739206]}, "properties": {"road": "NJ 1 Ramp", "aadt": 38648, "year": 2022, "tier": "core"}}, {"type": "Feature", "geometry": {"type": "Point", "coordinates": [-74.073463, 40.738912]}, "properties": {"road": "NJ 1 Ramp", "aadt": 38648, "year": 2022, "tier": "core"}}, {"type": "Feature", "geometry": {"type": "Point", "coordinates": [-74.074346, 40.737433]}, "properties": {"road": "NJ 1 Ramp", "aadt": 38648, "year": 2022, "tier": "core"}}, {"type": "Feature", "geometry": {"type": "Point", "coordinates": [-74.07521, 40.737087]}, "properties": {"road": "NJ 1 Ramp", "aadt": 38648, "year": 2022, "tier": "core"}}, {"type": "Feature", "geometry": {"type": "Point", "coordinates": [-74.077577, 40.737596]}, "properties": {"road": "NJ 1 Ramp", "aadt": 38648, "year": 2022, "tier": "core"}}, {"type": "Feature", "geometry": {"type": "Point", "coordinates": [-74.078663, 40.736757]}, "properties": {"road": "NJ 1 Ramp", "aadt": 38648, "year": 2022, "tier": "core"}}, {"type": "Feature", "geometry": {"type": "Point", "coordinates": [-74.080048, 40.735393]}, "properties": {"road": "NJ 1 Ramp", "aadt": 38648, "year": 2022, "tier": "core"}}, {"type": "Feature", "geometry": {"type": "Point", "coordinates": [-74.084122, 40.731687]}, "properties": {"road": "NJ 1 Ramp", "aadt": 38648, "year": 2022, "tier": "core"}}, {"type": "Feature", "geometry": {"type": "Point", "coordinates": [-74.084794, 40.730967]}, "properties": {"road": "NJ 1 Ramp", "aadt": 38648, "year": 2022, "tier": "core"}}, {"type": "Feature", "geometry": {"type": "Point", "coordinates": [-74.085413, 40.730305]}, "properties": {"road": "NJ 1 Ramp", "aadt": 38648, "year": 2022, "tier": "core"}}, {"type": "Feature", "geometry": {"type": "Point", "coordinates": [-74.08602, 40.729496]}, "properties": {"road": "NJ 1 Ramp", "aadt": 38648, "year": 2022, "tier": "core"}}, {"type": "Feature", "geometry": {"type": "Point", "coordinates": [-74.086608, 40.72859]}, "properties": {"road": "NJ 1 Ramp", "aadt": 38648, "year": 2022, "tier": "core"}}, {"type": "Feature", "geometry": {"type": "Point", "coordinates": [-74.088363, 40.725919]}, "properties": {"road": "NJ 1 Ramp", "aadt": 38648, "year": 2022, "tier": "core"}}, {"type": "Feature", "geometry": {"type": "Point", "coordinates": [-74.08913, 40.724846]}, "properties": {"road": "NJ 1 Ramp", "aadt": 38648, "year": 2022, "tier": "core"}}, {"type": "Feature", "geometry": {"type": "Point", "coordinates": [-74.063114, 40.742521]}, "properties": {"road": "NJ 1 Ramp", "aadt": 38648, "year": 2022, "tier": "core"}}, {"type": "Feature", "geometry": {"type": "Point", "coordinates": [-74.063245, 40.741683]}, "properties": {"road": "NJ 1 Ramp", "aadt": 38648, "year": 2022, "tier": "core"}}, {"type": "Feature", "geometry": {"type": "Point", "coordinates": [-74.064772, 40.740088]}, "properties": {"road": "NJ 1 Ramp", "aadt": 38648, "year": 2022, "tier": "core"}}, {"type": "Feature", "geometry": {"type": "Point", "coordinates": [-74.066884, 40.739802]}, "properties": {"road": "NJ 1 Ramp", "aadt": 38648, "year": 2022, "tier": "core"}}, {"type": "Feature", "geometry": {"type": "Point", "coordinates": [-74.068593, 40.739637]}, "properties": {"road": "NJ 1 Ramp", "aadt": 38648, "year": 2022, "tier": "core"}}, {"type": "Feature", "geometry": {"type": "Point", "coordinates": [-74.082784, 40.732929]}, "properties": {"road": "NJ 1 Ramp", "aadt": 38648, "year": 2022, "tier": "core"}}, {"type": "Feature", "geometry": {"type": "Point", "coordinates": [-74.063734, 40.74074]}, "properties": {"road": "NJ 1 Ramp", "aadt": 38648, "year": 2022, "tier": "core"}}, {"type": "Feature", "geometry": {"type": "Point", "coordinates": [-74.081556, 40.734037]}, "properties": {"road": "NJ 1 Ramp", "aadt": 38648, "year": 2022, "tier": "core"}}, {"type": "Feature", "geometry": {"type": "Point", "coordinates": [-74.066107, 40.739866]}, "properties": {"road": "NJ 1 Ramp", "aadt": 38648, "year": 2022, "tier": "core"}}, {"type": "Feature", "geometry": {"type": "Point", "coordinates": [-74.073848, 40.738486]}, "properties": {"road": "NJ 1 Ramp", "aadt": 38648, "year": 2022, "tier": "core"}}, {"type": "Feature", "geometry": {"type": "Point", "coordinates": [-74.087746, 40.726839]}, "properties": {"road": "NJ 1 Ramp", "aadt": 38648, "year": 2022, "tier": "core"}}, {"type": "Feature", "geometry": {"type": "Point", "coordinates": [-74.1106, 40.814634]}, "properties": {"road": "NJ 17", "aadt": 37654, "year": 2022, "tier": "core"}}, {"type": "Feature", "geometry": {"type": "Point", "coordinates": [-74.114234, 40.814614]}, "properties": {"road": "NJ 17", "aadt": 37654, "year": 2022, "tier": "core"}}, {"type": "Feature", "geometry": {"type": "Point", "coordinates": [-74.114776, 40.813869]}, "properties": {"road": "NJ 17", "aadt": 37654, "year": 2022, "tier": "core"}}, {"type": "Feature", "geometry": {"type": "Point", "coordinates": [-74.115313, 40.81313]}, "properties": {"road": "NJ 17", "aadt": 37654, "year": 2022, "tier": "core"}}, {"type": "Feature", "geometry": {"type": "Point", "coordinates": [-74.116157, 40.811957]}, "properties": {"road": "NJ 17", "aadt": 37654, "year": 2022, "tier": "core"}}, {"type": "Feature", "geometry": {"type": "Point", "coordinates": [-74.11817, 40.809171]}, "properties": {"road": "NJ 17", "aadt": 37654, "year": 2022, "tier": "core"}}, {"type": "Feature", "geometry": {"type": "Point", "coordinates": [-74.121166, 40.805051]}, "properties": {"road": "NJ 17", "aadt": 37654, "year": 2022, "tier": "core"}}, {"type": "Feature", "geometry": {"type": "Point", "coordinates": [-74.121509, 40.804581]}, "properties": {"road": "NJ 17", "aadt": 37654, "year": 2022, "tier": "core"}}, {"type": "Feature", "geometry": {"type": "Point", "coordinates": [-74.122324, 40.803476]}, "properties": {"road": "NJ 17", "aadt": 37654, "year": 2022, "tier": "core"}}, {"type": "Feature", "geometry": {"type": "Point", "coordinates": [-74.122605, 40.803097]}, "properties": {"road": "NJ 17", "aadt": 37654, "year": 2022, "tier": "core"}}, {"type": "Feature", "geometry": {"type": "Point", "coordinates": [-74.125676, 40.798941]}, "properties": {"road": "NJ 17", "aadt": 37654, "year": 2022, "tier": "core"}}, {"type": "Feature", "geometry": {"type": "Point", "coordinates": [-74.126398, 40.797964]}, "properties": {"road": "NJ 17", "aadt": 37654, "year": 2022, "tier": "core"}}, {"type": "Feature", "geometry": {"type": "Point", "coordinates": [-74.127534, 40.796418]}, "properties": {"road": "NJ 17", "aadt": 37654, "year": 2022, "tier": "core"}}, {"type": "Feature", "geometry": {"type": "Point", "coordinates": [-74.128586, 40.794999]}, "properties": {"road": "NJ 17", "aadt": 37654, "year": 2022, "tier": "core"}}, {"type": "Feature", "geometry": {"type": "Point", "coordinates": [-74.12928, 40.794059]}, "properties": {"road": "NJ 17", "aadt": 37654, "year": 2022, "tier": "core"}}, {"type": "Feature", "geometry": {"type": "Point", "coordinates": [-74.131508, 40.791036]}, "properties": {"road": "NJ 17", "aadt": 37654, "year": 2022, "tier": "core"}}, {"type": "Feature", "geometry": {"type": "Point", "coordinates": [-74.133381, 40.788481]}, "properties": {"road": "NJ 17", "aadt": 37654, "year": 2022, "tier": "core"}}, {"type": "Feature", "geometry": {"type": "Point", "coordinates": [-74.134191, 40.787377]}, "properties": {"road": "NJ 17", "aadt": 37654, "year": 2022, "tier": "core"}}, {"type": "Feature", "geometry": {"type": "Point", "coordinates": [-74.135181, 40.786024]}, "properties": {"road": "NJ 17", "aadt": 37654, "year": 2022, "tier": "core"}}, {"type": "Feature", "geometry": {"type": "Point", "coordinates": [-74.135771, 40.785209]}, "properties": {"road": "NJ 17", "aadt": 37654, "year": 2022, "tier": "core"}}, {"type": "Feature", "geometry": {"type": "Point", "coordinates": [-74.13709, 40.783567]}, "properties": {"road": "NJ 17", "aadt": 37654, "year": 2022, "tier": "core"}}, {"type": "Feature", "geometry": {"type": "Point", "coordinates": [-74.112665, 40.815853]}, "properties": {"road": "NJ 17", "aadt": 37654, "year": 2022, "tier": "core"}}, {"type": "Feature", "geometry": {"type": "Point", "coordinates": [-74.130878, 40.79189]}, "properties": {"road": "NJ 17", "aadt": 37654, "year": 2022, "tier": "core"}}, {"type": "Feature", "geometry": {"type": "Point", "coordinates": [-74.117787, 40.809705]}, "properties": {"road": "NJ 17", "aadt": 37654, "year": 2022, "tier": "core"}}, {"type": "Feature", "geometry": {"type": "Point", "coordinates": [-74.138307, 40.782077]}, "properties": {"road": "NJ 17", "aadt": 37654, "year": 2022, "tier": "core"}}, {"type": "Feature", "geometry": {"type": "Point", "coordinates": [-74.117359, 40.810305]}, "properties": {"road": "NJ 17", "aadt": 37654, "year": 2022, "tier": "core"}}, {"type": "Feature", "geometry": {"type": "Point", "coordinates": [-74.11938, 40.807518]}, "properties": {"road": "NJ 17", "aadt": 37654, "year": 2022, "tier": "core"}}, {"type": "Feature", "geometry": {"type": "Point", "coordinates": [-74.109629, 40.814066]}, "properties": {"road": "NJ 17", "aadt": 37654, "year": 2022, "tier": "core"}}, {"type": "Feature", "geometry": {"type": "Point", "coordinates": [-74.124577, 40.800426]}, "properties": {"road": "NJ 17", "aadt": 37654, "year": 2022, "tier": "core"}}, {"type": "Feature", "geometry": {"type": "Point", "coordinates": [-74.120182, 40.80641]}, "properties": {"road": "NJ 17", "aadt": 37654, "year": 2022, "tier": "core"}}, {"type": "Feature", "geometry": {"type": "Point", "coordinates": [-74.123709, 40.801603]}, "properties": {"road": "NJ 17", "aadt": 37654, "year": 2022, "tier": "core"}}, {"type": "Feature", "geometry": {"type": "Point", "coordinates": [-74.117138, 40.810609]}, "properties": {"road": "NJ 17", "aadt": 37654, "year": 2022, "tier": "core"}}, {"type": "Feature", "geometry": {"type": "Point", "coordinates": [-74.026113, 40.795247]}, "properties": {"road": "US 1", "aadt": 37133, "year": 2022, "tier": "core"}}, {"type": "Feature", "geometry": {"type": "Point", "coordinates": [-74.027307, 40.793272]}, "properties": {"road": "US 1", "aadt": 37133, "year": 2022, "tier": "core"}}, {"type": "Feature", "geometry": {"type": "Point", "coordinates": [-74.028029, 40.791973]}, "properties": {"road": "US 1", "aadt": 37133, "year": 2022, "tier": "core"}}, {"type": "Feature", "geometry": {"type": "Point", "coordinates": [-74.028866, 40.790448]}, "properties": {"road": "US 1", "aadt": 37133, "year": 2022, "tier": "core"}}, {"type": "Feature", "geometry": {"type": "Point", "coordinates": [-74.029723, 40.789325]}, "properties": {"road": "US 1", "aadt": 37133, "year": 2022, "tier": "core"}}, {"type": "Feature", "geometry": {"type": "Point", "coordinates": [-74.030723, 40.788063]}, "properties": {"road": "US 1", "aadt": 37133, "year": 2022, "tier": "core"}}, {"type": "Feature", "geometry": {"type": "Point", "coordinates": [-74.031299, 40.787352]}, "properties": {"road": "US 1", "aadt": 37133, "year": 2022, "tier": "core"}}, {"type": "Feature", "geometry": {"type": "Point", "coordinates": [-74.031873, 40.786626]}, "properties": {"road": "US 1", "aadt": 37133, "year": 2022, "tier": "core"}}, {"type": "Feature", "geometry": {"type": "Point", "coordinates": [-74.032847, 40.785377]}, "properties": {"road": "US 1", "aadt": 37133, "year": 2022, "tier": "core"}}, {"type": "Feature", "geometry": {"type": "Point", "coordinates": [-74.034869, 40.783033]}, "properties": {"road": "US 1", "aadt": 37133, "year": 2022, "tier": "core"}}, {"type": "Feature", "geometry": {"type": "Point", "coordinates": [-74.036289, 40.781586]}, "properties": {"road": "US 1", "aadt": 37133, "year": 2022, "tier": "core"}}, {"type": "Feature", "geometry": {"type": "Point", "coordinates": [-74.037321, 40.780525]}, "properties": {"road": "US 1", "aadt": 37133, "year": 2022, "tier": "core"}}, {"type": "Feature", "geometry": {"type": "Point", "coordinates": [-74.0382, 40.779266]}, "properties": {"road": "US 1", "aadt": 37133, "year": 2022, "tier": "core"}}, {"type": "Feature", "geometry": {"type": "Point", "coordinates": [-74.039112, 40.777895]}, "properties": {"road": "US 1", "aadt": 37133, "year": 2022, "tier": "core"}}, {"type": "Feature", "geometry": {"type": "Point", "coordinates": [-74.040091, 40.7764]}, "properties": {"road": "US 1", "aadt": 37133, "year": 2022, "tier": "core"}}, {"type": "Feature", "geometry": {"type": "Point", "coordinates": [-74.040621, 40.775581]}, "properties": {"road": "US 1", "aadt": 37133, "year": 2022, "tier": "core"}}, {"type": "Feature", "geometry": {"type": "Point", "coordinates": [-74.041427, 40.774246]}, "properties": {"road": "US 1", "aadt": 37133, "year": 2022, "tier": "core"}}, {"type": "Feature", "geometry": {"type": "Point", "coordinates": [-74.026696, 40.794331]}, "properties": {"road": "US 1", "aadt": 37133, "year": 2022, "tier": "core"}}, {"type": "Feature", "geometry": {"type": "Point", "coordinates": [-74.033754, 40.784279]}, "properties": {"road": "US 1", "aadt": 37133, "year": 2022, "tier": "core"}}, {"type": "Feature", "geometry": {"type": "Point", "coordinates": [-74.009606, 40.814565]}, "properties": {"road": "US 1", "aadt": 36302, "year": 2022, "tier": "core"}}, {"type": "Feature", "geometry": {"type": "Point", "coordinates": [-74.009847, 40.814291]}, "properties": {"road": "US 1", "aadt": 36302, "year": 2022, "tier": "core"}}, {"type": "Feature", "geometry": {"type": "Point", "coordinates": [-74.011397, 40.812582]}, "properties": {"road": "US 1", "aadt": 36302, "year": 2022, "tier": "core"}}, {"type": "Feature", "geometry": {"type": "Point", "coordinates": [-74.012214, 40.811684]}, "properties": {"road": "US 1", "aadt": 36302, "year": 2022, "tier": "core"}}, {"type": "Feature", "geometry": {"type": "Point", "coordinates": [-74.013168, 40.810624]}, "properties": {"road": "US 1", "aadt": 36302, "year": 2022, "tier": "core"}}, {"type": "Feature", "geometry": {"type": "Point", "coordinates": [-74.014653, 40.808991]}, "properties": {"road": "US 1", "aadt": 36302, "year": 2022, "tier": "core"}}, {"type": "Feature", "geometry": {"type": "Point", "coordinates": [-74.015701, 40.807862]}, "properties": {"road": "US 1", "aadt": 36302, "year": 2022, "tier": "core"}}, {"type": "Feature", "geometry": {"type": "Point", "coordinates": [-74.017018, 40.806379]}, "properties": {"road": "US 1", "aadt": 36302, "year": 2022, "tier": "core"}}, {"type": "Feature", "geometry": {"type": "Point", "coordinates": [-74.017708, 40.805582]}, "properties": {"road": "US 1", "aadt": 36302, "year": 2022, "tier": "core"}}, {"type": "Feature", "geometry": {"type": "Point", "coordinates": [-74.018619, 40.804507]}, "properties": {"road": "US 1", "aadt": 36302, "year": 2022, "tier": "core"}}, {"type": "Feature", "geometry": {"type": "Point", "coordinates": [-74.019841, 40.803061]}, "properties": {"road": "US 1", "aadt": 36302, "year": 2022, "tier": "core"}}, {"type": "Feature", "geometry": {"type": "Point", "coordinates": [-74.02096, 40.801736]}, "properties": {"road": "US 1", "aadt": 36302, "year": 2022, "tier": "core"}}, {"type": "Feature", "geometry": {"type": "Point", "coordinates": [-74.021787, 40.800762]}, "properties": {"road": "US 1", "aadt": 36302, "year": 2022, "tier": "core"}}, {"type": "Feature", "geometry": {"type": "Point", "coordinates": [-74.022312, 40.800139]}, "properties": {"road": "US 1", "aadt": 36302, "year": 2022, "tier": "core"}}, {"type": "Feature", "geometry": {"type": "Point", "coordinates": [-74.022874, 40.799473]}, "properties": {"road": "US 1", "aadt": 36302, "year": 2022, "tier": "core"}}, {"type": "Feature", "geometry": {"type": "Point", "coordinates": [-74.023983, 40.798162]}, "properties": {"road": "US 1", "aadt": 36302, "year": 2022, "tier": "core"}}, {"type": "Feature", "geometry": {"type": "Point", "coordinates": [-74.025583, 40.796142]}, "properties": {"road": "US 1", "aadt": 36302, "year": 2022, "tier": "core"}}, {"type": "Feature", "geometry": {"type": "Point", "coordinates": [-73.994429, 40.799774]}, "properties": {"road": "CR 505", "aadt": 34161, "year": 2014, "tier": "core"}}, {"type": "Feature", "geometry": {"type": "Point", "coordinates": [-73.980785, 40.816903]}, "properties": {"road": "MUN 505", "aadt": 33620, "year": 2022, "tier": "core"}}, {"type": "Feature", "geometry": {"type": "Point", "coordinates": [-73.983637, 40.814259]}, "properties": {"road": "MUN 505", "aadt": 33620, "year": 2022, "tier": "core"}}, {"type": "Feature", "geometry": {"type": "Point", "coordinates": [-73.985061, 40.813434]}, "properties": {"road": "MUN 505", "aadt": 33620, "year": 2022, "tier": "core"}}, {"type": "Feature", "geometry": {"type": "Point", "coordinates": [-73.986518, 40.812757]}, "properties": {"road": "MUN 505", "aadt": 33620, "year": 2022, "tier": "core"}}, {"type": "Feature", "geometry": {"type": "Point", "coordinates": [-73.987935, 40.811146]}, "properties": {"road": "MUN 505", "aadt": 33620, "year": 2022, "tier": "core"}}, {"type": "Feature", "geometry": {"type": "Point", "coordinates": [-73.988958, 40.810132]}, "properties": {"road": "MUN 505", "aadt": 33620, "year": 2022, "tier": "core"}}, {"type": "Feature", "geometry": {"type": "Point", "coordinates": [-73.98946, 40.809334]}, "properties": {"road": "MUN 505", "aadt": 33620, "year": 2022, "tier": "core"}}, {"type": "Feature", "geometry": {"type": "Point", "coordinates": [-73.989991, 40.807983]}, "properties": {"road": "MUN 505", "aadt": 33620, "year": 2022, "tier": "core"}}, {"type": "Feature", "geometry": {"type": "Point", "coordinates": [-73.991119, 40.806582]}, "properties": {"road": "MUN 505", "aadt": 33620, "year": 2022, "tier": "core"}}, {"type": "Feature", "geometry": {"type": "Point", "coordinates": [-73.992288, 40.805195]}, "properties": {"road": "MUN 505", "aadt": 33620, "year": 2022, "tier": "core"}}, {"type": "Feature", "geometry": {"type": "Point", "coordinates": [-73.992786, 40.80465]}, "properties": {"road": "MUN 505", "aadt": 33620, "year": 2022, "tier": "core"}}, {"type": "Feature", "geometry": {"type": "Point", "coordinates": [-73.982128, 40.815539]}, "properties": {"road": "MUN 505", "aadt": 33620, "year": 2022, "tier": "core"}}, {"type": "Feature", "geometry": {"type": "Point", "coordinates": [-74.052238, 40.731348]}, "properties": {"road": "NJ 139 Ramp", "aadt": 32351, "year": 2022, "tier": "core"}}, {"type": "Feature", "geometry": {"type": "Point", "coordinates": [-74.053387, 40.732332]}, "properties": {"road": "NJ 139 Ramp", "aadt": 32351, "year": 2022, "tier": "core"}}, {"type": "Feature", "geometry": {"type": "Point", "coordinates": [-74.054562, 40.733343]}, "properties": {"road": "NJ 139 Ramp", "aadt": 32351, "year": 2022, "tier": "core"}}, {"type": "Feature", "geometry": {"type": "Point", "coordinates": [-74.058812, 40.737003]}, "properties": {"road": "NJ 139 Ramp", "aadt": 32351, "year": 2022, "tier": "core"}}, {"type": "Feature", "geometry": {"type": "Point", "coordinates": [-74.059905, 40.737943]}, "properties": {"road": "NJ 139 Ramp", "aadt": 32351, "year": 2022, "tier": "core"}}, {"type": "Feature", "geometry": {"type": "Point", "coordinates": [-74.061303, 40.739189]}, "properties": {"road": "NJ 139 Ramp", "aadt": 32351, "year": 2022, "tier": "core"}}, {"type": "Feature", "geometry": {"type": "Point", "coordinates": [-74.050666, 40.731034]}, "properties": {"road": "NJ 139 Ramp", "aadt": 32351, "year": 2022, "tier": "core"}}, {"type": "Feature", "geometry": {"type": "Point", "coordinates": [-74.057387, 40.735778]}, "properties": {"road": "NJ 139 Ramp", "aadt": 32351, "year": 2022, "tier": "core"}}, {"type": "Feature", "geometry": {"type": "Point", "coordinates": [-74.055831, 40.734432]}, "properties": {"road": "NJ 139 Ramp", "aadt": 32351, "year": 2022, "tier": "core"}}, {"type": "Feature", "geometry": {"type": "Point", "coordinates": [-74.004913, 40.842932]}, "properties": {"road": "NJ 93", "aadt": 32264, "year": 2022, "tier": "core"}}, {"type": "Feature", "geometry": {"type": "Point", "coordinates": [-74.005032, 40.841949]}, "properties": {"road": "NJ 93", "aadt": 32264, "year": 2022, "tier": "core"}}, {"type": "Feature", "geometry": {"type": "Point", "coordinates": [-74.005723, 40.840625]}, "properties": {"road": "NJ 93", "aadt": 32264, "year": 2022, "tier": "core"}}, {"type": "Feature", "geometry": {"type": "Point", "coordinates": [-74.006371, 40.839481]}, "properties": {"road": "NJ 93", "aadt": 32264, "year": 2022, "tier": "core"}}, {"type": "Feature", "geometry": {"type": "Point", "coordinates": [-74.00684, 40.838642]}, "properties": {"road": "NJ 93", "aadt": 32264, "year": 2022, "tier": "core"}}, {"type": "Feature", "geometry": {"type": "Point", "coordinates": [-74.008986, 40.834825]}, "properties": {"road": "NJ 93", "aadt": 32264, "year": 2022, "tier": "core"}}, {"type": "Feature", "geometry": {"type": "Point", "coordinates": [-74.007961, 40.83664]}, "properties": {"road": "NJ 93", "aadt": 32264, "year": 2022, "tier": "core"}}, {"type": "Feature", "geometry": {"type": "Point", "coordinates": [-73.999694, 40.789628]}, "properties": {"road": "MUN 505", "aadt": 31725, "year": 2022, "tier": "core"}}, {"type": "Feature", "geometry": {"type": "Point", "coordinates": [-73.993332, 40.803954]}, "properties": {"road": "MUN 505", "aadt": 31725, "year": 2022, "tier": "core"}}, {"type": "Feature", "geometry": {"type": "Point", "coordinates": [-73.993576, 40.803223]}, "properties": {"road": "MUN 505", "aadt": 31725, "year": 2022, "tier": "core"}}, {"type": "Feature", "geometry": {"type": "Point", "coordinates": [-73.9936, 40.8018]}, "properties": {"road": "MUN 505", "aadt": 31725, "year": 2022, "tier": "core"}}, {"type": "Feature", "geometry": {"type": "Point", "coordinates": [-73.993636, 40.801371]}, "properties": {"road": "MUN 505", "aadt": 31725, "year": 2022, "tier": "core"}}, {"type": "Feature", "geometry": {"type": "Point", "coordinates": [-73.994429, 40.799774]}, "properties": {"road": "MUN 505", "aadt": 31725, "year": 2022, "tier": "core"}}, {"type": "Feature", "geometry": {"type": "Point", "coordinates": [-73.995047, 40.798752]}, "properties": {"road": "MUN 505", "aadt": 31725, "year": 2022, "tier": "core"}}, {"type": "Feature", "geometry": {"type": "Point", "coordinates": [-73.996633, 40.796332]}, "properties": {"road": "MUN 505", "aadt": 31725, "year": 2022, "tier": "core"}}, {"type": "Feature", "geometry": {"type": "Point", "coordinates": [-73.997203, 40.794447]}, "properties": {"road": "MUN 505", "aadt": 31725, "year": 2022, "tier": "core"}}, {"type": "Feature", "geometry": {"type": "Point", "coordinates": [-73.998383, 40.792018]}, "properties": {"road": "MUN 505", "aadt": 31725, "year": 2022, "tier": "core"}}, {"type": "Feature", "geometry": {"type": "Point", "coordinates": [-73.999259, 40.790533]}, "properties": {"road": "MUN 505", "aadt": 31725, "year": 2022, "tier": "core"}}, {"type": "Feature", "geometry": {"type": "Point", "coordinates": [-73.996107, 40.797167]}, "properties": {"road": "MUN 505", "aadt": 31725, "year": 2022, "tier": "core"}}, {"type": "Feature", "geometry": {"type": "Point", "coordinates": [-74.106125, 40.746921]}, "properties": {"road": "MUN 508", "aadt": 30558, "year": 2022, "tier": "core"}}, {"type": "Feature", "geometry": {"type": "Point", "coordinates": [-74.109072, 40.747489]}, "properties": {"road": "MUN 508", "aadt": 30558, "year": 2022, "tier": "core"}}, {"type": "Feature", "geometry": {"type": "Point", "coordinates": [-74.0985, 40.746909]}, "properties": {"road": "MUN 508", "aadt": 30558, "year": 2022, "tier": "core"}}, {"type": "Feature", "geometry": {"type": "Point", "coordinates": [-74.025025, 40.796943]}, "properties": {"road": "US 1", "aadt": 30010, "year": 2024, "tier": "core"}}, {"type": "Feature", "geometry": {"type": "Point", "coordinates": [-74.14803, 40.721102]}, "properties": {"road": "US 1", "aadt": 29197, "year": 2024, "tier": "major"}}, {"type": "Feature", "geometry": {"type": "Point", "coordinates": [-74.042377, 40.773709]}, "properties": {"road": "NJ 3", "aadt": 28402, "year": 2022, "tier": "major"}}, {"type": "Feature", "geometry": {"type": "Point", "coordinates": [-74.045781, 40.77797]}, "properties": {"road": "NJ 3", "aadt": 28402, "year": 2022, "tier": "major"}}, {"type": "Feature", "geometry": {"type": "Point", "coordinates": [-74.04643, 40.778892]}, "properties": {"road": "NJ 3", "aadt": 28402, "year": 2022, "tier": "major"}}, {"type": "Feature", "geometry": {"type": "Point", "coordinates": [-74.04684, 40.779286]}, "properties": {"road": "NJ 3", "aadt": 28402, "year": 2022, "tier": "major"}}, {"type": "Feature", "geometry": {"type": "Point", "coordinates": [-74.047355, 40.780178]}, "properties": {"road": "NJ 3", "aadt": 28402, "year": 2022, "tier": "major"}}, {"type": "Feature", "geometry": {"type": "Point", "coordinates": [-74.047206, 40.780866]}, "properties": {"road": "NJ 3", "aadt": 28402, "year": 2022, "tier": "major"}}, {"type": "Feature", "geometry": {"type": "Point", "coordinates": [-74.047189, 40.781732]}, "properties": {"road": "NJ 3", "aadt": 28402, "year": 2022, "tier": "major"}}, {"type": "Feature", "geometry": {"type": "Point", "coordinates": [-74.047745, 40.783482]}, "properties": {"road": "NJ 3", "aadt": 28402, "year": 2022, "tier": "major"}}, {"type": "Feature", "geometry": {"type": "Point", "coordinates": [-74.048206, 40.78487]}, "properties": {"road": "NJ 3", "aadt": 28402, "year": 2022, "tier": "major"}}, {"type": "Feature", "geometry": {"type": "Point", "coordinates": [-74.047859, 40.783825]}, "properties": {"road": "NJ 3", "aadt": 28402, "year": 2022, "tier": "major"}}, {"type": "Feature", "geometry": {"type": "Point", "coordinates": [-74.043565, 40.774748]}, "properties": {"road": "NJ 3", "aadt": 28402, "year": 2022, "tier": "major"}}, {"type": "Feature", "geometry": {"type": "Point", "coordinates": [-74.042297, 40.773295]}, "properties": {"road": "NJ 3", "aadt": 28402, "year": 2022, "tier": "major"}}, {"type": "Feature", "geometry": {"type": "Point", "coordinates": [-74.045246, 40.776639]}, "properties": {"road": "NJ 3", "aadt": 28402, "year": 2022, "tier": "major"}}, {"type": "Feature", "geometry": {"type": "Point", "coordinates": [-74.043255, 40.774521]}, "properties": {"road": "NJ 3", "aadt": 28402, "year": 2022, "tier": "major"}}, {"type": "Feature", "geometry": {"type": "Point", "coordinates": [-74.048767, 40.786042]}, "properties": {"road": "NJ 3", "aadt": 28402, "year": 2022, "tier": "major"}}, {"type": "Feature", "geometry": {"type": "Point", "coordinates": [-74.04956, 40.787208]}, "properties": {"road": "NJ 3", "aadt": 28402, "year": 2022, "tier": "major"}}, {"type": "Feature", "geometry": {"type": "Point", "coordinates": [-74.004087, 40.811711]}, "properties": {"road": "NJ 63", "aadt": 28323, "year": 2022, "tier": "major"}}, {"type": "Feature", "geometry": {"type": "Point", "coordinates": [-74.004257, 40.811457]}, "properties": {"road": "NJ 63", "aadt": 28323, "year": 2022, "tier": "major"}}, {"type": "Feature", "geometry": {"type": "Point", "coordinates": [-74.00454, 40.81108]}, "properties": {"road": "NJ 63", "aadt": 28323, "year": 2022, "tier": "major"}}, {"type": "Feature", "geometry": {"type": "Point", "coordinates": [-74.000012, 40.789176]}, "properties": {"road": "MUN 505", "aadt": 28034, "year": 2022, "tier": "major"}}, {"type": "Feature", "geometry": {"type": "Point", "coordinates": [-74.001229, 40.78853]}, "properties": {"road": "MUN 505", "aadt": 28034, "year": 2022, "tier": "major"}}, {"type": "Feature", "geometry": {"type": "Point", "coordinates": [-74.003627, 40.785823]}, "properties": {"road": "MUN 505", "aadt": 28034, "year": 2022, "tier": "major"}}, {"type": "Feature", "geometry": {"type": "Point", "coordinates": [-74.004895, 40.784883]}, "properties": {"road": "MUN 505", "aadt": 28034, "year": 2022, "tier": "major"}}, {"type": "Feature", "geometry": {"type": "Point", "coordinates": [-74.006407, 40.784311]}, "properties": {"road": "MUN 505", "aadt": 28034, "year": 2022, "tier": "major"}}, {"type": "Feature", "geometry": {"type": "Point", "coordinates": [-74.008178, 40.785043]}, "properties": {"road": "MUN 505", "aadt": 28034, "year": 2022, "tier": "major"}}, {"type": "Feature", "geometry": {"type": "Point", "coordinates": [-74.002368, 40.787199]}, "properties": {"road": "MUN 505", "aadt": 28034, "year": 2022, "tier": "major"}}, {"type": "Feature", "geometry": {"type": "Point", "coordinates": [-73.999274, 40.841651]}, "properties": {"road": "US 1", "aadt": 27796, "year": 2022, "tier": "major"}}, {"type": "Feature", "geometry": {"type": "Point", "coordinates": [-74.00097, 40.84249]}, "properties": {"road": "US 1", "aadt": 27796, "year": 2022, "tier": "major"}}, {"type": "Feature", "geometry": {"type": "Point", "coordinates": [-74.001075, 40.842549]}, "properties": {"road": "US 1", "aadt": 27796, "year": 2022, "tier": "major"}}, {"type": "Feature", "geometry": {"type": "Point", "coordinates": [-74.001528, 40.842817]}, "properties": {"road": "US 1", "aadt": 27796, "year": 2022, "tier": "major"}}, {"type": "Feature", "geometry": {"type": "Point", "coordinates": [-74.002323, 40.84175]}, "properties": {"road": "US 1", "aadt": 27796, "year": 2022, "tier": "major"}}, {"type": "Feature", "geometry": {"type": "Point", "coordinates": [-74.003438, 40.840373]}, "properties": {"road": "US 1", "aadt": 27796, "year": 2022, "tier": "major"}}, {"type": "Feature", "geometry": {"type": "Point", "coordinates": [-74.003916, 40.839783]}, "properties": {"road": "US 1", "aadt": 27796, "year": 2022, "tier": "major"}}, {"type": "Feature", "geometry": {"type": "Point", "coordinates": [-74.004442, 40.839154]}, "properties": {"road": "US 1", "aadt": 27796, "year": 2022, "tier": "major"}}, {"type": "Feature", "geometry": {"type": "Point", "coordinates": [-74.005802, 40.837805]}, "properties": {"road": "US 1", "aadt": 27796, "year": 2022, "tier": "major"}}, {"type": "Feature", "geometry": {"type": "Point", "coordinates": [-74.006407, 40.837193]}, "properties": {"road": "US 1", "aadt": 27796, "year": 2022, "tier": "major"}}, {"type": "Feature", "geometry": {"type": "Point", "coordinates": [-74.008659, 40.834887]}, "properties": {"road": "US 1", "aadt": 27796, "year": 2022, "tier": "major"}}, {"type": "Feature", "geometry": {"type": "Point", "coordinates": [-74.009121, 40.83443]}, "properties": {"road": "US 1", "aadt": 27796, "year": 2022, "tier": "major"}}, {"type": "Feature", "geometry": {"type": "Point", "coordinates": [-74.00782, 40.835794]}, "properties": {"road": "US 1", "aadt": 27796, "year": 2022, "tier": "major"}}, {"type": "Feature", "geometry": {"type": "Point", "coordinates": [-74.007232, 40.836377]}, "properties": {"road": "US 1", "aadt": 27796, "year": 2022, "tier": "major"}}, {"type": "Feature", "geometry": {"type": "Point", "coordinates": [-74.000175, 40.842006]}, "properties": {"road": "US 1", "aadt": 27796, "year": 2022, "tier": "major"}}, {"type": "Feature", "geometry": {"type": "Point", "coordinates": [-73.98742, 40.811785]}, "properties": {"road": "CR 505", "aadt": 27224, "year": 2019, "tier": "major"}}, {"type": "Feature", "geometry": {"type": "Point", "coordinates": [-74.148071, 40.786635]}, "properties": {"road": "NJ 7", "aadt": 25592, "year": 2022, "tier": "major"}}, {"type": "Feature", "geometry": {"type": "Point", "coordinates": [-74.14693, 40.786238]}, "properties": {"road": "NJ 7", "aadt": 25592, "year": 2022, "tier": "major"}}, {"type": "Feature", "geometry": {"type": "Point", "coordinates": [-74.144293, 40.784871]}, "properties": {"road": "NJ 7", "aadt": 25592, "year": 2022, "tier": "major"}}, {"type": "Feature", "geometry": {"type": "Point", "coordinates": [-74.141315, 40.783279]}, "properties": {"road": "NJ 7", "aadt": 25592, "year": 2022, "tier": "major"}}, {"type": "Feature", "geometry": {"type": "Point", "coordinates": [-74.140208, 40.782676]}, "properties": {"road": "NJ 7", "aadt": 25592, "year": 2022, "tier": "major"}}, {"type": "Feature", "geometry": {"type": "Point", "coordinates": [-74.145758, 40.785678]}, "properties": {"road": "NJ 7", "aadt": 25592, "year": 2022, "tier": "major"}}, {"type": "Feature", "geometry": {"type": "Point", "coordinates": [-74.142792, 40.784068]}, "properties": {"road": "NJ 7", "aadt": 25592, "year": 2022, "tier": "major"}}, {"type": "Feature", "geometry": {"type": "Point", "coordinates": [-74.005273, 40.841434]}, "properties": {"road": "NJ 93", "aadt": 25119, "year": 2023, "tier": "major"}}, {"type": "Feature", "geometry": {"type": "Point", "coordinates": [-74.078284, 40.772117]}, "properties": {"road": "I 1091", "aadt": 24552, "year": 2022, "tier": "major"}}, {"type": "Feature", "geometry": {"type": "Point", "coordinates": [-74.077639, 40.78229]}, "properties": {"road": "I 1091", "aadt": 24552, "year": 2022, "tier": "major"}}, {"type": "Feature", "geometry": {"type": "Point", "coordinates": [-74.067067, 40.796639]}, "properties": {"road": "I 1091", "aadt": 24552, "year": 2022, "tier": "major"}}, {"type": "Feature", "geometry": {"type": "Point", "coordinates": [-74.065159, 40.798919]}, "properties": {"road": "I 1091", "aadt": 24552, "year": 2022, "tier": "major"}}, {"type": "Feature", "geometry": {"type": "Point", "coordinates": [-74.069895, 40.794194]}, "properties": {"road": "I 1091", "aadt": 24552, "year": 2022, "tier": "major"}}, {"type": "Feature", "geometry": {"type": "Point", "coordinates": [-74.07875, 40.781096]}, "properties": {"road": "I 1091", "aadt": 24552, "year": 2022, "tier": "major"}}, {"type": "Feature", "geometry": {"type": "Point", "coordinates": [-74.075673, 40.786201]}, "properties": {"road": "I 1091", "aadt": 24552, "year": 2022, "tier": "major"}}, {"type": "Feature", "geometry": {"type": "Point", "coordinates": [-74.062171, 40.739289]}, "properties": {"road": "MUN 501", "aadt": 23422, "year": 2022, "tier": "major"}}, {"type": "Feature", "geometry": {"type": "Point", "coordinates": [-74.062829, 40.736966]}, "properties": {"road": "MUN 501", "aadt": 23422, "year": 2022, "tier": "major"}}, {"type": "Feature", "geometry": {"type": "Point", "coordinates": [-74.0631, 40.735755]}, "properties": {"road": "MUN 501", "aadt": 23422, "year": 2022, "tier": "major"}}, {"type": "Feature", "geometry": {"type": "Point", "coordinates": [-74.0631, 40.735005]}, "properties": {"road": "MUN 501", "aadt": 23422, "year": 2022, "tier": "major"}}, {"type": "Feature", "geometry": {"type": "Point", "coordinates": [-74.063064, 40.734423]}, "properties": {"road": "MUN 501", "aadt": 23422, "year": 2022, "tier": "major"}}, {"type": "Feature", "geometry": {"type": "Point", "coordinates": [-74.062929, 40.733027]}, "properties": {"road": "MUN 501", "aadt": 23422, "year": 2022, "tier": "major"}}, {"type": "Feature", "geometry": {"type": "Point", "coordinates": [-74.063978, 40.731788]}, "properties": {"road": "MUN 501", "aadt": 23422, "year": 2022, "tier": "major"}}, {"type": "Feature", "geometry": {"type": "Point", "coordinates": [-74.066678, 40.731827]}, "properties": {"road": "MUN 501", "aadt": 23422, "year": 2022, "tier": "major"}}, {"type": "Feature", "geometry": {"type": "Point", "coordinates": [-74.067829, 40.731407]}, "properties": {"road": "MUN 501", "aadt": 23422, "year": 2022, "tier": "major"}}, {"type": "Feature", "geometry": {"type": "Point", "coordinates": [-74.068605, 40.730233]}, "properties": {"road": "MUN 501", "aadt": 23422, "year": 2022, "tier": "major"}}, {"type": "Feature", "geometry": {"type": "Point", "coordinates": [-74.069684, 40.729011]}, "properties": {"road": "MUN 501", "aadt": 23422, "year": 2022, "tier": "major"}}, {"type": "Feature", "geometry": {"type": "Point", "coordinates": [-74.070581, 40.727677]}, "properties": {"road": "MUN 501", "aadt": 23422, "year": 2022, "tier": "major"}}, {"type": "Feature", "geometry": {"type": "Point", "coordinates": [-74.071642, 40.726269]}, "properties": {"road": "MUN 501", "aadt": 23422, "year": 2022, "tier": "major"}}, {"type": "Feature", "geometry": {"type": "Point", "coordinates": [-74.073369, 40.72527]}, "properties": {"road": "MUN 501", "aadt": 23422, "year": 2022, "tier": "major"}}, {"type": "Feature", "geometry": {"type": "Point", "coordinates": [-74.074116, 40.724318]}, "properties": {"road": "MUN 501", "aadt": 23422, "year": 2022, "tier": "major"}}, {"type": "Feature", "geometry": {"type": "Point", "coordinates": [-74.075192, 40.722844]}, "properties": {"road": "MUN 501", "aadt": 23422, "year": 2022, "tier": "major"}}, {"type": "Feature", "geometry": {"type": "Point", "coordinates": [-74.075799, 40.72191]}, "properties": {"road": "MUN 501", "aadt": 23422, "year": 2022, "tier": "major"}}, {"type": "Feature", "geometry": {"type": "Point", "coordinates": [-74.076794, 40.720587]}, "properties": {"road": "MUN 501", "aadt": 23422, "year": 2022, "tier": "major"}}, {"type": "Feature", "geometry": {"type": "Point", "coordinates": [-74.044742, 40.778027]}, "properties": {"road": "Local 0 Ramp", "aadt": 23353, "year": 2022, "tier": "major"}}, {"type": "Feature", "geometry": {"type": "Point", "coordinates": [-74.036289, 40.736458]}, "properties": {"road": "MUN 681", "aadt": 21998, "year": 2022, "tier": "major"}}, {"type": "Feature", "geometry": {"type": "Point", "coordinates": [-74.035074, 40.736245]}, "properties": {"road": "MUN 681", "aadt": 21998, "year": 2022, "tier": "major"}}, {"type": "Feature", "geometry": {"type": "Point", "coordinates": [-74.038112, 40.736791]}, "properties": {"road": "MUN 681", "aadt": 21998, "year": 2022, "tier": "major"}}, {"type": "Feature", "geometry": {"type": "Point", "coordinates": [-74.09012, 40.723621]}, "properties": {"road": "NJ 440", "aadt": 21931, "year": 2022, "tier": "major"}}, {"type": "Feature", "geometry": {"type": "Point", "coordinates": [-74.091254, 40.722679]}, "properties": {"road": "NJ 440", "aadt": 21931, "year": 2022, "tier": "major"}}, {"type": "Feature", "geometry": {"type": "Point", "coordinates": [-74.092272, 40.721468]}, "properties": {"road": "NJ 440", "aadt": 21931, "year": 2022, "tier": "major"}}, {"type": "Feature", "geometry": {"type": "Point", "coordinates": [-74.092883, 40.720459]}, "properties": {"road": "NJ 440", "aadt": 21931, "year": 2022, "tier": "major"}}, {"type": "Feature", "geometry": {"type": "Point", "coordinates": [-74.004816, 40.843622]}, "properties": {"road": "NJ 93", "aadt": 21298, "year": 2022, "tier": "major"}}, {"type": "Feature", "geometry": {"type": "Point", "coordinates": [-74.002214, 40.84904]}, "properties": {"road": "NJ 93", "aadt": 21298, "year": 2022, "tier": "major"}}, {"type": "Feature", "geometry": {"type": "Point", "coordinates": [-74.002749, 40.848067]}, "properties": {"road": "NJ 93", "aadt": 21298, "year": 2022, "tier": "major"}}, {"type": "Feature", "geometry": {"type": "Point", "coordinates": [-74.003162, 40.847325]}, "properties": {"road": "NJ 93", "aadt": 21298, "year": 2022, "tier": "major"}}, {"type": "Feature", "geometry": {"type": "Point", "coordinates": [-74.003561, 40.84657]}, "properties": {"road": "NJ 93", "aadt": 21298, "year": 2022, "tier": "major"}}, {"type": "Feature", "geometry": {"type": "Point", "coordinates": [-74.004407, 40.844973]}, "properties": {"road": "NJ 93", "aadt": 21298, "year": 2022, "tier": "major"}}, {"type": "Feature", "geometry": {"type": "Point", "coordinates": [-74.127278, 40.771809]}, "properties": {"road": "NJ 7", "aadt": 21177, "year": 2022, "tier": "major"}}, {"type": "Feature", "geometry": {"type": "Point", "coordinates": [-74.127179, 40.771334]}, "properties": {"road": "NJ 7", "aadt": 21177, "year": 2022, "tier": "major"}}, {"type": "Feature", "geometry": {"type": "Point", "coordinates": [-74.126608, 40.770212]}, "properties": {"road": "NJ 7", "aadt": 21177, "year": 2022, "tier": "major"}}, {"type": "Feature", "geometry": {"type": "Point", "coordinates": [-74.125958, 40.769634]}, "properties": {"road": "NJ 7", "aadt": 21177, "year": 2022, "tier": "major"}}, {"type": "Feature", "geometry": {"type": "Point", "coordinates": [-74.125511, 40.76923]}, "properties": {"road": "NJ 7", "aadt": 21177, "year": 2022, "tier": "major"}}, {"type": "Feature", "geometry": {"type": "Point", "coordinates": [-74.124235, 40.768094]}, "properties": {"road": "NJ 7", "aadt": 21177, "year": 2022, "tier": "major"}}, {"type": "Feature", "geometry": {"type": "Point", "coordinates": [-74.121598, 40.765719]}, "properties": {"road": "NJ 7", "aadt": 21177, "year": 2022, "tier": "major"}}, {"type": "Feature", "geometry": {"type": "Point", "coordinates": [-74.120952, 40.765148]}, "properties": {"road": "NJ 7", "aadt": 21177, "year": 2022, "tier": "major"}}, {"type": "Feature", "geometry": {"type": "Point", "coordinates": [-74.12039, 40.764586]}, "properties": {"road": "NJ 7", "aadt": 21177, "year": 2022, "tier": "major"}}, {"type": "Feature", "geometry": {"type": "Point", "coordinates": [-74.11896, 40.763298]}, "properties": {"road": "NJ 7", "aadt": 21177, "year": 2022, "tier": "major"}}, {"type": "Feature", "geometry": {"type": "Point", "coordinates": [-74.11821, 40.762619]}, "properties": {"road": "NJ 7", "aadt": 21177, "year": 2022, "tier": "major"}}, {"type": "Feature", "geometry": {"type": "Point", "coordinates": [-74.117439, 40.761928]}, "properties": {"road": "NJ 7", "aadt": 21177, "year": 2022, "tier": "major"}}, {"type": "Feature", "geometry": {"type": "Point", "coordinates": [-74.114667, 40.759494]}, "properties": {"road": "NJ 7", "aadt": 21177, "year": 2022, "tier": "major"}}, {"type": "Feature", "geometry": {"type": "Point", "coordinates": [-74.114165, 40.758987]}, "properties": {"road": "NJ 7", "aadt": 21177, "year": 2022, "tier": "major"}}, {"type": "Feature", "geometry": {"type": "Point", "coordinates": [-74.112115, 40.757143]}, "properties": {"road": "NJ 7", "aadt": 21177, "year": 2022, "tier": "major"}}, {"type": "Feature", "geometry": {"type": "Point", "coordinates": [-74.111361, 40.756463]}, "properties": {"road": "NJ 7", "aadt": 21177, "year": 2022, "tier": "major"}}, {"type": "Feature", "geometry": {"type": "Point", "coordinates": [-74.110422, 40.755685]}, "properties": {"road": "NJ 7", "aadt": 21177, "year": 2022, "tier": "major"}}, {"type": "Feature", "geometry": {"type": "Point", "coordinates": [-74.108948, 40.754355]}, "properties": {"road": "NJ 7", "aadt": 21177, "year": 2022, "tier": "major"}}, {"type": "Feature", "geometry": {"type": "Point", "coordinates": [-74.108415, 40.753874]}, "properties": {"road": "NJ 7", "aadt": 21177, "year": 2022, "tier": "major"}}, {"type": "Feature", "geometry": {"type": "Point", "coordinates": [-74.10773, 40.753257]}, "properties": {"road": "NJ 7", "aadt": 21177, "year": 2022, "tier": "major"}}, {"type": "Feature", "geometry": {"type": "Point", "coordinates": [-74.106764, 40.752382]}, "properties": {"road": "NJ 7", "aadt": 21177, "year": 2022, "tier": "major"}}, {"type": "Feature", "geometry": {"type": "Point", "coordinates": [-74.106104, 40.751791]}, "properties": {"road": "NJ 7", "aadt": 21177, "year": 2022, "tier": "major"}}, {"type": "Feature", "geometry": {"type": "Point", "coordinates": [-74.105034, 40.750839]}, "properties": {"road": "NJ 7", "aadt": 21177, "year": 2022, "tier": "major"}}, {"type": "Feature", "geometry": {"type": "Point", "coordinates": [-74.103593, 40.749539]}, "properties": {"road": "NJ 7", "aadt": 21177, "year": 2022, "tier": "major"}}, {"type": "Feature", "geometry": {"type": "Point", "coordinates": [-74.103131, 40.749135]}, "properties": {"road": "NJ 7", "aadt": 21177, "year": 2022, "tier": "major"}}, {"type": "Feature", "geometry": {"type": "Point", "coordinates": [-74.102379, 40.748553]}, "properties": {"road": "NJ 7", "aadt": 21177, "year": 2022, "tier": "major"}}, {"type": "Feature", "geometry": {"type": "Point", "coordinates": [-74.101255, 40.747854]}, "properties": {"road": "NJ 7", "aadt": 21177, "year": 2022, "tier": "major"}}, {"type": "Feature", "geometry": {"type": "Point", "coordinates": [-74.099856, 40.747574]}, "properties": {"road": "NJ 7", "aadt": 21177, "year": 2022, "tier": "major"}}, {"type": "Feature", "geometry": {"type": "Point", "coordinates": [-74.112826, 40.757769]}, "properties": {"road": "NJ 7", "aadt": 21177, "year": 2022, "tier": "major"}}, {"type": "Feature", "geometry": {"type": "Point", "coordinates": [-74.115358, 40.760118]}, "properties": {"road": "NJ 7", "aadt": 21177, "year": 2022, "tier": "major"}}, {"type": "Feature", "geometry": {"type": "Point", "coordinates": [-74.116695, 40.761317]}, "properties": {"road": "NJ 7", "aadt": 21177, "year": 2022, "tier": "major"}}, {"type": "Feature", "geometry": {"type": "Point", "coordinates": [-74.122877, 40.766861]}, "properties": {"road": "NJ 7", "aadt": 21177, "year": 2022, "tier": "major"}}, {"type": "Feature", "geometry": {"type": "Point", "coordinates": [-74.00091, 40.818924]}, "properties": {"road": "NJ 63", "aadt": 20905, "year": 2017, "tier": "major"}}, {"type": "Feature", "geometry": {"type": "Point", "coordinates": [-74.080886, 40.806164]}, "properties": {"road": "Local 0 Ramp", "aadt": 20897, "year": 2022, "tier": "major"}}, {"type": "Feature", "geometry": {"type": "Point", "coordinates": [-74.08094, 40.804962]}, "properties": {"road": "Local 0 Ramp", "aadt": 20897, "year": 2022, "tier": "major"}}, {"type": "Feature", "geometry": {"type": "Point", "coordinates": [-74.145791, 40.729869]}, "properties": {"road": "I 1846", "aadt": 20854, "year": 2022, "tier": "major"}}, {"type": "Feature", "geometry": {"type": "Point", "coordinates": [-74.1469, 40.730104]}, "properties": {"road": "I 1846", "aadt": 20854, "year": 2022, "tier": "major"}}, {"type": "Feature", "geometry": {"type": "Point", "coordinates": [-74.148547, 40.73045]}, "properties": {"road": "I 1846", "aadt": 20854, "year": 2022, "tier": "major"}}, {"type": "Feature", "geometry": {"type": "Point", "coordinates": [-74.124274, 40.74993]}, "properties": {"road": "Local 0 Ramp", "aadt": 20531, "year": 2022, "tier": "major"}}, {"type": "Feature", "geometry": {"type": "Point", "coordinates": [-74.127562, 40.74847]}, "properties": {"road": "Local 0 Ramp", "aadt": 20531, "year": 2022, "tier": "major"}}, {"type": "Feature", "geometry": {"type": "Point", "coordinates": [-74.047296, 40.720899]}, "properties": {"road": "I 1559", "aadt": 20506, "year": 2022, "tier": "major"}}, {"type": "Feature", "geometry": {"type": "Point", "coordinates": [-74.050634, 40.721909]}, "properties": {"road": "I 1559", "aadt": 20506, "year": 2022, "tier": "major"}}, {"type": "Feature", "geometry": {"type": "Point", "coordinates": [-74.099783, 40.811648]}, "properties": {"road": "Local 0 Ramp", "aadt": 20450, "year": 2022, "tier": "major"}}, {"type": "Feature", "geometry": {"type": "Point", "coordinates": [-74.13776, 40.781372]}, "properties": {"road": "NJ 7", "aadt": 20101, "year": 2009, "tier": "major"}}, {"type": "Feature", "geometry": {"type": "Point", "coordinates": [-74.034163, 40.736085]}, "properties": {"road": "MUN 681", "aadt": 19957, "year": 2022, "tier": "major"}}, {"type": "Feature", "geometry": {"type": "Point", "coordinates": [-74.031463, 40.735606]}, "properties": {"road": "MUN 681", "aadt": 19957, "year": 2022, "tier": "major"}}, {"type": "Feature", "geometry": {"type": "Point", "coordinates": [-74.030529, 40.735449]}, "properties": {"road": "MUN 681", "aadt": 19957, "year": 2022, "tier": "major"}}, {"type": "Feature", "geometry": {"type": "Point", "coordinates": [-74.033163, 40.735906]}, "properties": {"road": "MUN 681", "aadt": 19957, "year": 2022, "tier": "major"}}, {"type": "Feature", "geometry": {"type": "Point", "coordinates": [-74.047731, 40.779266]}, "properties": {"road": "Local 0 Ramp", "aadt": 19886, "year": 2022, "tier": "major"}}, {"type": "Feature", "geometry": {"type": "Point", "coordinates": [-74.06949, 40.820972]}, "properties": {"road": "NJ 120", "aadt": 19724, "year": 2022, "tier": "major"}}, {"type": "Feature", "geometry": {"type": "Point", "coordinates": [-74.068537, 40.819893]}, "properties": {"road": "NJ 120", "aadt": 19724, "year": 2022, "tier": "major"}}, {"type": "Feature", "geometry": {"type": "Point", "coordinates": [-74.068014, 40.819261]}, "properties": {"road": "NJ 120", "aadt": 19724, "year": 2022, "tier": "major"}}, {"type": "Feature", "geometry": {"type": "Point", "coordinates": [-74.067166, 40.817955]}, "properties": {"road": "NJ 120", "aadt": 19724, "year": 2022, "tier": "major"}}, {"type": "Feature", "geometry": {"type": "Point", "coordinates": [-74.066673, 40.817121]}, "properties": {"road": "NJ 120", "aadt": 19724, "year": 2022, "tier": "major"}}, {"type": "Feature", "geometry": {"type": "Point", "coordinates": [-74.066436, 40.816721]}, "properties": {"road": "NJ 120", "aadt": 19724, "year": 2022, "tier": "major"}}, {"type": "Feature", "geometry": {"type": "Point", "coordinates": [-74.066093, 40.816027]}, "properties": {"road": "NJ 120", "aadt": 19724, "year": 2022, "tier": "major"}}, {"type": "Feature", "geometry": {"type": "Point", "coordinates": [-74.066451, 40.815345]}, "properties": {"road": "NJ 120", "aadt": 19724, "year": 2022, "tier": "major"}}, {"type": "Feature", "geometry": {"type": "Point", "coordinates": [-74.067978, 40.814948]}, "properties": {"road": "NJ 120", "aadt": 19724, "year": 2022, "tier": "major"}}, {"type": "Feature", "geometry": {"type": "Point", "coordinates": [-74.068821, 40.814502]}, "properties": {"road": "NJ 120", "aadt": 19724, "year": 2022, "tier": "major"}}, {"type": "Feature", "geometry": {"type": "Point", "coordinates": [-74.100123, 40.809134]}, "properties": {"road": "Local 0 Ramp", "aadt": 19304, "year": 2022, "tier": "major"}}, {"type": "Feature", "geometry": {"type": "Point", "coordinates": [-74.1237, 40.825269]}, "properties": {"road": "Local 0 Ramp", "aadt": 19215, "year": 2022, "tier": "major"}}, {"type": "Feature", "geometry": {"type": "Point", "coordinates": [-74.124708, 40.82296]}, "properties": {"road": "Local 0 Ramp", "aadt": 19215, "year": 2022, "tier": "major"}}, {"type": "Feature", "geometry": {"type": "Point", "coordinates": [-74.129929, 40.826132]}, "properties": {"road": "Local 0 Ramp", "aadt": 19215, "year": 2022, "tier": "major"}}, {"type": "Feature", "geometry": {"type": "Point", "coordinates": [-74.128221, 40.825855]}, "properties": {"road": "Local 0 Ramp", "aadt": 19215, "year": 2022, "tier": "major"}}, {"type": "Feature", "geometry": {"type": "Point", "coordinates": [-74.125816, 40.826262]}, "properties": {"road": "Local 0 Ramp", "aadt": 19215, "year": 2022, "tier": "major"}}, {"type": "Feature", "geometry": {"type": "Point", "coordinates": [-74.111363, 40.80978]}, "properties": {"road": "MUN 130", "aadt": 19142, "year": 2022, "tier": "major"}}, {"type": "Feature", "geometry": {"type": "Point", "coordinates": [-74.113612, 40.80613]}, "properties": {"road": "MUN 130", "aadt": 19142, "year": 2022, "tier": "major"}}, {"type": "Feature", "geometry": {"type": "Point", "coordinates": [-74.118428, 40.79544]}, "properties": {"road": "MUN 130", "aadt": 19142, "year": 2022, "tier": "major"}}, {"type": "Feature", "geometry": {"type": "Point", "coordinates": [-74.061813, 40.775487]}, "properties": {"road": "MUN 678", "aadt": 19056, "year": 2022, "tier": "major"}}, {"type": "Feature", "geometry": {"type": "Point", "coordinates": [-74.060776, 40.774967]}, "properties": {"road": "MUN 678", "aadt": 19056, "year": 2022, "tier": "major"}}, {"type": "Feature", "geometry": {"type": "Point", "coordinates": [-74.060289, 40.774722]}, "properties": {"road": "MUN 678", "aadt": 19056, "year": 2022, "tier": "major"}}, {"type": "Feature", "geometry": {"type": "Point", "coordinates": [-74.058914, 40.773964]}, "properties": {"road": "MUN 678", "aadt": 19056, "year": 2022, "tier": "major"}}, {"type": "Feature", "geometry": {"type": "Point", "coordinates": [-74.058242, 40.771596]}, "properties": {"road": "MUN 678", "aadt": 19056, "year": 2022, "tier": "major"}}, {"type": "Feature", "geometry": {"type": "Point", "coordinates": [-74.058435, 40.773172]}, "properties": {"road": "MUN 678", "aadt": 19056, "year": 2022, "tier": "major"}}, {"type": "Feature", "geometry": {"type": "Point", "coordinates": [-74.058183, 40.771193]}, "properties": {"road": "MUN 678", "aadt": 19056, "year": 2022, "tier": "major"}}, {"type": "Feature", "geometry": {"type": "Point", "coordinates": [-74.057663, 40.770237]}, "properties": {"road": "MUN 678", "aadt": 19056, "year": 2022, "tier": "major"}}, {"type": "Feature", "geometry": {"type": "Point", "coordinates": [-74.010084, 40.805677]}, "properties": {"road": "MUN 501", "aadt": 18920, "year": 2022, "tier": "major"}}, {"type": "Feature", "geometry": {"type": "Point", "coordinates": [-74.011948, 40.803203]}, "properties": {"road": "MUN 501", "aadt": 18920, "year": 2022, "tier": "major"}}, {"type": "Feature", "geometry": {"type": "Point", "coordinates": [-74.014581, 40.79944]}, "properties": {"road": "MUN 501", "aadt": 18920, "year": 2022, "tier": "major"}}, {"type": "Feature", "geometry": {"type": "Point", "coordinates": [-74.0181, 40.794443]}, "properties": {"road": "MUN 501", "aadt": 18920, "year": 2022, "tier": "major"}}, {"type": "Feature", "geometry": {"type": "Point", "coordinates": [-74.022283, 40.791244]}, "properties": {"road": "MUN 501", "aadt": 18920, "year": 2022, "tier": "major"}}, {"type": "Feature", "geometry": {"type": "Point", "coordinates": [-74.023542, 40.787561]}, "properties": {"road": "MUN 501", "aadt": 18920, "year": 2022, "tier": "major"}}, {"type": "Feature", "geometry": {"type": "Point", "coordinates": [-74.023106, 40.785599]}, "properties": {"road": "MUN 501", "aadt": 18920, "year": 2022, "tier": "major"}}, {"type": "Feature", "geometry": {"type": "Point", "coordinates": [-74.025354, 40.780688]}, "properties": {"road": "MUN 501", "aadt": 18920, "year": 2022, "tier": "major"}}, {"type": "Feature", "geometry": {"type": "Point", "coordinates": [-74.026443, 40.779545]}, "properties": {"road": "MUN 501", "aadt": 18920, "year": 2022, "tier": "major"}}, {"type": "Feature", "geometry": {"type": "Point", "coordinates": [-74.027632, 40.77832]}, "properties": {"road": "MUN 501", "aadt": 18920, "year": 2022, "tier": "major"}}, {"type": "Feature", "geometry": {"type": "Point", "coordinates": [-74.031232, 40.775186]}, "properties": {"road": "MUN 501", "aadt": 18920, "year": 2022, "tier": "major"}}, {"type": "Feature", "geometry": {"type": "Point", "coordinates": [-74.034223, 40.773977]}, "properties": {"road": "MUN 501", "aadt": 18920, "year": 2022, "tier": "major"}}, {"type": "Feature", "geometry": {"type": "Point", "coordinates": [-74.034593, 40.773593]}, "properties": {"road": "MUN 501", "aadt": 18920, "year": 2022, "tier": "major"}}, {"type": "Feature", "geometry": {"type": "Point", "coordinates": [-74.040625, 40.768626]}, "properties": {"road": "MUN 501", "aadt": 18920, "year": 2022, "tier": "major"}}, {"type": "Feature", "geometry": {"type": "Point", "coordinates": [-74.042267, 40.76488]}, "properties": {"road": "MUN 501", "aadt": 18920, "year": 2022, "tier": "major"}}, {"type": "Feature", "geometry": {"type": "Point", "coordinates": [-74.04205, 40.763095]}, "properties": {"road": "MUN 501", "aadt": 18920, "year": 2022, "tier": "major"}}, {"type": "Feature", "geometry": {"type": "Point", "coordinates": [-74.042324, 40.762323]}, "properties": {"road": "MUN 501", "aadt": 18920, "year": 2022, "tier": "major"}}, {"type": "Feature", "geometry": {"type": "Point", "coordinates": [-74.043555, 40.760749]}, "properties": {"road": "MUN 501", "aadt": 18920, "year": 2022, "tier": "major"}}, {"type": "Feature", "geometry": {"type": "Point", "coordinates": [-74.044957, 40.758632]}, "properties": {"road": "MUN 501", "aadt": 18920, "year": 2022, "tier": "major"}}, {"type": "Feature", "geometry": {"type": "Point", "coordinates": [-74.045882, 40.757306]}, "properties": {"road": "MUN 501", "aadt": 18920, "year": 2022, "tier": "major"}}, {"type": "Feature", "geometry": {"type": "Point", "coordinates": [-74.04687, 40.755877]}, "properties": {"road": "MUN 501", "aadt": 18920, "year": 2022, "tier": "major"}}, {"type": "Feature", "geometry": {"type": "Point", "coordinates": [-74.051151, 40.753177]}, "properties": {"road": "MUN 501", "aadt": 18920, "year": 2022, "tier": "major"}}, {"type": "Feature", "geometry": {"type": "Point", "coordinates": [-74.053169, 40.75217]}, "properties": {"road": "MUN 501", "aadt": 18920, "year": 2022, "tier": "major"}}, {"type": "Feature", "geometry": {"type": "Point", "coordinates": [-74.053738, 40.751439]}, "properties": {"road": "MUN 501", "aadt": 18920, "year": 2022, "tier": "major"}}, {"type": "Feature", "geometry": {"type": "Point", "coordinates": [-74.055713, 40.748559]}, "properties": {"road": "MUN 501", "aadt": 18920, "year": 2022, "tier": "major"}}, {"type": "Feature", "geometry": {"type": "Point", "coordinates": [-74.060133, 40.742123]}, "properties": {"road": "MUN 501", "aadt": 18920, "year": 2022, "tier": "major"}}, {"type": "Feature", "geometry": {"type": "Point", "coordinates": [-74.061035, 40.740877]}, "properties": {"road": "MUN 501", "aadt": 18920, "year": 2022, "tier": "major"}}, {"type": "Feature", "geometry": {"type": "Point", "coordinates": [-74.059234, 40.743386]}, "properties": {"road": "MUN 501", "aadt": 18920, "year": 2022, "tier": "major"}}, {"type": "Feature", "geometry": {"type": "Point", "coordinates": [-74.013035, 40.80191]}, "properties": {"road": "MUN 501", "aadt": 18920, "year": 2022, "tier": "major"}}, {"type": "Feature", "geometry": {"type": "Point", "coordinates": [-74.056539, 40.747233]}, "properties": {"road": "MUN 501", "aadt": 18920, "year": 2022, "tier": "major"}}, {"type": "Feature", "geometry": {"type": "Point", "coordinates": [-74.006153, 40.810187]}, "properties": {"road": "MUN 501", "aadt": 18920, "year": 2022, "tier": "major"}}, {"type": "Feature", "geometry": {"type": "Point", "coordinates": [-74.007305, 40.809624]}, "properties": {"road": "MUN 501", "aadt": 18920, "year": 2022, "tier": "major"}}, {"type": "Feature", "geometry": {"type": "Point", "coordinates": [-74.035595, 40.77233]}, "properties": {"road": "MUN 501", "aadt": 18920, "year": 2022, "tier": "major"}}, {"type": "Feature", "geometry": {"type": "Point", "coordinates": [-74.010913, 40.80456]}, "properties": {"road": "MUN 501", "aadt": 18920, "year": 2022, "tier": "major"}}, {"type": "Feature", "geometry": {"type": "Point", "coordinates": [-74.038824, 40.769776]}, "properties": {"road": "MUN 501", "aadt": 18920, "year": 2022, "tier": "major"}}, {"type": "Feature", "geometry": {"type": "Point", "coordinates": [-74.022962, 40.783123]}, "properties": {"road": "MUN 501", "aadt": 18920, "year": 2022, "tier": "major"}}, {"type": "Feature", "geometry": {"type": "Point", "coordinates": [-74.057371, 40.746004]}, "properties": {"road": "MUN 501", "aadt": 18920, "year": 2022, "tier": "major"}}, {"type": "Feature", "geometry": {"type": "Point", "coordinates": [-74.061681, 40.739939]}, "properties": {"road": "MUN 501", "aadt": 18920, "year": 2022, "tier": "major"}}, {"type": "Feature", "geometry": {"type": "Point", "coordinates": [-74.02114, 40.79253]}, "properties": {"road": "MUN 501", "aadt": 18920, "year": 2022, "tier": "major"}}, {"type": "Feature", "geometry": {"type": "Point", "coordinates": [-74.005116, 40.810576]}, "properties": {"road": "MUN 501", "aadt": 18920, "year": 2022, "tier": "major"}}, {"type": "Feature", "geometry": {"type": "Point", "coordinates": [-74.015594, 40.79666]}, "properties": {"road": "MUN 501", "aadt": 18920, "year": 2022, "tier": "major"}}, {"type": "Feature", "geometry": {"type": "Point", "coordinates": [-74.031886, 40.775139]}, "properties": {"road": "MUN 501", "aadt": 18920, "year": 2022, "tier": "major"}}, {"type": "Feature", "geometry": {"type": "Point", "coordinates": [-74.054841, 40.749829]}, "properties": {"road": "MUN 501", "aadt": 18920, "year": 2022, "tier": "major"}}, {"type": "Feature", "geometry": {"type": "Point", "coordinates": [-74.037881, 40.770306]}, "properties": {"road": "MUN 501", "aadt": 18920, "year": 2022, "tier": "major"}}, {"type": "Feature", "geometry": {"type": "Point", "coordinates": [-74.028613, 40.777302]}, "properties": {"road": "MUN 501", "aadt": 18920, "year": 2022, "tier": "major"}}, {"type": "Feature", "geometry": {"type": "Point", "coordinates": [-74.013763, 40.800777]}, "properties": {"road": "MUN 501", "aadt": 18920, "year": 2022, "tier": "major"}}, {"type": "Feature", "geometry": {"type": "Point", "coordinates": [-74.041412, 40.767625]}, "properties": {"road": "MUN 501", "aadt": 18920, "year": 2022, "tier": "major"}}, {"type": "Feature", "geometry": {"type": "Point", "coordinates": [-74.034842, 40.773345]}, "properties": {"road": "MUN 501", "aadt": 18920, "year": 2022, "tier": "major"}}, {"type": "Feature", "geometry": {"type": "Point", "coordinates": [-74.019345, 40.793666]}, "properties": {"road": "MUN 501", "aadt": 18920, "year": 2022, "tier": "major"}}, {"type": "Feature", "geometry": {"type": "Point", "coordinates": [-74.042344, 40.766024]}, "properties": {"road": "MUN 501", "aadt": 18920, "year": 2022, "tier": "major"}}, {"type": "Feature", "geometry": {"type": "Point", "coordinates": [-74.008198, 40.80838]}, "properties": {"road": "MUN 501", "aadt": 18920, "year": 2022, "tier": "major"}}, {"type": "Feature", "geometry": {"type": "Point", "coordinates": [-74.009245, 40.806831]}, "properties": {"road": "MUN 501", "aadt": 18920, "year": 2022, "tier": "major"}}, {"type": "Feature", "geometry": {"type": "Point", "coordinates": [-74.049377, 40.753549]}, "properties": {"road": "MUN 501", "aadt": 18920, "year": 2022, "tier": "major"}}, {"type": "Feature", "geometry": {"type": "Point", "coordinates": [-74.023345, 40.790023]}, "properties": {"road": "MUN 501", "aadt": 18920, "year": 2022, "tier": "major"}}, {"type": "Feature", "geometry": {"type": "Point", "coordinates": [-74.048065, 40.754205]}, "properties": {"road": "MUN 501", "aadt": 18920, "year": 2022, "tier": "major"}}, {"type": "Feature", "geometry": {"type": "Point", "coordinates": [-74.023481, 40.788598]}, "properties": {"road": "MUN 501", "aadt": 18920, "year": 2022, "tier": "major"}}, {"type": "Feature", "geometry": {"type": "Point", "coordinates": [-74.029921, 40.77586]}, "properties": {"road": "MUN 501", "aadt": 18920, "year": 2022, "tier": "major"}}, {"type": "Feature", "geometry": {"type": "Point", "coordinates": [-74.036373, 40.77111]}, "properties": {"road": "MUN 501", "aadt": 18920, "year": 2022, "tier": "major"}}, {"type": "Feature", "geometry": {"type": "Point", "coordinates": [-74.023994, 40.782126]}, "properties": {"road": "MUN 501", "aadt": 18920, "year": 2022, "tier": "major"}}, {"type": "Feature", "geometry": {"type": "Point", "coordinates": [-74.022807, 40.784348]}, "properties": {"road": "MUN 501", "aadt": 18920, "year": 2022, "tier": "major"}}, {"type": "Feature", "geometry": {"type": "Point", "coordinates": [-74.044344, 40.759616]}, "properties": {"road": "MUN 501", "aadt": 18920, "year": 2022, "tier": "major"}}, {"type": "Feature", "geometry": {"type": "Point", "coordinates": [-74.016798, 40.795335]}, "properties": {"road": "MUN 501", "aadt": 18920, "year": 2022, "tier": "major"}}, {"type": "Feature", "geometry": {"type": "Point", "coordinates": [-74.0331, 40.774982]}, "properties": {"road": "MUN 501", "aadt": 18920, "year": 2022, "tier": "major"}}, {"type": "Feature", "geometry": {"type": "Point", "coordinates": [-74.058268, 40.744724]}, "properties": {"road": "MUN 501", "aadt": 18920, "year": 2022, "tier": "major"}}, {"type": "Feature", "geometry": {"type": "Point", "coordinates": [-74.015083, 40.798164]}, "properties": {"road": "MUN 501", "aadt": 18920, "year": 2022, "tier": "major"}}, {"type": "Feature", "geometry": {"type": "Point", "coordinates": [-74.05397, 40.751101]}, "properties": {"road": "CR 501", "aadt": 18920, "year": 2022, "tier": "major"}}, {"type": "Feature", "geometry": {"type": "Point", "coordinates": [-74.079621, 40.803942]}, "properties": {"road": "Local 0 Ramp", "aadt": 18805, "year": 2022, "tier": "major"}}, {"type": "Feature", "geometry": {"type": "Point", "coordinates": [-73.990538, 40.837783]}, "properties": {"road": "NJ 63", "aadt": 18795, "year": 2024, "tier": "major"}}, {"type": "Feature", "geometry": {"type": "Point", "coordinates": [-73.997052, 40.824969]}, "properties": {"road": "NJ 63", "aadt": 18709, "year": 2022, "tier": "major"}}, {"type": "Feature", "geometry": {"type": "Point", "coordinates": [-73.99985, 40.820639]}, "properties": {"road": "NJ 63", "aadt": 18709, "year": 2022, "tier": "major"}}, {"type": "Feature", "geometry": {"type": "Point", "coordinates": [-74.002983, 40.814034]}, "properties": {"road": "NJ 63", "aadt": 18709, "year": 2022, "tier": "major"}}, {"type": "Feature", "geometry": {"type": "Point", "coordinates": [-74.00328, 40.8133]}, "properties": {"road": "NJ 63", "aadt": 18709, "year": 2022, "tier": "major"}}, {"type": "Feature", "geometry": {"type": "Point", "coordinates": [-73.988536, 40.841105]}, "properties": {"road": "NJ 63", "aadt": 18709, "year": 2022, "tier": "major"}}, {"type": "Feature", "geometry": {"type": "Point", "coordinates": [-73.990683, 40.836067]}, "properties": {"road": "NJ 63", "aadt": 18709, "year": 2022, "tier": "major"}}, {"type": "Feature", "geometry": {"type": "Point", "coordinates": [-73.990566, 40.83484]}, "properties": {"road": "NJ 63", "aadt": 18709, "year": 2022, "tier": "major"}}, {"type": "Feature", "geometry": {"type": "Point", "coordinates": [-73.993491, 40.829705]}, "properties": {"road": "NJ 63", "aadt": 18709, "year": 2022, "tier": "major"}}, {"type": "Feature", "geometry": {"type": "Point", "coordinates": [-73.994419, 40.82853]}, "properties": {"road": "NJ 63", "aadt": 18709, "year": 2022, "tier": "major"}}, {"type": "Feature", "geometry": {"type": "Point", "coordinates": [-73.995348, 40.827416]}, "properties": {"road": "NJ 63", "aadt": 18709, "year": 2022, "tier": "major"}}, {"type": "Feature", "geometry": {"type": "Point", "coordinates": [-73.99625, 40.826208]}, "properties": {"road": "NJ 63", "aadt": 18709, "year": 2022, "tier": "major"}}, {"type": "Feature", "geometry": {"type": "Point", "coordinates": [-73.997944, 40.823586]}, "properties": {"road": "NJ 63", "aadt": 18709, "year": 2022, "tier": "major"}}, {"type": "Feature", "geometry": {"type": "Point", "coordinates": [-73.990895, 40.833541]}, "properties": {"road": "NJ 63", "aadt": 18709, "year": 2022, "tier": "major"}}, {"type": "Feature", "geometry": {"type": "Point", "coordinates": [-73.999267, 40.82154]}, "properties": {"road": "NJ 63", "aadt": 18709, "year": 2022, "tier": "major"}}, {"type": "Feature", "geometry": {"type": "Point", "coordinates": [-74.001358, 40.818147]}, "properties": {"road": "NJ 63", "aadt": 18709, "year": 2022, "tier": "major"}}, {"type": "Feature", "geometry": {"type": "Point", "coordinates": [-73.990742, 40.836633]}, "properties": {"road": "NJ 63", "aadt": 18709, "year": 2022, "tier": "major"}}, {"type": "Feature", "geometry": {"type": "Point", "coordinates": [-73.991523, 40.832584]}, "properties": {"road": "NJ 63", "aadt": 18709, "year": 2022, "tier": "major"}}, {"type": "Feature", "geometry": {"type": "Point", "coordinates": [-74.002046, 40.816691]}, "properties": {"road": "NJ 63", "aadt": 18709, "year": 2022, "tier": "major"}}, {"type": "Feature", "geometry": {"type": "Point", "coordinates": [-74.002803, 40.814542]}, "properties": {"road": "NJ 63", "aadt": 18709, "year": 2022, "tier": "major"}}, {"type": "Feature", "geometry": {"type": "Point", "coordinates": [-73.989713, 40.839226]}, "properties": {"road": "NJ 63", "aadt": 18709, "year": 2022, "tier": "major"}}, {"type": "Feature", "geometry": {"type": "Point", "coordinates": [-74.002364, 40.815781]}, "properties": {"road": "NJ 63", "aadt": 18709, "year": 2022, "tier": "major"}}, {"type": "Feature", "geometry": {"type": "Point", "coordinates": [-73.988918, 40.840495]}, "properties": {"road": "NJ 63", "aadt": 18709, "year": 2022, "tier": "major"}}, {"type": "Feature", "geometry": {"type": "Point", "coordinates": [-74.000538, 40.819544]}, "properties": {"road": "NJ 63", "aadt": 18709, "year": 2022, "tier": "major"}}, {"type": "Feature", "geometry": {"type": "Point", "coordinates": [-73.992618, 40.830969]}, "properties": {"road": "NJ 63", "aadt": 18709, "year": 2022, "tier": "major"}}, {"type": "Feature", "geometry": {"type": "Point", "coordinates": [-74.043082, 40.849047]}, "properties": {"road": "MUN 503", "aadt": 18581, "year": 2022, "tier": "major"}}, {"type": "Feature", "geometry": {"type": "Point", "coordinates": [-74.043154, 40.847722]}, "properties": {"road": "MUN 503", "aadt": 18581, "year": 2022, "tier": "major"}}, {"type": "Feature", "geometry": {"type": "Point", "coordinates": [-74.042731, 40.846188]}, "properties": {"road": "MUN 503", "aadt": 18581, "year": 2022, "tier": "major"}}, {"type": "Feature", "geometry": {"type": "Point", "coordinates": [-74.042335, 40.844913]}, "properties": {"road": "MUN 503", "aadt": 18581, "year": 2022, "tier": "major"}}, {"type": "Feature", "geometry": {"type": "Point", "coordinates": [-74.043308, 40.843523]}, "properties": {"road": "MUN 503", "aadt": 18581, "year": 2022, "tier": "major"}}, {"type": "Feature", "geometry": {"type": "Point", "coordinates": [-74.044887, 40.842391]}, "properties": {"road": "MUN 503", "aadt": 18581, "year": 2022, "tier": "major"}}, {"type": "Feature", "geometry": {"type": "Point", "coordinates": [-74.046107, 40.841514]}, "properties": {"road": "MUN 503", "aadt": 18581, "year": 2022, "tier": "major"}}, {"type": "Feature", "geometry": {"type": "Point", "coordinates": [-74.047471, 40.840527]}, "properties": {"road": "MUN 503", "aadt": 18581, "year": 2022, "tier": "major"}}, {"type": "Feature", "geometry": {"type": "Point", "coordinates": [-74.050063, 40.838595]}, "properties": {"road": "MUN 503", "aadt": 18581, "year": 2022, "tier": "major"}}, {"type": "Feature", "geometry": {"type": "Point", "coordinates": [-74.051545, 40.835897]}, "properties": {"road": "MUN 503", "aadt": 18581, "year": 2022, "tier": "major"}}, {"type": "Feature", "geometry": {"type": "Point", "coordinates": [-74.05209, 40.835149]}, "properties": {"road": "MUN 503", "aadt": 18581, "year": 2022, "tier": "major"}}, {"type": "Feature", "geometry": {"type": "Point", "coordinates": [-74.052859, 40.834043]}, "properties": {"road": "MUN 503", "aadt": 18581, "year": 2022, "tier": "major"}}, {"type": "Feature", "geometry": {"type": "Point", "coordinates": [-74.053117, 40.833426]}, "properties": {"road": "MUN 503", "aadt": 18581, "year": 2022, "tier": "major"}}, {"type": "Feature", "geometry": {"type": "Point", "coordinates": [-74.053915, 40.830236]}, "properties": {"road": "MUN 503", "aadt": 18581, "year": 2022, "tier": "major"}}, {"type": "Feature", "geometry": {"type": "Point", "coordinates": [-74.054295, 40.82899]}, "properties": {"road": "MUN 503", "aadt": 18581, "year": 2022, "tier": "major"}}, {"type": "Feature", "geometry": {"type": "Point", "coordinates": [-74.055185, 40.8278]}, "properties": {"road": "MUN 503", "aadt": 18581, "year": 2022, "tier": "major"}}, {"type": "Feature", "geometry": {"type": "Point", "coordinates": [-74.056596, 40.826415]}, "properties": {"road": "MUN 503", "aadt": 18581, "year": 2022, "tier": "major"}}, {"type": "Feature", "geometry": {"type": "Point", "coordinates": [-74.057906, 40.825239]}, "properties": {"road": "MUN 503", "aadt": 18581, "year": 2022, "tier": "major"}}, {"type": "Feature", "geometry": {"type": "Point", "coordinates": [-74.058876, 40.824288]}, "properties": {"road": "MUN 503", "aadt": 18581, "year": 2022, "tier": "major"}}, {"type": "Feature", "geometry": {"type": "Point", "coordinates": [-74.06255, 40.820845]}, "properties": {"road": "MUN 503", "aadt": 18581, "year": 2022, "tier": "major"}}, {"type": "Feature", "geometry": {"type": "Point", "coordinates": [-74.064716, 40.818831]}, "properties": {"road": "MUN 503", "aadt": 18581, "year": 2022, "tier": "major"}}, {"type": "Feature", "geometry": {"type": "Point", "coordinates": [-74.067684, 40.815834]}, "properties": {"road": "MUN 503", "aadt": 18581, "year": 2022, "tier": "major"}}, {"type": "Feature", "geometry": {"type": "Point", "coordinates": [-74.068422, 40.815017]}, "properties": {"road": "MUN 503", "aadt": 18581, "year": 2022, "tier": "major"}}, {"type": "Feature", "geometry": {"type": "Point", "coordinates": [-74.060194, 40.823061]}, "properties": {"road": "MUN 503", "aadt": 18581, "year": 2022, "tier": "major"}}, {"type": "Feature", "geometry": {"type": "Point", "coordinates": [-74.050869, 40.837243]}, "properties": {"road": "MUN 503", "aadt": 18581, "year": 2022, "tier": "major"}}, {"type": "Feature", "geometry": {"type": "Point", "coordinates": [-74.06656, 40.817078]}, "properties": {"road": "MUN 503", "aadt": 18581, "year": 2022, "tier": "major"}}, {"type": "Feature", "geometry": {"type": "Point", "coordinates": [-74.053447, 40.831849]}, "properties": {"road": "MUN 503", "aadt": 18581, "year": 2022, "tier": "major"}}, {"type": "Feature", "geometry": {"type": "Point", "coordinates": [-74.061022, 40.822271]}, "properties": {"road": "MUN 503", "aadt": 18581, "year": 2022, "tier": "major"}}, {"type": "Feature", "geometry": {"type": "Point", "coordinates": [-74.063379, 40.82009]}, "properties": {"road": "MUN 503", "aadt": 18581, "year": 2022, "tier": "major"}}, {"type": "Feature", "geometry": {"type": "Point", "coordinates": [-74.048789, 40.839578]}, "properties": {"road": "MUN 503", "aadt": 18581, "year": 2022, "tier": "major"}}, {"type": "Feature", "geometry": {"type": "Point", "coordinates": [-74.042322, 40.844701]}, "properties": {"road": "CR 503", "aadt": 18581, "year": 2022, "tier": "major"}}, {"type": "Feature", "geometry": {"type": "Point", "coordinates": [-74.145674, 40.73363]}, "properties": {"road": "I 1868", "aadt": 18507, "year": 2022, "tier": "major"}}, {"type": "Feature", "geometry": {"type": "Point", "coordinates": [-74.145297, 40.733689]}, "properties": {"road": "I 1868", "aadt": 18507, "year": 2022, "tier": "major"}}, {"type": "Feature", "geometry": {"type": "Point", "coordinates": [-74.143518, 40.733765]}, "properties": {"road": "I 1868", "aadt": 18507, "year": 2022, "tier": "major"}}, {"type": "Feature", "geometry": {"type": "Point", "coordinates": [-74.140789, 40.733887]}, "properties": {"road": "I 1868", "aadt": 18507, "year": 2022, "tier": "major"}}, {"type": "Feature", "geometry": {"type": "Point", "coordinates": [-74.139868, 40.733926]}, "properties": {"road": "I 1868", "aadt": 18507, "year": 2022, "tier": "major"}}, {"type": "Feature", "geometry": {"type": "Point", "coordinates": [-74.137153, 40.734041]}, "properties": {"road": "I 1868", "aadt": 18507, "year": 2022, "tier": "major"}}, {"type": "Feature", "geometry": {"type": "Point", "coordinates": [-74.135942, 40.734095]}, "properties": {"road": "I 1868", "aadt": 18507, "year": 2022, "tier": "major"}}, {"type": "Feature", "geometry": {"type": "Point", "coordinates": [-74.134127, 40.734171]}, "properties": {"road": "I 1868", "aadt": 18507, "year": 2022, "tier": "major"}}, {"type": "Feature", "geometry": {"type": "Point", "coordinates": [-74.129196, 40.734387]}, "properties": {"road": "I 1868", "aadt": 18507, "year": 2022, "tier": "major"}}, {"type": "Feature", "geometry": {"type": "Point", "coordinates": [-74.125455, 40.734468]}, "properties": {"road": "I 1868", "aadt": 18507, "year": 2022, "tier": "major"}}, {"type": "Feature", "geometry": {"type": "Point", "coordinates": [-74.148783, 40.732757]}, "properties": {"road": "I 1868", "aadt": 18507, "year": 2022, "tier": "major"}}, {"type": "Feature", "geometry": {"type": "Point", "coordinates": [-74.123869, 40.734098]}, "properties": {"road": "I 1868", "aadt": 18507, "year": 2022, "tier": "major"}}, {"type": "Feature", "geometry": {"type": "Point", "coordinates": [-74.127421, 40.734673]}, "properties": {"road": "I 1868", "aadt": 18507, "year": 2022, "tier": "major"}}, {"type": "Feature", "geometry": {"type": "Point", "coordinates": [-74.146796, 40.733282]}, "properties": {"road": "I 1868", "aadt": 18507, "year": 2022, "tier": "major"}}, {"type": "Feature", "geometry": {"type": "Point", "coordinates": [-74.132219, 40.734256]}, "properties": {"road": "I 1868", "aadt": 18507, "year": 2022, "tier": "major"}}, {"type": "Feature", "geometry": {"type": "Point", "coordinates": [-74.057328, 40.769621]}, "properties": {"road": "MUN 678", "aadt": 18467, "year": 2022, "tier": "major"}}, {"type": "Feature", "geometry": {"type": "Point", "coordinates": [-74.057101, 40.769251]}, "properties": {"road": "MUN 678", "aadt": 18467, "year": 2022, "tier": "major"}}, {"type": "Feature", "geometry": {"type": "Point", "coordinates": [-74.056619, 40.768457]}, "properties": {"road": "MUN 678", "aadt": 18467, "year": 2022, "tier": "major"}}, {"type": "Feature", "geometry": {"type": "Point", "coordinates": [-74.055916, 40.767302]}, "properties": {"road": "MUN 678", "aadt": 18467, "year": 2022, "tier": "major"}}, {"type": "Feature", "geometry": {"type": "Point", "coordinates": [-74.055412, 40.766461]}, "properties": {"road": "MUN 678", "aadt": 18467, "year": 2022, "tier": "major"}}, {"type": "Feature", "geometry": {"type": "Point", "coordinates": [-74.054553, 40.765064]}, "properties": {"road": "MUN 678", "aadt": 18467, "year": 2022, "tier": "major"}}, {"type": "Feature", "geometry": {"type": "Point", "coordinates": [-74.053879, 40.763832]}, "properties": {"road": "MUN 678", "aadt": 18467, "year": 2022, "tier": "major"}}, {"type": "Feature", "geometry": {"type": "Point", "coordinates": [-74.053386, 40.762117]}, "properties": {"road": "MUN 678", "aadt": 18467, "year": 2022, "tier": "major"}}, {"type": "Feature", "geometry": {"type": "Point", "coordinates": [-74.052686, 40.761026]}, "properties": {"road": "MUN 678", "aadt": 18467, "year": 2022, "tier": "major"}}, {"type": "Feature", "geometry": {"type": "Point", "coordinates": [-74.052254, 40.760747]}, "properties": {"road": "MUN 678", "aadt": 18467, "year": 2022, "tier": "major"}}, {"type": "Feature", "geometry": {"type": "Point", "coordinates": [-74.051451, 40.76034]}, "properties": {"road": "MUN 678", "aadt": 18467, "year": 2022, "tier": "major"}}, {"type": "Feature", "geometry": {"type": "Point", "coordinates": [-74.049452, 40.759]}, "properties": {"road": "MUN 678", "aadt": 18467, "year": 2022, "tier": "major"}}, {"type": "Feature", "geometry": {"type": "Point", "coordinates": [-73.992409, 40.831276]}, "properties": {"road": "NJ 63", "aadt": 18446, "year": 2012, "tier": "major"}}, {"type": "Feature", "geometry": {"type": "Point", "coordinates": [-74.134735, 40.749699]}, "properties": {"road": "CR 508", "aadt": 18230, "year": 2023, "tier": "major"}}, {"type": "Feature", "geometry": {"type": "Point", "coordinates": [-73.984872, 40.848823]}, "properties": {"road": "NJ 63", "aadt": 18214, "year": 2022, "tier": "major"}}, {"type": "Feature", "geometry": {"type": "Point", "coordinates": [-73.985249, 40.846976]}, "properties": {"road": "NJ 63", "aadt": 18214, "year": 2022, "tier": "major"}}, {"type": "Feature", "geometry": {"type": "Point", "coordinates": [-73.987154, 40.843347]}, "properties": {"road": "NJ 63", "aadt": 18214, "year": 2022, "tier": "major"}}, {"type": "Feature", "geometry": {"type": "Point", "coordinates": [-73.987898, 40.842121]}, "properties": {"road": "NJ 63", "aadt": 18214, "year": 2022, "tier": "major"}}, {"type": "Feature", "geometry": {"type": "Point", "coordinates": [-73.985738, 40.845732]}, "properties": {"road": "NJ 63", "aadt": 18214, "year": 2022, "tier": "major"}}, {"type": "Feature", "geometry": {"type": "Point", "coordinates": [-73.986506, 40.84437]}, "properties": {"road": "NJ 63", "aadt": 18214, "year": 2022, "tier": "major"}}, {"type": "Feature", "geometry": {"type": "Point", "coordinates": [-73.985074, 40.847627]}, "properties": {"road": "NJ 63", "aadt": 18214, "year": 2022, "tier": "major"}}, {"type": "Feature", "geometry": {"type": "Point", "coordinates": [-74.125606, 40.749763]}, "properties": {"road": "Local 0 Ramp", "aadt": 18158, "year": 2022, "tier": "major"}}, {"type": "Feature", "geometry": {"type": "Point", "coordinates": [-74.12113, 40.75007]}, "properties": {"road": "Local 0 Ramp", "aadt": 18158, "year": 2022, "tier": "major"}}, {"type": "Feature", "geometry": {"type": "Point", "coordinates": [-74.029801, 40.753971]}, "properties": {"road": "MUN 670", "aadt": 18038, "year": 2022, "tier": "major"}}, {"type": "Feature", "geometry": {"type": "Point", "coordinates": [-74.032478, 40.754443]}, "properties": {"road": "MUN 670", "aadt": 18038, "year": 2022, "tier": "major"}}, {"type": "Feature", "geometry": {"type": "Point", "coordinates": [-74.139351, 40.7822]}, "properties": {"road": "NJ 7", "aadt": 17884, "year": 2022, "tier": "major"}}, {"type": "Feature", "geometry": {"type": "Point", "coordinates": [-74.138219, 40.781601]}, "properties": {"road": "NJ 7", "aadt": 17884, "year": 2022, "tier": "major"}}, {"type": "Feature", "geometry": {"type": "Point", "coordinates": [-74.136638, 40.780797]}, "properties": {"road": "NJ 7", "aadt": 17884, "year": 2022, "tier": "major"}}, {"type": "Feature", "geometry": {"type": "Point", "coordinates": [-74.135389, 40.780152]}, "properties": {"road": "NJ 7", "aadt": 17884, "year": 2022, "tier": "major"}}, {"type": "Feature", "geometry": {"type": "Point", "coordinates": [-74.133815, 40.779364]}, "properties": {"road": "NJ 7", "aadt": 17884, "year": 2022, "tier": "major"}}, {"type": "Feature", "geometry": {"type": "Point", "coordinates": [-74.131446, 40.778183]}, "properties": {"road": "NJ 7", "aadt": 17884, "year": 2022, "tier": "major"}}, {"type": "Feature", "geometry": {"type": "Point", "coordinates": [-74.13011, 40.777399]}, "properties": {"road": "NJ 7", "aadt": 17884, "year": 2022, "tier": "major"}}, {"type": "Feature", "geometry": {"type": "Point", "coordinates": [-74.129433, 40.775049]}, "properties": {"road": "NJ 7", "aadt": 17884, "year": 2022, "tier": "major"}}, {"type": "Feature", "geometry": {"type": "Point", "coordinates": [-74.129674, 40.773818]}, "properties": {"road": "NJ 7", "aadt": 17884, "year": 2022, "tier": "major"}}, {"type": "Feature", "geometry": {"type": "Point", "coordinates": [-74.128733, 40.77312]}, "properties": {"road": "NJ 7", "aadt": 17884, "year": 2022, "tier": "major"}}, {"type": "Feature", "geometry": {"type": "Point", "coordinates": [-74.127608, 40.772395]}, "properties": {"road": "NJ 7", "aadt": 17884, "year": 2022, "tier": "major"}}, {"type": "Feature", "geometry": {"type": "Point", "coordinates": [-74.133446, 40.77918]}, "properties": {"road": "NJ 7", "aadt": 17884, "year": 2022, "tier": "major"}}, {"type": "Feature", "geometry": {"type": "Point", "coordinates": [-74.005191, 40.843077]}, "properties": {"road": "Local 0 Ramp", "aadt": 17835, "year": 2022, "tier": "major"}}, {"type": "Feature", "geometry": {"type": "Point", "coordinates": [-74.005744, 40.843407]}, "properties": {"road": "Local 0 Ramp", "aadt": 17835, "year": 2022, "tier": "major"}}, {"type": "Feature", "geometry": {"type": "Point", "coordinates": [-73.994266, 40.840518]}, "properties": {"road": "NJ 5", "aadt": 17426, "year": 2024, "tier": "major"}}, {"type": "Feature", "geometry": {"type": "Point", "coordinates": [-74.116433, 40.761083]}, "properties": {"road": "NJ 7", "aadt": 17205, "year": 2023, "tier": "major"}}, {"type": "Feature", "geometry": {"type": "Point", "coordinates": [-74.088295, 40.832901]}, "properties": {"road": "NJ 120", "aadt": 17112, "year": 2022, "tier": "major"}}, {"type": "Feature", "geometry": {"type": "Point", "coordinates": [-74.085149, 40.83127]}, "properties": {"road": "NJ 120", "aadt": 17112, "year": 2022, "tier": "major"}}, {"type": "Feature", "geometry": {"type": "Point", "coordinates": [-74.083954, 40.830482]}, "properties": {"road": "NJ 120", "aadt": 17112, "year": 2022, "tier": "major"}}, {"type": "Feature", "geometry": {"type": "Point", "coordinates": [-74.082234, 40.829404]}, "properties": {"road": "NJ 120", "aadt": 17112, "year": 2022, "tier": "major"}}, {"type": "Feature", "geometry": {"type": "Point", "coordinates": [-74.081165, 40.828764]}, "properties": {"road": "NJ 120", "aadt": 17112, "year": 2022, "tier": "major"}}, {"type": "Feature", "geometry": {"type": "Point", "coordinates": [-74.080215, 40.82833]}, "properties": {"road": "NJ 120", "aadt": 17112, "year": 2022, "tier": "major"}}, {"type": "Feature", "geometry": {"type": "Point", "coordinates": [-74.078904, 40.827733]}, "properties": {"road": "NJ 120", "aadt": 17112, "year": 2022, "tier": "major"}}, {"type": "Feature", "geometry": {"type": "Point", "coordinates": [-74.07798, 40.827194]}, "properties": {"road": "NJ 120", "aadt": 17112, "year": 2022, "tier": "major"}}, {"type": "Feature", "geometry": {"type": "Point", "coordinates": [-74.07635, 40.826065]}, "properties": {"road": "NJ 120", "aadt": 17112, "year": 2022, "tier": "major"}}, {"type": "Feature", "geometry": {"type": "Point", "coordinates": [-74.07382, 40.824308]}, "properties": {"road": "NJ 120", "aadt": 17112, "year": 2022, "tier": "major"}}, {"type": "Feature", "geometry": {"type": "Point", "coordinates": [-74.072708, 40.823539]}, "properties": {"road": "NJ 120", "aadt": 17112, "year": 2022, "tier": "major"}}, {"type": "Feature", "geometry": {"type": "Point", "coordinates": [-74.07079, 40.822181]}, "properties": {"road": "NJ 120", "aadt": 17112, "year": 2022, "tier": "major"}}, {"type": "Feature", "geometry": {"type": "Point", "coordinates": [-74.069835, 40.821341]}, "properties": {"road": "NJ 120", "aadt": 17112, "year": 2022, "tier": "major"}}, {"type": "Feature", "geometry": {"type": "Point", "coordinates": [-74.074646, 40.82488]}, "properties": {"road": "NJ 120", "aadt": 17112, "year": 2022, "tier": "major"}}, {"type": "Feature", "geometry": {"type": "Point", "coordinates": [-74.086474, 40.832238]}, "properties": {"road": "NJ 120", "aadt": 17112, "year": 2022, "tier": "major"}}, {"type": "Feature", "geometry": {"type": "Point", "coordinates": [-74.065509, 40.731032]}, "properties": {"road": "I 1561", "aadt": 16608, "year": 2022, "tier": "major"}}, {"type": "Feature", "geometry": {"type": "Point", "coordinates": [-74.0668, 40.731189]}, "properties": {"road": "I 1561", "aadt": 16608, "year": 2022, "tier": "major"}}, {"type": "Feature", "geometry": {"type": "Point", "coordinates": [-74.064321, 40.730847]}, "properties": {"road": "I 1561", "aadt": 16608, "year": 2022, "tier": "major"}}, {"type": "Feature", "geometry": {"type": "Point", "coordinates": [-74.05829, 40.794345]}, "properties": {"road": "MUN 681", "aadt": 16483, "year": 2022, "tier": "major"}}, {"type": "Feature", "geometry": {"type": "Point", "coordinates": [-74.058225, 40.792758]}, "properties": {"road": "MUN 681", "aadt": 16483, "year": 2022, "tier": "major"}}, {"type": "Feature", "geometry": {"type": "Point", "coordinates": [-74.058173, 40.791882]}, "properties": {"road": "MUN 681", "aadt": 16483, "year": 2022, "tier": "major"}}, {"type": "Feature", "geometry": {"type": "Point", "coordinates": [-74.057487, 40.790355]}, "properties": {"road": "MUN 681", "aadt": 16483, "year": 2022, "tier": "major"}}, {"type": "Feature", "geometry": {"type": "Point", "coordinates": [-74.056667, 40.789444]}, "properties": {"road": "MUN 681", "aadt": 16483, "year": 2022, "tier": "major"}}, {"type": "Feature", "geometry": {"type": "Point", "coordinates": [-74.055658, 40.788772]}, "properties": {"road": "MUN 681", "aadt": 16483, "year": 2022, "tier": "major"}}, {"type": "Feature", "geometry": {"type": "Point", "coordinates": [-74.054799, 40.788189]}, "properties": {"road": "MUN 681", "aadt": 16483, "year": 2022, "tier": "major"}}, {"type": "Feature", "geometry": {"type": "Point", "coordinates": [-74.053905, 40.787542]}, "properties": {"road": "MUN 681", "aadt": 16483, "year": 2022, "tier": "major"}}, {"type": "Feature", "geometry": {"type": "Point", "coordinates": [-74.052327, 40.786414]}, "properties": {"road": "MUN 681", "aadt": 16483, "year": 2022, "tier": "major"}}, {"type": "Feature", "geometry": {"type": "Point", "coordinates": [-74.051481, 40.785818]}, "properties": {"road": "MUN 681", "aadt": 16483, "year": 2022, "tier": "major"}}, {"type": "Feature", "geometry": {"type": "Point", "coordinates": [-74.0583, 40.794623]}, "properties": {"road": "MUN 681", "aadt": 16483, "year": 2022, "tier": "major"}}, {"type": "Feature", "geometry": {"type": "Point", "coordinates": [-74.149349, 40.776625]}, "properties": {"road": "MUN 699", "aadt": 16312, "year": 2022, "tier": "major"}}, {"type": "Feature", "geometry": {"type": "Point", "coordinates": [-74.14711, 40.78022]}, "properties": {"road": "MUN 699", "aadt": 16312, "year": 2022, "tier": "major"}}, {"type": "Feature", "geometry": {"type": "Point", "coordinates": [-74.149395, 40.786912]}, "properties": {"road": "CR 506", "aadt": 16271, "year": 2023, "tier": "major"}}, {"type": "Feature", "geometry": {"type": "Point", "coordinates": [-74.003537, 40.81534]}, "properties": {"road": "MUN 48", "aadt": 16067, "year": 2022, "tier": "major"}}, {"type": "Feature", "geometry": {"type": "Point", "coordinates": [-74.058878, 40.736085]}, "properties": {"road": "I 1699", "aadt": 15596, "year": 2022, "tier": "major"}}, {"type": "Feature", "geometry": {"type": "Point", "coordinates": [-74.059134, 40.735275]}, "properties": {"road": "I 1699", "aadt": 15596, "year": 2022, "tier": "major"}}, {"type": "Feature", "geometry": {"type": "Point", "coordinates": [-74.059372, 40.733995]}, "properties": {"road": "I 1699", "aadt": 15596, "year": 2022, "tier": "major"}}, {"type": "Feature", "geometry": {"type": "Point", "coordinates": [-74.059485, 40.733107]}, "properties": {"road": "I 1699", "aadt": 15596, "year": 2022, "tier": "major"}}, {"type": "Feature", "geometry": {"type": "Point", "coordinates": [-74.059737, 40.732283]}, "properties": {"road": "I 1699", "aadt": 15596, "year": 2022, "tier": "major"}}, {"type": "Feature", "geometry": {"type": "Point", "coordinates": [-74.060367, 40.731387]}, "properties": {"road": "I 1699", "aadt": 15596, "year": 2022, "tier": "major"}}, {"type": "Feature", "geometry": {"type": "Point", "coordinates": [-74.060966, 40.730762]}, "properties": {"road": "I 1699", "aadt": 15596, "year": 2022, "tier": "major"}}, {"type": "Feature", "geometry": {"type": "Point", "coordinates": [-74.061212, 40.730494]}, "properties": {"road": "I 1699", "aadt": 15596, "year": 2022, "tier": "major"}}, {"type": "Feature", "geometry": {"type": "Point", "coordinates": [-74.058812, 40.737001]}, "properties": {"road": "I 1699", "aadt": 15596, "year": 2022, "tier": "major"}}, {"type": "Feature", "geometry": {"type": "Point", "coordinates": [-74.005337, 40.843799]}, "properties": {"road": "Local 0 Ramp", "aadt": 15367, "year": 2022, "tier": "major"}}, {"type": "Feature", "geometry": {"type": "Point", "coordinates": [-74.065391, 40.771838]}, "properties": {"road": "MUN 653", "aadt": 15294, "year": 2022, "tier": "major"}}, {"type": "Feature", "geometry": {"type": "Point", "coordinates": [-74.066197, 40.770687]}, "properties": {"road": "MUN 653", "aadt": 15294, "year": 2022, "tier": "major"}}, {"type": "Feature", "geometry": {"type": "Point", "coordinates": [-74.067043, 40.769492]}, "properties": {"road": "MUN 653", "aadt": 15294, "year": 2022, "tier": "major"}}, {"type": "Feature", "geometry": {"type": "Point", "coordinates": [-74.068105, 40.767987]}, "properties": {"road": "MUN 653", "aadt": 15294, "year": 2022, "tier": "major"}}, {"type": "Feature", "geometry": {"type": "Point", "coordinates": [-74.063587, 40.773992]}, "properties": {"road": "MUN 653", "aadt": 15294, "year": 2022, "tier": "major"}}, {"type": "Feature", "geometry": {"type": "Point", "coordinates": [-74.064617, 40.77278]}, "properties": {"road": "MUN 653", "aadt": 15294, "year": 2022, "tier": "major"}}, {"type": "Feature", "geometry": {"type": "Point", "coordinates": [-74.038161, 40.77912]}, "properties": {"road": "MUN 681", "aadt": 15041, "year": 2022, "tier": "major"}}, {"type": "Feature", "geometry": {"type": "Point", "coordinates": [-74.039294, 40.777131]}, "properties": {"road": "MUN 681", "aadt": 15041, "year": 2022, "tier": "major"}}, {"type": "Feature", "geometry": {"type": "Point", "coordinates": [-74.049129, 40.784201]}, "properties": {"road": "MUN 681", "aadt": 15041, "year": 2022, "tier": "major"}}, {"type": "Feature", "geometry": {"type": "Point", "coordinates": [-74.048327, 40.783912]}, "properties": {"road": "MUN 681", "aadt": 15041, "year": 2022, "tier": "major"}}, {"type": "Feature", "geometry": {"type": "Point", "coordinates": [-74.046932, 40.783402]}, "properties": {"road": "MUN 681", "aadt": 15041, "year": 2022, "tier": "major"}}, {"type": "Feature", "geometry": {"type": "Point", "coordinates": [-74.044958, 40.782677]}, "properties": {"road": "MUN 681", "aadt": 15041, "year": 2022, "tier": "major"}}, {"type": "Feature", "geometry": {"type": "Point", "coordinates": [-74.044017, 40.78232]}, "properties": {"road": "MUN 681", "aadt": 15041, "year": 2022, "tier": "major"}}, {"type": "Feature", "geometry": {"type": "Point", "coordinates": [-74.042888, 40.781753]}, "properties": {"road": "MUN 681", "aadt": 15041, "year": 2022, "tier": "major"}}, {"type": "Feature", "geometry": {"type": "Point", "coordinates": [-74.041761, 40.781202]}, "properties": {"road": "MUN 681", "aadt": 15041, "year": 2022, "tier": "major"}}, {"type": "Feature", "geometry": {"type": "Point", "coordinates": [-74.041481, 40.781024]}, "properties": {"road": "MUN 681", "aadt": 15041, "year": 2022, "tier": "major"}}, {"type": "Feature", "geometry": {"type": "Point", "coordinates": [-74.040047, 40.7799]}, "properties": {"road": "MUN 681", "aadt": 15041, "year": 2022, "tier": "major"}}, {"type": "Feature", "geometry": {"type": "Point", "coordinates": [-74.039479, 40.779536]}, "properties": {"road": "MUN 681", "aadt": 15041, "year": 2022, "tier": "major"}}, {"type": "Feature", "geometry": {"type": "Point", "coordinates": [-74.039007, 40.779301]}, "properties": {"road": "MUN 681", "aadt": 15041, "year": 2022, "tier": "major"}}, {"type": "Feature", "geometry": {"type": "Point", "coordinates": [-74.050637, 40.78523]}, "properties": {"road": "MUN 681", "aadt": 15041, "year": 2022, "tier": "major"}}, {"type": "Feature", "geometry": {"type": "Point", "coordinates": [-74.027939, 40.759417]}, "properties": {"road": "I 1064", "aadt": 14913, "year": 2022, "tier": "secondary"}}, {"type": "Feature", "geometry": {"type": "Point", "coordinates": [-74.138541, 40.811053]}, "properties": {"road": "MUN 646", "aadt": 14877, "year": 2022, "tier": "secondary"}}, {"type": "Feature", "geometry": {"type": "Point", "coordinates": [-74.14221, 40.810872]}, "properties": {"road": "MUN 646", "aadt": 14877, "year": 2022, "tier": "secondary"}}, {"type": "Feature", "geometry": {"type": "Point", "coordinates": [-74.052103, 40.784606]}, "properties": {"road": "Local 0 Ramp", "aadt": 14552, "year": 2022, "tier": "secondary"}}, {"type": "Feature", "geometry": {"type": "Point", "coordinates": [-74.055723, 40.785834]}, "properties": {"road": "MUN 653", "aadt": 14375, "year": 2022, "tier": "secondary"}}, {"type": "Feature", "geometry": {"type": "Point", "coordinates": [-74.056513, 40.784461]}, "properties": {"road": "MUN 653", "aadt": 14375, "year": 2022, "tier": "secondary"}}, {"type": "Feature", "geometry": {"type": "Point", "coordinates": [-74.057265, 40.783125]}, "properties": {"road": "MUN 653", "aadt": 14375, "year": 2022, "tier": "secondary"}}, {"type": "Feature", "geometry": {"type": "Point", "coordinates": [-74.058104, 40.781428]}, "properties": {"road": "MUN 653", "aadt": 14375, "year": 2022, "tier": "secondary"}}, {"type": "Feature", "geometry": {"type": "Point", "coordinates": [-74.058604, 40.780227]}, "properties": {"road": "MUN 653", "aadt": 14375, "year": 2022, "tier": "secondary"}}, {"type": "Feature", "geometry": {"type": "Point", "coordinates": [-74.059214, 40.778826]}, "properties": {"road": "MUN 653", "aadt": 14375, "year": 2022, "tier": "secondary"}}, {"type": "Feature", "geometry": {"type": "Point", "coordinates": [-74.060344, 40.777736]}, "properties": {"road": "MUN 653", "aadt": 14375, "year": 2022, "tier": "secondary"}}, {"type": "Feature", "geometry": {"type": "Point", "coordinates": [-74.063031, 40.774653]}, "properties": {"road": "MUN 653", "aadt": 14375, "year": 2022, "tier": "secondary"}}, {"type": "Feature", "geometry": {"type": "Point", "coordinates": [-74.054581, 40.787901]}, "properties": {"road": "MUN 653", "aadt": 14375, "year": 2022, "tier": "secondary"}}, {"type": "Feature", "geometry": {"type": "Point", "coordinates": [-74.062155, 40.775669]}, "properties": {"road": "MUN 653", "aadt": 14375, "year": 2022, "tier": "secondary"}}, {"type": "Feature", "geometry": {"type": "Point", "coordinates": [-74.055071, 40.787007]}, "properties": {"road": "MUN 653", "aadt": 14375, "year": 2022, "tier": "secondary"}}, {"type": "Feature", "geometry": {"type": "Point", "coordinates": [-74.061106, 40.776877]}, "properties": {"road": "MUN 653", "aadt": 14375, "year": 2022, "tier": "secondary"}}, {"type": "Feature", "geometry": {"type": "Point", "coordinates": [-74.036982, 40.780689]}, "properties": {"road": "Local 0 Ramp", "aadt": 14225, "year": 2022, "tier": "secondary"}}, {"type": "Feature", "geometry": {"type": "Point", "coordinates": [-74.037445, 40.779945]}, "properties": {"road": "Local 0 Ramp", "aadt": 14225, "year": 2022, "tier": "secondary"}}, {"type": "Feature", "geometry": {"type": "Point", "coordinates": [-74.145409, 40.810927]}, "properties": {"road": "NJ 7", "aadt": 14166, "year": 2022, "tier": "secondary"}}, {"type": "Feature", "geometry": {"type": "Point", "coordinates": [-74.14605, 40.80991]}, "properties": {"road": "NJ 7", "aadt": 14166, "year": 2022, "tier": "secondary"}}, {"type": "Feature", "geometry": {"type": "Point", "coordinates": [-74.146777, 40.808554]}, "properties": {"road": "NJ 7", "aadt": 14166, "year": 2022, "tier": "secondary"}}, {"type": "Feature", "geometry": {"type": "Point", "coordinates": [-74.146582, 40.807146]}, "properties": {"road": "NJ 7", "aadt": 14166, "year": 2022, "tier": "secondary"}}, {"type": "Feature", "geometry": {"type": "Point", "coordinates": [-74.146239, 40.805805]}, "properties": {"road": "NJ 7", "aadt": 14166, "year": 2022, "tier": "secondary"}}, {"type": "Feature", "geometry": {"type": "Point", "coordinates": [-74.145887, 40.804334]}, "properties": {"road": "NJ 7", "aadt": 14166, "year": 2022, "tier": "secondary"}}, {"type": "Feature", "geometry": {"type": "Point", "coordinates": [-74.14597, 40.802762]}, "properties": {"road": "NJ 7", "aadt": 14166, "year": 2022, "tier": "secondary"}}, {"type": "Feature", "geometry": {"type": "Point", "coordinates": [-74.1465, 40.801409]}, "properties": {"road": "NJ 7", "aadt": 14166, "year": 2022, "tier": "secondary"}}, {"type": "Feature", "geometry": {"type": "Point", "coordinates": [-74.147013, 40.80031]}, "properties": {"road": "NJ 7", "aadt": 14166, "year": 2022, "tier": "secondary"}}, {"type": "Feature", "geometry": {"type": "Point", "coordinates": [-74.147541, 40.799171]}, "properties": {"road": "NJ 7", "aadt": 14166, "year": 2022, "tier": "secondary"}}, {"type": "Feature", "geometry": {"type": "Point", "coordinates": [-74.148445, 40.797211]}, "properties": {"road": "NJ 7", "aadt": 14166, "year": 2022, "tier": "secondary"}}, {"type": "Feature", "geometry": {"type": "Point", "coordinates": [-74.149035, 40.795962]}, "properties": {"road": "NJ 7", "aadt": 14166, "year": 2022, "tier": "secondary"}}, {"type": "Feature", "geometry": {"type": "Point", "coordinates": [-74.149623, 40.7947]}, "properties": {"road": "NJ 7", "aadt": 14166, "year": 2022, "tier": "secondary"}}, {"type": "Feature", "geometry": {"type": "Point", "coordinates": [-74.144999, 40.812009]}, "properties": {"road": "NJ 7", "aadt": 14166, "year": 2022, "tier": "secondary"}}, {"type": "Feature", "geometry": {"type": "Point", "coordinates": [-74.140609, 40.797359]}, "properties": {"road": "Local 0 Ramp", "aadt": 13479, "year": 2022, "tier": "secondary"}}, {"type": "Feature", "geometry": {"type": "Point", "coordinates": [-74.142748, 40.830749]}, "properties": {"road": "MUN 601", "aadt": 13148, "year": 2022, "tier": "secondary"}}, {"type": "Feature", "geometry": {"type": "Point", "coordinates": [-74.144884, 40.828724]}, "properties": {"road": "MUN 601", "aadt": 13148, "year": 2022, "tier": "secondary"}}, {"type": "Feature", "geometry": {"type": "Point", "coordinates": [-74.100566, 40.812195]}, "properties": {"road": "Local 0 Ramp", "aadt": 13077, "year": 2022, "tier": "secondary"}}, {"type": "Feature", "geometry": {"type": "Point", "coordinates": [-74.149827, 40.786971]}, "properties": {"road": "MUN 506", "aadt": 13065, "year": 2022, "tier": "secondary"}}, {"type": "Feature", "geometry": {"type": "Point", "coordinates": [-73.984164, 40.815761]}, "properties": {"road": "I 1105", "aadt": 13059, "year": 2022, "tier": "secondary"}}, {"type": "Feature", "geometry": {"type": "Point", "coordinates": [-74.134473, 40.803922]}, "properties": {"road": "CR 507", "aadt": 12986, "year": 2022, "tier": "secondary"}}, {"type": "Feature", "geometry": {"type": "Point", "coordinates": [-74.129719, 40.733981]}, "properties": {"road": "I 1844", "aadt": 12903, "year": 2022, "tier": "secondary"}}, {"type": "Feature", "geometry": {"type": "Point", "coordinates": [-74.131304, 40.733513]}, "properties": {"road": "I 1844", "aadt": 12903, "year": 2022, "tier": "secondary"}}, {"type": "Feature", "geometry": {"type": "Point", "coordinates": [-74.133194, 40.732747]}, "properties": {"road": "I 1844", "aadt": 12903, "year": 2022, "tier": "secondary"}}, {"type": "Feature", "geometry": {"type": "Point", "coordinates": [-74.13882, 40.732244]}, "properties": {"road": "I 1844", "aadt": 12903, "year": 2022, "tier": "secondary"}}, {"type": "Feature", "geometry": {"type": "Point", "coordinates": [-74.145489, 40.729932]}, "properties": {"road": "I 1844", "aadt": 12903, "year": 2022, "tier": "secondary"}}, {"type": "Feature", "geometry": {"type": "Point", "coordinates": [-74.142009, 40.731019]}, "properties": {"road": "I 1844", "aadt": 12903, "year": 2022, "tier": "secondary"}}, {"type": "Feature", "geometry": {"type": "Point", "coordinates": [-74.143959, 40.730258]}, "properties": {"road": "I 1844", "aadt": 12903, "year": 2022, "tier": "secondary"}}, {"type": "Feature", "geometry": {"type": "Point", "coordinates": [-74.128621, 40.734312]}, "properties": {"road": "I 1844", "aadt": 12903, "year": 2022, "tier": "secondary"}}, {"type": "Feature", "geometry": {"type": "Point", "coordinates": [-74.134266, 40.732316]}, "properties": {"road": "I 1844", "aadt": 12903, "year": 2022, "tier": "secondary"}}, {"type": "Feature", "geometry": {"type": "Point", "coordinates": [-74.140611, 40.731573]}, "properties": {"road": "I 1844", "aadt": 12903, "year": 2022, "tier": "secondary"}}, {"type": "Feature", "geometry": {"type": "Point", "coordinates": [-74.13665, 40.732276]}, "properties": {"road": "I 1844", "aadt": 12903, "year": 2022, "tier": "secondary"}}, {"type": "Feature", "geometry": {"type": "Point", "coordinates": [-74.021816, 40.772276]}, "properties": {"road": "MUN 505", "aadt": 12649, "year": 2022, "tier": "secondary"}}, {"type": "Feature", "geometry": {"type": "Point", "coordinates": [-74.008606, 40.785089]}, "properties": {"road": "MUN 505", "aadt": 12591, "year": 2022, "tier": "secondary"}}, {"type": "Feature", "geometry": {"type": "Point", "coordinates": [-74.009423, 40.784272]}, "properties": {"road": "MUN 505", "aadt": 12591, "year": 2022, "tier": "secondary"}}, {"type": "Feature", "geometry": {"type": "Point", "coordinates": [-74.010681, 40.782966]}, "properties": {"road": "MUN 505", "aadt": 12591, "year": 2022, "tier": "secondary"}}, {"type": "Feature", "geometry": {"type": "Point", "coordinates": [-74.011117, 40.78188]}, "properties": {"road": "MUN 505", "aadt": 12591, "year": 2022, "tier": "secondary"}}, {"type": "Feature", "geometry": {"type": "Point", "coordinates": [-74.012125, 40.779187]}, "properties": {"road": "MUN 505", "aadt": 12591, "year": 2022, "tier": "secondary"}}, {"type": "Feature", "geometry": {"type": "Point", "coordinates": [-74.011722, 40.780692]}, "properties": {"road": "MUN 505", "aadt": 12591, "year": 2022, "tier": "secondary"}}, {"type": "Feature", "geometry": {"type": "Point", "coordinates": [-74.013376, 40.778154]}, "properties": {"road": "MUN 505", "aadt": 12591, "year": 2022, "tier": "secondary"}}, {"type": "Feature", "geometry": {"type": "Point", "coordinates": [-74.011703, 40.780778]}, "properties": {"road": "CR 505", "aadt": 12591, "year": 2022, "tier": "secondary"}}, {"type": "Feature", "geometry": {"type": "Point", "coordinates": [-74.128635, 40.750427]}, "properties": {"road": "MUN 508", "aadt": 12459, "year": 2022, "tier": "secondary"}}, {"type": "Feature", "geometry": {"type": "Point", "coordinates": [-74.132526, 40.750001]}, "properties": {"road": "MUN 508", "aadt": 12459, "year": 2022, "tier": "secondary"}}, {"type": "Feature", "geometry": {"type": "Point", "coordinates": [-74.138958, 40.749063]}, "properties": {"road": "MUN 508", "aadt": 12459, "year": 2022, "tier": "secondary"}}, {"type": "Feature", "geometry": {"type": "Point", "coordinates": [-74.139829, 40.748932]}, "properties": {"road": "MUN 508", "aadt": 12459, "year": 2022, "tier": "secondary"}}, {"type": "Feature", "geometry": {"type": "Point", "coordinates": [-74.141424, 40.748691]}, "properties": {"road": "MUN 508", "aadt": 12459, "year": 2022, "tier": "secondary"}}, {"type": "Feature", "geometry": {"type": "Point", "coordinates": [-74.143091, 40.74844]}, "properties": {"road": "MUN 508", "aadt": 12459, "year": 2022, "tier": "secondary"}}, {"type": "Feature", "geometry": {"type": "Point", "coordinates": [-73.995296, 40.842292]}, "properties": {"road": "Local 0 Ramp", "aadt": 12450, "year": 2022, "tier": "secondary"}}, {"type": "Feature", "geometry": {"type": "Point", "coordinates": [-74.027452, 40.770242]}, "properties": {"road": "I 1107", "aadt": 12410, "year": 2022, "tier": "secondary"}}, {"type": "Feature", "geometry": {"type": "Point", "coordinates": [-74.028685, 40.768489]}, "properties": {"road": "I 1107", "aadt": 12410, "year": 2022, "tier": "secondary"}}, {"type": "Feature", "geometry": {"type": "Point", "coordinates": [-74.027503, 40.770195]}, "properties": {"road": "I 1107", "aadt": 12410, "year": 2022, "tier": "secondary"}}, {"type": "Feature", "geometry": {"type": "Point", "coordinates": [-74.040289, 40.747]}, "properties": {"road": "MUN 681", "aadt": 12399, "year": 2022, "tier": "secondary"}}, {"type": "Feature", "geometry": {"type": "Point", "coordinates": [-74.04368, 40.740218]}, "properties": {"road": "MUN 681", "aadt": 12399, "year": 2022, "tier": "secondary"}}, {"type": "Feature", "geometry": {"type": "Point", "coordinates": [-74.040662, 40.737256]}, "properties": {"road": "MUN 681", "aadt": 12399, "year": 2022, "tier": "secondary"}}, {"type": "Feature", "geometry": {"type": "Point", "coordinates": [-74.087735, 40.83314]}, "properties": {"road": "Local 0 Ramp", "aadt": 12383, "year": 2022, "tier": "secondary"}}, {"type": "Feature", "geometry": {"type": "Point", "coordinates": [-74.122285, 40.732887]}, "properties": {"road": "Local 0 Ramp", "aadt": 12371, "year": 2022, "tier": "secondary"}}, {"type": "Feature", "geometry": {"type": "Point", "coordinates": [-74.003684, 40.810736]}, "properties": {"road": "MUN 693", "aadt": 12351, "year": 2022, "tier": "secondary"}}, {"type": "Feature", "geometry": {"type": "Point", "coordinates": [-73.996045, 40.803324]}, "properties": {"road": "MUN 693", "aadt": 12351, "year": 2022, "tier": "secondary"}}, {"type": "Feature", "geometry": {"type": "Point", "coordinates": [-73.998477, 40.796024]}, "properties": {"road": "MUN 693", "aadt": 12351, "year": 2022, "tier": "secondary"}}, {"type": "Feature", "geometry": {"type": "Point", "coordinates": [-74.001468, 40.790049]}, "properties": {"road": "MUN 693", "aadt": 12351, "year": 2022, "tier": "secondary"}}, {"type": "Feature", "geometry": {"type": "Point", "coordinates": [-74.141777, 40.83158]}, "properties": {"road": "MUN 601", "aadt": 12315, "year": 2022, "tier": "secondary"}}, {"type": "Feature", "geometry": {"type": "Point", "coordinates": [-74.139801, 40.832747]}, "properties": {"road": "MUN 601", "aadt": 12315, "year": 2022, "tier": "secondary"}}, {"type": "Feature", "geometry": {"type": "Point", "coordinates": [-74.141206, 40.831929]}, "properties": {"road": "MUN 601", "aadt": 12315, "year": 2022, "tier": "secondary"}}, {"type": "Feature", "geometry": {"type": "Point", "coordinates": [-73.99829, 40.806322]}, "properties": {"road": "I 1243", "aadt": 12278, "year": 2022, "tier": "secondary"}}, {"type": "Feature", "geometry": {"type": "Point", "coordinates": [-74.147985, 40.747741]}, "properties": {"road": "MUN 508", "aadt": 12272, "year": 2022, "tier": "secondary"}}, {"type": "Feature", "geometry": {"type": "Point", "coordinates": [-74.143878, 40.748326]}, "properties": {"road": "MUN 508", "aadt": 12272, "year": 2022, "tier": "secondary"}}, {"type": "Feature", "geometry": {"type": "Point", "coordinates": [-74.062723, 40.798764]}, "properties": {"road": "Local 0 Ramp", "aadt": 12220, "year": 2022, "tier": "secondary"}}, {"type": "Feature", "geometry": {"type": "Point", "coordinates": [-74.048692, 40.783272]}, "properties": {"road": "Local 0 Ramp", "aadt": 12139, "year": 2022, "tier": "secondary"}}, {"type": "Feature", "geometry": {"type": "Point", "coordinates": [-74.034309, 40.774002]}, "properties": {"road": "Local 0 Ramp", "aadt": 12117, "year": 2022, "tier": "secondary"}}, {"type": "Feature", "geometry": {"type": "Point", "coordinates": [-74.013749, 40.777475]}, "properties": {"road": "MUN 505", "aadt": 12064, "year": 2022, "tier": "secondary"}}, {"type": "Feature", "geometry": {"type": "Point", "coordinates": [-74.014418, 40.775094]}, "properties": {"road": "MUN 505", "aadt": 12064, "year": 2022, "tier": "secondary"}}, {"type": "Feature", "geometry": {"type": "Point", "coordinates": [-74.015774, 40.772735]}, "properties": {"road": "MUN 505", "aadt": 12064, "year": 2022, "tier": "secondary"}}, {"type": "Feature", "geometry": {"type": "Point", "coordinates": [-74.01762, 40.770796]}, "properties": {"road": "MUN 505", "aadt": 12064, "year": 2022, "tier": "secondary"}}, {"type": "Feature", "geometry": {"type": "Point", "coordinates": [-74.019854, 40.771565]}, "properties": {"road": "MUN 505", "aadt": 12064, "year": 2022, "tier": "secondary"}}, {"type": "Feature", "geometry": {"type": "Point", "coordinates": [-74.019077, 40.771382]}, "properties": {"road": "MUN 505", "aadt": 12064, "year": 2022, "tier": "secondary"}}, {"type": "Feature", "geometry": {"type": "Point", "coordinates": [-74.015173, 40.774024]}, "properties": {"road": "MUN 505", "aadt": 12064, "year": 2022, "tier": "secondary"}}, {"type": "Feature", "geometry": {"type": "Point", "coordinates": [-74.016547, 40.771122]}, "properties": {"road": "MUN 505", "aadt": 12064, "year": 2022, "tier": "secondary"}}, {"type": "Feature", "geometry": {"type": "Point", "coordinates": [-74.021481, 40.772015]}, "properties": {"road": "MUN 505", "aadt": 12064, "year": 2022, "tier": "secondary"}}, {"type": "Feature", "geometry": {"type": "Point", "coordinates": [-74.040437, 40.725061]}, "properties": {"road": "I 1567", "aadt": 12024, "year": 2022, "tier": "secondary"}}, {"type": "Feature", "geometry": {"type": "Point", "coordinates": [-73.987121, 40.821982]}, "properties": {"road": "MUN 27", "aadt": 11894, "year": 2022, "tier": "secondary"}}, {"type": "Feature", "geometry": {"type": "Point", "coordinates": [-74.099623, 40.809507]}, "properties": {"road": "Local 0 Ramp", "aadt": 11861, "year": 2022, "tier": "secondary"}}, {"type": "Feature", "geometry": {"type": "Point", "coordinates": [-74.003627, 40.785823]}, "properties": {"road": "CR 505", "aadt": 11859, "year": 2015, "tier": "secondary"}}, {"type": "Feature", "geometry": {"type": "Point", "coordinates": [-74.11077, 40.834658]}, "properties": {"road": "MUN 32 Ramp", "aadt": 11833, "year": 2022, "tier": "secondary"}}, {"type": "Feature", "geometry": {"type": "Point", "coordinates": [-74.12215, 40.841128]}, "properties": {"road": "MUN 32 Ramp", "aadt": 11833, "year": 2022, "tier": "secondary"}}, {"type": "Feature", "geometry": {"type": "Point", "coordinates": [-74.088635, 40.833033]}, "properties": {"road": "NJ 120", "aadt": 11824, "year": 2022, "tier": "secondary"}}, {"type": "Feature", "geometry": {"type": "Point", "coordinates": [-74.10499, 40.842792]}, "properties": {"road": "NJ 120", "aadt": 11824, "year": 2022, "tier": "secondary"}}, {"type": "Feature", "geometry": {"type": "Point", "coordinates": [-74.074487, 40.806576]}, "properties": {"road": "Local 0 Ramp", "aadt": 11823, "year": 2022, "tier": "secondary"}}, {"type": "Feature", "geometry": {"type": "Point", "coordinates": [-74.012895, 40.793445]}, "properties": {"road": "I 1254", "aadt": 11729, "year": 2022, "tier": "secondary"}}, {"type": "Feature", "geometry": {"type": "Point", "coordinates": [-73.985176, 40.841076]}, "properties": {"road": "MUN 54", "aadt": 11585, "year": 2022, "tier": "secondary"}}, {"type": "Feature", "geometry": {"type": "Point", "coordinates": [-74.051896, 40.784004]}, "properties": {"road": "Local 0 Ramp", "aadt": 11501, "year": 2022, "tier": "secondary"}}, {"type": "Feature", "geometry": {"type": "Point", "coordinates": [-74.13314, 40.849622]}, "properties": {"road": "MUN 614", "aadt": 11481, "year": 2022, "tier": "secondary"}}, {"type": "Feature", "geometry": {"type": "Point", "coordinates": [-74.068843, 40.731619]}, "properties": {"road": "I 1561", "aadt": 11449, "year": 2022, "tier": "secondary"}}, {"type": "Feature", "geometry": {"type": "Point", "coordinates": [-74.075506, 40.733141]}, "properties": {"road": "I 1561", "aadt": 11449, "year": 2022, "tier": "secondary"}}, {"type": "Feature", "geometry": {"type": "Point", "coordinates": [-74.054582, 40.720787]}, "properties": {"road": "I 1556", "aadt": 11415, "year": 2022, "tier": "secondary"}}, {"type": "Feature", "geometry": {"type": "Point", "coordinates": [-74.077792, 40.845416]}, "properties": {"road": "Local 0 Ramp", "aadt": 11361, "year": 2022, "tier": "secondary"}}, {"type": "Feature", "geometry": {"type": "Point", "coordinates": [-74.11875, 40.754299]}, "properties": {"road": "Local 0 Ramp", "aadt": 11254, "year": 2022, "tier": "secondary"}}, {"type": "Feature", "geometry": {"type": "Point", "coordinates": [-74.121106, 40.734367]}, "properties": {"road": "Local 0 Ramp", "aadt": 11200, "year": 2022, "tier": "secondary"}}, {"type": "Feature", "geometry": {"type": "Point", "coordinates": [-74.073271, 40.731281]}, "properties": {"road": "I 1725", "aadt": 11173, "year": 2022, "tier": "secondary"}}, {"type": "Feature", "geometry": {"type": "Point", "coordinates": [-74.079297, 40.844672]}, "properties": {"road": "Local 0 Ramp", "aadt": 11111, "year": 2022, "tier": "secondary"}}, {"type": "Feature", "geometry": {"type": "Point", "coordinates": [-74.072488, 40.724882]}, "properties": {"road": "I 1686", "aadt": 11089, "year": 2022, "tier": "secondary"}}, {"type": "Feature", "geometry": {"type": "Point", "coordinates": [-74.06473, 40.735578]}, "properties": {"road": "I 1728", "aadt": 11048, "year": 2022, "tier": "secondary"}}, {"type": "Feature", "geometry": {"type": "Point", "coordinates": [-74.066127, 40.735739]}, "properties": {"road": "I 1728", "aadt": 11048, "year": 2022, "tier": "secondary"}}, {"type": "Feature", "geometry": {"type": "Point", "coordinates": [-74.070765, 40.737025]}, "properties": {"road": "I 1728", "aadt": 11048, "year": 2022, "tier": "secondary"}}, {"type": "Feature", "geometry": {"type": "Point", "coordinates": [-74.03493, 40.773865]}, "properties": {"road": "Local 0 Ramp", "aadt": 10986, "year": 2022, "tier": "secondary"}}, {"type": "Feature", "geometry": {"type": "Point", "coordinates": [-74.116459, 40.754105]}, "properties": {"road": "Local 0 Ramp", "aadt": 10851, "year": 2022, "tier": "secondary"}}, {"type": "Feature", "geometry": {"type": "Point", "coordinates": [-74.1397, 40.812724]}, "properties": {"road": "Local 0 Ramp", "aadt": 10770, "year": 2022, "tier": "secondary"}}, {"type": "Feature", "geometry": {"type": "Point", "coordinates": [-73.99751, 40.825232]}, "properties": {"road": "MUN 50", "aadt": 10730, "year": 2022, "tier": "secondary"}}, {"type": "Feature", "geometry": {"type": "Point", "coordinates": [-74.001568, 40.830882]}, "properties": {"road": "MUN 50", "aadt": 10730, "year": 2022, "tier": "secondary"}}, {"type": "Feature", "geometry": {"type": "Point", "coordinates": [-74.005234, 40.831107]}, "properties": {"road": "MUN 50", "aadt": 10730, "year": 2022, "tier": "secondary"}}, {"type": "Feature", "geometry": {"type": "Point", "coordinates": [-74.034442, 40.778916]}, "properties": {"road": "MUN 676", "aadt": 10633, "year": 2022, "tier": "secondary"}}, {"type": "Feature", "geometry": {"type": "Point", "coordinates": [-74.022398, 40.78092]}, "properties": {"road": "I 1263", "aadt": 10615, "year": 2022, "tier": "secondary"}}, {"type": "Feature", "geometry": {"type": "Point", "coordinates": [-74.055637, 40.720333]}, "properties": {"road": "I 1772", "aadt": 10615, "year": 2022, "tier": "secondary"}}, {"type": "Feature", "geometry": {"type": "Point", "coordinates": [-74.036084, 40.723988]}, "properties": {"road": "I 1644", "aadt": 10615, "year": 2022, "tier": "secondary"}}, {"type": "Feature", "geometry": {"type": "Point", "coordinates": [-74.05465, 40.722974]}, "properties": {"road": "I 1616", "aadt": 10615, "year": 2022, "tier": "secondary"}}, {"type": "Feature", "geometry": {"type": "Point", "coordinates": [-74.054188, 40.722626]}, "properties": {"road": "I 1661", "aadt": 10615, "year": 2022, "tier": "secondary"}}, {"type": "Feature", "geometry": {"type": "Point", "coordinates": [-74.034557, 40.729393]}, "properties": {"road": "I 1608", "aadt": 10615, "year": 2022, "tier": "secondary"}}, {"type": "Feature", "geometry": {"type": "Point", "coordinates": [-74.035726, 40.724409]}, "properties": {"road": "I 1608", "aadt": 10615, "year": 2022, "tier": "secondary"}}, {"type": "Feature", "geometry": {"type": "Point", "coordinates": [-74.036378, 40.72184]}, "properties": {"road": "I 1477", "aadt": 10615, "year": 2022, "tier": "secondary"}}, {"type": "Feature", "geometry": {"type": "Point", "coordinates": [-74.103726, 40.812765]}, "properties": {"road": "Local 0 Ramp", "aadt": 10595, "year": 2022, "tier": "secondary"}}, {"type": "Feature", "geometry": {"type": "Point", "coordinates": [-74.058642, 40.801724]}, "properties": {"road": "MUN 681", "aadt": 10592, "year": 2022, "tier": "secondary"}}, {"type": "Feature", "geometry": {"type": "Point", "coordinates": [-74.058494, 40.799434]}, "properties": {"road": "MUN 681", "aadt": 10592, "year": 2022, "tier": "secondary"}}, {"type": "Feature", "geometry": {"type": "Point", "coordinates": [-74.058434, 40.797979]}, "properties": {"road": "MUN 681", "aadt": 10592, "year": 2022, "tier": "secondary"}}, {"type": "Feature", "geometry": {"type": "Point", "coordinates": [-74.058371, 40.79634]}, "properties": {"road": "MUN 681", "aadt": 10592, "year": 2022, "tier": "secondary"}}, {"type": "Feature", "geometry": {"type": "Point", "coordinates": [-74.058579, 40.800985]}, "properties": {"road": "MUN 681", "aadt": 10592, "year": 2022, "tier": "secondary"}}, {"type": "Feature", "geometry": {"type": "Point", "coordinates": [-74.059501, 40.803486]}, "properties": {"road": "MUN 681", "aadt": 10592, "year": 2022, "tier": "secondary"}}, {"type": "Feature", "geometry": {"type": "Point", "coordinates": [-74.039842, 40.728774]}, "properties": {"road": "I 1722", "aadt": 10530, "year": 2022, "tier": "secondary"}}, {"type": "Feature", "geometry": {"type": "Point", "coordinates": [-74.023458, 40.76738]}, "properties": {"road": "I 1113", "aadt": 10525, "year": 2022, "tier": "secondary"}}, {"type": "Feature", "geometry": {"type": "Point", "coordinates": [-74.02736, 40.760812]}, "properties": {"road": "I 1113", "aadt": 10525, "year": 2022, "tier": "secondary"}}, {"type": "Feature", "geometry": {"type": "Point", "coordinates": [-74.055282, 40.730013]}, "properties": {"road": "I 1723", "aadt": 10525, "year": 2022, "tier": "secondary"}}, {"type": "Feature", "geometry": {"type": "Point", "coordinates": [-74.054022, 40.727524]}, "properties": {"road": "I 1723", "aadt": 10525, "year": 2022, "tier": "secondary"}}, {"type": "Feature", "geometry": {"type": "Point", "coordinates": [-74.073663, 40.76463]}, "properties": {"road": "MUN 655", "aadt": 10525, "year": 2022, "tier": "secondary"}}, {"type": "Feature", "geometry": {"type": "Point", "coordinates": [-74.072995, 40.764778]}, "properties": {"road": "MUN 655", "aadt": 10525, "year": 2022, "tier": "secondary"}}, {"type": "Feature", "geometry": {"type": "Point", "coordinates": [-74.071806, 40.765041]}, "properties": {"road": "MUN 655", "aadt": 10525, "year": 2022, "tier": "secondary"}}, {"type": "Feature", "geometry": {"type": "Point", "coordinates": [-74.070915, 40.765269]}, "properties": {"road": "MUN 655", "aadt": 10525, "year": 2022, "tier": "secondary"}}, {"type": "Feature", "geometry": {"type": "Point", "coordinates": [-74.070284, 40.765437]}, "properties": {"road": "MUN 655", "aadt": 10525, "year": 2022, "tier": "secondary"}}, {"type": "Feature", "geometry": {"type": "Point", "coordinates": [-74.069739, 40.765712]}, "properties": {"road": "MUN 655", "aadt": 10525, "year": 2022, "tier": "secondary"}}, {"type": "Feature", "geometry": {"type": "Point", "coordinates": [-74.049606, 40.723426]}, "properties": {"road": "I 1723", "aadt": 10525, "year": 2022, "tier": "secondary"}}, {"type": "Feature", "geometry": {"type": "Point", "coordinates": [-74.14956, 40.828319]}, "properties": {"road": "NJ 7", "aadt": 10355, "year": 2022, "tier": "secondary"}}, {"type": "Feature", "geometry": {"type": "Point", "coordinates": [-74.146929, 40.826937]}, "properties": {"road": "NJ 7", "aadt": 10355, "year": 2022, "tier": "secondary"}}, {"type": "Feature", "geometry": {"type": "Point", "coordinates": [-74.146321, 40.826868]}, "properties": {"road": "NJ 7", "aadt": 10355, "year": 2022, "tier": "secondary"}}, {"type": "Feature", "geometry": {"type": "Point", "coordinates": [-74.144424, 40.826856]}, "properties": {"road": "NJ 7", "aadt": 10355, "year": 2022, "tier": "secondary"}}, {"type": "Feature", "geometry": {"type": "Point", "coordinates": [-74.142303, 40.826822]}, "properties": {"road": "NJ 7", "aadt": 10355, "year": 2022, "tier": "secondary"}}, {"type": "Feature", "geometry": {"type": "Point", "coordinates": [-74.140523, 40.826161]}, "properties": {"road": "NJ 7", "aadt": 10355, "year": 2022, "tier": "secondary"}}, {"type": "Feature", "geometry": {"type": "Point", "coordinates": [-74.14146, 40.821395]}, "properties": {"road": "NJ 7", "aadt": 10281, "year": 2013, "tier": "secondary"}}, {"type": "Feature", "geometry": {"type": "Point", "coordinates": [-74.120526, 40.821039]}, "properties": {"road": "MUN 30", "aadt": 10230, "year": 2022, "tier": "secondary"}}, {"type": "Feature", "geometry": {"type": "Point", "coordinates": [-74.126057, 40.818893]}, "properties": {"road": "MUN 30", "aadt": 10230, "year": 2022, "tier": "secondary"}}, {"type": "Feature", "geometry": {"type": "Point", "coordinates": [-74.106868, 40.826324]}, "properties": {"road": "MUN 30", "aadt": 10230, "year": 2022, "tier": "secondary"}}, {"type": "Feature", "geometry": {"type": "Point", "coordinates": [-74.056964, 40.721524]}, "properties": {"road": "I 1556", "aadt": 10227, "year": 2022, "tier": "secondary"}}, {"type": "Feature", "geometry": {"type": "Point", "coordinates": [-74.061659, 40.722985]}, "properties": {"road": "I 1556", "aadt": 10227, "year": 2022, "tier": "secondary"}}, {"type": "Feature", "geometry": {"type": "Point", "coordinates": [-74.066693, 40.724641]}, "properties": {"road": "I 1556", "aadt": 10227, "year": 2022, "tier": "secondary"}}, {"type": "Feature", "geometry": {"type": "Point", "coordinates": [-74.07039, 40.726232]}, "properties": {"road": "I 1556", "aadt": 10227, "year": 2022, "tier": "secondary"}}, {"type": "Feature", "geometry": {"type": "Point", "coordinates": [-74.105245, 40.820422]}, "properties": {"road": "I 1132", "aadt": 10189, "year": 2022, "tier": "secondary"}}, {"type": "Feature", "geometry": {"type": "Point", "coordinates": [-74.108762, 40.814328]}, "properties": {"road": "I 1132", "aadt": 10189, "year": 2022, "tier": "secondary"}}, {"type": "Feature", "geometry": {"type": "Point", "coordinates": [-74.100398, 40.82926]}, "properties": {"road": "I 1130", "aadt": 10189, "year": 2022, "tier": "secondary"}}, {"type": "Feature", "geometry": {"type": "Point", "coordinates": [-74.049499, 40.745805]}, "properties": {"road": "I 1743", "aadt": 10182, "year": 2022, "tier": "secondary"}}, {"type": "Feature", "geometry": {"type": "Point", "coordinates": [-74.061511, 40.730463]}, "properties": {"road": "I 1709", "aadt": 10177, "year": 2022, "tier": "secondary"}}, {"type": "Feature", "geometry": {"type": "Point", "coordinates": [-74.066944, 40.72843]}, "properties": {"road": "I 1709", "aadt": 10177, "year": 2022, "tier": "secondary"}}, {"type": "Feature", "geometry": {"type": "Point", "coordinates": [-74.063435, 40.730724]}, "properties": {"road": "I 1709", "aadt": 10177, "year": 2022, "tier": "secondary"}}, {"type": "Feature", "geometry": {"type": "Point", "coordinates": [-74.038609, 40.73668]}, "properties": {"road": "I 1722", "aadt": 10131, "year": 2022, "tier": "secondary"}}, {"type": "Feature", "geometry": {"type": "Point", "coordinates": [-74.038677, 40.736489]}, "properties": {"road": "I 1722", "aadt": 10131, "year": 2022, "tier": "secondary"}}, {"type": "Feature", "geometry": {"type": "Point", "coordinates": [-74.039016, 40.734264]}, "properties": {"road": "I 1722", "aadt": 10131, "year": 2022, "tier": "secondary"}}, {"type": "Feature", "geometry": {"type": "Point", "coordinates": [-74.039218, 40.732947]}, "properties": {"road": "I 1722", "aadt": 10131, "year": 2022, "tier": "secondary"}}, {"type": "Feature", "geometry": {"type": "Point", "coordinates": [-74.039579, 40.73067]}, "properties": {"road": "I 1722", "aadt": 10131, "year": 2022, "tier": "secondary"}}, {"type": "Feature", "geometry": {"type": "Point", "coordinates": [-74.039441, 40.731556]}, "properties": {"road": "I 1722", "aadt": 10131, "year": 2022, "tier": "secondary"}}, {"type": "Feature", "geometry": {"type": "Point", "coordinates": [-73.984762, 40.832138]}, "properties": {"road": "MUN 29", "aadt": 10101, "year": 2022, "tier": "secondary"}}, {"type": "Feature", "geometry": {"type": "Point", "coordinates": [-74.140313, 40.826046]}, "properties": {"road": "NJ 7", "aadt": 10081, "year": 2022, "tier": "secondary"}}, {"type": "Feature", "geometry": {"type": "Point", "coordinates": [-74.141908, 40.8202]}, "properties": {"road": "NJ 7", "aadt": 10081, "year": 2022, "tier": "secondary"}}, {"type": "Feature", "geometry": {"type": "Point", "coordinates": [-74.044387, 40.743868]}, "properties": {"road": "I 1570", "aadt": 10060, "year": 2022, "tier": "secondary"}}, {"type": "Feature", "geometry": {"type": "Point", "coordinates": [-74.047784, 40.738548]}, "properties": {"road": "I 1570", "aadt": 10060, "year": 2022, "tier": "secondary"}}, {"type": "Feature", "geometry": {"type": "Point", "coordinates": [-74.050657, 40.73407]}, "properties": {"road": "I 1570", "aadt": 10060, "year": 2022, "tier": "secondary"}}, {"type": "Feature", "geometry": {"type": "Point", "coordinates": [-74.052907, 40.73172]}, "properties": {"road": "I 1570", "aadt": 10060, "year": 2022, "tier": "secondary"}}, {"type": "Feature", "geometry": {"type": "Point", "coordinates": [-74.054523, 40.730492]}, "properties": {"road": "I 1570", "aadt": 10060, "year": 2022, "tier": "secondary"}}, {"type": "Feature", "geometry": {"type": "Point", "coordinates": [-74.141444, 40.777858]}, "properties": {"road": "I 1160", "aadt": 10030, "year": 2022, "tier": "secondary"}}, {"type": "Feature", "geometry": {"type": "Point", "coordinates": [-74.144239, 40.772445]}, "properties": {"road": "I 1160", "aadt": 10030, "year": 2022, "tier": "secondary"}}, {"type": "Feature", "geometry": {"type": "Point", "coordinates": [-74.079057, 40.809797]}, "properties": {"road": "Local 0 Ramp", "aadt": 9955, "year": 2022, "tier": "secondary"}}, {"type": "Feature", "geometry": {"type": "Point", "coordinates": [-74.048766, 40.758616]}, "properties": {"road": "I 1255", "aadt": 9949, "year": 2022, "tier": "secondary"}}, {"type": "Feature", "geometry": {"type": "Point", "coordinates": [-74.046654, 40.761629]}, "properties": {"road": "I 1255", "aadt": 9949, "year": 2022, "tier": "secondary"}}, {"type": "Feature", "geometry": {"type": "Point", "coordinates": [-74.142006, 40.830763]}, "properties": {"road": "Local 0 Ramp", "aadt": 9918, "year": 2022, "tier": "secondary"}}, {"type": "Feature", "geometry": {"type": "Point", "coordinates": [-74.021534, 40.791377]}, "properties": {"road": "I 1076", "aadt": 9907, "year": 2022, "tier": "secondary"}}, {"type": "Feature", "geometry": {"type": "Point", "coordinates": [-74.020491, 40.790896]}, "properties": {"road": "I 1076", "aadt": 9907, "year": 2022, "tier": "secondary"}}, {"type": "Feature", "geometry": {"type": "Point", "coordinates": [-74.016983, 40.789259]}, "properties": {"road": "I 1076", "aadt": 9907, "year": 2022, "tier": "secondary"}}, {"type": "Feature", "geometry": {"type": "Point", "coordinates": [-74.014847, 40.788156]}, "properties": {"road": "I 1076", "aadt": 9907, "year": 2022, "tier": "secondary"}}, {"type": "Feature", "geometry": {"type": "Point", "coordinates": [-74.012613, 40.787108]}, "properties": {"road": "I 1076", "aadt": 9907, "year": 2022, "tier": "secondary"}}, {"type": "Feature", "geometry": {"type": "Point", "coordinates": [-74.011735, 40.786699]}, "properties": {"road": "I 1076", "aadt": 9907, "year": 2022, "tier": "secondary"}}, {"type": "Feature", "geometry": {"type": "Point", "coordinates": [-74.009263, 40.785553]}, "properties": {"road": "I 1076", "aadt": 9907, "year": 2022, "tier": "secondary"}}, {"type": "Feature", "geometry": {"type": "Point", "coordinates": [-74.021983, 40.791584]}, "properties": {"road": "I 1076", "aadt": 9907, "year": 2022, "tier": "secondary"}}, {"type": "Feature", "geometry": {"type": "Point", "coordinates": [-74.016256, 40.788832]}, "properties": {"road": "I 1076", "aadt": 9907, "year": 2022, "tier": "secondary"}}, {"type": "Feature", "geometry": {"type": "Point", "coordinates": [-74.014311, 40.776095]}, "properties": {"road": "CR 505", "aadt": 9860, "year": 2023, "tier": "secondary"}}, {"type": "Feature", "geometry": {"type": "Point", "coordinates": [-74.10615, 40.73592]}, "properties": {"road": "MUN 659", "aadt": 9758, "year": 2022, "tier": "secondary"}}, {"type": "Feature", "geometry": {"type": "Point", "coordinates": [-74.105348, 40.737445]}, "properties": {"road": "MUN 659", "aadt": 9758, "year": 2022, "tier": "secondary"}}, {"type": "Feature", "geometry": {"type": "Point", "coordinates": [-74.104452, 40.739132]}, "properties": {"road": "MUN 659", "aadt": 9758, "year": 2022, "tier": "secondary"}}, {"type": "Feature", "geometry": {"type": "Point", "coordinates": [-74.101699, 40.739083]}, "properties": {"road": "MUN 659", "aadt": 9758, "year": 2022, "tier": "secondary"}}, {"type": "Feature", "geometry": {"type": "Point", "coordinates": [-74.109036, 40.731035]}, "properties": {"road": "MUN 659", "aadt": 9758, "year": 2022, "tier": "secondary"}}, {"type": "Feature", "geometry": {"type": "Point", "coordinates": [-74.108291, 40.731946]}, "properties": {"road": "MUN 659", "aadt": 9758, "year": 2022, "tier": "secondary"}}, {"type": "Feature", "geometry": {"type": "Point", "coordinates": [-74.107857, 40.73268]}, "properties": {"road": "MUN 659", "aadt": 9758, "year": 2022, "tier": "secondary"}}, {"type": "Feature", "geometry": {"type": "Point", "coordinates": [-74.107099, 40.734127]}, "properties": {"road": "MUN 659", "aadt": 9758, "year": 2022, "tier": "secondary"}}, {"type": "Feature", "geometry": {"type": "Point", "coordinates": [-74.106837, 40.73462]}, "properties": {"road": "MUN 659", "aadt": 9758, "year": 2022, "tier": "secondary"}}, {"type": "Feature", "geometry": {"type": "Point", "coordinates": [-74.071451, 40.848885]}, "properties": {"road": "I 1100", "aadt": 9742, "year": 2022, "tier": "secondary"}}, {"type": "Feature", "geometry": {"type": "Point", "coordinates": [-74.07638, 40.845821]}, "properties": {"road": "I 1100", "aadt": 9742, "year": 2022, "tier": "secondary"}}, {"type": "Feature", "geometry": {"type": "Point", "coordinates": [-74.046628, 40.776536]}, "properties": {"road": "Local 0 Ramp", "aadt": 9722, "year": 2022, "tier": "secondary"}}, {"type": "Feature", "geometry": {"type": "Point", "coordinates": [-73.995582, 40.841078]}, "properties": {"road": "I 1071", "aadt": 9634, "year": 2022, "tier": "secondary"}}, {"type": "Feature", "geometry": {"type": "Point", "coordinates": [-73.994621, 40.840867]}, "properties": {"road": "I 1024", "aadt": 9634, "year": 2022, "tier": "secondary"}}, {"type": "Feature", "geometry": {"type": "Point", "coordinates": [-74.091655, 40.843566]}, "properties": {"road": "I 1006", "aadt": 9634, "year": 2022, "tier": "secondary"}}, {"type": "Feature", "geometry": {"type": "Point", "coordinates": [-74.116961, 40.818376]}, "properties": {"road": "MUN 30 Ramp", "aadt": 9619, "year": 2022, "tier": "secondary"}}, {"type": "Feature", "geometry": {"type": "Point", "coordinates": [-74.047113, 40.778289]}, "properties": {"road": "Local 0 Ramp", "aadt": 9615, "year": 2022, "tier": "secondary"}}, {"type": "Feature", "geometry": {"type": "Point", "coordinates": [-74.046774, 40.781001]}, "properties": {"road": "Local 0 Ramp", "aadt": 9615, "year": 2022, "tier": "secondary"}}, {"type": "Feature", "geometry": {"type": "Point", "coordinates": [-74.142824, 40.826844]}, "properties": {"road": "NJ 7", "aadt": 9548, "year": 2024, "tier": "secondary"}}, {"type": "Feature", "geometry": {"type": "Point", "coordinates": [-74.046472, 40.784433]}, "properties": {"road": "Local 0 Ramp", "aadt": 9545, "year": 2022, "tier": "secondary"}}, {"type": "Feature", "geometry": {"type": "Point", "coordinates": [-74.149222, 40.721453]}, "properties": {"road": "I 1905", "aadt": 9483, "year": 2022, "tier": "secondary"}}, {"type": "Feature", "geometry": {"type": "Point", "coordinates": [-74.05671, 40.813715]}, "properties": {"road": "Local 0 Ramp", "aadt": 9368, "year": 2022, "tier": "secondary"}}, {"type": "Feature", "geometry": {"type": "Point", "coordinates": [-74.019587, 40.836888]}, "properties": {"road": "Local 0 Ramp", "aadt": 9368, "year": 2022, "tier": "secondary"}}, {"type": "Feature", "geometry": {"type": "Point", "coordinates": [-74.021609, 40.833844]}, "properties": {"road": "Local 0 Ramp", "aadt": 9368, "year": 2022, "tier": "secondary"}}, {"type": "Feature", "geometry": {"type": "Point", "coordinates": [-74.05788, 40.81353]}, "properties": {"road": "Local 0 Ramp", "aadt": 9368, "year": 2022, "tier": "secondary"}}, {"type": "Feature", "geometry": {"type": "Point", "coordinates": [-74.147784, 40.833892]}, "properties": {"road": "Local 0 Ramp", "aadt": 9364, "year": 2022, "tier": "secondary"}}, {"type": "Feature", "geometry": {"type": "Point", "coordinates": [-74.123969, 40.849654]}, "properties": {"road": "MUN 601", "aadt": 9290, "year": 2022, "tier": "secondary"}}, {"type": "Feature", "geometry": {"type": "Point", "coordinates": [-74.125326, 40.848186]}, "properties": {"road": "MUN 601", "aadt": 9290, "year": 2022, "tier": "secondary"}}, {"type": "Feature", "geometry": {"type": "Point", "coordinates": [-74.126393, 40.84705]}, "properties": {"road": "MUN 601", "aadt": 9290, "year": 2022, "tier": "secondary"}}, {"type": "Feature", "geometry": {"type": "Point", "coordinates": [-74.127208, 40.846195]}, "properties": {"road": "MUN 601", "aadt": 9290, "year": 2022, "tier": "secondary"}}, {"type": "Feature", "geometry": {"type": "Point", "coordinates": [-74.129979, 40.843201]}, "properties": {"road": "MUN 601", "aadt": 9290, "year": 2022, "tier": "secondary"}}, {"type": "Feature", "geometry": {"type": "Point", "coordinates": [-74.131465, 40.842446]}, "properties": {"road": "MUN 601", "aadt": 9290, "year": 2022, "tier": "secondary"}}, {"type": "Feature", "geometry": {"type": "Point", "coordinates": [-74.133941, 40.840436]}, "properties": {"road": "MUN 601", "aadt": 9290, "year": 2022, "tier": "secondary"}}, {"type": "Feature", "geometry": {"type": "Point", "coordinates": [-74.134839, 40.839304]}, "properties": {"road": "MUN 601", "aadt": 9290, "year": 2022, "tier": "secondary"}}, {"type": "Feature", "geometry": {"type": "Point", "coordinates": [-74.135837, 40.83799]}, "properties": {"road": "MUN 601", "aadt": 9290, "year": 2022, "tier": "secondary"}}, {"type": "Feature", "geometry": {"type": "Point", "coordinates": [-74.136733, 40.836799]}, "properties": {"road": "MUN 601", "aadt": 9290, "year": 2022, "tier": "secondary"}}, {"type": "Feature", "geometry": {"type": "Point", "coordinates": [-74.137589, 40.835637]}, "properties": {"road": "MUN 601", "aadt": 9290, "year": 2022, "tier": "secondary"}}, {"type": "Feature", "geometry": {"type": "Point", "coordinates": [-74.139082, 40.833364]}, "properties": {"road": "MUN 601", "aadt": 9290, "year": 2022, "tier": "secondary"}}, {"type": "Feature", "geometry": {"type": "Point", "coordinates": [-74.124284, 40.849297]}, "properties": {"road": "MUN 601", "aadt": 9290, "year": 2022, "tier": "secondary"}}, {"type": "Feature", "geometry": {"type": "Point", "coordinates": [-74.132339, 40.842008]}, "properties": {"road": "MUN 601", "aadt": 9290, "year": 2022, "tier": "secondary"}}, {"type": "Feature", "geometry": {"type": "Point", "coordinates": [-74.138638, 40.834235]}, "properties": {"road": "MUN 601", "aadt": 9290, "year": 2022, "tier": "secondary"}}, {"type": "Feature", "geometry": {"type": "Point", "coordinates": [-74.12818, 40.845102]}, "properties": {"road": "MUN 601", "aadt": 9290, "year": 2022, "tier": "secondary"}}, {"type": "Feature", "geometry": {"type": "Point", "coordinates": [-74.148688, 40.824628]}, "properties": {"road": "I 1283", "aadt": 9190, "year": 2022, "tier": "secondary"}}, {"type": "Feature", "geometry": {"type": "Point", "coordinates": [-74.147879, 40.825517]}, "properties": {"road": "I 1283", "aadt": 9190, "year": 2022, "tier": "secondary"}}, {"type": "Feature", "geometry": {"type": "Point", "coordinates": [-74.058688, 40.734742]}, "properties": {"road": "I 1730", "aadt": 9109, "year": 2022, "tier": "secondary"}}, {"type": "Feature", "geometry": {"type": "Point", "coordinates": [-74.014283, 40.799958]}, "properties": {"road": "CR 501", "aadt": 9078, "year": 2011, "tier": "secondary"}}, {"type": "Feature", "geometry": {"type": "Point", "coordinates": [-74.129462, 40.751696]}, "properties": {"road": "Local 0 Ramp", "aadt": 8897, "year": 2022, "tier": "secondary"}}, {"type": "Feature", "geometry": {"type": "Point", "coordinates": [-74.049166, 40.750718]}, "properties": {"road": "I 1700", "aadt": 8837, "year": 2022, "tier": "secondary"}}, {"type": "Feature", "geometry": {"type": "Point", "coordinates": [-74.051093, 40.761055]}, "properties": {"road": "Local 0 Ramp", "aadt": 8814, "year": 2022, "tier": "secondary"}}, {"type": "Feature", "geometry": {"type": "Point", "coordinates": [-74.097973, 40.810059]}, "properties": {"road": "Local 0 Ramp", "aadt": 8811, "year": 2022, "tier": "secondary"}}, {"type": "Feature", "geometry": {"type": "Point", "coordinates": [-74.099295, 40.809038]}, "properties": {"road": "Local 0 Ramp", "aadt": 8811, "year": 2022, "tier": "secondary"}}, {"type": "Feature", "geometry": {"type": "Point", "coordinates": [-74.116517, 40.848476]}, "properties": {"road": "MUN 507", "aadt": 8796, "year": 2022, "tier": "secondary"}}, {"type": "Feature", "geometry": {"type": "Point", "coordinates": [-74.115333, 40.847336]}, "properties": {"road": "MUN 507", "aadt": 8796, "year": 2022, "tier": "secondary"}}, {"type": "Feature", "geometry": {"type": "Point", "coordinates": [-74.11412, 40.846167]}, "properties": {"road": "MUN 507", "aadt": 8796, "year": 2022, "tier": "secondary"}}, {"type": "Feature", "geometry": {"type": "Point", "coordinates": [-74.113171, 40.845109]}, "properties": {"road": "MUN 507", "aadt": 8796, "year": 2022, "tier": "secondary"}}, {"type": "Feature", "geometry": {"type": "Point", "coordinates": [-74.113386, 40.842987]}, "properties": {"road": "MUN 507", "aadt": 8796, "year": 2022, "tier": "secondary"}}, {"type": "Feature", "geometry": {"type": "Point", "coordinates": [-74.113662, 40.842434]}, "properties": {"road": "MUN 507", "aadt": 8796, "year": 2022, "tier": "secondary"}}, {"type": "Feature", "geometry": {"type": "Point", "coordinates": [-74.11586, 40.838381]}, "properties": {"road": "MUN 507", "aadt": 8796, "year": 2022, "tier": "secondary"}}, {"type": "Feature", "geometry": {"type": "Point", "coordinates": [-74.118016, 40.835689]}, "properties": {"road": "MUN 507", "aadt": 8796, "year": 2022, "tier": "secondary"}}, {"type": "Feature", "geometry": {"type": "Point", "coordinates": [-74.118507, 40.834662]}, "properties": {"road": "MUN 507", "aadt": 8796, "year": 2022, "tier": "secondary"}}, {"type": "Feature", "geometry": {"type": "Point", "coordinates": [-74.119822, 40.831782]}, "properties": {"road": "MUN 507", "aadt": 8796, "year": 2022, "tier": "secondary"}}, {"type": "Feature", "geometry": {"type": "Point", "coordinates": [-74.119936, 40.830738]}, "properties": {"road": "MUN 507", "aadt": 8796, "year": 2022, "tier": "secondary"}}, {"type": "Feature", "geometry": {"type": "Point", "coordinates": [-74.120593, 40.828632]}, "properties": {"road": "MUN 507", "aadt": 8796, "year": 2022, "tier": "secondary"}}, {"type": "Feature", "geometry": {"type": "Point", "coordinates": [-74.120844, 40.827465]}, "properties": {"road": "MUN 507", "aadt": 8796, "year": 2022, "tier": "secondary"}}, {"type": "Feature", "geometry": {"type": "Point", "coordinates": [-74.12136, 40.826186]}, "properties": {"road": "MUN 507", "aadt": 8796, "year": 2022, "tier": "secondary"}}, {"type": "Feature", "geometry": {"type": "Point", "coordinates": [-74.122543, 40.823255]}, "properties": {"road": "MUN 507", "aadt": 8796, "year": 2022, "tier": "secondary"}}, {"type": "Feature", "geometry": {"type": "Point", "coordinates": [-74.124729, 40.821157]}, "properties": {"road": "MUN 507", "aadt": 8796, "year": 2022, "tier": "secondary"}}, {"type": "Feature", "geometry": {"type": "Point", "coordinates": [-74.127772, 40.81968]}, "properties": {"road": "MUN 507", "aadt": 8796, "year": 2022, "tier": "secondary"}}, {"type": "Feature", "geometry": {"type": "Point", "coordinates": [-74.129585, 40.819293]}, "properties": {"road": "MUN 507", "aadt": 8796, "year": 2022, "tier": "secondary"}}, {"type": "Feature", "geometry": {"type": "Point", "coordinates": [-74.131105, 40.818397]}, "properties": {"road": "MUN 507", "aadt": 8796, "year": 2022, "tier": "secondary"}}, {"type": "Feature", "geometry": {"type": "Point", "coordinates": [-74.135508, 40.813343]}, "properties": {"road": "MUN 507", "aadt": 8796, "year": 2022, "tier": "secondary"}}, {"type": "Feature", "geometry": {"type": "Point", "coordinates": [-74.136172, 40.812473]}, "properties": {"road": "MUN 507", "aadt": 8796, "year": 2022, "tier": "secondary"}}, {"type": "Feature", "geometry": {"type": "Point", "coordinates": [-74.136814, 40.81106]}, "properties": {"road": "MUN 507", "aadt": 8796, "year": 2022, "tier": "secondary"}}, {"type": "Feature", "geometry": {"type": "Point", "coordinates": [-74.13666, 40.808361]}, "properties": {"road": "MUN 507", "aadt": 8796, "year": 2022, "tier": "secondary"}}, {"type": "Feature", "geometry": {"type": "Point", "coordinates": [-74.135029, 40.805496]}, "properties": {"road": "MUN 507", "aadt": 8796, "year": 2022, "tier": "secondary"}}, {"type": "Feature", "geometry": {"type": "Point", "coordinates": [-74.134058, 40.802501]}, "properties": {"road": "MUN 507", "aadt": 8796, "year": 2022, "tier": "secondary"}}, {"type": "Feature", "geometry": {"type": "Point", "coordinates": [-74.134535, 40.801213]}, "properties": {"road": "MUN 507", "aadt": 8796, "year": 2022, "tier": "secondary"}}, {"type": "Feature", "geometry": {"type": "Point", "coordinates": [-74.138878, 40.796555]}, "properties": {"road": "MUN 507", "aadt": 8796, "year": 2022, "tier": "secondary"}}, {"type": "Feature", "geometry": {"type": "Point", "coordinates": [-74.13954, 40.795555]}, "properties": {"road": "MUN 507", "aadt": 8796, "year": 2022, "tier": "secondary"}}, {"type": "Feature", "geometry": {"type": "Point", "coordinates": [-74.140425, 40.793993]}, "properties": {"road": "MUN 507", "aadt": 8796, "year": 2022, "tier": "secondary"}}, {"type": "Feature", "geometry": {"type": "Point", "coordinates": [-74.141212, 40.792788]}, "properties": {"road": "MUN 507", "aadt": 8796, "year": 2022, "tier": "secondary"}}, {"type": "Feature", "geometry": {"type": "Point", "coordinates": [-74.142854, 40.790002]}, "properties": {"road": "MUN 507", "aadt": 8796, "year": 2022, "tier": "secondary"}}, {"type": "Feature", "geometry": {"type": "Point", "coordinates": [-74.144677, 40.787691]}, "properties": {"road": "MUN 507", "aadt": 8796, "year": 2022, "tier": "secondary"}}, {"type": "Feature", "geometry": {"type": "Point", "coordinates": [-74.131975, 40.816881]}, "properties": {"road": "MUN 507", "aadt": 8796, "year": 2022, "tier": "secondary"}}, {"type": "Feature", "geometry": {"type": "Point", "coordinates": [-74.114339, 40.84987]}, "properties": {"road": "MUN 507", "aadt": 8796, "year": 2022, "tier": "secondary"}}, {"type": "Feature", "geometry": {"type": "Point", "coordinates": [-74.12319, 40.822234]}, "properties": {"road": "MUN 507", "aadt": 8796, "year": 2022, "tier": "secondary"}}, {"type": "Feature", "geometry": {"type": "Point", "coordinates": [-74.135551, 40.806452]}, "properties": {"road": "MUN 507", "aadt": 8796, "year": 2022, "tier": "secondary"}}, {"type": "Feature", "geometry": {"type": "Point", "coordinates": [-74.117012, 40.836966]}, "properties": {"road": "MUN 507", "aadt": 8796, "year": 2022, "tier": "secondary"}}, {"type": "Feature", "geometry": {"type": "Point", "coordinates": [-74.145597, 40.786386]}, "properties": {"road": "MUN 507", "aadt": 8796, "year": 2022, "tier": "secondary"}}, {"type": "Feature", "geometry": {"type": "Point", "coordinates": [-74.126065, 40.820282]}, "properties": {"road": "MUN 507", "aadt": 8796, "year": 2022, "tier": "secondary"}}, {"type": "Feature", "geometry": {"type": "Point", "coordinates": [-74.142014, 40.791436]}, "properties": {"road": "MUN 507", "aadt": 8796, "year": 2022, "tier": "secondary"}}, {"type": "Feature", "geometry": {"type": "Point", "coordinates": [-74.136842, 40.799072]}, "properties": {"road": "MUN 507", "aadt": 8796, "year": 2022, "tier": "secondary"}}, {"type": "Feature", "geometry": {"type": "Point", "coordinates": [-74.133025, 40.81583]}, "properties": {"road": "MUN 507", "aadt": 8796, "year": 2022, "tier": "secondary"}}, {"type": "Feature", "geometry": {"type": "Point", "coordinates": [-74.114423, 40.841099]}, "properties": {"road": "MUN 507", "aadt": 8796, "year": 2022, "tier": "secondary"}}, {"type": "Feature", "geometry": {"type": "Point", "coordinates": [-74.112914, 40.843968]}, "properties": {"road": "MUN 507", "aadt": 8796, "year": 2022, "tier": "secondary"}}, {"type": "Feature", "geometry": {"type": "Point", "coordinates": [-74.13408, 40.814811]}, "properties": {"road": "MUN 507", "aadt": 8796, "year": 2022, "tier": "secondary"}}, {"type": "Feature", "geometry": {"type": "Point", "coordinates": [-74.135558, 40.800047]}, "properties": {"road": "MUN 507", "aadt": 8796, "year": 2022, "tier": "secondary"}}, {"type": "Feature", "geometry": {"type": "Point", "coordinates": [-74.137512, 40.797898]}, "properties": {"road": "MUN 507", "aadt": 8796, "year": 2022, "tier": "secondary"}}, {"type": "Feature", "geometry": {"type": "Point", "coordinates": [-74.11502, 40.849516]}, "properties": {"road": "MUN 507", "aadt": 8796, "year": 2022, "tier": "secondary"}}, {"type": "Feature", "geometry": {"type": "Point", "coordinates": [-74.137166, 40.809595]}, "properties": {"road": "MUN 507", "aadt": 8796, "year": 2022, "tier": "secondary"}}, {"type": "Feature", "geometry": {"type": "Point", "coordinates": [-74.115275, 40.839472]}, "properties": {"road": "MUN 507", "aadt": 8796, "year": 2022, "tier": "secondary"}}, {"type": "Feature", "geometry": {"type": "Point", "coordinates": [-74.118753, 40.833016]}, "properties": {"road": "MUN 507", "aadt": 8796, "year": 2022, "tier": "secondary"}}, {"type": "Feature", "geometry": {"type": "Point", "coordinates": [-74.143617, 40.788932]}, "properties": {"road": "MUN 507", "aadt": 8796, "year": 2022, "tier": "secondary"}}, {"type": "Feature", "geometry": {"type": "Point", "coordinates": [-74.122014, 40.82454]}, "properties": {"road": "MUN 507", "aadt": 8796, "year": 2022, "tier": "secondary"}}, {"type": "Feature", "geometry": {"type": "Point", "coordinates": [-74.134546, 40.804241]}, "properties": {"road": "MUN 507", "aadt": 8796, "year": 2022, "tier": "secondary"}}, {"type": "Feature", "geometry": {"type": "Point", "coordinates": [-74.110481, 40.729537]}, "properties": {"road": "Local 0 Ramp", "aadt": 8766, "year": 2022, "tier": "secondary"}}, {"type": "Feature", "geometry": {"type": "Point", "coordinates": [-74.109513, 40.821051]}, "properties": {"road": "I 1147", "aadt": 8662, "year": 2022, "tier": "secondary"}}, {"type": "Feature", "geometry": {"type": "Point", "coordinates": [-74.113051, 40.816231]}, "properties": {"road": "I 1147", "aadt": 8662, "year": 2022, "tier": "secondary"}}, {"type": "Feature", "geometry": {"type": "Point", "coordinates": [-73.993069, 40.845663]}, "properties": {"road": "MUN 501", "aadt": 8553, "year": 2022, "tier": "secondary"}}, {"type": "Feature", "geometry": {"type": "Point", "coordinates": [-73.992005, 40.845041]}, "properties": {"road": "CR 501", "aadt": 8553, "year": 2022, "tier": "secondary"}}, {"type": "Feature", "geometry": {"type": "Point", "coordinates": [-74.066895, 40.796619]}, "properties": {"road": "Local 0 Ramp", "aadt": 8540, "year": 2022, "tier": "secondary"}}, {"type": "Feature", "geometry": {"type": "Point", "coordinates": [-74.065739, 40.796564]}, "properties": {"road": "Local 0 Ramp", "aadt": 8540, "year": 2022, "tier": "secondary"}}, {"type": "Feature", "geometry": {"type": "Point", "coordinates": [-74.068536, 40.767355]}, "properties": {"road": "MUN 653", "aadt": 8467, "year": 2022, "tier": "secondary"}}, {"type": "Feature", "geometry": {"type": "Point", "coordinates": [-74.069586, 40.765416]}, "properties": {"road": "MUN 653", "aadt": 8467, "year": 2022, "tier": "secondary"}}, {"type": "Feature", "geometry": {"type": "Point", "coordinates": [-74.069051, 40.764132]}, "properties": {"road": "MUN 653", "aadt": 8467, "year": 2022, "tier": "secondary"}}, {"type": "Feature", "geometry": {"type": "Point", "coordinates": [-74.066911, 40.760113]}, "properties": {"road": "MUN 653", "aadt": 8467, "year": 2022, "tier": "secondary"}}, {"type": "Feature", "geometry": {"type": "Point", "coordinates": [-74.065827, 40.75807]}, "properties": {"road": "MUN 653", "aadt": 8467, "year": 2022, "tier": "secondary"}}, {"type": "Feature", "geometry": {"type": "Point", "coordinates": [-74.065249, 40.756968]}, "properties": {"road": "MUN 653", "aadt": 8467, "year": 2022, "tier": "secondary"}}, {"type": "Feature", "geometry": {"type": "Point", "coordinates": [-74.064691, 40.755914]}, "properties": {"road": "MUN 653", "aadt": 8467, "year": 2022, "tier": "secondary"}}, {"type": "Feature", "geometry": {"type": "Point", "coordinates": [-74.062528, 40.751813]}, "properties": {"road": "MUN 653", "aadt": 8467, "year": 2022, "tier": "secondary"}}, {"type": "Feature", "geometry": {"type": "Point", "coordinates": [-74.06757, 40.761342]}, "properties": {"road": "MUN 653", "aadt": 8467, "year": 2022, "tier": "secondary"}}, {"type": "Feature", "geometry": {"type": "Point", "coordinates": [-74.063182, 40.75305]}, "properties": {"road": "MUN 653", "aadt": 8467, "year": 2022, "tier": "secondary"}}, {"type": "Feature", "geometry": {"type": "Point", "coordinates": [-74.068614, 40.763315]}, "properties": {"road": "MUN 653", "aadt": 8467, "year": 2022, "tier": "secondary"}}, {"type": "Feature", "geometry": {"type": "Point", "coordinates": [-74.068399, 40.762913]}, "properties": {"road": "MUN 653", "aadt": 8467, "year": 2022, "tier": "secondary"}}, {"type": "Feature", "geometry": {"type": "Point", "coordinates": [-74.061758, 40.750366]}, "properties": {"road": "MUN 653", "aadt": 8467, "year": 2022, "tier": "secondary"}}, {"type": "Feature", "geometry": {"type": "Point", "coordinates": [-74.064185, 40.754952]}, "properties": {"road": "MUN 653", "aadt": 8467, "year": 2022, "tier": "secondary"}}, {"type": "Feature", "geometry": {"type": "Point", "coordinates": [-74.050175, 40.786189]}, "properties": {"road": "Local 0 Ramp", "aadt": 8433, "year": 2022, "tier": "secondary"}}, {"type": "Feature", "geometry": {"type": "Point", "coordinates": [-73.994409, 40.842102]}, "properties": {"road": "Local 0 Ramp", "aadt": 8379, "year": 2022, "tier": "secondary"}}, {"type": "Feature", "geometry": {"type": "Point", "coordinates": [-74.147133, 40.721707]}, "properties": {"road": "Local 0 Ramp", "aadt": 8369, "year": 2022, "tier": "secondary"}}, {"type": "Feature", "geometry": {"type": "Point", "coordinates": [-74.02165, 40.849047]}, "properties": {"road": "MUN 39", "aadt": 8364, "year": 2022, "tier": "secondary"}}, {"type": "Feature", "geometry": {"type": "Point", "coordinates": [-74.091303, 40.832295]}, "properties": {"road": "Local 0 Ramp", "aadt": 8362, "year": 2022, "tier": "secondary"}}, {"type": "Feature", "geometry": {"type": "Point", "coordinates": [-74.057064, 40.739872]}, "properties": {"road": "I 1571", "aadt": 8244, "year": 2022, "tier": "secondary"}}, {"type": "Feature", "geometry": {"type": "Point", "coordinates": [-74.140902, 40.831367]}, "properties": {"road": "Local 0 Ramp", "aadt": 8232, "year": 2022, "tier": "secondary"}}, {"type": "Feature", "geometry": {"type": "Point", "coordinates": [-74.035217, 40.847645]}, "properties": {"road": "I 1103", "aadt": 8208, "year": 2022, "tier": "secondary"}}, {"type": "Feature", "geometry": {"type": "Point", "coordinates": [-74.145966, 40.827558]}, "properties": {"road": "I 1283", "aadt": 8208, "year": 2022, "tier": "secondary"}}, {"type": "Feature", "geometry": {"type": "Point", "coordinates": [-74.146773, 40.826711]}, "properties": {"road": "I 1283", "aadt": 8208, "year": 2022, "tier": "secondary"}}, {"type": "Feature", "geometry": {"type": "Point", "coordinates": [-74.091562, 40.823684]}, "properties": {"road": "I 1077", "aadt": 8130, "year": 2022, "tier": "secondary"}}, {"type": "Feature", "geometry": {"type": "Point", "coordinates": [-74.095251, 40.825825]}, "properties": {"road": "I 1077", "aadt": 8130, "year": 2022, "tier": "secondary"}}, {"type": "Feature", "geometry": {"type": "Point", "coordinates": [-74.066975, 40.830329]}, "properties": {"road": "I 1080", "aadt": 8129, "year": 2022, "tier": "secondary"}}, {"type": "Feature", "geometry": {"type": "Point", "coordinates": [-74.067189, 40.73139]}, "properties": {"road": "I 1564", "aadt": 8067, "year": 2022, "tier": "secondary"}}, {"type": "Feature", "geometry": {"type": "Point", "coordinates": [-74.06724, 40.732646]}, "properties": {"road": "I 1564", "aadt": 8067, "year": 2022, "tier": "secondary"}}, {"type": "Feature", "geometry": {"type": "Point", "coordinates": [-74.067251, 40.734373]}, "properties": {"road": "I 1564", "aadt": 8067, "year": 2022, "tier": "secondary"}}, {"type": "Feature", "geometry": {"type": "Point", "coordinates": [-74.066147, 40.736969]}, "properties": {"road": "I 1564", "aadt": 8067, "year": 2022, "tier": "secondary"}}, {"type": "Feature", "geometry": {"type": "Point", "coordinates": [-74.06538, 40.738894]}, "properties": {"road": "I 1564", "aadt": 8067, "year": 2022, "tier": "secondary"}}, {"type": "Feature", "geometry": {"type": "Point", "coordinates": [-74.067206, 40.731783]}, "properties": {"road": "I 1564", "aadt": 8067, "year": 2022, "tier": "secondary"}}, {"type": "Feature", "geometry": {"type": "Point", "coordinates": [-74.066901, 40.735404]}, "properties": {"road": "I 1564", "aadt": 8067, "year": 2022, "tier": "secondary"}}, {"type": "Feature", "geometry": {"type": "Point", "coordinates": [-74.066711, 40.735836]}, "properties": {"road": "I 1564", "aadt": 8067, "year": 2022, "tier": "secondary"}}, {"type": "Feature", "geometry": {"type": "Point", "coordinates": [-74.140756, 40.763081]}, "properties": {"road": "CR 507", "aadt": 8041, "year": 2024, "tier": "secondary"}}, {"type": "Feature", "geometry": {"type": "Point", "coordinates": [-74.026501, 40.774311]}, "properties": {"road": "MUN 505 Ramp", "aadt": 8029, "year": 2022, "tier": "secondary"}}, {"type": "Feature", "geometry": {"type": "Point", "coordinates": [-74.028865, 40.744149]}, "properties": {"road": "I 1054", "aadt": 8026, "year": 2022, "tier": "secondary"}}, {"type": "Feature", "geometry": {"type": "Point", "coordinates": [-74.04084, 40.736588]}, "properties": {"road": "MUN 636", "aadt": 7894, "year": 2022, "tier": "secondary"}}, {"type": "Feature", "geometry": {"type": "Point", "coordinates": [-74.124323, 40.734747]}, "properties": {"road": "Local 0 Ramp", "aadt": 7848, "year": 2022, "tier": "secondary"}}, {"type": "Feature", "geometry": {"type": "Point", "coordinates": [-74.095721, 40.826083]}, "properties": {"road": "MUN 32 Ramp", "aadt": 7845, "year": 2022, "tier": "secondary"}}, {"type": "Feature", "geometry": {"type": "Point", "coordinates": [-74.098999, 40.827956]}, "properties": {"road": "MUN 32 Ramp", "aadt": 7845, "year": 2022, "tier": "secondary"}}, {"type": "Feature", "geometry": {"type": "Point", "coordinates": [-74.039558, 40.753929]}, "properties": {"road": "I 1109", "aadt": 7838, "year": 2022, "tier": "secondary"}}, {"type": "Feature", "geometry": {"type": "Point", "coordinates": [-74.12529, 40.815463]}, "properties": {"road": "I 1143", "aadt": 7814, "year": 2022, "tier": "secondary"}}, {"type": "Feature", "geometry": {"type": "Point", "coordinates": [-74.026861, 40.848239]}, "properties": {"road": "MUN 124", "aadt": 7764, "year": 2022, "tier": "secondary"}}, {"type": "Feature", "geometry": {"type": "Point", "coordinates": [-74.101154, 40.739069]}, "properties": {"road": "MUN 659", "aadt": 7758, "year": 2022, "tier": "secondary"}}, {"type": "Feature", "geometry": {"type": "Point", "coordinates": [-74.096223, 40.738938]}, "properties": {"road": "MUN 659", "aadt": 7758, "year": 2022, "tier": "secondary"}}, {"type": "Feature", "geometry": {"type": "Point", "coordinates": [-74.094023, 40.738953]}, "properties": {"road": "MUN 659", "aadt": 7758, "year": 2022, "tier": "secondary"}}, {"type": "Feature", "geometry": {"type": "Point", "coordinates": [-74.092101, 40.739721]}, "properties": {"road": "MUN 659", "aadt": 7758, "year": 2022, "tier": "secondary"}}, {"type": "Feature", "geometry": {"type": "Point", "coordinates": [-74.090297, 40.740362]}, "properties": {"road": "MUN 659", "aadt": 7758, "year": 2022, "tier": "secondary"}}, {"type": "Feature", "geometry": {"type": "Point", "coordinates": [-74.088737, 40.740609]}, "properties": {"road": "MUN 659", "aadt": 7758, "year": 2022, "tier": "secondary"}}, {"type": "Feature", "geometry": {"type": "Point", "coordinates": [-74.087628, 40.741108]}, "properties": {"road": "MUN 659", "aadt": 7758, "year": 2022, "tier": "secondary"}}, {"type": "Feature", "geometry": {"type": "Point", "coordinates": [-74.085651, 40.74213]}, "properties": {"road": "MUN 659", "aadt": 7758, "year": 2022, "tier": "secondary"}}, {"type": "Feature", "geometry": {"type": "Point", "coordinates": [-74.08285, 40.742538]}, "properties": {"road": "MUN 659", "aadt": 7758, "year": 2022, "tier": "secondary"}}, {"type": "Feature", "geometry": {"type": "Point", "coordinates": [-74.09907, 40.739013]}, "properties": {"road": "MUN 659", "aadt": 7758, "year": 2022, "tier": "secondary"}}, {"type": "Feature", "geometry": {"type": "Point", "coordinates": [-74.097542, 40.738972]}, "properties": {"road": "MUN 659", "aadt": 7758, "year": 2022, "tier": "secondary"}}, {"type": "Feature", "geometry": {"type": "Point", "coordinates": [-74.083863, 40.741598]}, "properties": {"road": "MUN 659", "aadt": 7758, "year": 2022, "tier": "secondary"}}, {"type": "Feature", "geometry": {"type": "Point", "coordinates": [-74.023684, 40.768481]}, "properties": {"road": "I 1063", "aadt": 7758, "year": 2022, "tier": "secondary"}}, {"type": "Feature", "geometry": {"type": "Point", "coordinates": [-74.023498, 40.7684]}, "properties": {"road": "I 1063", "aadt": 7758, "year": 2022, "tier": "secondary"}}, {"type": "Feature", "geometry": {"type": "Point", "coordinates": [-74.021883, 40.767554]}, "properties": {"road": "I 1063", "aadt": 7758, "year": 2022, "tier": "secondary"}}, {"type": "Feature", "geometry": {"type": "Point", "coordinates": [-74.022107, 40.763996]}, "properties": {"road": "I 1061", "aadt": 7758, "year": 2022, "tier": "secondary"}}, {"type": "Feature", "geometry": {"type": "Point", "coordinates": [-74.055757, 40.791842]}, "properties": {"road": "I 1115", "aadt": 7758, "year": 2022, "tier": "secondary"}}, {"type": "Feature", "geometry": {"type": "Point", "coordinates": [-74.069682, 40.794083]}, "properties": {"road": "I 1105", "aadt": 7758, "year": 2022, "tier": "secondary"}}, {"type": "Feature", "geometry": {"type": "Point", "coordinates": [-74.024019, 40.805994]}, "properties": {"road": "I 1122", "aadt": 7758, "year": 2022, "tier": "secondary"}}, {"type": "Feature", "geometry": {"type": "Point", "coordinates": [-74.019385, 40.813466]}, "properties": {"road": "I 1122", "aadt": 7758, "year": 2022, "tier": "secondary"}}, {"type": "Feature", "geometry": {"type": "Point", "coordinates": [-74.020829, 40.818335]}, "properties": {"road": "I 1122", "aadt": 7758, "year": 2022, "tier": "secondary"}}, {"type": "Feature", "geometry": {"type": "Point", "coordinates": [-74.037586, 40.785227]}, "properties": {"road": "I 1095", "aadt": 7758, "year": 2022, "tier": "secondary"}}, {"type": "Feature", "geometry": {"type": "Point", "coordinates": [-74.049541, 40.740958]}, "properties": {"road": "I 1740", "aadt": 7758, "year": 2022, "tier": "secondary"}}, {"type": "Feature", "geometry": {"type": "Point", "coordinates": [-74.067058, 40.795621]}, "properties": {"road": "I 1067", "aadt": 7758, "year": 2022, "tier": "secondary"}}, {"type": "Feature", "geometry": {"type": "Point", "coordinates": [-74.048937, 40.734158]}, "properties": {"road": "I 1656", "aadt": 7758, "year": 2022, "tier": "secondary"}}, {"type": "Feature", "geometry": {"type": "Point", "coordinates": [-74.070764, 40.720197]}, "properties": {"road": "I 1694", "aadt": 7758, "year": 2022, "tier": "secondary"}}, {"type": "Feature", "geometry": {"type": "Point", "coordinates": [-74.023053, 40.768717]}, "properties": {"road": "I 1116", "aadt": 7758, "year": 2022, "tier": "secondary"}}, {"type": "Feature", "geometry": {"type": "Point", "coordinates": [-74.040259, 40.748692]}, "properties": {"road": "I 1151", "aadt": 7758, "year": 2022, "tier": "secondary"}}, {"type": "Feature", "geometry": {"type": "Point", "coordinates": [-74.069411, 40.724484]}, "properties": {"road": "I 1017", "aadt": 7758, "year": 2022, "tier": "secondary"}}, {"type": "Feature", "geometry": {"type": "Point", "coordinates": [-74.048496, 40.742175]}, "properties": {"road": "I 1009", "aadt": 7758, "year": 2022, "tier": "secondary"}}, {"type": "Feature", "geometry": {"type": "Point", "coordinates": [-74.03212, 40.755552]}, "properties": {"road": "I 1051", "aadt": 7758, "year": 2022, "tier": "secondary"}}, {"type": "Feature", "geometry": {"type": "Point", "coordinates": [-74.065576, 40.794833]}, "properties": {"road": "I 1067", "aadt": 7758, "year": 2022, "tier": "secondary"}}, {"type": "Feature", "geometry": {"type": "Point", "coordinates": [-74.04465, 40.734895]}, "properties": {"road": "I 1393", "aadt": 7758, "year": 2022, "tier": "secondary"}}, {"type": "Feature", "geometry": {"type": "Point", "coordinates": [-74.079372, 40.84369]}, "properties": {"road": "Local 0 Ramp", "aadt": 7755, "year": 2022, "tier": "secondary"}}, {"type": "Feature", "geometry": {"type": "Point", "coordinates": [-74.056144, 40.841092]}, "properties": {"road": "MUN 43 Ramp", "aadt": 7720, "year": 2022, "tier": "secondary"}}, {"type": "Feature", "geometry": {"type": "Point", "coordinates": [-74.079384, 40.844656]}, "properties": {"road": "MUN 36", "aadt": 7701, "year": 2022, "tier": "secondary"}}, {"type": "Feature", "geometry": {"type": "Point", "coordinates": [-74.080462, 40.845312]}, "properties": {"road": "MUN 36", "aadt": 7701, "year": 2022, "tier": "secondary"}}, {"type": "Feature", "geometry": {"type": "Point", "coordinates": [-74.139322, 40.811853]}, "properties": {"road": "Local 0 Ramp", "aadt": 7680, "year": 2022, "tier": "secondary"}}, {"type": "Feature", "geometry": {"type": "Point", "coordinates": [-74.11689, 40.818975]}, "properties": {"road": "I 1123", "aadt": 7676, "year": 2022, "tier": "secondary"}}, {"type": "Feature", "geometry": {"type": "Point", "coordinates": [-74.04418, 40.757943]}, "properties": {"road": "I 1108", "aadt": 7676, "year": 2022, "tier": "secondary"}}, {"type": "Feature", "geometry": {"type": "Point", "coordinates": [-74.035088, 40.720191]}, "properties": {"road": "I 1473", "aadt": 7655, "year": 2022, "tier": "secondary"}}, {"type": "Feature", "geometry": {"type": "Point", "coordinates": [-73.987478, 40.824924]}, "properties": {"road": "MUN 25 Ramp", "aadt": 7580, "year": 2022, "tier": "secondary"}}, {"type": "Feature", "geometry": {"type": "Point", "coordinates": [-73.987985, 40.820517]}, "properties": {"road": "MUN 25 Ramp", "aadt": 7580, "year": 2022, "tier": "secondary"}}, {"type": "Feature", "geometry": {"type": "Point", "coordinates": [-73.990344, 40.812816]}, "properties": {"road": "MUN 25 Ramp", "aadt": 7580, "year": 2022, "tier": "secondary"}}, {"type": "Feature", "geometry": {"type": "Point", "coordinates": [-73.991897, 40.806897]}, "properties": {"road": "MUN 25 Ramp", "aadt": 7580, "year": 2022, "tier": "secondary"}}, {"type": "Feature", "geometry": {"type": "Point", "coordinates": [-74.035312, 40.773055]}, "properties": {"road": "Local 0 Ramp", "aadt": 7519, "year": 2022, "tier": "secondary"}}, {"type": "Feature", "geometry": {"type": "Point", "coordinates": [-74.136462, 40.824038]}, "properties": {"road": "MUN 606", "aadt": 7502, "year": 2022, "tier": "secondary"}}, {"type": "Feature", "geometry": {"type": "Point", "coordinates": [-74.059404, 40.734922]}, "properties": {"road": "I 1562", "aadt": 7435, "year": 2022, "tier": "secondary"}}, {"type": "Feature", "geometry": {"type": "Point", "coordinates": [-74.061984, 40.735233]}, "properties": {"road": "I 1562", "aadt": 7435, "year": 2022, "tier": "secondary"}}, {"type": "Feature", "geometry": {"type": "Point", "coordinates": [-74.080523, 40.849006]}, "properties": {"road": "MUN 55", "aadt": 7434, "year": 2022, "tier": "secondary"}}, {"type": "Feature", "geometry": {"type": "Point", "coordinates": [-74.025386, 40.764801]}, "properties": {"road": "I 1066", "aadt": 7420, "year": 2022, "tier": "secondary"}}, {"type": "Feature", "geometry": {"type": "Point", "coordinates": [-74.022807, 40.762534]}, "properties": {"road": "I 1070", "aadt": 7387, "year": 2022, "tier": "secondary"}}, {"type": "Feature", "geometry": {"type": "Point", "coordinates": [-74.02036, 40.762518]}, "properties": {"road": "I 1069", "aadt": 7387, "year": 2022, "tier": "secondary"}}, {"type": "Feature", "geometry": {"type": "Point", "coordinates": [-74.024853, 40.759749]}, "properties": {"road": "I 1068", "aadt": 7387, "year": 2022, "tier": "secondary"}}, {"type": "Feature", "geometry": {"type": "Point", "coordinates": [-74.025285, 40.767736]}, "properties": {"road": "I 1112", "aadt": 7387, "year": 2022, "tier": "secondary"}}, {"type": "Feature", "geometry": {"type": "Point", "coordinates": [-74.060251, 40.794198]}, "properties": {"road": "I 1134", "aadt": 7387, "year": 2022, "tier": "secondary"}}, {"type": "Feature", "geometry": {"type": "Point", "coordinates": [-74.070445, 40.771031]}, "properties": {"road": "I 1131", "aadt": 7387, "year": 2022, "tier": "secondary"}}, {"type": "Feature", "geometry": {"type": "Point", "coordinates": [-74.072954, 40.763419]}, "properties": {"road": "I 1130", "aadt": 7387, "year": 2022, "tier": "secondary"}}, {"type": "Feature", "geometry": {"type": "Point", "coordinates": [-74.043833, 40.790269]}, "properties": {"road": "I 1128", "aadt": 7387, "year": 2022, "tier": "secondary"}}, {"type": "Feature", "geometry": {"type": "Point", "coordinates": [-74.043019, 40.787576]}, "properties": {"road": "I 1127", "aadt": 7387, "year": 2022, "tier": "secondary"}}, {"type": "Feature", "geometry": {"type": "Point", "coordinates": [-74.04899, 40.79018]}, "properties": {"road": "I 1124", "aadt": 7387, "year": 2022, "tier": "secondary"}}, {"type": "Feature", "geometry": {"type": "Point", "coordinates": [-74.073692, 40.784052]}, "properties": {"road": "I 1110", "aadt": 7387, "year": 2022, "tier": "secondary"}}, {"type": "Feature", "geometry": {"type": "Point", "coordinates": [-74.068689, 40.784446]}, "properties": {"road": "I 1093", "aadt": 7387, "year": 2022, "tier": "secondary"}}, {"type": "Feature", "geometry": {"type": "Point", "coordinates": [-74.065074, 40.79085]}, "properties": {"road": "I 1071", "aadt": 7387, "year": 2022, "tier": "secondary"}}, {"type": "Feature", "geometry": {"type": "Point", "coordinates": [-74.13714, 40.773487]}, "properties": {"road": "I 1007", "aadt": 7387, "year": 2022, "tier": "secondary"}}, {"type": "Feature", "geometry": {"type": "Point", "coordinates": [-74.046057, 40.727755]}, "properties": {"road": "I 1774", "aadt": 7387, "year": 2022, "tier": "secondary"}}, {"type": "Feature", "geometry": {"type": "Point", "coordinates": [-74.045203, 40.726934]}, "properties": {"road": "I 1714", "aadt": 7387, "year": 2022, "tier": "secondary"}}, {"type": "Feature", "geometry": {"type": "Point", "coordinates": [-74.060679, 40.724222]}, "properties": {"road": "I 1695", "aadt": 7387, "year": 2022, "tier": "secondary"}}, {"type": "Feature", "geometry": {"type": "Point", "coordinates": [-74.059765, 40.722793]}, "properties": {"road": "I 1614", "aadt": 7387, "year": 2022, "tier": "secondary"}}, {"type": "Feature", "geometry": {"type": "Point", "coordinates": [-74.041889, 40.734739]}, "properties": {"road": "I 1607", "aadt": 7387, "year": 2022, "tier": "secondary"}}, {"type": "Feature", "geometry": {"type": "Point", "coordinates": [-74.061559, 40.726267]}, "properties": {"road": "I 1558", "aadt": 7387, "year": 2022, "tier": "secondary"}}, {"type": "Feature", "geometry": {"type": "Point", "coordinates": [-74.039459, 40.734369]}, "properties": {"road": "I 1533", "aadt": 7387, "year": 2022, "tier": "secondary"}}, {"type": "Feature", "geometry": {"type": "Point", "coordinates": [-74.060648, 40.723976]}, "properties": {"road": "I 1499", "aadt": 7387, "year": 2022, "tier": "secondary"}}, {"type": "Feature", "geometry": {"type": "Point", "coordinates": [-74.061288, 40.725063]}, "properties": {"road": "I 1326", "aadt": 7387, "year": 2022, "tier": "secondary"}}, {"type": "Feature", "geometry": {"type": "Point", "coordinates": [-74.048051, 40.790176]}, "properties": {"road": "I 1125", "aadt": 7387, "year": 2022, "tier": "secondary"}}, {"type": "Feature", "geometry": {"type": "Point", "coordinates": [-74.062796, 40.794178]}, "properties": {"road": "I 1063", "aadt": 7387, "year": 2022, "tier": "secondary"}}, {"type": "Feature", "geometry": {"type": "Point", "coordinates": [-74.041861, 40.72664]}, "properties": {"road": "I 1027", "aadt": 7387, "year": 2022, "tier": "secondary"}}, {"type": "Feature", "geometry": {"type": "Point", "coordinates": [-74.071882, 40.776631]}, "properties": {"road": "I 1109", "aadt": 7387, "year": 2022, "tier": "secondary"}}, {"type": "Feature", "geometry": {"type": "Point", "coordinates": [-74.139777, 40.81339]}, "properties": {"road": "MUN 624", "aadt": 7307, "year": 2022, "tier": "secondary"}}, {"type": "Feature", "geometry": {"type": "Point", "coordinates": [-74.139847, 40.810216]}, "properties": {"road": "MUN 624", "aadt": 7307, "year": 2022, "tier": "secondary"}}, {"type": "Feature", "geometry": {"type": "Point", "coordinates": [-74.136119, 40.820183]}, "properties": {"road": "MUN 624", "aadt": 7307, "year": 2022, "tier": "secondary"}}, {"type": "Feature", "geometry": {"type": "Point", "coordinates": [-74.137863, 40.818007]}, "properties": {"road": "MUN 624", "aadt": 7307, "year": 2022, "tier": "secondary"}}, {"type": "Feature", "geometry": {"type": "Point", "coordinates": [-74.138224, 40.817221]}, "properties": {"road": "MUN 624", "aadt": 7307, "year": 2022, "tier": "secondary"}}, {"type": "Feature", "geometry": {"type": "Point", "coordinates": [-74.139169, 40.814874]}, "properties": {"road": "MUN 624", "aadt": 7307, "year": 2022, "tier": "secondary"}}, {"type": "Feature", "geometry": {"type": "Point", "coordinates": [-74.139465, 40.814178]}, "properties": {"road": "MUN 624", "aadt": 7307, "year": 2022, "tier": "secondary"}}, {"type": "Feature", "geometry": {"type": "Point", "coordinates": [-74.140756, 40.763081]}, "properties": {"road": "MUN 507", "aadt": 7298, "year": 2022, "tier": "secondary"}}, {"type": "Feature", "geometry": {"type": "Point", "coordinates": [-74.039607, 40.778664]}, "properties": {"road": "Local 0 Ramp", "aadt": 7282, "year": 2022, "tier": "secondary"}}, {"type": "Feature", "geometry": {"type": "Point", "coordinates": [-74.088534, 40.831982]}, "properties": {"road": "Local 0 Ramp", "aadt": 7274, "year": 2022, "tier": "secondary"}}, {"type": "Feature", "geometry": {"type": "Point", "coordinates": [-74.116227, 40.754643]}, "properties": {"road": "Local 0 Ramp", "aadt": 7252, "year": 2022, "tier": "secondary"}}, {"type": "Feature", "geometry": {"type": "Point", "coordinates": [-74.135488, 40.749586]}, "properties": {"road": "I 1144", "aadt": 7172, "year": 2022, "tier": "secondary"}}, {"type": "Feature", "geometry": {"type": "Point", "coordinates": [-74.136029, 40.751362]}, "properties": {"road": "I 1144", "aadt": 7172, "year": 2022, "tier": "secondary"}}, {"type": "Feature", "geometry": {"type": "Point", "coordinates": [-74.136162, 40.751644]}, "properties": {"road": "I 1144", "aadt": 7172, "year": 2022, "tier": "secondary"}}, {"type": "Feature", "geometry": {"type": "Point", "coordinates": [-74.149684, 40.75867]}, "properties": {"road": "I 1144", "aadt": 7172, "year": 2022, "tier": "secondary"}}, {"type": "Feature", "geometry": {"type": "Point", "coordinates": [-74.092308, 40.835507]}, "properties": {"road": "MUN 55 Ramp", "aadt": 7111, "year": 2022, "tier": "secondary"}}, {"type": "Feature", "geometry": {"type": "Point", "coordinates": [-74.130378, 40.748582]}, "properties": {"road": "Local 0 Ramp", "aadt": 7103, "year": 2022, "tier": "secondary"}}, {"type": "Feature", "geometry": {"type": "Point", "coordinates": [-74.004547, 40.790988]}, "properties": {"road": "I 1044", "aadt": 7089, "year": 2022, "tier": "secondary"}}, {"type": "Feature", "geometry": {"type": "Point", "coordinates": [-74.12163, 40.821144]}, "properties": {"road": "MUN 30 Ramp", "aadt": 7063, "year": 2022, "tier": "secondary"}}, {"type": "Feature", "geometry": {"type": "Point", "coordinates": [-74.069267, 40.724691]}, "properties": {"road": "I 1574", "aadt": 7016, "year": 2022, "tier": "secondary"}}, {"type": "Feature", "geometry": {"type": "Point", "coordinates": [-74.050039, 40.761229]}, "properties": {"road": "Local 0 Ramp", "aadt": 6998, "year": 2022, "tier": "secondary"}}, {"type": "Feature", "geometry": {"type": "Point", "coordinates": [-74.138583, 40.825107]}, "properties": {"road": "MUN 606", "aadt": 6986, "year": 2022, "tier": "secondary"}}, {"type": "Feature", "geometry": {"type": "Point", "coordinates": [-74.121824, 40.810462]}, "properties": {"road": "I 1144", "aadt": 6956, "year": 2022, "tier": "secondary"}}, {"type": "Feature", "geometry": {"type": "Point", "coordinates": [-74.004809, 40.829909]}, "properties": {"road": "MUN 31", "aadt": 6950, "year": 2022, "tier": "secondary"}}, {"type": "Feature", "geometry": {"type": "Point", "coordinates": [-74.067787, 40.735031]}, "properties": {"road": "I 1726", "aadt": 6900, "year": 2022, "tier": "secondary"}}, {"type": "Feature", "geometry": {"type": "Point", "coordinates": [-74.068676, 40.735262]}, "properties": {"road": "I 1726", "aadt": 6900, "year": 2022, "tier": "secondary"}}, {"type": "Feature", "geometry": {"type": "Point", "coordinates": [-74.070526, 40.735748]}, "properties": {"road": "I 1726", "aadt": 6900, "year": 2022, "tier": "secondary"}}, {"type": "Feature", "geometry": {"type": "Point", "coordinates": [-74.07476, 40.736915]}, "properties": {"road": "I 1726", "aadt": 6900, "year": 2022, "tier": "secondary"}}, {"type": "Feature", "geometry": {"type": "Point", "coordinates": [-74.07222, 40.736226]}, "properties": {"road": "I 1726", "aadt": 6900, "year": 2022, "tier": "secondary"}}, {"type": "Feature", "geometry": {"type": "Point", "coordinates": [-74.124486, 40.844795]}, "properties": {"road": "MUN 614", "aadt": 6834, "year": 2022, "tier": "secondary"}}, {"type": "Feature", "geometry": {"type": "Point", "coordinates": [-73.996665, 40.844553]}, "properties": {"road": "I 1107", "aadt": 6832, "year": 2022, "tier": "secondary"}}, {"type": "Feature", "geometry": {"type": "Point", "coordinates": [-73.999356, 40.841761]}, "properties": {"road": "I 1107", "aadt": 6832, "year": 2022, "tier": "secondary"}}, {"type": "Feature", "geometry": {"type": "Point", "coordinates": [-74.000091, 40.841024]}, "properties": {"road": "I 1107", "aadt": 6832, "year": 2022, "tier": "secondary"}}, {"type": "Feature", "geometry": {"type": "Point", "coordinates": [-74.130212, 40.806928]}, "properties": {"road": "MUN 28", "aadt": 6743, "year": 2022, "tier": "secondary"}}, {"type": "Feature", "geometry": {"type": "Point", "coordinates": [-74.138541, 40.811053]}, "properties": {"road": "MUN 28", "aadt": 6743, "year": 2022, "tier": "secondary"}}, {"type": "Feature", "geometry": {"type": "Point", "coordinates": [-74.072771, 40.80676]}, "properties": {"road": "Local 0 Ramp", "aadt": 6707, "year": 2022, "tier": "secondary"}}, {"type": "Feature", "geometry": {"type": "Point", "coordinates": [-73.994608, 40.840612]}, "properties": {"road": "NJ 5", "aadt": 6707, "year": 2022, "tier": "secondary"}}, {"type": "Feature", "geometry": {"type": "Point", "coordinates": [-73.996833, 40.840744]}, "properties": {"road": "NJ 5", "aadt": 6707, "year": 2022, "tier": "secondary"}}, {"type": "Feature", "geometry": {"type": "Point", "coordinates": [-73.99908, 40.840459]}, "properties": {"road": "NJ 5", "aadt": 6707, "year": 2022, "tier": "secondary"}}, {"type": "Feature", "geometry": {"type": "Point", "coordinates": [-74.000984, 40.840222]}, "properties": {"road": "NJ 5", "aadt": 6707, "year": 2022, "tier": "secondary"}}, {"type": "Feature", "geometry": {"type": "Point", "coordinates": [-74.003023, 40.840002]}, "properties": {"road": "NJ 5", "aadt": 6707, "year": 2022, "tier": "secondary"}}, {"type": "Feature", "geometry": {"type": "Point", "coordinates": [-73.980362, 40.838326]}, "properties": {"road": "NJ 5", "aadt": 6707, "year": 2022, "tier": "secondary"}}, {"type": "Feature", "geometry": {"type": "Point", "coordinates": [-73.981477, 40.83896]}, "properties": {"road": "NJ 5", "aadt": 6707, "year": 2022, "tier": "secondary"}}, {"type": "Feature", "geometry": {"type": "Point", "coordinates": [-73.98243, 40.839229]}, "properties": {"road": "NJ 5", "aadt": 6707, "year": 2022, "tier": "secondary"}}, {"type": "Feature", "geometry": {"type": "Point", "coordinates": [-73.983495, 40.838347]}, "properties": {"road": "NJ 5", "aadt": 6707, "year": 2022, "tier": "secondary"}}, {"type": "Feature", "geometry": {"type": "Point", "coordinates": [-73.984526, 40.837219]}, "properties": {"road": "NJ 5", "aadt": 6707, "year": 2022, "tier": "secondary"}}, {"type": "Feature", "geometry": {"type": "Point", "coordinates": [-73.985335, 40.835378]}, "properties": {"road": "NJ 5", "aadt": 6707, "year": 2022, "tier": "secondary"}}, {"type": "Feature", "geometry": {"type": "Point", "coordinates": [-73.986341, 40.83495]}, "properties": {"road": "NJ 5", "aadt": 6707, "year": 2022, "tier": "secondary"}}, {"type": "Feature", "geometry": {"type": "Point", "coordinates": [-73.988111, 40.83507]}, "properties": {"road": "NJ 5", "aadt": 6707, "year": 2022, "tier": "secondary"}}, {"type": "Feature", "geometry": {"type": "Point", "coordinates": [-73.98971, 40.835501]}, "properties": {"road": "NJ 5", "aadt": 6707, "year": 2022, "tier": "secondary"}}, {"type": "Feature", "geometry": {"type": "Point", "coordinates": [-73.990728, 40.836006]}, "properties": {"road": "NJ 5", "aadt": 6707, "year": 2022, "tier": "secondary"}}, {"type": "Feature", "geometry": {"type": "Point", "coordinates": [-73.991422, 40.836917]}, "properties": {"road": "NJ 5", "aadt": 6707, "year": 2022, "tier": "secondary"}}, {"type": "Feature", "geometry": {"type": "Point", "coordinates": [-73.991471, 40.837943]}, "properties": {"road": "NJ 5", "aadt": 6707, "year": 2022, "tier": "secondary"}}, {"type": "Feature", "geometry": {"type": "Point", "coordinates": [-73.991761, 40.839315]}, "properties": {"road": "NJ 5", "aadt": 6707, "year": 2022, "tier": "secondary"}}, {"type": "Feature", "geometry": {"type": "Point", "coordinates": [-73.992993, 40.840162]}, "properties": {"road": "NJ 5", "aadt": 6707, "year": 2022, "tier": "secondary"}}, {"type": "Feature", "geometry": {"type": "Point", "coordinates": [-74.051027, 40.722372]}, "properties": {"road": "I 1713", "aadt": 6696, "year": 2022, "tier": "secondary"}}, {"type": "Feature", "geometry": {"type": "Point", "coordinates": [-74.019517, 40.771365]}, "properties": {"road": "I 1121", "aadt": 6639, "year": 2022, "tier": "secondary"}}, {"type": "Feature", "geometry": {"type": "Point", "coordinates": [-74.020951, 40.770039]}, "properties": {"road": "I 1121", "aadt": 6639, "year": 2022, "tier": "secondary"}}, {"type": "Feature", "geometry": {"type": "Point", "coordinates": [-74.021217, 40.76868]}, "properties": {"road": "I 1121", "aadt": 6639, "year": 2022, "tier": "secondary"}}, {"type": "Feature", "geometry": {"type": "Point", "coordinates": [-74.021502, 40.767614]}, "properties": {"road": "I 1121", "aadt": 6639, "year": 2022, "tier": "secondary"}}, {"type": "Feature", "geometry": {"type": "Point", "coordinates": [-74.021854, 40.766614]}, "properties": {"road": "I 1121", "aadt": 6639, "year": 2022, "tier": "secondary"}}, {"type": "Feature", "geometry": {"type": "Point", "coordinates": [-74.025734, 40.762238]}, "properties": {"road": "I 1121", "aadt": 6639, "year": 2022, "tier": "secondary"}}, {"type": "Feature", "geometry": {"type": "Point", "coordinates": [-74.026958, 40.759568]}, "properties": {"road": "MUN 677", "aadt": 6639, "year": 2022, "tier": "secondary"}}, {"type": "Feature", "geometry": {"type": "Point", "coordinates": [-74.027279, 40.758503]}, "properties": {"road": "MUN 677", "aadt": 6639, "year": 2022, "tier": "secondary"}}, {"type": "Feature", "geometry": {"type": "Point", "coordinates": [-74.027437, 40.757982]}, "properties": {"road": "MUN 677", "aadt": 6639, "year": 2022, "tier": "secondary"}}, {"type": "Feature", "geometry": {"type": "Point", "coordinates": [-74.099027, 40.843618]}, "properties": {"road": "I 1081", "aadt": 6621, "year": 2022, "tier": "secondary"}}, {"type": "Feature", "geometry": {"type": "Point", "coordinates": [-74.10035, 40.841998]}, "properties": {"road": "I 1081", "aadt": 6621, "year": 2022, "tier": "secondary"}}, {"type": "Feature", "geometry": {"type": "Point", "coordinates": [-74.096274, 40.846697]}, "properties": {"road": "I 1081", "aadt": 6621, "year": 2022, "tier": "secondary"}}, {"type": "Feature", "geometry": {"type": "Point", "coordinates": [-74.099461, 40.843087]}, "properties": {"road": "I 1081", "aadt": 6621, "year": 2022, "tier": "secondary"}}, {"type": "Feature", "geometry": {"type": "Point", "coordinates": [-74.05821, 40.731563]}, "properties": {"road": "I 1565", "aadt": 6594, "year": 2022, "tier": "secondary"}}, {"type": "Feature", "geometry": {"type": "Point", "coordinates": [-74.117035, 40.755838]}, "properties": {"road": "Local 0 Ramp", "aadt": 6503, "year": 2022, "tier": "secondary"}}, {"type": "Feature", "geometry": {"type": "Point", "coordinates": [-74.148607, 40.785792]}, "properties": {"road": "Local 0 Ramp", "aadt": 6493, "year": 2022, "tier": "secondary"}}, {"type": "Feature", "geometry": {"type": "Point", "coordinates": [-74.084586, 40.722232]}, "properties": {"road": "I 1691", "aadt": 6491, "year": 2022, "tier": "secondary"}}, {"type": "Feature", "geometry": {"type": "Point", "coordinates": [-74.024374, 40.844485]}, "properties": {"road": "MUN 124", "aadt": 6468, "year": 2022, "tier": "secondary"}}, {"type": "Feature", "geometry": {"type": "Point", "coordinates": [-74.018219, 40.841062]}, "properties": {"road": "MUN 124", "aadt": 6468, "year": 2022, "tier": "secondary"}}, {"type": "Feature", "geometry": {"type": "Point", "coordinates": [-74.016518, 40.840612]}, "properties": {"road": "MUN 124", "aadt": 6468, "year": 2022, "tier": "secondary"}}, {"type": "Feature", "geometry": {"type": "Point", "coordinates": [-74.016973, 40.838847]}, "properties": {"road": "MUN 124", "aadt": 6468, "year": 2022, "tier": "secondary"}}, {"type": "Feature", "geometry": {"type": "Point", "coordinates": [-74.011668, 40.833315]}, "properties": {"road": "MUN 124", "aadt": 6468, "year": 2022, "tier": "secondary"}}, {"type": "Feature", "geometry": {"type": "Point", "coordinates": [-74.010834, 40.833187]}, "properties": {"road": "MUN 124", "aadt": 6468, "year": 2022, "tier": "secondary"}}, {"type": "Feature", "geometry": {"type": "Point", "coordinates": [-74.018177, 40.836334]}, "properties": {"road": "MUN 124", "aadt": 6468, "year": 2022, "tier": "secondary"}}, {"type": "Feature", "geometry": {"type": "Point", "coordinates": [-74.051473, 40.754672]}, "properties": {"road": "I 1753", "aadt": 6451, "year": 2022, "tier": "secondary"}}, {"type": "Feature", "geometry": {"type": "Point", "coordinates": [-74.03523, 40.758164]}, "properties": {"road": "I 1265", "aadt": 6288, "year": 2022, "tier": "secondary"}}, {"type": "Feature", "geometry": {"type": "Point", "coordinates": [-74.034798, 40.770885]}, "properties": {"road": "I 1260", "aadt": 6272, "year": 2022, "tier": "secondary"}}, {"type": "Feature", "geometry": {"type": "Point", "coordinates": [-74.033036, 40.773006]}, "properties": {"road": "I 1260", "aadt": 6272, "year": 2022, "tier": "secondary"}}, {"type": "Feature", "geometry": {"type": "Point", "coordinates": [-74.123381, 40.732161]}, "properties": {"road": "I 1820", "aadt": 6211, "year": 2022, "tier": "secondary"}}, {"type": "Feature", "geometry": {"type": "Point", "coordinates": [-74.122358, 40.733783]}, "properties": {"road": "I 1820", "aadt": 6211, "year": 2022, "tier": "secondary"}}, {"type": "Feature", "geometry": {"type": "Point", "coordinates": [-74.119786, 40.73378]}, "properties": {"road": "I 1820", "aadt": 6211, "year": 2022, "tier": "secondary"}}, {"type": "Feature", "geometry": {"type": "Point", "coordinates": [-74.120159, 40.732773]}, "properties": {"road": "I 1820", "aadt": 6211, "year": 2022, "tier": "secondary"}}, {"type": "Feature", "geometry": {"type": "Point", "coordinates": [-74.121573, 40.729515]}, "properties": {"road": "I 1820", "aadt": 6211, "year": 2022, "tier": "secondary"}}, {"type": "Feature", "geometry": {"type": "Point", "coordinates": [-74.122224, 40.727955]}, "properties": {"road": "I 1820", "aadt": 6211, "year": 2022, "tier": "secondary"}}, {"type": "Feature", "geometry": {"type": "Point", "coordinates": [-74.122734, 40.726725]}, "properties": {"road": "I 1820", "aadt": 6211, "year": 2022, "tier": "secondary"}}, {"type": "Feature", "geometry": {"type": "Point", "coordinates": [-74.123767, 40.724313]}, "properties": {"road": "I 1820", "aadt": 6211, "year": 2022, "tier": "secondary"}}, {"type": "Feature", "geometry": {"type": "Point", "coordinates": [-74.120516, 40.73197]}, "properties": {"road": "I 1820", "aadt": 6211, "year": 2022, "tier": "secondary"}}, {"type": "Feature", "geometry": {"type": "Point", "coordinates": [-74.120983, 40.730895]}, "properties": {"road": "I 1820", "aadt": 6211, "year": 2022, "tier": "secondary"}}, {"type": "Feature", "geometry": {"type": "Point", "coordinates": [-74.124343, 40.722986]}, "properties": {"road": "I 1820", "aadt": 6211, "year": 2022, "tier": "secondary"}}, {"type": "Feature", "geometry": {"type": "Point", "coordinates": [-74.123272, 40.725459]}, "properties": {"road": "I 1820", "aadt": 6211, "year": 2022, "tier": "secondary"}}, {"type": "Feature", "geometry": {"type": "Point", "coordinates": [-74.120774, 40.734648]}, "properties": {"road": "I 1820", "aadt": 6211, "year": 2022, "tier": "secondary"}}, {"type": "Feature", "geometry": {"type": "Point", "coordinates": [-74.125019, 40.721905]}, "properties": {"road": "I 1820", "aadt": 6211, "year": 2022, "tier": "secondary"}}, {"type": "Feature", "geometry": {"type": "Point", "coordinates": [-74.122548, 40.733442]}, "properties": {"road": "I 1820", "aadt": 6211, "year": 2022, "tier": "secondary"}}, {"type": "Feature", "geometry": {"type": "Point", "coordinates": [-74.125823, 40.72053]}, "properties": {"road": "I 1820", "aadt": 6211, "year": 2022, "tier": "secondary"}}, {"type": "Feature", "geometry": {"type": "Point", "coordinates": [-74.01592, 40.778892]}, "properties": {"road": "I 1116", "aadt": 6158, "year": 2022, "tier": "secondary"}}, {"type": "Feature", "geometry": {"type": "Point", "coordinates": [-74.065867, 40.796361]}, "properties": {"road": "Local 0 Ramp", "aadt": 6123, "year": 2022, "tier": "secondary"}}, {"type": "Feature", "geometry": {"type": "Point", "coordinates": [-73.991687, 40.847046]}, "properties": {"road": "I 1054", "aadt": 6116, "year": 2022, "tier": "secondary"}}, {"type": "Feature", "geometry": {"type": "Point", "coordinates": [-74.126939, 40.839394]}, "properties": {"road": "MUN 608", "aadt": 6113, "year": 2022, "tier": "secondary"}}, {"type": "Feature", "geometry": {"type": "Point", "coordinates": [-74.126371, 40.729151]}, "properties": {"road": "Local 0 Ramp", "aadt": 6068, "year": 2022, "tier": "secondary"}}, {"type": "Feature", "geometry": {"type": "Point", "coordinates": [-74.129566, 40.730262]}, "properties": {"road": "Local 0 Ramp", "aadt": 6026, "year": 2022, "tier": "secondary"}}, {"type": "Feature", "geometry": {"type": "Point", "coordinates": [-74.148903, 40.72146]}, "properties": {"road": "Local 0 Ramp", "aadt": 6011, "year": 2022, "tier": "secondary"}}, {"type": "Feature", "geometry": {"type": "Point", "coordinates": [-74.148011, 40.722001]}, "properties": {"road": "Local 0 Ramp", "aadt": 6011, "year": 2022, "tier": "secondary"}}, {"type": "Feature", "geometry": {"type": "Point", "coordinates": [-74.079737, 40.844168]}, "properties": {"road": "Local 0 Ramp", "aadt": 6003, "year": 2022, "tier": "secondary"}}, {"type": "Feature", "geometry": {"type": "Point", "coordinates": [-74.12786, 40.728867]}, "properties": {"road": "Local 0 Ramp", "aadt": 5937, "year": 2022, "tier": "secondary"}}, {"type": "Feature", "geometry": {"type": "Point", "coordinates": [-74.037869, 40.737072]}, "properties": {"road": "MUN 636", "aadt": 5934, "year": 2022, "tier": "secondary"}}, {"type": "Feature", "geometry": {"type": "Point", "coordinates": [-74.144562, 40.834101]}, "properties": {"road": "MUN 602", "aadt": 5927, "year": 2022, "tier": "secondary"}}, {"type": "Feature", "geometry": {"type": "Point", "coordinates": [-74.118518, 40.755436]}, "properties": {"road": "Local 0 Ramp", "aadt": 5919, "year": 2022, "tier": "secondary"}}, {"type": "Feature", "geometry": {"type": "Point", "coordinates": [-74.04266, 40.768923]}, "properties": {"road": "MUN 681", "aadt": 5917, "year": 2022, "tier": "secondary"}}, {"type": "Feature", "geometry": {"type": "Point", "coordinates": [-74.045223, 40.763333]}, "properties": {"road": "MUN 681", "aadt": 5917, "year": 2022, "tier": "secondary"}}, {"type": "Feature", "geometry": {"type": "Point", "coordinates": [-74.044865, 40.761207]}, "properties": {"road": "MUN 681", "aadt": 5917, "year": 2022, "tier": "secondary"}}, {"type": "Feature", "geometry": {"type": "Point", "coordinates": [-74.045162, 40.762429]}, "properties": {"road": "MUN 681", "aadt": 5917, "year": 2022, "tier": "secondary"}}, {"type": "Feature", "geometry": {"type": "Point", "coordinates": [-74.044529, 40.759895]}, "properties": {"road": "MUN 681", "aadt": 5917, "year": 2022, "tier": "secondary"}}, {"type": "Feature", "geometry": {"type": "Point", "coordinates": [-74.059468, 40.835558]}, "properties": {"road": "MUN 36", "aadt": 5909, "year": 2022, "tier": "secondary"}}, {"type": "Feature", "geometry": {"type": "Point", "coordinates": [-74.063766, 40.838962]}, "properties": {"road": "MUN 36", "aadt": 5909, "year": 2022, "tier": "secondary"}}, {"type": "Feature", "geometry": {"type": "Point", "coordinates": [-74.069594, 40.839963]}, "properties": {"road": "MUN 36", "aadt": 5909, "year": 2022, "tier": "secondary"}}, {"type": "Feature", "geometry": {"type": "Point", "coordinates": [-74.073722, 40.841494]}, "properties": {"road": "MUN 36", "aadt": 5909, "year": 2022, "tier": "secondary"}}, {"type": "Feature", "geometry": {"type": "Point", "coordinates": [-74.075635, 40.842604]}, "properties": {"road": "MUN 36", "aadt": 5909, "year": 2022, "tier": "secondary"}}, {"type": "Feature", "geometry": {"type": "Point", "coordinates": [-74.077182, 40.843874]}, "properties": {"road": "MUN 36", "aadt": 5909, "year": 2022, "tier": "secondary"}}, {"type": "Feature", "geometry": {"type": "Point", "coordinates": [-74.07878, 40.844441]}, "properties": {"road": "MUN 36", "aadt": 5909, "year": 2022, "tier": "secondary"}}, {"type": "Feature", "geometry": {"type": "Point", "coordinates": [-74.039556, 40.764388]}, "properties": {"road": "I 1031", "aadt": 5894, "year": 2022, "tier": "secondary"}}, {"type": "Feature", "geometry": {"type": "Point", "coordinates": [-74.128997, 40.73057]}, "properties": {"road": "Local 0 Ramp", "aadt": 5889, "year": 2022, "tier": "secondary"}}, {"type": "Feature", "geometry": {"type": "Point", "coordinates": [-74.035219, 40.763436]}, "properties": {"road": "I 1254", "aadt": 5833, "year": 2022, "tier": "secondary"}}, {"type": "Feature", "geometry": {"type": "Point", "coordinates": [-74.029798, 40.771334]}, "properties": {"road": "I 1254", "aadt": 5833, "year": 2022, "tier": "secondary"}}, {"type": "Feature", "geometry": {"type": "Point", "coordinates": [-74.027255, 40.774697]}, "properties": {"road": "I 1254", "aadt": 5833, "year": 2022, "tier": "secondary"}}, {"type": "Feature", "geometry": {"type": "Point", "coordinates": [-74.002178, 40.843207]}, "properties": {"road": "Local 0 Ramp", "aadt": 5793, "year": 2022, "tier": "secondary"}}, {"type": "Feature", "geometry": {"type": "Point", "coordinates": [-74.14524, 40.724272]}, "properties": {"road": "I 1454", "aadt": 5773, "year": 2022, "tier": "secondary"}}, {"type": "Feature", "geometry": {"type": "Point", "coordinates": [-73.981529, 40.831612]}, "properties": {"road": "MUN 119", "aadt": 5679, "year": 2022, "tier": "secondary"}}, {"type": "Feature", "geometry": {"type": "Point", "coordinates": [-74.139839, 40.80864]}, "properties": {"road": "Local 0 Ramp", "aadt": 5676, "year": 2022, "tier": "secondary"}}, {"type": "Feature", "geometry": {"type": "Point", "coordinates": [-74.127311, 40.730779]}, "properties": {"road": "Local 0 Ramp", "aadt": 5649, "year": 2022, "tier": "secondary"}}, {"type": "Feature", "geometry": {"type": "Point", "coordinates": [-74.040094, 40.739084]}, "properties": {"road": "I 1048", "aadt": 5606, "year": 2022, "tier": "secondary"}}, {"type": "Feature", "geometry": {"type": "Point", "coordinates": [-74.103878, 40.814407]}, "properties": {"road": "Local 0 Ramp", "aadt": 5552, "year": 2022, "tier": "secondary"}}, {"type": "Feature", "geometry": {"type": "Point", "coordinates": [-74.020886, 40.778768]}, "properties": {"road": "I 1107", "aadt": 5546, "year": 2022, "tier": "secondary"}}, {"type": "Feature", "geometry": {"type": "Point", "coordinates": [-74.051515, 40.759258]}, "properties": {"road": "Local 0 Ramp", "aadt": 5499, "year": 2022, "tier": "secondary"}}, {"type": "Feature", "geometry": {"type": "Point", "coordinates": [-74.104643, 40.82517]}, "properties": {"road": "I 1127", "aadt": 5489, "year": 2022, "tier": "secondary"}}, {"type": "Feature", "geometry": {"type": "Point", "coordinates": [-74.065794, 40.723008]}, "properties": {"road": "I 1699", "aadt": 5425, "year": 2022, "tier": "secondary"}}, {"type": "Feature", "geometry": {"type": "Point", "coordinates": [-74.070816, 40.751498]}, "properties": {"road": "Local 0 Ramp", "aadt": 5424, "year": 2022, "tier": "secondary"}}, {"type": "Feature", "geometry": {"type": "Point", "coordinates": [-73.996098, 40.83938]}, "properties": {"road": "I 1108", "aadt": 5400, "year": 2022, "tier": "secondary"}}, {"type": "Feature", "geometry": {"type": "Point", "coordinates": [-74.146318, 40.729777]}, "properties": {"road": "I 1844", "aadt": 5323, "year": 2022, "tier": "secondary"}}, {"type": "Feature", "geometry": {"type": "Point", "coordinates": [-74.147248, 40.729596]}, "properties": {"road": "I 1844", "aadt": 5323, "year": 2022, "tier": "secondary"}}, {"type": "Feature", "geometry": {"type": "Point", "coordinates": [-74.149486, 40.729159]}, "properties": {"road": "I 1844", "aadt": 5323, "year": 2022, "tier": "secondary"}}, {"type": "Feature", "geometry": {"type": "Point", "coordinates": [-74.028591, 40.771195]}, "properties": {"road": "I 1109", "aadt": 5215, "year": 2022, "tier": "secondary"}}, {"type": "Feature", "geometry": {"type": "Point", "coordinates": [-74.024516, 40.776201]}, "properties": {"road": "I 1109", "aadt": 5215, "year": 2022, "tier": "secondary"}}, {"type": "Feature", "geometry": {"type": "Point", "coordinates": [-74.058, 40.794962]}, "properties": {"road": "Local 0 Ramp", "aadt": 5193, "year": 2022, "tier": "secondary"}}, {"type": "Feature", "geometry": {"type": "Point", "coordinates": [-74.0555, 40.79334]}, "properties": {"road": "Local 0 Ramp", "aadt": 5193, "year": 2022, "tier": "secondary"}}, {"type": "Feature", "geometry": {"type": "Point", "coordinates": [-74.121839, 40.734768]}, "properties": {"road": "Local 0 Ramp", "aadt": 5186, "year": 2022, "tier": "secondary"}}, {"type": "Feature", "geometry": {"type": "Point", "coordinates": [-74.057437, 40.73095]}, "properties": {"road": "I 1560", "aadt": 5174, "year": 2022, "tier": "secondary"}}, {"type": "Feature", "geometry": {"type": "Point", "coordinates": [-74.054723, 40.733192]}, "properties": {"road": "I 1560", "aadt": 5174, "year": 2022, "tier": "secondary"}}, {"type": "Feature", "geometry": {"type": "Point", "coordinates": [-74.059886, 40.729304]}, "properties": {"road": "I 1560", "aadt": 5174, "year": 2022, "tier": "secondary"}}, {"type": "Feature", "geometry": {"type": "Point", "coordinates": [-74.051786, 40.736257]}, "properties": {"road": "I 1560", "aadt": 5174, "year": 2022, "tier": "secondary"}}, {"type": "Feature", "geometry": {"type": "Point", "coordinates": [-74.062981, 40.72533]}, "properties": {"road": "I 1560", "aadt": 5174, "year": 2022, "tier": "secondary"}}, {"type": "Feature", "geometry": {"type": "Point", "coordinates": [-74.042304, 40.723801]}, "properties": {"road": "I 1720", "aadt": 5166, "year": 2022, "tier": "secondary"}}, {"type": "Feature", "geometry": {"type": "Point", "coordinates": [-74.041482, 40.729191]}, "properties": {"road": "I 1720", "aadt": 5166, "year": 2022, "tier": "secondary"}}, {"type": "Feature", "geometry": {"type": "Point", "coordinates": [-74.041114, 40.731423]}, "properties": {"road": "I 1720", "aadt": 5166, "year": 2022, "tier": "secondary"}}, {"type": "Feature", "geometry": {"type": "Point", "coordinates": [-74.040434, 40.736002]}, "properties": {"road": "I 1720", "aadt": 5166, "year": 2022, "tier": "secondary"}}, {"type": "Feature", "geometry": {"type": "Point", "coordinates": [-74.033063, 40.742851]}, "properties": {"road": "MUN 675", "aadt": 5134, "year": 2022, "tier": "secondary"}}, {"type": "Feature", "geometry": {"type": "Point", "coordinates": [-74.02992, 40.753018]}, "properties": {"road": "MUN 675", "aadt": 5134, "year": 2022, "tier": "secondary"}}, {"type": "Feature", "geometry": {"type": "Point", "coordinates": [-74.028025, 40.759139]}, "properties": {"road": "MUN 675", "aadt": 5134, "year": 2022, "tier": "secondary"}}, {"type": "Feature", "geometry": {"type": "Point", "coordinates": [-74.0289, 40.756282]}, "properties": {"road": "MUN 675", "aadt": 5134, "year": 2022, "tier": "secondary"}}, {"type": "Feature", "geometry": {"type": "Point", "coordinates": [-74.028431, 40.757807]}, "properties": {"road": "MUN 675", "aadt": 5134, "year": 2022, "tier": "secondary"}}, {"type": "Feature", "geometry": {"type": "Point", "coordinates": [-74.052322, 40.759729]}, "properties": {"road": "Local 0 Ramp", "aadt": 5123, "year": 2022, "tier": "secondary"}}, {"type": "Feature", "geometry": {"type": "Point", "coordinates": [-74.101894, 40.830595]}, "properties": {"road": "MUN 32", "aadt": 5100, "year": 2022, "tier": "secondary"}}, {"type": "Feature", "geometry": {"type": "Point", "coordinates": [-74.128732, 40.799268]}, "properties": {"road": "MUN 26", "aadt": 5060, "year": 2022, "tier": "secondary"}}, {"type": "Feature", "geometry": {"type": "Point", "coordinates": [-74.129528, 40.799714]}, "properties": {"road": "MUN 26", "aadt": 5060, "year": 2022, "tier": "secondary"}}, {"type": "Feature", "geometry": {"type": "Point", "coordinates": [-74.131251, 40.80068]}, "properties": {"road": "MUN 26", "aadt": 5060, "year": 2022, "tier": "secondary"}}, {"type": "Feature", "geometry": {"type": "Point", "coordinates": [-74.133642, 40.802012]}, "properties": {"road": "MUN 26", "aadt": 5060, "year": 2022, "tier": "secondary"}}, {"type": "Feature", "geometry": {"type": "Point", "coordinates": [-74.126926, 40.798258]}, "properties": {"road": "MUN 26", "aadt": 5060, "year": 2022, "tier": "secondary"}}, {"type": "Feature", "geometry": {"type": "Point", "coordinates": [-74.077314, 40.780612]}, "properties": {"road": "I 1116", "aadt": 4996, "year": 2022, "tier": "secondary"}}, {"type": "Feature", "geometry": {"type": "Point", "coordinates": [-74.066599, 40.777839]}, "properties": {"road": "I 1116", "aadt": 4996, "year": 2022, "tier": "secondary"}}, {"type": "Feature", "geometry": {"type": "Point", "coordinates": [-74.033022, 40.73727]}, "properties": {"road": "MUN 636", "aadt": 4982, "year": 2022, "tier": "secondary"}}, {"type": "Feature", "geometry": {"type": "Point", "coordinates": [-74.035478, 40.737437]}, "properties": {"road": "MUN 636", "aadt": 4982, "year": 2022, "tier": "secondary"}}, {"type": "Feature", "geometry": {"type": "Point", "coordinates": [-74.133992, 40.737011]}, "properties": {"road": "I 1463", "aadt": 4965, "year": 2022, "tier": "secondary"}}, {"type": "Feature", "geometry": {"type": "Point", "coordinates": [-74.137146, 40.736872]}, "properties": {"road": "I 1463", "aadt": 4965, "year": 2022, "tier": "secondary"}}, {"type": "Feature", "geometry": {"type": "Point", "coordinates": [-74.143675, 40.721267]}, "properties": {"road": "I 1445", "aadt": 4965, "year": 2022, "tier": "secondary"}}, {"type": "Feature", "geometry": {"type": "Point", "coordinates": [-74.141983, 40.732516]}, "properties": {"road": "I 1444", "aadt": 4965, "year": 2022, "tier": "secondary"}}, {"type": "Feature", "geometry": {"type": "Point", "coordinates": [-74.132458, 40.735081]}, "properties": {"road": "I 1442", "aadt": 4965, "year": 2022, "tier": "secondary"}}, {"type": "Feature", "geometry": {"type": "Point", "coordinates": [-74.133823, 40.738793]}, "properties": {"road": "I 1441", "aadt": 4965, "year": 2022, "tier": "secondary"}}, {"type": "Feature", "geometry": {"type": "Point", "coordinates": [-74.132551, 40.735395]}, "properties": {"road": "I 2000", "aadt": 4965, "year": 2022, "tier": "secondary"}}, {"type": "Feature", "geometry": {"type": "Point", "coordinates": [-74.146537, 40.729971]}, "properties": {"road": "I 1437", "aadt": 4965, "year": 2022, "tier": "secondary"}}, {"type": "Feature", "geometry": {"type": "Point", "coordinates": [-74.133887, 40.736642]}, "properties": {"road": "I 1464", "aadt": 4965, "year": 2022, "tier": "secondary"}}, {"type": "Feature", "geometry": {"type": "Point", "coordinates": [-74.04009, 40.776011]}, "properties": {"road": "Local 0 Ramp", "aadt": 4957, "year": 2022, "tier": "secondary"}}, {"type": "Feature", "geometry": {"type": "Point", "coordinates": [-74.124878, 40.837575]}, "properties": {"road": "Local 0 Ramp", "aadt": 4934, "year": 2022, "tier": "secondary"}}, {"type": "Feature", "geometry": {"type": "Point", "coordinates": [-74.030505, 40.768323]}, "properties": {"road": "I 1109", "aadt": 4839, "year": 2022, "tier": "secondary"}}, {"type": "Feature", "geometry": {"type": "Point", "coordinates": [-74.033399, 40.763737]}, "properties": {"road": "I 1109", "aadt": 4839, "year": 2022, "tier": "secondary"}}, {"type": "Feature", "geometry": {"type": "Point", "coordinates": [-74.03381, 40.763049]}, "properties": {"road": "I 1109", "aadt": 4839, "year": 2022, "tier": "secondary"}}, {"type": "Feature", "geometry": {"type": "Point", "coordinates": [-74.147581, 40.834662]}, "properties": {"road": "Local 0 Ramp", "aadt": 4727, "year": 2022, "tier": "secondary"}}, {"type": "Feature", "geometry": {"type": "Point", "coordinates": [-74.147505, 40.848218]}, "properties": {"road": "MUN 622", "aadt": 4706, "year": 2022, "tier": "secondary"}}, {"type": "Feature", "geometry": {"type": "Point", "coordinates": [-74.103264, 40.812864]}, "properties": {"road": "Local 0 Ramp", "aadt": 4703, "year": 2022, "tier": "secondary"}}, {"type": "Feature", "geometry": {"type": "Point", "coordinates": [-74.092026, 40.842678]}, "properties": {"road": "I 1082", "aadt": 4689, "year": 2022, "tier": "secondary"}}, {"type": "Feature", "geometry": {"type": "Point", "coordinates": [-74.13679, 40.847301]}, "properties": {"road": "I 1687", "aadt": 4683, "year": 2022, "tier": "secondary"}}, {"type": "Feature", "geometry": {"type": "Point", "coordinates": [-74.145076, 40.838113]}, "properties": {"road": "MUN 603", "aadt": 4683, "year": 2022, "tier": "secondary"}}, {"type": "Feature", "geometry": {"type": "Point", "coordinates": [-74.000618, 40.840482]}, "properties": {"road": "MUN 31 Ramp", "aadt": 4682, "year": 2022, "tier": "secondary"}}, {"type": "Feature", "geometry": {"type": "Point", "coordinates": [-74.084176, 40.742761]}, "properties": {"road": "Local 0 Ramp", "aadt": 4652, "year": 2022, "tier": "secondary"}}, {"type": "Feature", "geometry": {"type": "Point", "coordinates": [-74.034601, 40.757271]}, "properties": {"road": "MUN 683", "aadt": 4651, "year": 2022, "tier": "secondary"}}, {"type": "Feature", "geometry": {"type": "Point", "coordinates": [-74.036478, 40.753902]}, "properties": {"road": "MUN 683", "aadt": 4651, "year": 2022, "tier": "secondary"}}, {"type": "Feature", "geometry": {"type": "Point", "coordinates": [-74.033948, 40.758953]}, "properties": {"road": "MUN 683", "aadt": 4651, "year": 2022, "tier": "secondary"}}, {"type": "Feature", "geometry": {"type": "Point", "coordinates": [-74.108666, 40.805184]}, "properties": {"road": "I 1145", "aadt": 4606, "year": 2022, "tier": "secondary"}}, {"type": "Feature", "geometry": {"type": "Point", "coordinates": [-74.061275, 40.792264]}, "properties": {"road": "I 1140", "aadt": 4580, "year": 2022, "tier": "secondary"}}, {"type": "Feature", "geometry": {"type": "Point", "coordinates": [-74.028962, 40.770753]}, "properties": {"road": "I 1249", "aadt": 4569, "year": 2022, "tier": "secondary"}}, {"type": "Feature", "geometry": {"type": "Point", "coordinates": [-74.149155, 40.833791]}, "properties": {"road": "I 1712", "aadt": 4556, "year": 2022, "tier": "secondary"}}, {"type": "Feature", "geometry": {"type": "Point", "coordinates": [-74.12682, 40.728084]}, "properties": {"road": "Local 0 Ramp", "aadt": 4538, "year": 2022, "tier": "secondary"}}, {"type": "Feature", "geometry": {"type": "Point", "coordinates": [-74.008979, 40.788991]}, "properties": {"road": "I 1253", "aadt": 4535, "year": 2022, "tier": "secondary"}}, {"type": "Feature", "geometry": {"type": "Point", "coordinates": [-74.139199, 40.810367]}, "properties": {"road": "Local 0 Ramp", "aadt": 4507, "year": 2022, "tier": "secondary"}}, {"type": "Feature", "geometry": {"type": "Point", "coordinates": [-74.049273, 40.757882]}, "properties": {"road": "I 1754", "aadt": 4427, "year": 2022, "tier": "secondary"}}, {"type": "Feature", "geometry": {"type": "Point", "coordinates": [-74.056641, 40.734993]}, "properties": {"road": "I 1743", "aadt": 4427, "year": 2022, "tier": "secondary"}}, {"type": "Feature", "geometry": {"type": "Point", "coordinates": [-74.069232, 40.815522]}, "properties": {"road": "Local 0 Ramp", "aadt": 4392, "year": 2022, "tier": "secondary"}}, {"type": "Feature", "geometry": {"type": "Point", "coordinates": [-74.058558, 40.74566]}, "properties": {"road": "I 1572", "aadt": 4367, "year": 2022, "tier": "secondary"}}, {"type": "Feature", "geometry": {"type": "Point", "coordinates": [-74.062254, 40.748651]}, "properties": {"road": "I 1572", "aadt": 4367, "year": 2022, "tier": "secondary"}}, {"type": "Feature", "geometry": {"type": "Point", "coordinates": [-74.043456, 40.784159]}, "properties": {"road": "I 1126", "aadt": 4362, "year": 2022, "tier": "secondary"}}, {"type": "Feature", "geometry": {"type": "Point", "coordinates": [-74.049702, 40.792923]}, "properties": {"road": "I 1123", "aadt": 4362, "year": 2022, "tier": "secondary"}}, {"type": "Feature", "geometry": {"type": "Point", "coordinates": [-74.074195, 40.782226]}, "properties": {"road": "I 1121", "aadt": 4362, "year": 2022, "tier": "secondary"}}, {"type": "Feature", "geometry": {"type": "Point", "coordinates": [-74.048442, 40.793393]}, "properties": {"road": "I 1126", "aadt": 4362, "year": 2022, "tier": "secondary"}}, {"type": "Feature", "geometry": {"type": "Point", "coordinates": [-74.043858, 40.790433]}, "properties": {"road": "I 1126", "aadt": 4362, "year": 2022, "tier": "secondary"}}, {"type": "Feature", "geometry": {"type": "Point", "coordinates": [-74.045876, 40.79166]}, "properties": {"road": "I 1126", "aadt": 4362, "year": 2022, "tier": "secondary"}}, {"type": "Feature", "geometry": {"type": "Point", "coordinates": [-74.126789, 40.829456]}, "properties": {"road": "MUN 610", "aadt": 4352, "year": 2022, "tier": "secondary"}}, {"type": "Feature", "geometry": {"type": "Point", "coordinates": [-74.140075, 40.736534]}, "properties": {"road": "I 1441", "aadt": 4305, "year": 2022, "tier": "secondary"}}, {"type": "Feature", "geometry": {"type": "Point", "coordinates": [-74.139984, 40.73549]}, "properties": {"road": "I 1441", "aadt": 4305, "year": 2022, "tier": "secondary"}}, {"type": "Feature", "geometry": {"type": "Point", "coordinates": [-74.139868, 40.733926]}, "properties": {"road": "I 1441", "aadt": 4305, "year": 2022, "tier": "secondary"}}, {"type": "Feature", "geometry": {"type": "Point", "coordinates": [-74.139765, 40.732499]}, "properties": {"road": "I 1441", "aadt": 4305, "year": 2022, "tier": "secondary"}}, {"type": "Feature", "geometry": {"type": "Point", "coordinates": [-73.998163, 40.805514]}, "properties": {"road": "MUN 719", "aadt": 4293, "year": 2022, "tier": "secondary"}}, {"type": "Feature", "geometry": {"type": "Point", "coordinates": [-73.996579, 40.80656]}, "properties": {"road": "MUN 719", "aadt": 4293, "year": 2022, "tier": "secondary"}}, {"type": "Feature", "geometry": {"type": "Point", "coordinates": [-74.147549, 40.757835]}, "properties": {"road": "I 1142", "aadt": 4287, "year": 2022, "tier": "secondary"}}, {"type": "Feature", "geometry": {"type": "Point", "coordinates": [-74.123684, 40.733619]}, "properties": {"road": "Local 0 Ramp", "aadt": 4283, "year": 2022, "tier": "secondary"}}, {"type": "Feature", "geometry": {"type": "Point", "coordinates": [-74.133569, 40.729607]}, "properties": {"road": "Local 0 Ramp", "aadt": 4210, "year": 2022, "tier": "secondary"}}, {"type": "Feature", "geometry": {"type": "Point", "coordinates": [-74.079496, 40.727992]}, "properties": {"road": "I 1684", "aadt": 4208, "year": 2022, "tier": "secondary"}}, {"type": "Feature", "geometry": {"type": "Point", "coordinates": [-74.036802, 40.758389]}, "properties": {"road": "I 1109", "aadt": 4190, "year": 2022, "tier": "secondary"}}, {"type": "Feature", "geometry": {"type": "Point", "coordinates": [-74.045989, 40.750917]}, "properties": {"road": "I 1744", "aadt": 4185, "year": 2022, "tier": "secondary"}}, {"type": "Feature", "geometry": {"type": "Point", "coordinates": [-74.12713, 40.73497]}, "properties": {"road": "Local 0 Ramp", "aadt": 4146, "year": 2022, "tier": "secondary"}}, {"type": "Feature", "geometry": {"type": "Point", "coordinates": [-74.051412, 40.753195]}, "properties": {"road": "I 1573", "aadt": 4123, "year": 2022, "tier": "secondary"}}, {"type": "Feature", "geometry": {"type": "Point", "coordinates": [-74.034256, 40.742086]}, "properties": {"road": "I 1057", "aadt": 4123, "year": 2022, "tier": "secondary"}}, {"type": "Feature", "geometry": {"type": "Point", "coordinates": [-74.027745, 40.760037]}, "properties": {"road": "I 1065", "aadt": 4123, "year": 2022, "tier": "secondary"}}, {"type": "Feature", "geometry": {"type": "Point", "coordinates": [-74.063655, 40.739434]}, "properties": {"road": "Local 0 Ramp", "aadt": 4111, "year": 2022, "tier": "secondary"}}, {"type": "Feature", "geometry": {"type": "Point", "coordinates": [-74.140386, 40.843089]}, "properties": {"road": "MUN 603", "aadt": 4093, "year": 2022, "tier": "secondary"}}, {"type": "Feature", "geometry": {"type": "Point", "coordinates": [-74.033103, 40.761259]}, "properties": {"road": "I 1114", "aadt": 4090, "year": 2022, "tier": "secondary"}}, {"type": "Feature", "geometry": {"type": "Point", "coordinates": [-74.037309, 40.738576]}, "properties": {"road": "MUN 638", "aadt": 4060, "year": 2022, "tier": "secondary"}}, {"type": "Feature", "geometry": {"type": "Point", "coordinates": [-74.048843, 40.74022]}, "properties": {"road": "I 1749", "aadt": 3898, "year": 2022, "tier": "secondary"}}, {"type": "Feature", "geometry": {"type": "Point", "coordinates": [-74.049673, 40.739338]}, "properties": {"road": "I 1749", "aadt": 3898, "year": 2022, "tier": "secondary"}}, {"type": "Feature", "geometry": {"type": "Point", "coordinates": [-74.04497, 40.746126]}, "properties": {"road": "I 1749", "aadt": 3898, "year": 2022, "tier": "secondary"}}, {"type": "Feature", "geometry": {"type": "Point", "coordinates": [-74.042472, 40.750161]}, "properties": {"road": "I 1749", "aadt": 3898, "year": 2022, "tier": "secondary"}}, {"type": "Feature", "geometry": {"type": "Point", "coordinates": [-74.004099, 40.813568]}, "properties": {"road": "MUN 48 Ramp", "aadt": 3886, "year": 2022, "tier": "secondary"}}, {"type": "Feature", "geometry": {"type": "Point", "coordinates": [-74.103778, 40.849886]}, "properties": {"road": "I 1080", "aadt": 3819, "year": 2022, "tier": "secondary"}}, {"type": "Feature", "geometry": {"type": "Point", "coordinates": [-74.025876, 40.772331]}, "properties": {"road": "I 1107", "aadt": 3775, "year": 2022, "tier": "secondary"}}, {"type": "Feature", "geometry": {"type": "Point", "coordinates": [-74.045226, 40.828274]}, "properties": {"road": "I 1042", "aadt": 3742, "year": 2022, "tier": "secondary"}}, {"type": "Feature", "geometry": {"type": "Point", "coordinates": [-73.986427, 40.834948]}, "properties": {"road": "I 1131", "aadt": 3742, "year": 2022, "tier": "secondary"}}, {"type": "Feature", "geometry": {"type": "Point", "coordinates": [-74.017277, 40.849176]}, "properties": {"road": "I 1102", "aadt": 3742, "year": 2022, "tier": "secondary"}}, {"type": "Feature", "geometry": {"type": "Point", "coordinates": [-74.016086, 40.848765]}, "properties": {"road": "I 1102", "aadt": 3742, "year": 2022, "tier": "secondary"}}, {"type": "Feature", "geometry": {"type": "Point", "coordinates": [-74.09051, 40.83677]}, "properties": {"road": "I 1003", "aadt": 3742, "year": 2022, "tier": "secondary"}}, {"type": "Feature", "geometry": {"type": "Point", "coordinates": [-74.081207, 40.843804]}, "properties": {"road": "I 1058", "aadt": 3742, "year": 2022, "tier": "secondary"}}, {"type": "Feature", "geometry": {"type": "Point", "coordinates": [-74.051153, 40.828045]}, "properties": {"road": "I 1083", "aadt": 3742, "year": 2022, "tier": "secondary"}}, {"type": "Feature", "geometry": {"type": "Point", "coordinates": [-74.019777, 40.848755]}, "properties": {"road": "I 1062", "aadt": 3742, "year": 2022, "tier": "secondary"}}, {"type": "Feature", "geometry": {"type": "Point", "coordinates": [-74.109554, 40.814923]}, "properties": {"road": "I 1082", "aadt": 3742, "year": 2022, "tier": "secondary"}}, {"type": "Feature", "geometry": {"type": "Point", "coordinates": [-74.111051, 40.731308]}, "properties": {"road": "Local 0 Ramp", "aadt": 3733, "year": 2022, "tier": "secondary"}}, {"type": "Feature", "geometry": {"type": "Point", "coordinates": [-74.017331, 40.779594]}, "properties": {"road": "I 1264", "aadt": 3729, "year": 2022, "tier": "secondary"}}, {"type": "Feature", "geometry": {"type": "Point", "coordinates": [-74.025002, 40.753051]}, "properties": {"road": "I 1059", "aadt": 3711, "year": 2022, "tier": "secondary"}}, {"type": "Feature", "geometry": {"type": "Point", "coordinates": [-74.00548, 40.793632]}, "properties": {"road": "I 1010", "aadt": 3711, "year": 2022, "tier": "secondary"}}, {"type": "Feature", "geometry": {"type": "Point", "coordinates": [-74.012424, 40.796919]}, "properties": {"road": "I 1010", "aadt": 3711, "year": 2022, "tier": "secondary"}}, {"type": "Feature", "geometry": {"type": "Point", "coordinates": [-74.025645, 40.750914]}, "properties": {"road": "MUN 679", "aadt": 3711, "year": 2022, "tier": "secondary"}}, {"type": "Feature", "geometry": {"type": "Point", "coordinates": [-74.029531, 40.744801]}, "properties": {"road": "I 1053", "aadt": 3711, "year": 2022, "tier": "secondary"}}, {"type": "Feature", "geometry": {"type": "Point", "coordinates": [-74.074276, 40.801636]}, "properties": {"road": "Local 0 Ramp", "aadt": 3687, "year": 2022, "tier": "secondary"}}, {"type": "Feature", "geometry": {"type": "Point", "coordinates": [-74.049113, 40.785064]}, "properties": {"road": "Local 0 Ramp", "aadt": 3612, "year": 2022, "tier": "secondary"}}, {"type": "Feature", "geometry": {"type": "Point", "coordinates": [-74.030308, 40.735557]}, "properties": {"road": "MUN 679", "aadt": 3591, "year": 2022, "tier": "secondary"}}, {"type": "Feature", "geometry": {"type": "Point", "coordinates": [-74.02926, 40.739072]}, "properties": {"road": "MUN 679", "aadt": 3591, "year": 2022, "tier": "secondary"}}, {"type": "Feature", "geometry": {"type": "Point", "coordinates": [-74.034193, 40.755205]}, "properties": {"road": "I 1049", "aadt": 3543, "year": 2022, "tier": "secondary"}}, {"type": "Feature", "geometry": {"type": "Point", "coordinates": [-74.036011, 40.746048]}, "properties": {"road": "I 1050", "aadt": 3543, "year": 2022, "tier": "secondary"}}, {"type": "Feature", "geometry": {"type": "Point", "coordinates": [-74.037332, 40.744941]}, "properties": {"road": "I 1049", "aadt": 3543, "year": 2022, "tier": "secondary"}}, {"type": "Feature", "geometry": {"type": "Point", "coordinates": [-74.025161, 40.743243]}, "properties": {"road": "I 1055", "aadt": 3525, "year": 2022, "tier": "secondary"}}, {"type": "Feature", "geometry": {"type": "Point", "coordinates": [-74.147197, 40.812578]}, "properties": {"road": "I 1285", "aadt": 3522, "year": 2022, "tier": "secondary"}}, {"type": "Feature", "geometry": {"type": "Point", "coordinates": [-73.989725, 40.847652]}, "properties": {"road": "Local 0 Ramp", "aadt": 3508, "year": 2022, "tier": "secondary"}}, {"type": "Feature", "geometry": {"type": "Point", "coordinates": [-74.139524, 40.845696]}, "properties": {"road": "MUN 608", "aadt": 3493, "year": 2022, "tier": "secondary"}}, {"type": "Feature", "geometry": {"type": "Point", "coordinates": [-74.020553, 40.781088]}, "properties": {"road": "I 1264", "aadt": 3462, "year": 2022, "tier": "secondary"}}, {"type": "Feature", "geometry": {"type": "Point", "coordinates": [-74.101074, 40.81254]}, "properties": {"road": "Local 0 Ramp", "aadt": 3460, "year": 2022, "tier": "secondary"}}, {"type": "Feature", "geometry": {"type": "Point", "coordinates": [-74.055685, 40.793289]}, "properties": {"road": "Local 0 Ramp", "aadt": 3425, "year": 2022, "tier": "secondary"}}, {"type": "Feature", "geometry": {"type": "Point", "coordinates": [-74.027762, 40.756924]}, "properties": {"road": "MUN 677", "aadt": 3376, "year": 2022, "tier": "secondary"}}, {"type": "Feature", "geometry": {"type": "Point", "coordinates": [-74.028029, 40.756114]}, "properties": {"road": "MUN 677", "aadt": 3376, "year": 2022, "tier": "secondary"}}, {"type": "Feature", "geometry": {"type": "Point", "coordinates": [-74.122906, 40.844014]}, "properties": {"road": "MUN 624", "aadt": 3347, "year": 2022, "tier": "secondary"}}, {"type": "Feature", "geometry": {"type": "Point", "coordinates": [-74.123865, 40.841481]}, "properties": {"road": "MUN 624", "aadt": 3347, "year": 2022, "tier": "secondary"}}, {"type": "Feature", "geometry": {"type": "Point", "coordinates": [-74.122333, 40.828672]}, "properties": {"road": "MUN 624", "aadt": 3347, "year": 2022, "tier": "secondary"}}, {"type": "Feature", "geometry": {"type": "Point", "coordinates": [-74.13278, 40.826247]}, "properties": {"road": "MUN 624", "aadt": 3347, "year": 2022, "tier": "secondary"}}, {"type": "Feature", "geometry": {"type": "Point", "coordinates": [-74.134122, 40.825041]}, "properties": {"road": "MUN 624", "aadt": 3347, "year": 2022, "tier": "secondary"}}, {"type": "Feature", "geometry": {"type": "Point", "coordinates": [-74.000997, 40.80986]}, "properties": {"road": "NJ 63", "aadt": 3346, "year": 2022, "tier": "secondary"}}, {"type": "Feature", "geometry": {"type": "Point", "coordinates": [-74.046241, 40.782365]}, "properties": {"road": "Local 0 Ramp", "aadt": 3342, "year": 2022, "tier": "secondary"}}, {"type": "Feature", "geometry": {"type": "Point", "coordinates": [-74.121264, 40.732613]}, "properties": {"road": "Local 0 Ramp", "aadt": 3340, "year": 2022, "tier": "secondary"}}, {"type": "Feature", "geometry": {"type": "Point", "coordinates": [-74.032823, 40.746831]}, "properties": {"road": "I 1052", "aadt": 3325, "year": 2022, "tier": "secondary"}}, {"type": "Feature", "geometry": {"type": "Point", "coordinates": [-74.077755, 40.76094]}, "properties": {"road": "Local 0 Ramp", "aadt": 3323, "year": 2022, "tier": "secondary"}}, {"type": "Feature", "geometry": {"type": "Point", "coordinates": [-74.07414, 40.799426]}, "properties": {"road": "Local 0 Ramp", "aadt": 3318, "year": 2022, "tier": "secondary"}}, {"type": "Feature", "geometry": {"type": "Point", "coordinates": [-74.102788, 40.810823]}, "properties": {"road": "Local 0 Ramp", "aadt": 3300, "year": 2022, "tier": "secondary"}}, {"type": "Feature", "geometry": {"type": "Point", "coordinates": [-74.001343, 40.798952]}, "properties": {"road": "I 1245", "aadt": 3300, "year": 2022, "tier": "secondary"}}, {"type": "Feature", "geometry": {"type": "Point", "coordinates": [-74.008263, 40.802469]}, "properties": {"road": "I 1244", "aadt": 3300, "year": 2022, "tier": "secondary"}}, {"type": "Feature", "geometry": {"type": "Point", "coordinates": [-74.003593, 40.795964]}, "properties": {"road": "I 1168", "aadt": 3300, "year": 2022, "tier": "secondary"}}, {"type": "Feature", "geometry": {"type": "Point", "coordinates": [-74.041101, 40.73901]}, "properties": {"road": "I 1047", "aadt": 3300, "year": 2022, "tier": "secondary"}}, {"type": "Feature", "geometry": {"type": "Point", "coordinates": [-74.039842, 40.766485]}, "properties": {"road": "I 1111", "aadt": 3300, "year": 2022, "tier": "secondary"}}, {"type": "Feature", "geometry": {"type": "Point", "coordinates": [-74.005134, 40.783918]}, "properties": {"road": "I 1118", "aadt": 3279, "year": 2022, "tier": "secondary"}}, {"type": "Feature", "geometry": {"type": "Point", "coordinates": [-74.017959, 40.767777]}, "properties": {"road": "I 1118", "aadt": 3279, "year": 2022, "tier": "secondary"}}, {"type": "Feature", "geometry": {"type": "Point", "coordinates": [-74.012523, 40.775159]}, "properties": {"road": "I 1118", "aadt": 3279, "year": 2022, "tier": "secondary"}}, {"type": "Feature", "geometry": {"type": "Point", "coordinates": [-74.028001, 40.770657]}, "properties": {"road": "MUN 691", "aadt": 3274, "year": 2022, "tier": "secondary"}}, {"type": "Feature", "geometry": {"type": "Point", "coordinates": [-74.031789, 40.777766]}, "properties": {"road": "MUN 691", "aadt": 3274, "year": 2022, "tier": "secondary"}}, {"type": "Feature", "geometry": {"type": "Point", "coordinates": [-74.026411, 40.768798]}, "properties": {"road": "MUN 691", "aadt": 3274, "year": 2022, "tier": "secondary"}}, {"type": "Feature", "geometry": {"type": "Point", "coordinates": [-74.096946, 40.801872]}, "properties": {"road": "I 1133", "aadt": 3192, "year": 2022, "tier": "secondary"}}, {"type": "Feature", "geometry": {"type": "Point", "coordinates": [-74.101381, 40.80263]}, "properties": {"road": "I 1103", "aadt": 3192, "year": 2022, "tier": "secondary"}}, {"type": "Feature", "geometry": {"type": "Point", "coordinates": [-74.101761, 40.805446]}, "properties": {"road": "I 1100", "aadt": 3192, "year": 2022, "tier": "secondary"}}, {"type": "Feature", "geometry": {"type": "Point", "coordinates": [-74.097193, 40.799514]}, "properties": {"road": "I 1133", "aadt": 3192, "year": 2022, "tier": "secondary"}}, {"type": "Feature", "geometry": {"type": "Point", "coordinates": [-74.11221, 40.730855]}, "properties": {"road": "Local 0 Ramp", "aadt": 3137, "year": 2022, "tier": "secondary"}}, {"type": "Feature", "geometry": {"type": "Point", "coordinates": [-74.021726, 40.846281]}, "properties": {"road": "MUN 39", "aadt": 3108, "year": 2022, "tier": "secondary"}}, {"type": "Feature", "geometry": {"type": "Point", "coordinates": [-74.108629, 40.814557]}, "properties": {"road": "I 1149", "aadt": 3088, "year": 2022, "tier": "secondary"}}, {"type": "Feature", "geometry": {"type": "Point", "coordinates": [-74.107838, 40.814218]}, "properties": {"road": "I 1149", "aadt": 3088, "year": 2022, "tier": "secondary"}}, {"type": "Feature", "geometry": {"type": "Point", "coordinates": [-74.105898, 40.813539]}, "properties": {"road": "I 1149", "aadt": 3088, "year": 2022, "tier": "secondary"}}, {"type": "Feature", "geometry": {"type": "Point", "coordinates": [-74.104391, 40.8137]}, "properties": {"road": "I 1149", "aadt": 3088, "year": 2022, "tier": "secondary"}}, {"type": "Feature", "geometry": {"type": "Point", "coordinates": [-74.103127, 40.814012]}, "properties": {"road": "I 1149", "aadt": 3088, "year": 2022, "tier": "secondary"}}, {"type": "Feature", "geometry": {"type": "Point", "coordinates": [-74.101248, 40.81363]}, "properties": {"road": "I 1149", "aadt": 3088, "year": 2022, "tier": "secondary"}}, {"type": "Feature", "geometry": {"type": "Point", "coordinates": [-74.099986, 40.812868]}, "properties": {"road": "I 1149", "aadt": 3088, "year": 2022, "tier": "secondary"}}, {"type": "Feature", "geometry": {"type": "Point", "coordinates": [-74.096132, 40.811611]}, "properties": {"road": "I 1149", "aadt": 3088, "year": 2022, "tier": "secondary"}}, {"type": "Feature", "geometry": {"type": "Point", "coordinates": [-74.093858, 40.811632]}, "properties": {"road": "I 1149", "aadt": 3088, "year": 2022, "tier": "secondary"}}, {"type": "Feature", "geometry": {"type": "Point", "coordinates": [-74.093712, 40.809857]}, "properties": {"road": "I 1149", "aadt": 3088, "year": 2022, "tier": "secondary"}}, {"type": "Feature", "geometry": {"type": "Point", "coordinates": [-74.097798, 40.809716]}, "properties": {"road": "I 1149", "aadt": 3088, "year": 2022, "tier": "secondary"}}, {"type": "Feature", "geometry": {"type": "Point", "coordinates": [-74.09877, 40.808439]}, "properties": {"road": "I 1149", "aadt": 3088, "year": 2022, "tier": "secondary"}}, {"type": "Feature", "geometry": {"type": "Point", "coordinates": [-74.100163, 40.806298]}, "properties": {"road": "I 1149", "aadt": 3088, "year": 2022, "tier": "secondary"}}, {"type": "Feature", "geometry": {"type": "Point", "coordinates": [-74.094971, 40.811809]}, "properties": {"road": "I 1149", "aadt": 3088, "year": 2022, "tier": "secondary"}}, {"type": "Feature", "geometry": {"type": "Point", "coordinates": [-74.096652, 40.81001]}, "properties": {"road": "I 1149", "aadt": 3088, "year": 2022, "tier": "secondary"}}, {"type": "Feature", "geometry": {"type": "Point", "coordinates": [-74.097724, 40.811634]}, "properties": {"road": "I 1149", "aadt": 3088, "year": 2022, "tier": "secondary"}}, {"type": "Feature", "geometry": {"type": "Point", "coordinates": [-74.09889, 40.806937]}, "properties": {"road": "I 1149", "aadt": 3088, "year": 2022, "tier": "secondary"}}, {"type": "Feature", "geometry": {"type": "Point", "coordinates": [-74.101787, 40.813882]}, "properties": {"road": "I 1149", "aadt": 3088, "year": 2022, "tier": "secondary"}}, {"type": "Feature", "geometry": {"type": "Point", "coordinates": [-74.098533, 40.808766]}, "properties": {"road": "I 1149", "aadt": 3088, "year": 2022, "tier": "secondary"}}, {"type": "Feature", "geometry": {"type": "Point", "coordinates": [-74.093023, 40.810665]}, "properties": {"road": "I 1149", "aadt": 3088, "year": 2022, "tier": "secondary"}}, {"type": "Feature", "geometry": {"type": "Point", "coordinates": [-74.126478, 40.751319]}, "properties": {"road": "Local 0 Ramp", "aadt": 3067, "year": 2022, "tier": "secondary"}}, {"type": "Feature", "geometry": {"type": "Point", "coordinates": [-74.121657, 40.8316]}, "properties": {"road": "Local 0 Ramp", "aadt": 3057, "year": 2022, "tier": "secondary"}}, {"type": "Feature", "geometry": {"type": "Point", "coordinates": [-74.01509, 40.773019]}, "properties": {"road": "I 1120", "aadt": 3020, "year": 2022, "tier": "secondary"}}, {"type": "Feature", "geometry": {"type": "Point", "coordinates": [-74.013447, 40.776987]}, "properties": {"road": "I 1120", "aadt": 3020, "year": 2022, "tier": "secondary"}}, {"type": "Feature", "geometry": {"type": "Point", "coordinates": [-74.013205, 40.772088]}, "properties": {"road": "I 1120", "aadt": 3020, "year": 2022, "tier": "secondary"}}, {"type": "Feature", "geometry": {"type": "Point", "coordinates": [-74.013945, 40.772425]}, "properties": {"road": "I 1120", "aadt": 3020, "year": 2022, "tier": "secondary"}}, {"type": "Feature", "geometry": {"type": "Point", "coordinates": [-74.01434, 40.772602]}, "properties": {"road": "I 1120", "aadt": 3020, "year": 2022, "tier": "secondary"}}, {"type": "Feature", "geometry": {"type": "Point", "coordinates": [-74.014364, 40.774088]}, "properties": {"road": "I 1120", "aadt": 3020, "year": 2022, "tier": "secondary"}}, {"type": "Feature", "geometry": {"type": "Point", "coordinates": [-74.013899, 40.775223]}, "properties": {"road": "I 1120", "aadt": 3020, "year": 2022, "tier": "secondary"}}, {"type": "Feature", "geometry": {"type": "Point", "coordinates": [-74.101635, 40.74699]}, "properties": {"road": "Local 0 Ramp", "aadt": 2993, "year": 2022, "tier": "secondary"}}, {"type": "Feature", "geometry": {"type": "Point", "coordinates": [-74.029577, 40.771439]}, "properties": {"road": "I 1252", "aadt": 2885, "year": 2022, "tier": "secondary"}}, {"type": "Feature", "geometry": {"type": "Point", "coordinates": [-74.033362, 40.772744]}, "properties": {"road": "I 1249", "aadt": 2885, "year": 2022, "tier": "secondary"}}, {"type": "Feature", "geometry": {"type": "Point", "coordinates": [-74.036565, 40.774045]}, "properties": {"road": "I 1249", "aadt": 2885, "year": 2022, "tier": "secondary"}}, {"type": "Feature", "geometry": {"type": "Point", "coordinates": [-74.034999, 40.773495]}, "properties": {"road": "I 1249", "aadt": 2885, "year": 2022, "tier": "secondary"}}, {"type": "Feature", "geometry": {"type": "Point", "coordinates": [-74.025803, 40.769432]}, "properties": {"road": "I 1249", "aadt": 2885, "year": 2022, "tier": "secondary"}}, {"type": "Feature", "geometry": {"type": "Point", "coordinates": [-74.036398, 40.774666]}, "properties": {"road": "I 1252", "aadt": 2885, "year": 2022, "tier": "secondary"}}, {"type": "Feature", "geometry": {"type": "Point", "coordinates": [-74.034336, 40.773902]}, "properties": {"road": "I 1252", "aadt": 2885, "year": 2022, "tier": "secondary"}}, {"type": "Feature", "geometry": {"type": "Point", "coordinates": [-74.071559, 40.753166]}, "properties": {"road": "Local 0 Ramp", "aadt": 2812, "year": 2022, "tier": "secondary"}}, {"type": "Feature", "geometry": {"type": "Point", "coordinates": [-74.022438, 40.768534]}, "properties": {"road": "Local 0 Ramp", "aadt": 2788, "year": 2022, "tier": "secondary"}}, {"type": "Feature", "geometry": {"type": "Point", "coordinates": [-74.024531, 40.774184]}, "properties": {"road": "CR 505", "aadt": 2772, "year": 2014, "tier": "secondary"}}, {"type": "Feature", "geometry": {"type": "Point", "coordinates": [-74.041608, 40.728028]}, "properties": {"road": "I 1719", "aadt": 2716, "year": 2022, "tier": "secondary"}}, {"type": "Feature", "geometry": {"type": "Point", "coordinates": [-74.044969, 40.728413]}, "properties": {"road": "I 1719", "aadt": 2716, "year": 2022, "tier": "secondary"}}, {"type": "Feature", "geometry": {"type": "Point", "coordinates": [-74.100513, 40.798174]}, "properties": {"road": "I 1085", "aadt": 2714, "year": 2022, "tier": "secondary"}}, {"type": "Feature", "geometry": {"type": "Point", "coordinates": [-74.101786, 40.799261]}, "properties": {"road": "I 1085", "aadt": 2714, "year": 2022, "tier": "secondary"}}, {"type": "Feature", "geometry": {"type": "Point", "coordinates": [-74.102904, 40.800216]}, "properties": {"road": "I 1085", "aadt": 2714, "year": 2022, "tier": "secondary"}}, {"type": "Feature", "geometry": {"type": "Point", "coordinates": [-74.105984, 40.801942]}, "properties": {"road": "I 1085", "aadt": 2714, "year": 2022, "tier": "secondary"}}, {"type": "Feature", "geometry": {"type": "Point", "coordinates": [-74.13985, 40.786684]}, "properties": {"road": "I 1006", "aadt": 2707, "year": 2022, "tier": "secondary"}}, {"type": "Feature", "geometry": {"type": "Point", "coordinates": [-73.9868, 40.827629]}, "properties": {"road": "I 1100", "aadt": 2707, "year": 2022, "tier": "secondary"}}, {"type": "Feature", "geometry": {"type": "Point", "coordinates": [-73.991018, 40.830057]}, "properties": {"road": "I 1100", "aadt": 2707, "year": 2022, "tier": "secondary"}}, {"type": "Feature", "geometry": {"type": "Point", "coordinates": [-74.085181, 40.776624]}, "properties": {"road": "I 1118", "aadt": 2677, "year": 2022, "tier": "secondary"}}, {"type": "Feature", "geometry": {"type": "Point", "coordinates": [-74.083867, 40.777651]}, "properties": {"road": "I 1118", "aadt": 2677, "year": 2022, "tier": "secondary"}}, {"type": "Feature", "geometry": {"type": "Point", "coordinates": [-74.081789, 40.771621]}, "properties": {"road": "I 1118", "aadt": 2677, "year": 2022, "tier": "secondary"}}, {"type": "Feature", "geometry": {"type": "Point", "coordinates": [-74.075754, 40.726313]}, "properties": {"road": "I 1555", "aadt": 2656, "year": 2022, "tier": "secondary"}}, {"type": "Feature", "geometry": {"type": "Point", "coordinates": [-74.086976, 40.844992]}, "properties": {"road": "I 1068", "aadt": 2655, "year": 2022, "tier": "secondary"}}, {"type": "Feature", "geometry": {"type": "Point", "coordinates": [-74.088235, 40.845721]}, "properties": {"road": "I 1068", "aadt": 2655, "year": 2022, "tier": "secondary"}}, {"type": "Feature", "geometry": {"type": "Point", "coordinates": [-74.089053, 40.846195]}, "properties": {"road": "I 1068", "aadt": 2655, "year": 2022, "tier": "secondary"}}, {"type": "Feature", "geometry": {"type": "Point", "coordinates": [-74.090557, 40.847066]}, "properties": {"road": "I 1068", "aadt": 2655, "year": 2022, "tier": "secondary"}}, {"type": "Feature", "geometry": {"type": "Point", "coordinates": [-74.091894, 40.847837]}, "properties": {"road": "I 1068", "aadt": 2655, "year": 2022, "tier": "secondary"}}, {"type": "Feature", "geometry": {"type": "Point", "coordinates": [-74.093362, 40.848689]}, "properties": {"road": "I 1068", "aadt": 2655, "year": 2022, "tier": "secondary"}}, {"type": "Feature", "geometry": {"type": "Point", "coordinates": [-74.079757, 40.760995]}, "properties": {"road": "Local 0 Ramp", "aadt": 2612, "year": 2022, "tier": "secondary"}}, {"type": "Feature", "geometry": {"type": "Point", "coordinates": [-74.049708, 40.757248]}, "properties": {"road": "I 1748", "aadt": 2611, "year": 2022, "tier": "secondary"}}, {"type": "Feature", "geometry": {"type": "Point", "coordinates": [-74.045191, 40.744228]}, "properties": {"road": "I 1750", "aadt": 2607, "year": 2022, "tier": "secondary"}}, {"type": "Feature", "geometry": {"type": "Point", "coordinates": [-74.047916, 40.739524]}, "properties": {"road": "I 1750", "aadt": 2607, "year": 2022, "tier": "secondary"}}, {"type": "Feature", "geometry": {"type": "Point", "coordinates": [-74.023476, 40.752359]}, "properties": {"road": "MUN 670", "aadt": 2600, "year": 2022, "tier": "secondary"}}, {"type": "Feature", "geometry": {"type": "Point", "coordinates": [-74.018173, 40.803591]}, "properties": {"road": "I 1138", "aadt": 2556, "year": 2022, "tier": "secondary"}}, {"type": "Feature", "geometry": {"type": "Point", "coordinates": [-74.016238, 40.802845]}, "properties": {"road": "I 1120", "aadt": 2556, "year": 2022, "tier": "secondary"}}, {"type": "Feature", "geometry": {"type": "Point", "coordinates": [-74.134404, 40.84613]}, "properties": {"road": "I 1211", "aadt": 2518, "year": 2022, "tier": "secondary"}}, {"type": "Feature", "geometry": {"type": "Point", "coordinates": [-74.029322, 40.735892]}, "properties": {"road": "I 1071", "aadt": 2490, "year": 2022, "tier": "secondary"}}, {"type": "Feature", "geometry": {"type": "Point", "coordinates": [-73.988763, 40.847867]}, "properties": {"road": "Local 0 Ramp", "aadt": 2472, "year": 2022, "tier": "secondary"}}, {"type": "Feature", "geometry": {"type": "Point", "coordinates": [-74.017455, 40.774863]}, "properties": {"road": "I 1115", "aadt": 2472, "year": 2022, "tier": "secondary"}}, {"type": "Feature", "geometry": {"type": "Point", "coordinates": [-74.005948, 40.793054]}, "properties": {"road": "I 1009", "aadt": 2472, "year": 2022, "tier": "secondary"}}, {"type": "Feature", "geometry": {"type": "Point", "coordinates": [-74.029132, 40.755061]}, "properties": {"road": "MUN 732", "aadt": 2472, "year": 2022, "tier": "secondary"}}, {"type": "Feature", "geometry": {"type": "Point", "coordinates": [-74.005991, 40.811038]}, "properties": {"road": "I 1270", "aadt": 2466, "year": 2022, "tier": "secondary"}}, {"type": "Feature", "geometry": {"type": "Point", "coordinates": [-74.115382, 40.84082]}, "properties": {"road": "I 1129", "aadt": 2438, "year": 2022, "tier": "secondary"}}, {"type": "Feature", "geometry": {"type": "Point", "coordinates": [-74.121195, 40.834906]}, "properties": {"road": "I 1129", "aadt": 2438, "year": 2022, "tier": "secondary"}}, {"type": "Feature", "geometry": {"type": "Point", "coordinates": [-74.020685, 40.847056]}, "properties": {"road": "Local 0 Ramp", "aadt": 2416, "year": 2022, "tier": "secondary"}}, {"type": "Feature", "geometry": {"type": "Point", "coordinates": [-74.02734, 40.774787]}, "properties": {"road": "CR 505Z", "aadt": 2361, "year": 2022, "tier": "secondary"}}, {"type": "Feature", "geometry": {"type": "Point", "coordinates": [-74.06065, 40.813224]}, "properties": {"road": "Local 0 Ramp", "aadt": 2342, "year": 2022, "tier": "secondary"}}, {"type": "Feature", "geometry": {"type": "Point", "coordinates": [-74.120347, 40.734179]}, "properties": {"road": "Local 0 Ramp", "aadt": 2341, "year": 2022, "tier": "secondary"}}, {"type": "Feature", "geometry": {"type": "Point", "coordinates": [-74.04466, 40.730508]}, "properties": {"road": "I 1569", "aadt": 2310, "year": 2022, "tier": "secondary"}}, {"type": "Feature", "geometry": {"type": "Point", "coordinates": [-74.044877, 40.729011]}, "properties": {"road": "I 1569", "aadt": 2310, "year": 2022, "tier": "secondary"}}, {"type": "Feature", "geometry": {"type": "Point", "coordinates": [-74.028029, 40.756114]}, "properties": {"road": "I 1070", "aadt": 2270, "year": 2022, "tier": "secondary"}}, {"type": "Feature", "geometry": {"type": "Point", "coordinates": [-74.044319, 40.732661]}, "properties": {"road": "I 1569", "aadt": 2192, "year": 2022, "tier": "secondary"}}, {"type": "Feature", "geometry": {"type": "Point", "coordinates": [-74.043839, 40.735857]}, "properties": {"road": "I 1569", "aadt": 2192, "year": 2022, "tier": "secondary"}}, {"type": "Feature", "geometry": {"type": "Point", "coordinates": [-74.132026, 40.830865]}, "properties": {"road": "MUN 605", "aadt": 2156, "year": 2022, "tier": "secondary"}}, {"type": "Feature", "geometry": {"type": "Point", "coordinates": [-74.05158, 40.787899]}, "properties": {"road": "Local 0 Ramp", "aadt": 2109, "year": 2022, "tier": "secondary"}}, {"type": "Feature", "geometry": {"type": "Point", "coordinates": [-74.066523, 40.815447]}, "properties": {"road": "Local 0 Ramp", "aadt": 2095, "year": 2022, "tier": "secondary"}}, {"type": "Feature", "geometry": {"type": "Point", "coordinates": [-74.126776, 40.751876]}, "properties": {"road": "Local 0 Ramp", "aadt": 2062, "year": 2022, "tier": "secondary"}}, {"type": "Feature", "geometry": {"type": "Point", "coordinates": [-74.008074, 40.812351]}, "properties": {"road": "I 1242", "aadt": 2059, "year": 2022, "tier": "secondary"}}, {"type": "Feature", "geometry": {"type": "Point", "coordinates": [-74.087357, 40.720387]}, "properties": {"road": "I 1690", "aadt": 2059, "year": 2022, "tier": "secondary"}}, {"type": "Feature", "geometry": {"type": "Point", "coordinates": [-74.04306, 40.774922]}, "properties": {"road": "Local 0 Ramp", "aadt": 2044, "year": 2022, "tier": "secondary"}}, {"type": "Feature", "geometry": {"type": "Point", "coordinates": [-74.146238, 40.790422]}, "properties": {"road": "I 1221", "aadt": 2039, "year": 2022, "tier": "secondary"}}, {"type": "Feature", "geometry": {"type": "Point", "coordinates": [-74.149446, 40.782729]}, "properties": {"road": "I 1221", "aadt": 2039, "year": 2022, "tier": "secondary"}}, {"type": "Feature", "geometry": {"type": "Point", "coordinates": [-74.019551, 40.848256]}, "properties": {"road": "Local 0 Ramp", "aadt": 1964, "year": 2022, "tier": "secondary"}}, {"type": "Feature", "geometry": {"type": "Point", "coordinates": [-74.023278, 40.773611]}, "properties": {"road": "CR 505", "aadt": 1905, "year": 2015, "tier": "secondary"}}, {"type": "Feature", "geometry": {"type": "Point", "coordinates": [-74.131452, 40.796233]}, "properties": {"road": "I 1116", "aadt": 1893, "year": 2022, "tier": "secondary"}}, {"type": "Feature", "geometry": {"type": "Point", "coordinates": [-73.998947, 40.816874]}, "properties": {"road": "I 1106", "aadt": 1893, "year": 2022, "tier": "secondary"}}, {"type": "Feature", "geometry": {"type": "Point", "coordinates": [-73.994761, 40.814653]}, "properties": {"road": "I 1106", "aadt": 1893, "year": 2022, "tier": "secondary"}}, {"type": "Feature", "geometry": {"type": "Point", "coordinates": [-74.10957, 40.82114]}, "properties": {"road": "I 1124", "aadt": 1890, "year": 2022, "tier": "secondary"}}, {"type": "Feature", "geometry": {"type": "Point", "coordinates": [-74.028839, 40.737092]}, "properties": {"road": "I 1058", "aadt": 1807, "year": 2022, "tier": "secondary"}}, {"type": "Feature", "geometry": {"type": "Point", "coordinates": [-74.066637, 40.817722]}, "properties": {"road": "Local 0 Ramp", "aadt": 1736, "year": 2022, "tier": "secondary"}}, {"type": "Feature", "geometry": {"type": "Point", "coordinates": [-74.121059, 40.797974]}, "properties": {"road": "I 1142", "aadt": 1715, "year": 2022, "tier": "secondary"}}, {"type": "Feature", "geometry": {"type": "Point", "coordinates": [-74.013382, 40.849625]}, "properties": {"road": "Local 0 Ramp", "aadt": 1611, "year": 2022, "tier": "secondary"}}, {"type": "Feature", "geometry": {"type": "Point", "coordinates": [-74.014706, 40.849641]}, "properties": {"road": "Local 0 Ramp", "aadt": 1611, "year": 2022, "tier": "secondary"}}, {"type": "Feature", "geometry": {"type": "Point", "coordinates": [-74.04635, 40.72127]}, "properties": {"road": "I 1715", "aadt": 1591, "year": 2022, "tier": "secondary"}}, {"type": "Feature", "geometry": {"type": "Point", "coordinates": [-74.115303, 40.832121]}, "properties": {"road": "I 1126", "aadt": 1557, "year": 2022, "tier": "secondary"}}, {"type": "Feature", "geometry": {"type": "Point", "coordinates": [-74.02597, 40.774852]}, "properties": {"road": "MUN 505", "aadt": 1543, "year": 2022, "tier": "secondary"}}, {"type": "Feature", "geometry": {"type": "Point", "coordinates": [-74.111819, 40.832144]}, "properties": {"road": "I 1128", "aadt": 1532, "year": 2022, "tier": "secondary"}}, {"type": "Feature", "geometry": {"type": "Point", "coordinates": [-74.020125, 40.846997]}, "properties": {"road": "Local 0 Ramp", "aadt": 1528, "year": 2022, "tier": "secondary"}}, {"type": "Feature", "geometry": {"type": "Point", "coordinates": [-74.03132, 40.761078]}, "properties": {"road": "I 1114", "aadt": 1469, "year": 2022, "tier": "secondary"}}, {"type": "Feature", "geometry": {"type": "Point", "coordinates": [-74.028709, 40.761482]}, "properties": {"road": "I 1114", "aadt": 1469, "year": 2022, "tier": "secondary"}}, {"type": "Feature", "geometry": {"type": "Point", "coordinates": [-74.025715, 40.766056]}, "properties": {"road": "I 1114", "aadt": 1469, "year": 2022, "tier": "secondary"}}, {"type": "Feature", "geometry": {"type": "Point", "coordinates": [-74.121012, 40.801844]}, "properties": {"road": "I 1141", "aadt": 1452, "year": 2022, "tier": "secondary"}}, {"type": "Feature", "geometry": {"type": "Point", "coordinates": [-74.098101, 40.746136]}, "properties": {"road": "Local 0 Ramp", "aadt": 1408, "year": 2022, "tier": "secondary"}}, {"type": "Feature", "geometry": {"type": "Point", "coordinates": [-74.103181, 40.813648]}, "properties": {"road": "Local 0 Ramp", "aadt": 1406, "year": 2022, "tier": "secondary"}}, {"type": "Feature", "geometry": {"type": "Point", "coordinates": [-74.100954, 40.8212]}, "properties": {"road": "I 1125", "aadt": 1355, "year": 2022, "tier": "secondary"}}, {"type": "Feature", "geometry": {"type": "Point", "coordinates": [-74.105205, 40.823384]}, "properties": {"road": "I 1125", "aadt": 1355, "year": 2022, "tier": "secondary"}}, {"type": "Feature", "geometry": {"type": "Point", "coordinates": [-74.118352, 40.81389]}, "properties": {"road": "I 1146", "aadt": 1355, "year": 2022, "tier": "secondary"}}, {"type": "Feature", "geometry": {"type": "Point", "coordinates": [-74.040824, 40.753276]}, "properties": {"road": "I 1110", "aadt": 1314, "year": 2022, "tier": "secondary"}}, {"type": "Feature", "geometry": {"type": "Point", "coordinates": [-74.133674, 40.783936]}, "properties": {"road": "I 1078", "aadt": 1293, "year": 2022, "tier": "secondary"}}, {"type": "Feature", "geometry": {"type": "Point", "coordinates": [-74.13428, 40.784583]}, "properties": {"road": "I 1079", "aadt": 1293, "year": 2022, "tier": "secondary"}}, {"type": "Feature", "geometry": {"type": "Point", "coordinates": [-74.108934, 40.730552]}, "properties": {"road": "Local 0 Ramp", "aadt": 1258, "year": 2022, "tier": "secondary"}}, {"type": "Feature", "geometry": {"type": "Point", "coordinates": [-74.027274, 40.786233]}, "properties": {"road": "I 1251", "aadt": 1236, "year": 2022, "tier": "secondary"}}, {"type": "Feature", "geometry": {"type": "Point", "coordinates": [-74.023873, 40.794991]}, "properties": {"road": "I 1247", "aadt": 1236, "year": 2022, "tier": "secondary"}}, {"type": "Feature", "geometry": {"type": "Point", "coordinates": [-74.022479, 40.799333]}, "properties": {"road": "I 1247", "aadt": 1236, "year": 2022, "tier": "secondary"}}, {"type": "Feature", "geometry": {"type": "Point", "coordinates": [-74.13962, 40.800055]}, "properties": {"road": "I 1223", "aadt": 1194, "year": 2022, "tier": "secondary"}}, {"type": "Feature", "geometry": {"type": "Point", "coordinates": [-74.136613, 40.789866]}, "properties": {"road": "I 1115", "aadt": 1174, "year": 2022, "tier": "secondary"}}, {"type": "Feature", "geometry": {"type": "Point", "coordinates": [-74.076054, 40.727534]}, "properties": {"road": "I 1575", "aadt": 1156, "year": 2022, "tier": "secondary"}}, {"type": "Feature", "geometry": {"type": "Point", "coordinates": [-74.072646, 40.805762]}, "properties": {"road": "Local 0 Ramp", "aadt": 1099, "year": 2022, "tier": "secondary"}}, {"type": "Feature", "geometry": {"type": "Point", "coordinates": [-74.072436, 40.80362]}, "properties": {"road": "Local 0 Ramp", "aadt": 1099, "year": 2022, "tier": "secondary"}}, {"type": "Feature", "geometry": {"type": "Point", "coordinates": [-74.01471, 40.84892]}, "properties": {"road": "Local 0 Ramp", "aadt": 1092, "year": 2022, "tier": "secondary"}}, {"type": "Feature", "geometry": {"type": "Point", "coordinates": [-74.016348, 40.847653]}, "properties": {"road": "Local 0 Ramp", "aadt": 1092, "year": 2022, "tier": "secondary"}}, {"type": "Feature", "geometry": {"type": "Point", "coordinates": [-74.014103, 40.846118]}, "properties": {"road": "Local 0 Ramp", "aadt": 1092, "year": 2022, "tier": "secondary"}}, {"type": "Feature", "geometry": {"type": "Point", "coordinates": [-73.985144, 40.833663]}, "properties": {"road": "I 1167", "aadt": 1067, "year": 2022, "tier": "secondary"}}, {"type": "Feature", "geometry": {"type": "Point", "coordinates": [-74.046412, 40.776116]}, "properties": {"road": "Local 0 Ramp", "aadt": 991, "year": 2022, "tier": "secondary"}}, {"type": "Feature", "geometry": {"type": "Point", "coordinates": [-74.125696, 40.806443]}, "properties": {"road": "I 1025", "aadt": 938, "year": 2022, "tier": "secondary"}}, {"type": "Feature", "geometry": {"type": "Point", "coordinates": [-74.080573, 40.84913]}, "properties": {"road": "I 1070", "aadt": 928, "year": 2022, "tier": "secondary"}}, {"type": "Feature", "geometry": {"type": "Point", "coordinates": [-74.088375, 40.835505]}, "properties": {"road": "I 1010", "aadt": 928, "year": 2022, "tier": "secondary"}}, {"type": "Feature", "geometry": {"type": "Point", "coordinates": [-74.083996, 40.843266]}, "properties": {"road": "I 1005", "aadt": 852, "year": 2022, "tier": "secondary"}}, {"type": "Feature", "geometry": {"type": "Point", "coordinates": [-74.001493, 40.841837]}, "properties": {"road": "I 1066", "aadt": 843, "year": 2022, "tier": "secondary"}}, {"type": "Feature", "geometry": {"type": "Point", "coordinates": [-74.130434, 40.781945]}, "properties": {"road": "I 1089", "aadt": 761, "year": 2022, "tier": "secondary"}}, {"type": "Feature", "geometry": {"type": "Point", "coordinates": [-74.014978, 40.803286]}, "properties": {"road": "I 1246", "aadt": 739, "year": 2022, "tier": "secondary"}}, {"type": "Feature", "geometry": {"type": "Point", "coordinates": [-73.989692, 40.831849]}, "properties": {"road": "I 1080", "aadt": 724, "year": 2022, "tier": "secondary"}}, {"type": "Feature", "geometry": {"type": "Point", "coordinates": [-74.050309, 40.842362]}, "properties": {"road": "I 1022", "aadt": 685, "year": 2022, "tier": "secondary"}}, {"type": "Feature", "geometry": {"type": "Point", "coordinates": [-73.999786, 40.84274]}, "properties": {"road": "I 1050", "aadt": 677, "year": 2022, "tier": "secondary"}}, {"type": "Feature", "geometry": {"type": "Point", "coordinates": [-74.066188, 40.837563]}, "properties": {"road": "I 1041", "aadt": 669, "year": 2022, "tier": "secondary"}}, {"type": "Feature", "geometry": {"type": "Point", "coordinates": [-74.084914, 40.827274]}, "properties": {"road": "I 1078", "aadt": 657, "year": 2022, "tier": "secondary"}}, {"type": "Feature", "geometry": {"type": "Point", "coordinates": [-74.135771, 40.785209]}, "properties": {"road": "I 1084", "aadt": 654, "year": 2022, "tier": "secondary"}}, {"type": "Feature", "geometry": {"type": "Point", "coordinates": [-74.050595, 40.833211]}, "properties": {"road": "I 1038", "aadt": 640, "year": 2022, "tier": "secondary"}}, {"type": "Feature", "geometry": {"type": "Point", "coordinates": [-74.092893, 40.837805]}, "properties": {"road": "I 1047", "aadt": 631, "year": 2022, "tier": "secondary"}}, {"type": "Feature", "geometry": {"type": "Point", "coordinates": [-74.102262, 40.814669]}, "properties": {"road": "Local 0 Ramp", "aadt": 594, "year": 2022, "tier": "secondary"}}, {"type": "Feature", "geometry": {"type": "Point", "coordinates": [-73.992286, 40.815195]}, "properties": {"road": "I 1044", "aadt": 586, "year": 2022, "tier": "secondary"}}, {"type": "Feature", "geometry": {"type": "Point", "coordinates": [-74.13419, 40.784694]}, "properties": {"road": "I 1109", "aadt": 566, "year": 2022, "tier": "secondary"}}, {"type": "Feature", "geometry": {"type": "Point", "coordinates": [-74.066187, 40.835176]}, "properties": {"road": "I 1005", "aadt": 566, "year": 2022, "tier": "secondary"}}, {"type": "Feature", "geometry": {"type": "Point", "coordinates": [-74.067398, 40.835925]}, "properties": {"road": "I 1005", "aadt": 566, "year": 2022, "tier": "secondary"}}, {"type": "Feature", "geometry": {"type": "Point", "coordinates": [-74.064742, 40.834302]}, "properties": {"road": "I 1005", "aadt": 566, "year": 2022, "tier": "secondary"}}, {"type": "Feature", "geometry": {"type": "Point", "coordinates": [-74.069822, 40.814323]}, "properties": {"road": "Local 0 Ramp", "aadt": 28, "year": 2022, "tier": "secondary"}}]}