{
  "type": "FeatureCollection",
  "metadata": {
    "source": "Texas Department of Transportation (TxDOT) AADT",
    "url": "https://services.arcgis.com/KTcxiTD9dsQw4r7Z/ArcGIS/rest/services/TxDOT_AADT/FeatureServer/0",
    "description": "Annual Average Daily Traffic counts for Arlington, TX metro area (AADT >= 3000)",
    "bounds": {
      "north": 32.8,
      "south": 32.63,
      "west": -97.2,
      "east": -97.05
    },
    "extracted": "2026-07-06",
    "note": "Points are segment midpoints derived from TxDOT polyline geometry"
  },
  "features": [
    {
      "type": "Feature",
      "properties": {
        "road": "SH-360",
        "aadt": 199573,
        "year": 2023,
        "location": "SH-360, Arlington TX",
        "tier": "core",
        "route_id": "SH0360-RG"
      },
      "geometry": {
        "type": "Point",
        "coordinates": [
          -97.062776,
          32.691817
        ]
      }
    },
    {
      "type": "Feature",
      "properties": {
        "road": "SH-360",
        "aadt": 199573,
        "year": 2023,
        "location": "SH-360, Arlington TX",
        "tier": "core",
        "route_id": "SH0360-KG"
      },
      "geometry": {
        "type": "Point",
        "coordinates": [
          -97.062607,
          32.691079
        ]
      }
    },
    {
      "type": "Feature",
      "properties": {
        "road": "SH-360",
        "aadt": 199573,
        "year": 2023,
        "location": "SH-360, Arlington TX",
        "tier": "core",
        "route_id": "SH0360-LG"
      },
      "geometry": {
        "type": "Point",
        "coordinates": [
          -97.062464,
          32.696795
        ]
      }
    },
    {
      "type": "Feature",
      "properties": {
        "road": "IH-20",
        "aadt": 197620,
        "year": 2023,
        "location": "IH-20, Arlington TX",
        "tier": "core",
        "route_id": "IH0020-RG"
      },
      "geometry": {
        "type": "Point",
        "coordinates": [
          -97.047019,
          32.676435
        ]
      }
    },
    {
      "type": "Feature",
      "properties": {
        "road": "IH-20",
        "aadt": 197620,
        "year": 2023,
        "location": "IH-20, Arlington TX",
        "tier": "core",
        "route_id": "IH0020-KG"
      },
      "geometry": {
        "type": "Point",
        "coordinates": [
          -97.04434,
          32.676387
        ]
      }
    },
    {
      "type": "Feature",
      "properties": {
        "road": "IH-20",
        "aadt": 197620,
        "year": 2023,
        "location": "IH-20, Arlington TX",
        "tier": "core",
        "route_id": "IH0020-LG"
      },
      "geometry": {
        "type": "Point",
        "coordinates": [
          -97.045064,
          32.676572
        ]
      }
    },
    {
      "type": "Feature",
      "properties": {
        "road": "SH-360",
        "aadt": 194826,
        "year": 2023,
        "location": "SH-360, Arlington TX",
        "tier": "core",
        "route_id": "SH0360-BG"
      },
      "geometry": {
        "type": "Point",
        "coordinates": [
          -97.063229,
          32.712009
        ]
      }
    },
    {
      "type": "Feature",
      "properties": {
        "road": "SH-360",
        "aadt": 194826,
        "year": 2023,
        "location": "SH-360, Arlington TX",
        "tier": "core",
        "route_id": "SH0360-RG"
      },
      "geometry": {
        "type": "Point",
        "coordinates": [
          -97.062616,
          32.725703
        ]
      }
    },
    {
      "type": "Feature",
      "properties": {
        "road": "SH-360",
        "aadt": 194826,
        "year": 2023,
        "location": "SH-360, Arlington TX",
        "tier": "core",
        "route_id": "SH0360-KG"
      },
      "geometry": {
        "type": "Point",
        "coordinates": [
          -97.06248,
          32.735182
        ]
      }
    },
    {
      "type": "Feature",
      "properties": {
        "road": "SH-360",
        "aadt": 194826,
        "year": 2023,
        "location": "SH-360, Arlington TX",
        "tier": "core",
        "route_id": "SH0360-LG"
      },
      "geometry": {
        "type": "Point",
        "coordinates": [
          -97.062335,
          32.731566
        ]
      }
    },
    {
      "type": "Feature",
      "properties": {
        "road": "SH-360",
        "aadt": 193887,
        "year": 2023,
        "location": "SH-360, Arlington TX",
        "tier": "core",
        "route_id": "SH0360-RG"
      },
      "geometry": {
        "type": "Point",
        "coordinates": [
          -97.063252,
          32.75324
        ]
      }
    },
    {
      "type": "Feature",
      "properties": {
        "road": "SH-360",
        "aadt": 193887,
        "year": 2023,
        "location": "SH-360, Arlington TX",
        "tier": "core",
        "route_id": "SH0360-KG"
      },
      "geometry": {
        "type": "Point",
        "coordinates": [
          -97.06272,
          32.749156
        ]
      }
    },
    {
      "type": "Feature",
      "properties": {
        "road": "SH-360",
        "aadt": 193887,
        "year": 2023,
        "location": "SH-360, Arlington TX",
        "tier": "core",
        "route_id": "SH0360-LG"
      },
      "geometry": {
        "type": "Point",
        "coordinates": [
          -97.06262,
          32.750164
        ]
      }
    },
    {
      "type": "Feature",
      "properties": {
        "road": "IH-20",
        "aadt": 193320,
        "year": 2023,
        "location": "IH-20, Arlington TX",
        "tier": "core",
        "route_id": "IH0020-RG"
      },
      "geometry": {
        "type": "Point",
        "coordinates": [
          -97.103152,
          32.677709
        ]
      }
    },
    {
      "type": "Feature",
      "properties": {
        "road": "IH-20",
        "aadt": 193320,
        "year": 2023,
        "location": "IH-20, Arlington TX",
        "tier": "core",
        "route_id": "IH0020-KG"
      },
      "geometry": {
        "type": "Point",
        "coordinates": [
          -97.104956,
          32.67788
        ]
      }
    },
    {
      "type": "Feature",
      "properties": {
        "road": "IH-20",
        "aadt": 193320,
        "year": 2023,
        "location": "IH-20, Arlington TX",
        "tier": "core",
        "route_id": "IH0020-LG"
      },
      "geometry": {
        "type": "Point",
        "coordinates": [
          -97.104198,
          32.678009
        ]
      }
    },
    {
      "type": "Feature",
      "properties": {
        "road": "IH-20",
        "aadt": 186645,
        "year": 2023,
        "location": "IH-20, Arlington TX",
        "tier": "core",
        "route_id": "IH0020-RG"
      },
      "geometry": {
        "type": "Point",
        "coordinates": [
          -97.069468,
          32.677295
        ]
      }
    },
    {
      "type": "Feature",
      "properties": {
        "road": "IH-20",
        "aadt": 186645,
        "year": 2023,
        "location": "IH-20, Arlington TX",
        "tier": "core",
        "route_id": "IH0020-KG"
      },
      "geometry": {
        "type": "Point",
        "coordinates": [
          -97.074625,
          32.677492
        ]
      }
    },
    {
      "type": "Feature",
      "properties": {
        "road": "IH-20",
        "aadt": 186645,
        "year": 2023,
        "location": "IH-20, Arlington TX",
        "tier": "core",
        "route_id": "IH0020-LG"
      },
      "geometry": {
        "type": "Point",
        "coordinates": [
          -97.068619,
          32.677582
        ]
      }
    },
    {
      "type": "Feature",
      "properties": {
        "road": "IH-20",
        "aadt": 179941,
        "year": 2023,
        "location": "IH-20, Arlington TX",
        "tier": "core",
        "route_id": "IH0020-SG"
      },
      "geometry": {
        "type": "Point",
        "coordinates": [
          -97.134741,
          32.67513
        ]
      }
    },
    {
      "type": "Feature",
      "properties": {
        "road": "IH-20",
        "aadt": 179941,
        "year": 2023,
        "location": "IH-20, Arlington TX",
        "tier": "core",
        "route_id": "IH0020-RG"
      },
      "geometry": {
        "type": "Point",
        "coordinates": [
          -97.141993,
          32.674493
        ]
      }
    },
    {
      "type": "Feature",
      "properties": {
        "road": "IH-20",
        "aadt": 179941,
        "year": 2023,
        "location": "IH-20, Arlington TX",
        "tier": "core",
        "route_id": "IH0020-KG"
      },
      "geometry": {
        "type": "Point",
        "coordinates": [
          -97.142888,
          32.67456
        ]
      }
    },
    {
      "type": "Feature",
      "properties": {
        "road": "IH-20",
        "aadt": 179941,
        "year": 2023,
        "location": "IH-20, Arlington TX",
        "tier": "core",
        "route_id": "IH0020-YG"
      },
      "geometry": {
        "type": "Point",
        "coordinates": [
          -97.133685,
          32.676007
        ]
      }
    },
    {
      "type": "Feature",
      "properties": {
        "road": "IH-20",
        "aadt": 179941,
        "year": 2023,
        "location": "IH-20, Arlington TX",
        "tier": "core",
        "route_id": "IH0020-LG"
      },
      "geometry": {
        "type": "Point",
        "coordinates": [
          -97.142072,
          32.674765
        ]
      }
    },
    {
      "type": "Feature",
      "properties": {
        "road": "IH-30",
        "aadt": 167578,
        "year": 2023,
        "location": "IH-30, Arlington TX",
        "tier": "core",
        "route_id": "IH0030-LG"
      },
      "geometry": {
        "type": "Point",
        "coordinates": [
          -97.046439,
          32.759693
        ]
      }
    },
    {
      "type": "Feature",
      "properties": {
        "road": "IH-30",
        "aadt": 167578,
        "year": 2023,
        "location": "IH-30, Arlington TX",
        "tier": "core",
        "route_id": "IH0030-RG"
      },
      "geometry": {
        "type": "Point",
        "coordinates": [
          -97.042758,
          32.759465
        ]
      }
    },
    {
      "type": "Feature",
      "properties": {
        "road": "IH-30",
        "aadt": 167578,
        "year": 2023,
        "location": "IH-30, Arlington TX",
        "tier": "core",
        "route_id": "IH0030-KG"
      },
      "geometry": {
        "type": "Point",
        "coordinates": [
          -97.043033,
          32.759575
        ]
      }
    },
    {
      "type": "Feature",
      "properties": {
        "road": "IH-20",
        "aadt": 167327,
        "year": 2023,
        "location": "IH-20, Arlington TX",
        "tier": "core",
        "route_id": "IH0020-RG"
      },
      "geometry": {
        "type": "Point",
        "coordinates": [
          -97.186165,
          32.676151
        ]
      }
    },
    {
      "type": "Feature",
      "properties": {
        "road": "IH-20",
        "aadt": 167327,
        "year": 2023,
        "location": "IH-20, Arlington TX",
        "tier": "core",
        "route_id": "IH0020-KG"
      },
      "geometry": {
        "type": "Point",
        "coordinates": [
          -97.185037,
          32.676361
        ]
      }
    },
    {
      "type": "Feature",
      "properties": {
        "road": "IH-20",
        "aadt": 167327,
        "year": 2023,
        "location": "IH-20, Arlington TX",
        "tier": "core",
        "route_id": "IH0020-LG"
      },
      "geometry": {
        "type": "Point",
        "coordinates": [
          -97.186923,
          32.676387
        ]
      }
    },
    {
      "type": "Feature",
      "properties": {
        "road": "IH-30",
        "aadt": 157085,
        "year": 2023,
        "location": "IH-30, Arlington TX",
        "tier": "core",
        "route_id": "IH0030-LG"
      },
      "geometry": {
        "type": "Point",
        "coordinates": [
          -97.080661,
          32.760028
        ]
      }
    },
    {
      "type": "Feature",
      "properties": {
        "road": "IH-30",
        "aadt": 157085,
        "year": 2023,
        "location": "IH-30, Arlington TX",
        "tier": "core",
        "route_id": "IH0030-RG"
      },
      "geometry": {
        "type": "Point",
        "coordinates": [
          -97.078107,
          32.759515
        ]
      }
    },
    {
      "type": "Feature",
      "properties": {
        "road": "IH-30",
        "aadt": 157085,
        "year": 2023,
        "location": "IH-30, Arlington TX",
        "tier": "core",
        "route_id": "IH0030-MG"
      },
      "geometry": {
        "type": "Point",
        "coordinates": [
          -97.094598,
          32.760068
        ]
      }
    },
    {
      "type": "Feature",
      "properties": {
        "road": "IH-30",
        "aadt": 157085,
        "year": 2023,
        "location": "IH-30, Arlington TX",
        "tier": "core",
        "route_id": "IH0030-KG"
      },
      "geometry": {
        "type": "Point",
        "coordinates": [
          -97.084296,
          32.759768
        ]
      }
    },
    {
      "type": "Feature",
      "properties": {
        "road": "IH-20",
        "aadt": 155778,
        "year": 2023,
        "location": "IH-20, Arlington TX",
        "tier": "core",
        "route_id": "IH0020-RG"
      },
      "geometry": {
        "type": "Point",
        "coordinates": [
          -97.161676,
          32.67465
        ]
      }
    },
    {
      "type": "Feature",
      "properties": {
        "road": "IH-20",
        "aadt": 155778,
        "year": 2023,
        "location": "IH-20, Arlington TX",
        "tier": "core",
        "route_id": "IH0020-KG"
      },
      "geometry": {
        "type": "Point",
        "coordinates": [
          -97.162635,
          32.674825
        ]
      }
    },
    {
      "type": "Feature",
      "properties": {
        "road": "IH-20",
        "aadt": 155778,
        "year": 2023,
        "location": "IH-20, Arlington TX",
        "tier": "core",
        "route_id": "IH0020-LG"
      },
      "geometry": {
        "type": "Point",
        "coordinates": [
          -97.161889,
          32.674938
        ]
      }
    },
    {
      "type": "Feature",
      "properties": {
        "road": "IH-20",
        "aadt": 153673,
        "year": 2023,
        "location": "IH-20, Arlington TX",
        "tier": "core",
        "route_id": "IH0020-RG"
      },
      "geometry": {
        "type": "Point",
        "coordinates": [
          -97.12,
          32.677809
        ]
      }
    },
    {
      "type": "Feature",
      "properties": {
        "road": "IH-20",
        "aadt": 153673,
        "year": 2023,
        "location": "IH-20, Arlington TX",
        "tier": "core",
        "route_id": "IH0020-KG"
      },
      "geometry": {
        "type": "Point",
        "coordinates": [
          -97.119145,
          32.678122
        ]
      }
    },
    {
      "type": "Feature",
      "properties": {
        "road": "IH-20",
        "aadt": 153673,
        "year": 2023,
        "location": "IH-20, Arlington TX",
        "tier": "core",
        "route_id": "IH0020-LG"
      },
      "geometry": {
        "type": "Point",
        "coordinates": [
          -97.123132,
          32.67752
        ]
      }
    },
    {
      "type": "Feature",
      "properties": {
        "road": "IH-20",
        "aadt": 151988,
        "year": 2023,
        "location": "IH-20, Arlington TX",
        "tier": "core",
        "route_id": "IH0020-RG"
      },
      "geometry": {
        "type": "Point",
        "coordinates": [
          -97.209077,
          32.67049
        ]
      }
    },
    {
      "type": "Feature",
      "properties": {
        "road": "IH-20",
        "aadt": 151988,
        "year": 2023,
        "location": "IH-20, Arlington TX",
        "tier": "core",
        "route_id": "IH0020-KG"
      },
      "geometry": {
        "type": "Point",
        "coordinates": [
          -97.2055,
          32.671681
        ]
      }
    },
    {
      "type": "Feature",
      "properties": {
        "road": "IH-20",
        "aadt": 151988,
        "year": 2023,
        "location": "IH-20, Arlington TX",
        "tier": "core",
        "route_id": "IH0020-LG"
      },
      "geometry": {
        "type": "Point",
        "coordinates": [
          -97.211908,
          32.66996
        ]
      }
    },
    {
      "type": "Feature",
      "properties": {
        "road": "SH-360",
        "aadt": 149221,
        "year": 2023,
        "location": "SH-360, Arlington TX",
        "tier": "core",
        "route_id": "SH0360-RG"
      },
      "geometry": {
        "type": "Point",
        "coordinates": [
          -97.061336,
          32.779028
        ]
      }
    },
    {
      "type": "Feature",
      "properties": {
        "road": "SH-360",
        "aadt": 149221,
        "year": 2023,
        "location": "SH-360, Arlington TX",
        "tier": "core",
        "route_id": "SH0360-KG"
      },
      "geometry": {
        "type": "Point",
        "coordinates": [
          -97.061317,
          32.778699
        ]
      }
    },
    {
      "type": "Feature",
      "properties": {
        "road": "SH-360",
        "aadt": 149221,
        "year": 2023,
        "location": "SH-360, Arlington TX",
        "tier": "core",
        "route_id": "SH0360-LG"
      },
      "geometry": {
        "type": "Point",
        "coordinates": [
          -97.061158,
          32.778807
        ]
      }
    },
    {
      "type": "Feature",
      "properties": {
        "road": "SH-360",
        "aadt": 148006,
        "year": 2023,
        "location": "SH-360, Arlington TX",
        "tier": "core",
        "route_id": "SH0360-RG"
      },
      "geometry": {
        "type": "Point",
        "coordinates": [
          -97.063487,
          32.762282
        ]
      }
    },
    {
      "type": "Feature",
      "properties": {
        "road": "SH-360",
        "aadt": 148006,
        "year": 2023,
        "location": "SH-360, Arlington TX",
        "tier": "core",
        "route_id": "SH0360-KG"
      },
      "geometry": {
        "type": "Point",
        "coordinates": [
          -97.063341,
          32.764495
        ]
      }
    },
    {
      "type": "Feature",
      "properties": {
        "road": "SH-360",
        "aadt": 148006,
        "year": 2023,
        "location": "SH-360, Arlington TX",
        "tier": "core",
        "route_id": "SH0360-LG"
      },
      "geometry": {
        "type": "Point",
        "coordinates": [
          -97.063263,
          32.764061
        ]
      }
    },
    {
      "type": "Feature",
      "properties": {
        "road": "IH-30",
        "aadt": 141838,
        "year": 2023,
        "location": "IH-30, Arlington TX",
        "tier": "core",
        "route_id": "IH0030-LG"
      },
      "geometry": {
        "type": "Point",
        "coordinates": [
          -97.124625,
          32.759901
        ]
      }
    },
    {
      "type": "Feature",
      "properties": {
        "road": "IH-30",
        "aadt": 141838,
        "year": 2023,
        "location": "IH-30, Arlington TX",
        "tier": "core",
        "route_id": "IH0030-RG"
      },
      "geometry": {
        "type": "Point",
        "coordinates": [
          -97.121932,
          32.75968
        ]
      }
    },
    {
      "type": "Feature",
      "properties": {
        "road": "IH-30",
        "aadt": 141838,
        "year": 2023,
        "location": "IH-30, Arlington TX",
        "tier": "core",
        "route_id": "IH0030-MG"
      },
      "geometry": {
        "type": "Point",
        "coordinates": [
          -97.101032,
          32.760126
        ]
      }
    },
    {
      "type": "Feature",
      "properties": {
        "road": "IH-30",
        "aadt": 141838,
        "year": 2023,
        "location": "IH-30, Arlington TX",
        "tier": "core",
        "route_id": "IH0030-KG"
      },
      "geometry": {
        "type": "Point",
        "coordinates": [
          -97.12284,
          32.759796
        ]
      }
    },
    {
      "type": "Feature",
      "properties": {
        "road": "IH-30",
        "aadt": 141838,
        "year": 2023,
        "location": "IH-30, Arlington TX",
        "tier": "core",
        "route_id": "IH0030-BG"
      },
      "geometry": {
        "type": "Point",
        "coordinates": [
          -97.102715,
          32.75926
        ]
      }
    },
    {
      "type": "Feature",
      "properties": {
        "road": "IH-30",
        "aadt": 138028,
        "year": 2023,
        "location": "IH-30, Arlington TX",
        "tier": "core",
        "route_id": "IH0030-LG"
      },
      "geometry": {
        "type": "Point",
        "coordinates": [
          -97.160185,
          32.760325
        ]
      }
    },
    {
      "type": "Feature",
      "properties": {
        "road": "IH-30",
        "aadt": 138028,
        "year": 2023,
        "location": "IH-30, Arlington TX",
        "tier": "core",
        "route_id": "IH0030-RG"
      },
      "geometry": {
        "type": "Point",
        "coordinates": [
          -97.15626,
          32.760164
        ]
      }
    },
    {
      "type": "Feature",
      "properties": {
        "road": "IH-30",
        "aadt": 138028,
        "year": 2023,
        "location": "IH-30, Arlington TX",
        "tier": "core",
        "route_id": "IH0030-KG"
      },
      "geometry": {
        "type": "Point",
        "coordinates": [
          -97.155428,
          32.760268
        ]
      }
    },
    {
      "type": "Feature",
      "properties": {
        "road": "IH-30",
        "aadt": 136347,
        "year": 2023,
        "location": "IH-30, Arlington TX",
        "tier": "core",
        "route_id": "IH0030-LG"
      },
      "geometry": {
        "type": "Point",
        "coordinates": [
          -97.190394,
          32.759896
        ]
      }
    },
    {
      "type": "Feature",
      "properties": {
        "road": "IH-30",
        "aadt": 136347,
        "year": 2023,
        "location": "IH-30, Arlington TX",
        "tier": "core",
        "route_id": "IH0030-RG"
      },
      "geometry": {
        "type": "Point",
        "coordinates": [
          -97.190912,
          32.759674
        ]
      }
    },
    {
      "type": "Feature",
      "properties": {
        "road": "IH-30",
        "aadt": 136347,
        "year": 2023,
        "location": "IH-30, Arlington TX",
        "tier": "core",
        "route_id": "IH0030-KG"
      },
      "geometry": {
        "type": "Point",
        "coordinates": [
          -97.191514,
          32.759777
        ]
      }
    },
    {
      "type": "Feature",
      "properties": {
        "road": "SH-360",
        "aadt": 135191,
        "year": 2023,
        "location": "SH-360, Arlington TX",
        "tier": "core",
        "route_id": "SH0360-RG"
      },
      "geometry": {
        "type": "Point",
        "coordinates": [
          -97.054038,
          32.80656
        ]
      }
    },
    {
      "type": "Feature",
      "properties": {
        "road": "SH-360",
        "aadt": 135191,
        "year": 2023,
        "location": "SH-360, Arlington TX",
        "tier": "core",
        "route_id": "SH0360-KG"
      },
      "geometry": {
        "type": "Point",
        "coordinates": [
          -97.054213,
          32.808562
        ]
      }
    },
    {
      "type": "Feature",
      "properties": {
        "road": "SH-360",
        "aadt": 135191,
        "year": 2023,
        "location": "SH-360, Arlington TX",
        "tier": "core",
        "route_id": "SH0360-LG"
      },
      "geometry": {
        "type": "Point",
        "coordinates": [
          -97.054206,
          32.808811
        ]
      }
    },
    {
      "type": "Feature",
      "properties": {
        "road": "SH-360",
        "aadt": 130819,
        "year": 2023,
        "location": "SH-360, Arlington TX",
        "tier": "core",
        "route_id": "SH0360-RG"
      },
      "geometry": {
        "type": "Point",
        "coordinates": [
          -97.062859,
          32.667089
        ]
      }
    },
    {
      "type": "Feature",
      "properties": {
        "road": "SH-360",
        "aadt": 130819,
        "year": 2023,
        "location": "SH-360, Arlington TX",
        "tier": "core",
        "route_id": "SH0360-KG"
      },
      "geometry": {
        "type": "Point",
        "coordinates": [
          -97.06268,
          32.668492
        ]
      }
    },
    {
      "type": "Feature",
      "properties": {
        "road": "SH-360",
        "aadt": 130819,
        "year": 2023,
        "location": "SH-360, Arlington TX",
        "tier": "core",
        "route_id": "SH0360-LG"
      },
      "geometry": {
        "type": "Point",
        "coordinates": [
          -97.062563,
          32.665486
        ]
      }
    },
    {
      "type": "Feature",
      "properties": {
        "road": "TL-360",
        "aadt": 130819,
        "year": 2023,
        "location": "TL-360, Arlington TX",
        "tier": "core",
        "route_id": "TL0360-RG"
      },
      "geometry": {
        "type": "Point",
        "coordinates": [
          -97.061873,
          32.650666
        ]
      }
    },
    {
      "type": "Feature",
      "properties": {
        "road": "TL-360",
        "aadt": 130819,
        "year": 2023,
        "location": "TL-360, Arlington TX",
        "tier": "core",
        "route_id": "TL0360-KG"
      },
      "geometry": {
        "type": "Point",
        "coordinates": [
          -97.061673,
          32.652449
        ]
      }
    },
    {
      "type": "Feature",
      "properties": {
        "road": "TL-360",
        "aadt": 130819,
        "year": 2023,
        "location": "TL-360, Arlington TX",
        "tier": "core",
        "route_id": "TL0360-LG"
      },
      "geometry": {
        "type": "Point",
        "coordinates": [
          -97.06156,
          32.650388
        ]
      }
    },
    {
      "type": "Feature",
      "properties": {
        "road": "US-287",
        "aadt": 74458,
        "year": 2023,
        "location": "US-287, Arlington TX",
        "tier": "core",
        "route_id": "US0287-LG"
      },
      "geometry": {
        "type": "Point",
        "coordinates": [
          -97.201263,
          32.665465
        ]
      }
    },
    {
      "type": "Feature",
      "properties": {
        "road": "US-287",
        "aadt": 74458,
        "year": 2023,
        "location": "US-287, Arlington TX",
        "tier": "core",
        "route_id": "US0287-KG"
      },
      "geometry": {
        "type": "Point",
        "coordinates": [
          -97.19901,
          32.662694
        ]
      }
    },
    {
      "type": "Feature",
      "properties": {
        "road": "US-287",
        "aadt": 74458,
        "year": 2023,
        "location": "US-287, Arlington TX",
        "tier": "core",
        "route_id": "US0287-RG"
      },
      "geometry": {
        "type": "Point",
        "coordinates": [
          -97.20477,
          32.667592
        ]
      }
    },
    {
      "type": "Feature",
      "properties": {
        "road": "US-287",
        "aadt": 69499,
        "year": 2023,
        "location": "US-287, Arlington TX",
        "tier": "core",
        "route_id": "US0287-LG"
      },
      "geometry": {
        "type": "Point",
        "coordinates": [
          -97.168204,
          32.622944
        ]
      }
    },
    {
      "type": "Feature",
      "properties": {
        "road": "US-287",
        "aadt": 69499,
        "year": 2023,
        "location": "US-287, Arlington TX",
        "tier": "core",
        "route_id": "US0287-KG"
      },
      "geometry": {
        "type": "Point",
        "coordinates": [
          -97.171242,
          32.626376
        ]
      }
    },
    {
      "type": "Feature",
      "properties": {
        "road": "US-287",
        "aadt": 69499,
        "year": 2023,
        "location": "US-287, Arlington TX",
        "tier": "core",
        "route_id": "US0287-RG"
      },
      "geometry": {
        "type": "Point",
        "coordinates": [
          -97.17124,
          32.62611
        ]
      }
    },
    {
      "type": "Feature",
      "properties": {
        "road": "FM-157",
        "aadt": 54625,
        "year": 2023,
        "location": "FM-157, Arlington TX",
        "tier": "core",
        "route_id": "FM0157-KG"
      },
      "geometry": {
        "type": "Point",
        "coordinates": [
          -97.134274,
          32.663204
        ]
      }
    },
    {
      "type": "Feature",
      "properties": {
        "road": "FM-157",
        "aadt": 54625,
        "year": 2023,
        "location": "FM-157, Arlington TX",
        "tier": "core",
        "route_id": "FM0157-RG"
      },
      "geometry": {
        "type": "Point",
        "coordinates": [
          -97.13422,
          32.665428
        ]
      }
    },
    {
      "type": "Feature",
      "properties": {
        "road": "FM-157",
        "aadt": 54625,
        "year": 2023,
        "location": "FM-157, Arlington TX",
        "tier": "core",
        "route_id": "FM0157-LG"
      },
      "geometry": {
        "type": "Point",
        "coordinates": [
          -97.133979,
          32.667179
        ]
      }
    },
    {
      "type": "Feature",
      "properties": {
        "road": "FM-157",
        "aadt": 49350,
        "year": 2023,
        "location": "FM-157, Arlington TX",
        "tier": "major",
        "route_id": "FM0157-KG"
      },
      "geometry": {
        "type": "Point",
        "coordinates": [
          -97.135105,
          32.67884
        ]
      }
    },
    {
      "type": "Feature",
      "properties": {
        "road": "FM-157",
        "aadt": 49350,
        "year": 2023,
        "location": "FM-157, Arlington TX",
        "tier": "major",
        "route_id": "FM0157-RG"
      },
      "geometry": {
        "type": "Point",
        "coordinates": [
          -97.135207,
          32.67873
        ]
      }
    },
    {
      "type": "Feature",
      "properties": {
        "road": "FM-157",
        "aadt": 49350,
        "year": 2023,
        "location": "FM-157, Arlington TX",
        "tier": "major",
        "route_id": "FM0157-LG"
      },
      "geometry": {
        "type": "Point",
        "coordinates": [
          -97.134912,
          32.679025
        ]
      }
    },
    {
      "type": "Feature",
      "properties": {
        "road": "TL-360",
        "aadt": 45125,
        "year": 2023,
        "location": "TL-360, Arlington TX",
        "tier": "major",
        "route_id": "TL0360-RG"
      },
      "geometry": {
        "type": "Point",
        "coordinates": [
          -97.065787,
          32.632139
        ]
      }
    },
    {
      "type": "Feature",
      "properties": {
        "road": "TL-360",
        "aadt": 45125,
        "year": 2023,
        "location": "TL-360, Arlington TX",
        "tier": "major",
        "route_id": "TL0360-KG"
      },
      "geometry": {
        "type": "Point",
        "coordinates": [
          -97.064481,
          32.634628
        ]
      }
    },
    {
      "type": "Feature",
      "properties": {
        "road": "TL-360",
        "aadt": 45125,
        "year": 2023,
        "location": "TL-360, Arlington TX",
        "tier": "major",
        "route_id": "TL0360-LG"
      },
      "geometry": {
        "type": "Point",
        "coordinates": [
          -97.064789,
          32.633373
        ]
      }
    },
    {
      "type": "Feature",
      "properties": {
        "road": "CS-250283",
        "aadt": 44642,
        "year": 2023,
        "location": "CS-250283, Arlington TX",
        "tier": "major",
        "route_id": "250283"
      },
      "geometry": {
        "type": "Point",
        "coordinates": [
          -97.114965,
          32.677147
        ]
      }
    },
    {
      "type": "Feature",
      "properties": {
        "road": "FM-157",
        "aadt": 40914,
        "year": 2023,
        "location": "FM-157, Arlington TX",
        "tier": "major",
        "route_id": "FM0157-KG"
      },
      "geometry": {
        "type": "Point",
        "coordinates": [
          -97.129913,
          32.689123
        ]
      }
    },
    {
      "type": "Feature",
      "properties": {
        "road": "FM-157",
        "aadt": 40914,
        "year": 2023,
        "location": "FM-157, Arlington TX",
        "tier": "major",
        "route_id": "FM0157-RG"
      },
      "geometry": {
        "type": "Point",
        "coordinates": [
          -97.132585,
          32.684426
        ]
      }
    },
    {
      "type": "Feature",
      "properties": {
        "road": "FM-157",
        "aadt": 40914,
        "year": 2023,
        "location": "FM-157, Arlington TX",
        "tier": "major",
        "route_id": "FM0157-LG"
      },
      "geometry": {
        "type": "Point",
        "coordinates": [
          -97.130321,
          32.688187
        ]
      }
    },
    {
      "type": "Feature",
      "properties": {
        "road": "CS-250283",
        "aadt": 38257,
        "year": 2023,
        "location": "CS-250283, Arlington TX",
        "tier": "major",
        "route_id": "250283"
      },
      "geometry": {
        "type": "Point",
        "coordinates": [
          -97.114935,
          32.680832
        ]
      }
    },
    {
      "type": "Feature",
      "properties": {
        "road": "IH-20",
        "aadt": 38242,
        "year": 2023,
        "location": "IH-20, Arlington TX",
        "tier": "major",
        "route_id": "IH0020-XG"
      },
      "geometry": {
        "type": "Point",
        "coordinates": [
          -97.131037,
          32.67669
        ]
      }
    },
    {
      "type": "Feature",
      "properties": {
        "road": "CS-250283",
        "aadt": 37845,
        "year": 2023,
        "location": "CS-250283, Arlington TX",
        "tier": "major",
        "route_id": "250283"
      },
      "geometry": {
        "type": "Point",
        "coordinates": [
          -97.115024,
          32.662289
        ]
      }
    },
    {
      "type": "Feature",
      "properties": {
        "road": "FM-157",
        "aadt": 36640,
        "year": 2023,
        "location": "FM-157, Arlington TX",
        "tier": "major",
        "route_id": "FM0157-RG"
      },
      "geometry": {
        "type": "Point",
        "coordinates": [
          -97.097187,
          32.762186
        ]
      }
    },
    {
      "type": "Feature",
      "properties": {
        "road": "FM-157",
        "aadt": 36640,
        "year": 2023,
        "location": "FM-157, Arlington TX",
        "tier": "major",
        "route_id": "FM0157-LG"
      },
      "geometry": {
        "type": "Point",
        "coordinates": [
          -97.096997,
          32.763392
        ]
      }
    },
    {
      "type": "Feature",
      "properties": {
        "road": "FM-157",
        "aadt": 36640,
        "year": 2023,
        "location": "FM-157, Arlington TX",
        "tier": "major",
        "route_id": "FM0157-KG"
      },
      "geometry": {
        "type": "Point",
        "coordinates": [
          -97.097125,
          32.764068
        ]
      }
    },
    {
      "type": "Feature",
      "properties": {
        "road": "FM-157",
        "aadt": 36220,
        "year": 2023,
        "location": "FM-157, Arlington TX",
        "tier": "major",
        "route_id": "FM0157-KG"
      },
      "geometry": {
        "type": "Point",
        "coordinates": [
          -97.122802,
          32.699326
        ]
      }
    },
    {
      "type": "Feature",
      "properties": {
        "road": "FM-157",
        "aadt": 36220,
        "year": 2023,
        "location": "FM-157, Arlington TX",
        "tier": "major",
        "route_id": "FM0157-RG"
      },
      "geometry": {
        "type": "Point",
        "coordinates": [
          -97.125797,
          32.695417
        ]
      }
    },
    {
      "type": "Feature",
      "properties": {
        "road": "FM-157",
        "aadt": 36220,
        "year": 2023,
        "location": "FM-157, Arlington TX",
        "tier": "major",
        "route_id": "FM0157-LG"
      },
      "geometry": {
        "type": "Point",
        "coordinates": [
          -97.121065,
          32.701483
        ]
      }
    },
    {
      "type": "Feature",
      "properties": {
        "road": "FM-157",
        "aadt": 35182,
        "year": 2023,
        "location": "FM-157, Arlington TX",
        "tier": "major",
        "route_id": "FM0157-KG"
      },
      "geometry": {
        "type": "Point",
        "coordinates": [
          -97.133917,
          32.642463
        ]
      }
    },
    {
      "type": "Feature",
      "properties": {
        "road": "FM-157",
        "aadt": 35182,
        "year": 2023,
        "location": "FM-157, Arlington TX",
        "tier": "major",
        "route_id": "FM0157-RG"
      },
      "geometry": {
        "type": "Point",
        "coordinates": [
          -97.13359,
          32.644488
        ]
      }
    },
    {
      "type": "Feature",
      "properties": {
        "road": "FM-157",
        "aadt": 35182,
        "year": 2023,
        "location": "FM-157, Arlington TX",
        "tier": "major",
        "route_id": "FM0157-LG"
      },
      "geometry": {
        "type": "Point",
        "coordinates": [
          -97.133577,
          32.643581
        ]
      }
    },
    {
      "type": "Feature",
      "properties": {
        "road": "CS-250283",
        "aadt": 34585,
        "year": 2023,
        "location": "CS-250283, Arlington TX",
        "tier": "major",
        "route_id": "250283"
      },
      "geometry": {
        "type": "Point",
        "coordinates": [
          -97.115648,
          32.649074
        ]
      }
    },
    {
      "type": "Feature",
      "properties": {
        "road": "SS-303",
        "aadt": 34322,
        "year": 2023,
        "location": "SS-303, Arlington TX",
        "tier": "major",
        "route_id": "SS0303-RG"
      },
      "geometry": {
        "type": "Point",
        "coordinates": [
          -97.07877,
          32.710422
        ]
      }
    },
    {
      "type": "Feature",
      "properties": {
        "road": "SS-303",
        "aadt": 34322,
        "year": 2023,
        "location": "SS-303, Arlington TX",
        "tier": "major",
        "route_id": "SS0303-LG"
      },
      "geometry": {
        "type": "Point",
        "coordinates": [
          -97.073054,
          32.711991
        ]
      }
    },
    {
      "type": "Feature",
      "properties": {
        "road": "SS-303",
        "aadt": 34322,
        "year": 2023,
        "location": "SS-303, Arlington TX",
        "tier": "major",
        "route_id": "SS0303-KG"
      },
      "geometry": {
        "type": "Point",
        "coordinates": [
          -97.076711,
          32.711016
        ]
      }
    },
    {
      "type": "Feature",
      "properties": {
        "road": "CS-250283",
        "aadt": 34247,
        "year": 2023,
        "location": "CS-250283, Arlington TX",
        "tier": "major",
        "route_id": "250283"
      },
      "geometry": {
        "type": "Point",
        "coordinates": [
          -97.114913,
          32.686179
        ]
      }
    },
    {
      "type": "Feature",
      "properties": {
        "road": "FM-157",
        "aadt": 32782,
        "year": 2023,
        "location": "FM-157, Arlington TX",
        "tier": "major",
        "route_id": "FM0157-RG"
      },
      "geometry": {
        "type": "Point",
        "coordinates": [
          -97.097276,
          32.789537
        ]
      }
    },
    {
      "type": "Feature",
      "properties": {
        "road": "FM-157",
        "aadt": 32782,
        "year": 2023,
        "location": "FM-157, Arlington TX",
        "tier": "major",
        "route_id": "FM0157-LG"
      },
      "geometry": {
        "type": "Point",
        "coordinates": [
          -97.097285,
          32.79066
        ]
      }
    },
    {
      "type": "Feature",
      "properties": {
        "road": "FM-157",
        "aadt": 32782,
        "year": 2023,
        "location": "FM-157, Arlington TX",
        "tier": "major",
        "route_id": "FM0157-KG"
      },
      "geometry": {
        "type": "Point",
        "coordinates": [
          -97.097068,
          32.789115
        ]
      }
    },
    {
      "type": "Feature",
      "properties": {
        "road": "CS-250444",
        "aadt": 32655,
        "year": 2023,
        "location": "CS-250444, Arlington TX",
        "tier": "major",
        "route_id": "250444"
      },
      "geometry": {
        "type": "Point",
        "coordinates": [
          -97.149623,
          32.675482
        ]
      }
    },
    {
      "type": "Feature",
      "properties": {
        "road": "FM-157",
        "aadt": 32509,
        "year": 2023,
        "location": "FM-157, Arlington TX",
        "tier": "major",
        "route_id": "FM0157-KG"
      },
      "geometry": {
        "type": "Point",
        "coordinates": [
          -97.116032,
          32.708348
        ]
      }
    },
    {
      "type": "Feature",
      "properties": {
        "road": "FM-157",
        "aadt": 32509,
        "year": 2023,
        "location": "FM-157, Arlington TX",
        "tier": "major",
        "route_id": "FM0157-RG"
      },
      "geometry": {
        "type": "Point",
        "coordinates": [
          -97.116207,
          32.708203
        ]
      }
    },
    {
      "type": "Feature",
      "properties": {
        "road": "FM-157",
        "aadt": 32509,
        "year": 2023,
        "location": "FM-157, Arlington TX",
        "tier": "major",
        "route_id": "FM0157-LG"
      },
      "geometry": {
        "type": "Point",
        "coordinates": [
          -97.116083,
          32.708126
        ]
      }
    },
    {
      "type": "Feature",
      "properties": {
        "road": "FM-157",
        "aadt": 32482,
        "year": 2023,
        "location": "FM-157, Arlington TX",
        "tier": "major",
        "route_id": "FM0157-KG"
      },
      "geometry": {
        "type": "Point",
        "coordinates": [
          -97.114627,
          32.724276
        ]
      }
    },
    {
      "type": "Feature",
      "properties": {
        "road": "FM-157",
        "aadt": 32482,
        "year": 2023,
        "location": "FM-157, Arlington TX",
        "tier": "major",
        "route_id": "FM0157-RG"
      },
      "geometry": {
        "type": "Point",
        "coordinates": [
          -97.114717,
          32.724391
        ]
      }
    },
    {
      "type": "Feature",
      "properties": {
        "road": "FM-157",
        "aadt": 32482,
        "year": 2023,
        "location": "FM-157, Arlington TX",
        "tier": "major",
        "route_id": "FM0157-LG"
      },
      "geometry": {
        "type": "Point",
        "coordinates": [
          -97.114548,
          32.724262
        ]
      }
    },
    {
      "type": "Feature",
      "properties": {
        "road": "FM-157",
        "aadt": 32452,
        "year": 2023,
        "location": "FM-157, Arlington TX",
        "tier": "major",
        "route_id": "FM0157-KG"
      },
      "geometry": {
        "type": "Point",
        "coordinates": [
          -97.114641,
          32.711465
        ]
      }
    },
    {
      "type": "Feature",
      "properties": {
        "road": "FM-157",
        "aadt": 32452,
        "year": 2023,
        "location": "FM-157, Arlington TX",
        "tier": "major",
        "route_id": "FM0157-RG"
      },
      "geometry": {
        "type": "Point",
        "coordinates": [
          -97.114757,
          32.710399
        ]
      }
    },
    {
      "type": "Feature",
      "properties": {
        "road": "FM-157",
        "aadt": 32452,
        "year": 2023,
        "location": "FM-157, Arlington TX",
        "tier": "major",
        "route_id": "FM0157-LG"
      },
      "geometry": {
        "type": "Point",
        "coordinates": [
          -97.114566,
          32.710824
        ]
      }
    },
    {
      "type": "Feature",
      "properties": {
        "road": "CS-250482",
        "aadt": 32430,
        "year": 2023,
        "location": "CS-250482, Arlington TX",
        "tier": "major",
        "route_id": "250482"
      },
      "geometry": {
        "type": "Point",
        "coordinates": [
          -97.11381,
          32.753754
        ]
      }
    },
    {
      "type": "Feature",
      "properties": {
        "road": "SS-303",
        "aadt": 30878,
        "year": 2023,
        "location": "SS-303, Arlington TX",
        "tier": "major",
        "route_id": "SS0303-LG"
      },
      "geometry": {
        "type": "Point",
        "coordinates": [
          -97.112749,
          32.708259
        ]
      }
    },
    {
      "type": "Feature",
      "properties": {
        "road": "SS-303",
        "aadt": 30878,
        "year": 2023,
        "location": "SS-303, Arlington TX",
        "tier": "major",
        "route_id": "SS0303-RG"
      },
      "geometry": {
        "type": "Point",
        "coordinates": [
          -97.112051,
          32.708063
        ]
      }
    },
    {
      "type": "Feature",
      "properties": {
        "road": "SS-303",
        "aadt": 30878,
        "year": 2023,
        "location": "SS-303, Arlington TX",
        "tier": "major",
        "route_id": "SS0303-KG"
      },
      "geometry": {
        "type": "Point",
        "coordinates": [
          -97.112101,
          32.708166
        ]
      }
    },
    {
      "type": "Feature",
      "properties": {
        "road": "CS-250283",
        "aadt": 29996,
        "year": 2023,
        "location": "CS-250283, Arlington TX",
        "tier": "major",
        "route_id": "250283"
      },
      "geometry": {
        "type": "Point",
        "coordinates": [
          -97.1152,
          32.639969
        ]
      }
    },
    {
      "type": "Feature",
      "properties": {
        "road": "CS-250475",
        "aadt": 29727,
        "year": 2023,
        "location": "CS-250475, Arlington TX",
        "tier": "major",
        "route_id": "250475"
      },
      "geometry": {
        "type": "Point",
        "coordinates": [
          -97.095106,
          32.685385
        ]
      }
    },
    {
      "type": "Feature",
      "properties": {
        "road": "FM-157",
        "aadt": 29726,
        "year": 2023,
        "location": "FM-157, Arlington TX",
        "tier": "major",
        "route_id": "FM0157-RG"
      },
      "geometry": {
        "type": "Point",
        "coordinates": [
          -97.099375,
          32.804836
        ]
      }
    },
    {
      "type": "Feature",
      "properties": {
        "road": "FM-157",
        "aadt": 29726,
        "year": 2023,
        "location": "FM-157, Arlington TX",
        "tier": "major",
        "route_id": "FM0157-LG"
      },
      "geometry": {
        "type": "Point",
        "coordinates": [
          -97.099241,
          32.805211
        ]
      }
    },
    {
      "type": "Feature",
      "properties": {
        "road": "FM-157",
        "aadt": 29726,
        "year": 2023,
        "location": "FM-157, Arlington TX",
        "tier": "major",
        "route_id": "FM0157-KG"
      },
      "geometry": {
        "type": "Point",
        "coordinates": [
          -97.099407,
          32.805511
        ]
      }
    },
    {
      "type": "Feature",
      "properties": {
        "road": "CS-250444",
        "aadt": 28927,
        "year": 2023,
        "location": "CS-250444, Arlington TX",
        "tier": "major",
        "route_id": "250444"
      },
      "geometry": {
        "type": "Point",
        "coordinates": [
          -97.149553,
          32.682201
        ]
      }
    },
    {
      "type": "Feature",
      "properties": {
        "road": "FM-157",
        "aadt": 28907,
        "year": 2023,
        "location": "FM-157, Arlington TX",
        "tier": "major",
        "route_id": "FM0157-RG"
      },
      "geometry": {
        "type": "Point",
        "coordinates": [
          -97.097264,
          32.758157
        ]
      }
    },
    {
      "type": "Feature",
      "properties": {
        "road": "FM-157",
        "aadt": 28907,
        "year": 2023,
        "location": "FM-157, Arlington TX",
        "tier": "major",
        "route_id": "FM0157-LG"
      },
      "geometry": {
        "type": "Point",
        "coordinates": [
          -97.097103,
          32.758058
        ]
      }
    },
    {
      "type": "Feature",
      "properties": {
        "road": "FM-157",
        "aadt": 28907,
        "year": 2023,
        "location": "FM-157, Arlington TX",
        "tier": "major",
        "route_id": "FM0157-KG"
      },
      "geometry": {
        "type": "Point",
        "coordinates": [
          -97.097164,
          32.758361
        ]
      }
    },
    {
      "type": "Feature",
      "properties": {
        "road": "FM-157",
        "aadt": 28650,
        "year": 2023,
        "location": "FM-157, Arlington TX",
        "tier": "major",
        "route_id": "FM0157-KG"
      },
      "geometry": {
        "type": "Point",
        "coordinates": [
          -97.097296,
          32.752161
        ]
      }
    },
    {
      "type": "Feature",
      "properties": {
        "road": "SS-303",
        "aadt": 28533,
        "year": 2023,
        "location": "SS-303, Arlington TX",
        "tier": "major",
        "route_id": "SS0303-LG"
      },
      "geometry": {
        "type": "Point",
        "coordinates": [
          -97.053422,
          32.71238
        ]
      }
    },
    {
      "type": "Feature",
      "properties": {
        "road": "SS-303",
        "aadt": 28533,
        "year": 2023,
        "location": "SS-303, Arlington TX",
        "tier": "major",
        "route_id": "SS0303-RG"
      },
      "geometry": {
        "type": "Point",
        "coordinates": [
          -97.049295,
          32.712206
        ]
      }
    },
    {
      "type": "Feature",
      "properties": {
        "road": "SS-303",
        "aadt": 28533,
        "year": 2023,
        "location": "SS-303, Arlington TX",
        "tier": "major",
        "route_id": "SS0303-KG"
      },
      "geometry": {
        "type": "Point",
        "coordinates": [
          -97.048647,
          32.712297
        ]
      }
    },
    {
      "type": "Feature",
      "properties": {
        "road": "SS-303",
        "aadt": 28393,
        "year": 2023,
        "location": "SS-303, Arlington TX",
        "tier": "major",
        "route_id": "SS0303-LG"
      },
      "geometry": {
        "type": "Point",
        "coordinates": [
          -97.177313,
          32.720653
        ]
      }
    },
    {
      "type": "Feature",
      "properties": {
        "road": "SS-303",
        "aadt": 28393,
        "year": 2023,
        "location": "SS-303, Arlington TX",
        "tier": "major",
        "route_id": "SS0303-RG"
      },
      "geometry": {
        "type": "Point",
        "coordinates": [
          -97.177836,
          32.720694
        ]
      }
    },
    {
      "type": "Feature",
      "properties": {
        "road": "SS-303",
        "aadt": 28393,
        "year": 2023,
        "location": "SS-303, Arlington TX",
        "tier": "major",
        "route_id": "SS0303-KG"
      },
      "geometry": {
        "type": "Point",
        "coordinates": [
          -97.178718,
          32.721191
        ]
      }
    },
    {
      "type": "Feature",
      "properties": {
        "road": "IH-20",
        "aadt": 28169,
        "year": 2023,
        "location": "IH-20, Arlington TX",
        "tier": "major",
        "route_id": "1599255378"
      },
      "geometry": {
        "type": "Point",
        "coordinates": [
          -97.062835,
          32.677433
        ]
      }
    },
    {
      "type": "Feature",
      "properties": {
        "road": "IH-30",
        "aadt": 27898,
        "year": 2023,
        "location": "IH-30, Arlington TX",
        "tier": "major",
        "route_id": "1639440758"
      },
      "geometry": {
        "type": "Point",
        "coordinates": [
          -97.064727,
          32.758223
        ]
      }
    },
    {
      "type": "Feature",
      "properties": {
        "road": "CS-251284",
        "aadt": 27220,
        "year": 2023,
        "location": "CS-251284, Arlington TX",
        "tier": "major",
        "route_id": "251284"
      },
      "geometry": {
        "type": "Point",
        "coordinates": [
          -97.16726,
          32.758215
        ]
      }
    },
    {
      "type": "Feature",
      "properties": {
        "road": "CS-250482",
        "aadt": 26901,
        "year": 2023,
        "location": "CS-250482, Arlington TX",
        "tier": "major",
        "route_id": "250482"
      },
      "geometry": {
        "type": "Point",
        "coordinates": [
          -97.114064,
          32.743618
        ]
      }
    },
    {
      "type": "Feature",
      "properties": {
        "road": "CS-250475",
        "aadt": 26787,
        "year": 2023,
        "location": "CS-250475, Arlington TX",
        "tier": "major",
        "route_id": "250475"
      },
      "geometry": {
        "type": "Point",
        "coordinates": [
          -97.092888,
          32.675503
        ]
      }
    },
    {
      "type": "Feature",
      "properties": {
        "road": "FM-157",
        "aadt": 26780,
        "year": 2023,
        "location": "FM-157, Arlington TX",
        "tier": "major",
        "route_id": "FM0157-KG"
      },
      "geometry": {
        "type": "Point",
        "coordinates": [
          -97.114542,
          32.736917
        ]
      }
    },
    {
      "type": "Feature",
      "properties": {
        "road": "FM-157",
        "aadt": 26780,
        "year": 2023,
        "location": "FM-157, Arlington TX",
        "tier": "major",
        "route_id": "FM0157-LG"
      },
      "geometry": {
        "type": "Point",
        "coordinates": [
          -97.114443,
          32.736913
        ]
      }
    },
    {
      "type": "Feature",
      "properties": {
        "road": "FM-157",
        "aadt": 26780,
        "year": 2023,
        "location": "FM-157, Arlington TX",
        "tier": "major",
        "route_id": "FM0157-RG"
      },
      "geometry": {
        "type": "Point",
        "coordinates": [
          -97.114653,
          32.736711
        ]
      }
    },
    {
      "type": "Feature",
      "properties": {
        "road": "SH-360",
        "aadt": 26746,
        "year": 2023,
        "location": "SH-360, Arlington TX",
        "tier": "major",
        "route_id": "SH0360-AG"
      },
      "geometry": {
        "type": "Point",
        "coordinates": [
          -97.063633,
          32.643111
        ]
      }
    },
    {
      "type": "Feature",
      "properties": {
        "road": "CS-250521",
        "aadt": 26673,
        "year": 2023,
        "location": "CS-250521, Arlington TX",
        "tier": "major",
        "route_id": "250521"
      },
      "geometry": {
        "type": "Point",
        "coordinates": [
          -97.192036,
          32.688768
        ]
      }
    },
    {
      "type": "Feature",
      "properties": {
        "road": "IH-20",
        "aadt": 26610,
        "year": 2023,
        "location": "IH-20, Arlington TX",
        "tier": "major",
        "route_id": "1599255382"
      },
      "geometry": {
        "type": "Point",
        "coordinates": [
          -97.063757,
          32.678209
        ]
      }
    },
    {
      "type": "Feature",
      "properties": {
        "road": "SH-360",
        "aadt": 26527,
        "year": 2023,
        "location": "SH-360, Arlington TX",
        "tier": "major",
        "route_id": "SH0360-XG"
      },
      "geometry": {
        "type": "Point",
        "coordinates": [
          -97.061967,
          32.6452
        ]
      }
    },
    {
      "type": "Feature",
      "properties": {
        "road": "CS-1503014",
        "aadt": 25717,
        "year": 2023,
        "location": "CS-1503014, Arlington TX",
        "tier": "major",
        "route_id": "1503014"
      },
      "geometry": {
        "type": "Point",
        "coordinates": [
          -97.097317,
          32.738184
        ]
      }
    },
    {
      "type": "Feature",
      "properties": {
        "road": "CS-250475",
        "aadt": 25717,
        "year": 2023,
        "location": "CS-250475, Arlington TX",
        "tier": "major",
        "route_id": "250475"
      },
      "geometry": {
        "type": "Point",
        "coordinates": [
          -97.097341,
          32.736676
        ]
      }
    },
    {
      "type": "Feature",
      "properties": {
        "road": "SH-360",
        "aadt": 25466,
        "year": 2023,
        "location": "SH-360, Arlington TX",
        "tier": "major",
        "route_id": "SH0360-AG"
      },
      "geometry": {
        "type": "Point",
        "coordinates": [
          -97.071412,
          32.625308
        ]
      }
    },
    {
      "type": "Feature",
      "properties": {
        "road": "FM-157",
        "aadt": 25434,
        "year": 2023,
        "location": "FM-157, Arlington TX",
        "tier": "major",
        "route_id": "FM0157-KG"
      },
      "geometry": {
        "type": "Point",
        "coordinates": [
          -97.09637,
          32.780514
        ]
      }
    },
    {
      "type": "Feature",
      "properties": {
        "road": "CS-250676",
        "aadt": 25221,
        "year": 2023,
        "location": "CS-250676, Arlington TX",
        "tier": "major",
        "route_id": "250676"
      },
      "geometry": {
        "type": "Point",
        "coordinates": [
          -97.14939,
          32.697222
        ]
      }
    },
    {
      "type": "Feature",
      "properties": {
        "road": "CS-250444",
        "aadt": 24834,
        "year": 2023,
        "location": "CS-250444, Arlington TX",
        "tier": "major",
        "route_id": "250444"
      },
      "geometry": {
        "type": "Point",
        "coordinates": [
          -97.149704,
          32.671872
        ]
      }
    },
    {
      "type": "Feature",
      "properties": {
        "road": "SS-303",
        "aadt": 24544,
        "year": 2023,
        "location": "SS-303, Arlington TX",
        "tier": "major",
        "route_id": "SS0303-LG"
      },
      "geometry": {
        "type": "Point",
        "coordinates": [
          -97.134332,
          32.70921
        ]
      }
    },
    {
      "type": "Feature",
      "properties": {
        "road": "SS-303",
        "aadt": 24544,
        "year": 2023,
        "location": "SS-303, Arlington TX",
        "tier": "major",
        "route_id": "SS0303-RG"
      },
      "geometry": {
        "type": "Point",
        "coordinates": [
          -97.134094,
          32.709021
        ]
      }
    },
    {
      "type": "Feature",
      "properties": {
        "road": "SS-303",
        "aadt": 24544,
        "year": 2023,
        "location": "SS-303, Arlington TX",
        "tier": "major",
        "route_id": "SS0303-KG"
      },
      "geometry": {
        "type": "Point",
        "coordinates": [
          -97.136747,
          32.709172
        ]
      }
    },
    {
      "type": "Feature",
      "properties": {
        "road": "IH-20",
        "aadt": 24470,
        "year": 2023,
        "location": "IH-20, Arlington TX",
        "tier": "major",
        "route_id": "1599255377"
      },
      "geometry": {
        "type": "Point",
        "coordinates": [
          -97.062351,
          32.677348
        ]
      }
    },
    {
      "type": "Feature",
      "properties": {
        "road": "CS-250521",
        "aadt": 24460,
        "year": 2023,
        "location": "CS-250521, Arlington TX",
        "tier": "major",
        "route_id": "250521"
      },
      "geometry": {
        "type": "Point",
        "coordinates": [
          -97.190541,
          32.702874
        ]
      }
    },
    {
      "type": "Feature",
      "properties": {
        "road": "CS-250676",
        "aadt": 24458,
        "year": 2023,
        "location": "CS-250676, Arlington TX",
        "tier": "major",
        "route_id": "250676"
      },
      "geometry": {
        "type": "Point",
        "coordinates": [
          -97.149289,
          32.703366
        ]
      }
    },
    {
      "type": "Feature",
      "properties": {
        "road": "CS-250444",
        "aadt": 24458,
        "year": 2023,
        "location": "CS-250444, Arlington TX",
        "tier": "major",
        "route_id": "250444"
      },
      "geometry": {
        "type": "Point",
        "coordinates": [
          -97.14936,
          32.699649
        ]
      }
    },
    {
      "type": "Feature",
      "properties": {
        "road": "CS-250277",
        "aadt": 24399,
        "year": 2023,
        "location": "CS-250277, Arlington TX",
        "tier": "major",
        "route_id": "250277"
      },
      "geometry": {
        "type": "Point",
        "coordinates": [
          -97.196955,
          32.677543
        ]
      }
    },
    {
      "type": "Feature",
      "properties": {
        "road": "FM-157",
        "aadt": 23980,
        "year": 2023,
        "location": "FM-157, Arlington TX",
        "tier": "major",
        "route_id": "FM0157-KG"
      },
      "geometry": {
        "type": "Point",
        "coordinates": [
          -97.097347,
          32.745362
        ]
      }
    },
    {
      "type": "Feature",
      "properties": {
        "road": "CS-251284",
        "aadt": 23899,
        "year": 2023,
        "location": "CS-251284, Arlington TX",
        "tier": "major",
        "route_id": "251284"
      },
      "geometry": {
        "type": "Point",
        "coordinates": [
          -97.1709,
          32.753475
        ]
      }
    },
    {
      "type": "Feature",
      "properties": {
        "road": "CS-250475",
        "aadt": 23717,
        "year": 2023,
        "location": "CS-250475, Arlington TX",
        "tier": "major",
        "route_id": "250475"
      },
      "geometry": {
        "type": "Point",
        "coordinates": [
          -97.097643,
          32.700217
        ]
      }
    },
    {
      "type": "Feature",
      "properties": {
        "road": "SH-360",
        "aadt": 23535,
        "year": 2023,
        "location": "SH-360, Arlington TX",
        "tier": "major",
        "route_id": "SH0360-XG"
      },
      "geometry": {
        "type": "Point",
        "coordinates": [
          -97.075107,
          32.617775
        ]
      }
    },
    {
      "type": "Feature",
      "properties": {
        "road": "CS-250283",
        "aadt": 23397,
        "year": 2023,
        "location": "CS-250283, Arlington TX",
        "tier": "major",
        "route_id": "250283"
      },
      "geometry": {
        "type": "Point",
        "coordinates": [
          -97.115537,
          32.618293
        ]
      }
    },
    {
      "type": "Feature",
      "properties": {
        "road": "CS-250475",
        "aadt": 23361,
        "year": 2023,
        "location": "CS-250475, Arlington TX",
        "tier": "major",
        "route_id": "250475"
      },
      "geometry": {
        "type": "Point",
        "coordinates": [
          -97.097426,
          32.728574
        ]
      }
    },
    {
      "type": "Feature",
      "properties": {
        "road": "CS-250475",
        "aadt": 23252,
        "year": 2023,
        "location": "CS-250475, Arlington TX",
        "tier": "major",
        "route_id": "250475"
      },
      "geometry": {
        "type": "Point",
        "coordinates": [
          -97.097517,
          32.713216
        ]
      }
    },
    {
      "type": "Feature",
      "properties": {
        "road": "CS-250676",
        "aadt": 23159,
        "year": 2023,
        "location": "CS-250676, Arlington TX",
        "tier": "major",
        "route_id": "250676"
      },
      "geometry": {
        "type": "Point",
        "coordinates": [
          -97.149213,
          32.706826
        ]
      }
    },
    {
      "type": "Feature",
      "properties": {
        "road": "IH-20",
        "aadt": 23063,
        "year": 2023,
        "location": "IH-20, Arlington TX",
        "tier": "major",
        "route_id": "1599255379"
      },
      "geometry": {
        "type": "Point",
        "coordinates": [
          -97.061266,
          32.678061
        ]
      }
    },
    {
      "type": "Feature",
      "properties": {
        "road": "CS-251329",
        "aadt": 23045,
        "year": 2023,
        "location": "CS-251329, Arlington TX",
        "tier": "major",
        "route_id": "251329"
      },
      "geometry": {
        "type": "Point",
        "coordinates": [
          -97.181228,
          32.730901
        ]
      }
    },
    {
      "type": "Feature",
      "properties": {
        "road": "CS-250521",
        "aadt": 23045,
        "year": 2023,
        "location": "CS-250521, Arlington TX",
        "tier": "major",
        "route_id": "250521"
      },
      "geometry": {
        "type": "Point",
        "coordinates": [
          -97.181325,
          32.724949
        ]
      }
    },
    {
      "type": "Feature",
      "properties": {
        "road": "CS-250876",
        "aadt": 22889,
        "year": 2023,
        "location": "CS-250876, Arlington TX",
        "tier": "major",
        "route_id": "250876"
      },
      "geometry": {
        "type": "Point",
        "coordinates": [
          -97.1492,
          32.708105
        ]
      }
    },
    {
      "type": "Feature",
      "properties": {
        "road": "CS-250510",
        "aadt": 22803,
        "year": 2023,
        "location": "CS-250510, Arlington TX",
        "tier": "major",
        "route_id": "250510"
      },
      "geometry": {
        "type": "Point",
        "coordinates": [
          -97.1317,
          32.756817
        ]
      }
    },
    {
      "type": "Feature",
      "properties": {
        "road": "CS-250521",
        "aadt": 22584,
        "year": 2023,
        "location": "CS-250521, Arlington TX",
        "tier": "major",
        "route_id": "250521"
      },
      "geometry": {
        "type": "Point",
        "coordinates": [
          -97.187948,
          32.713066
        ]
      }
    },
    {
      "type": "Feature",
      "properties": {
        "road": "CS-250510",
        "aadt": 22182,
        "year": 2023,
        "location": "CS-250510, Arlington TX",
        "tier": "major",
        "route_id": "250510"
      },
      "geometry": {
        "type": "Point",
        "coordinates": [
          -97.131774,
          32.745691
        ]
      }
    },
    {
      "type": "Feature",
      "properties": {
        "road": "SS-303",
        "aadt": 22108,
        "year": 2023,
        "location": "SS-303, Arlington TX",
        "tier": "major",
        "route_id": "SS0303-RG"
      },
      "geometry": {
        "type": "Point",
        "coordinates": [
          -97.207423,
          32.72893
        ]
      }
    },
    {
      "type": "Feature",
      "properties": {
        "road": "SS-303",
        "aadt": 22108,
        "year": 2023,
        "location": "SS-303, Arlington TX",
        "tier": "major",
        "route_id": "SS0303-LG"
      },
      "geometry": {
        "type": "Point",
        "coordinates": [
          -97.209352,
          32.729429
        ]
      }
    },
    {
      "type": "Feature",
      "properties": {
        "road": "SS-303",
        "aadt": 22108,
        "year": 2023,
        "location": "SS-303, Arlington TX",
        "tier": "major",
        "route_id": "SS0303-KG"
      },
      "geometry": {
        "type": "Point",
        "coordinates": [
          -97.205711,
          32.728584
        ]
      }
    },
    {
      "type": "Feature",
      "properties": {
        "road": "SS-303",
        "aadt": 21503,
        "year": 2023,
        "location": "SS-303, Arlington TX",
        "tier": "major",
        "route_id": "SS0303-RG"
      },
      "geometry": {
        "type": "Point",
        "coordinates": [
          -97.15712,
          32.710362
        ]
      }
    },
    {
      "type": "Feature",
      "properties": {
        "road": "SS-303",
        "aadt": 21503,
        "year": 2023,
        "location": "SS-303, Arlington TX",
        "tier": "major",
        "route_id": "SS0303-LG"
      },
      "geometry": {
        "type": "Point",
        "coordinates": [
          -97.157197,
          32.710568
        ]
      }
    },
    {
      "type": "Feature",
      "properties": {
        "road": "SS-303",
        "aadt": 21503,
        "year": 2023,
        "location": "SS-303, Arlington TX",
        "tier": "major",
        "route_id": "SS0303-KG"
      },
      "geometry": {
        "type": "Point",
        "coordinates": [
          -97.157888,
          32.710661
        ]
      }
    },
    {
      "type": "Feature",
      "properties": {
        "road": "SH-180",
        "aadt": 21315,
        "year": 2023,
        "location": "SH-180, Arlington TX",
        "tier": "major",
        "route_id": "SH0180-KG"
      },
      "geometry": {
        "type": "Point",
        "coordinates": [
          -97.217847,
          32.732429
        ]
      }
    },
    {
      "type": "Feature",
      "properties": {
        "road": "CS-251284",
        "aadt": 20744,
        "year": 2023,
        "location": "CS-251284, Arlington TX",
        "tier": "major",
        "route_id": "251284"
      },
      "geometry": {
        "type": "Point",
        "coordinates": [
          -97.167233,
          32.761946
        ]
      }
    },
    {
      "type": "Feature",
      "properties": {
        "road": "CS-250394",
        "aadt": 20610,
        "year": 2023,
        "location": "CS-250394, Arlington TX",
        "tier": "major",
        "route_id": "250394"
      },
      "geometry": {
        "type": "Point",
        "coordinates": [
          -97.069333,
          32.735271
        ]
      }
    },
    {
      "type": "Feature",
      "properties": {
        "road": "SH-180",
        "aadt": 20027,
        "year": 2023,
        "location": "SH-180, Arlington TX",
        "tier": "major",
        "route_id": "SH0180-KG"
      },
      "geometry": {
        "type": "Point",
        "coordinates": [
          -97.135451,
          32.735861
        ]
      }
    },
    {
      "type": "Feature",
      "properties": {
        "road": "CS-250521",
        "aadt": 19982,
        "year": 2023,
        "location": "CS-250521, Arlington TX",
        "tier": "collector",
        "route_id": "250521"
      },
      "geometry": {
        "type": "Point",
        "coordinates": [
          -97.195584,
          32.679008
        ]
      }
    },
    {
      "type": "Feature",
      "properties": {
        "road": "SH-180",
        "aadt": 19890,
        "year": 2023,
        "location": "SH-180, Arlington TX",
        "tier": "collector",
        "route_id": "SH0180-KG"
      },
      "geometry": {
        "type": "Point",
        "coordinates": [
          -97.164029,
          32.733702
        ]
      }
    },
    {
      "type": "Feature",
      "properties": {
        "road": "CS-250411",
        "aadt": 19445,
        "year": 2023,
        "location": "CS-250411, Arlington TX",
        "tier": "collector",
        "route_id": "250411"
      },
      "geometry": {
        "type": "Point",
        "coordinates": [
          -97.062776,
          32.706127
        ]
      }
    },
    {
      "type": "Feature",
      "properties": {
        "road": "IH-20",
        "aadt": 19233,
        "year": 2023,
        "location": "IH-20, Arlington TX",
        "tier": "collector",
        "route_id": "2000007643"
      },
      "geometry": {
        "type": "Point",
        "coordinates": [
          -97.190095,
          32.676355
        ]
      }
    },
    {
      "type": "Feature",
      "properties": {
        "road": "SH-180",
        "aadt": 19173,
        "year": 2023,
        "location": "SH-180, Arlington TX",
        "tier": "collector",
        "route_id": "SH0180-KG"
      },
      "geometry": {
        "type": "Point",
        "coordinates": [
          -97.074006,
          32.743112
        ]
      }
    },
    {
      "type": "Feature",
      "properties": {
        "road": "IH-30",
        "aadt": 19040,
        "year": 2023,
        "location": "IH-30, Arlington TX",
        "tier": "collector",
        "route_id": "1639440764"
      },
      "geometry": {
        "type": "Point",
        "coordinates": [
          -97.065793,
          32.760528
        ]
      }
    },
    {
      "type": "Feature",
      "properties": {
        "road": "CS-251329",
        "aadt": 18671,
        "year": 2023,
        "location": "CS-251329, Arlington TX",
        "tier": "collector",
        "route_id": "251329"
      },
      "geometry": {
        "type": "Point",
        "coordinates": [
          -97.177365,
          32.737321
        ]
      }
    },
    {
      "type": "Feature",
      "properties": {
        "road": "CS-250512",
        "aadt": 18663,
        "year": 2023,
        "location": "CS-250512, Arlington TX",
        "tier": "collector",
        "route_id": "250512"
      },
      "geometry": {
        "type": "Point",
        "coordinates": [
          -97.131939,
          32.729601
        ]
      }
    },
    {
      "type": "Feature",
      "properties": {
        "road": "CS-250288",
        "aadt": 18393,
        "year": 2023,
        "location": "CS-250288, Arlington TX",
        "tier": "collector",
        "route_id": "250288"
      },
      "geometry": {
        "type": "Point",
        "coordinates": [
          -97.069641,
          32.691541
        ]
      }
    },
    {
      "type": "Feature",
      "properties": {
        "road": "SH-180",
        "aadt": 18294,
        "year": 2023,
        "location": "SH-180, Arlington TX",
        "tier": "collector",
        "route_id": "SH0180-KG"
      },
      "geometry": {
        "type": "Point",
        "coordinates": [
          -97.100562,
          32.738817
        ]
      }
    },
    {
      "type": "Feature",
      "properties": {
        "road": "CS-250444",
        "aadt": 18220,
        "year": 2023,
        "location": "CS-250444, Arlington TX",
        "tier": "collector",
        "route_id": "250444"
      },
      "geometry": {
        "type": "Point",
        "coordinates": [
          -97.149848,
          32.661144
        ]
      }
    },
    {
      "type": "Feature",
      "properties": {
        "road": "CS-250549",
        "aadt": 18101,
        "year": 2023,
        "location": "CS-250549, Arlington TX",
        "tier": "collector",
        "route_id": "250549"
      },
      "geometry": {
        "type": "Point",
        "coordinates": [
          -97.071758,
          32.720888
        ]
      }
    },
    {
      "type": "Feature",
      "properties": {
        "road": "SH-180",
        "aadt": 18003,
        "year": 2023,
        "location": "SH-180, Arlington TX",
        "tier": "collector",
        "route_id": "SH0180-LG"
      },
      "geometry": {
        "type": "Point",
        "coordinates": [
          -97.065517,
          32.74336
        ]
      }
    },
    {
      "type": "Feature",
      "properties": {
        "road": "SH-180",
        "aadt": 18003,
        "year": 2023,
        "location": "SH-180, Arlington TX",
        "tier": "collector",
        "route_id": "SH0180-RG"
      },
      "geometry": {
        "type": "Point",
        "coordinates": [
          -97.065471,
          32.743178
        ]
      }
    },
    {
      "type": "Feature",
      "properties": {
        "road": "SH-180",
        "aadt": 18003,
        "year": 2023,
        "location": "SH-180, Arlington TX",
        "tier": "collector",
        "route_id": "SH0180-KG"
      },
      "geometry": {
        "type": "Point",
        "coordinates": [
          -97.065472,
          32.743268
        ]
      }
    },
    {
      "type": "Feature",
      "properties": {
        "road": "CS-250518",
        "aadt": 17976,
        "year": 2023,
        "location": "CS-250518, Arlington TX",
        "tier": "collector",
        "route_id": "250518"
      },
      "geometry": {
        "type": "Point",
        "coordinates": [
          -97.102878,
          32.785335
        ]
      }
    },
    {
      "type": "Feature",
      "properties": {
        "road": "CS-250549",
        "aadt": 17856,
        "year": 2023,
        "location": "CS-250549, Arlington TX",
        "tier": "collector",
        "route_id": "250549"
      },
      "geometry": {
        "type": "Point",
        "coordinates": [
          -97.057288,
          32.720743
        ]
      }
    },
    {
      "type": "Feature",
      "properties": {
        "road": "CS-251430",
        "aadt": 17855,
        "year": 2023,
        "location": "CS-251430, Arlington TX",
        "tier": "collector",
        "route_id": "251430"
      },
      "geometry": {
        "type": "Point",
        "coordinates": [
          -97.162247,
          32.757667
        ]
      }
    },
    {
      "type": "Feature",
      "properties": {
        "road": "CS-262254",
        "aadt": 17730,
        "year": 2023,
        "location": "CS-262254, Arlington TX",
        "tier": "collector",
        "route_id": "262254"
      },
      "geometry": {
        "type": "Point",
        "coordinates": [
          -97.05597,
          32.647391
        ]
      }
    },
    {
      "type": "Feature",
      "properties": {
        "road": "CS-250475",
        "aadt": 17468,
        "year": 2023,
        "location": "CS-250475, Arlington TX",
        "tier": "collector",
        "route_id": "250475"
      },
      "geometry": {
        "type": "Point",
        "coordinates": [
          -97.090545,
          32.662483
        ]
      }
    },
    {
      "type": "Feature",
      "properties": {
        "road": "CS-250876",
        "aadt": 17443,
        "year": 2023,
        "location": "CS-250876, Arlington TX",
        "tier": "collector",
        "route_id": "250876"
      },
      "geometry": {
        "type": "Point",
        "coordinates": [
          -97.149219,
          32.712568
        ]
      }
    },
    {
      "type": "Feature",
      "properties": {
        "road": "CS-250425",
        "aadt": 17314,
        "year": 2023,
        "location": "CS-250425, Arlington TX",
        "tier": "collector",
        "route_id": "250425"
      },
      "geometry": {
        "type": "Point",
        "coordinates": [
          -97.078014,
          32.75687
        ]
      }
    },
    {
      "type": "Feature",
      "properties": {
        "road": "CS-250394",
        "aadt": 17305,
        "year": 2023,
        "location": "CS-250394, Arlington TX",
        "tier": "collector",
        "route_id": "250394"
      },
      "geometry": {
        "type": "Point",
        "coordinates": [
          -97.056015,
          32.736644
        ]
      }
    },
    {
      "type": "Feature",
      "properties": {
        "road": "CS-250237",
        "aadt": 17174,
        "year": 2023,
        "location": "CS-250237, Arlington TX",
        "tier": "collector",
        "route_id": "250237"
      },
      "geometry": {
        "type": "Point",
        "coordinates": [
          -97.152256,
          32.756787
        ]
      }
    },
    {
      "type": "Feature",
      "properties": {
        "road": "CS-251430",
        "aadt": 17174,
        "year": 2023,
        "location": "CS-251430, Arlington TX",
        "tier": "collector",
        "route_id": "251430"
      },
      "geometry": {
        "type": "Point",
        "coordinates": [
          -97.156027,
          32.757544
        ]
      }
    },
    {
      "type": "Feature",
      "properties": {
        "road": "SH-180",
        "aadt": 17156,
        "year": 2023,
        "location": "SH-180, Arlington TX",
        "tier": "collector",
        "route_id": "SH0180-LG"
      },
      "geometry": {
        "type": "Point",
        "coordinates": [
          -97.060229,
          32.742467
        ]
      }
    },
    {
      "type": "Feature",
      "properties": {
        "road": "SH-180",
        "aadt": 17156,
        "year": 2023,
        "location": "SH-180, Arlington TX",
        "tier": "collector",
        "route_id": "SH0180-RG"
      },
      "geometry": {
        "type": "Point",
        "coordinates": [
          -97.060723,
          32.742404
        ]
      }
    },
    {
      "type": "Feature",
      "properties": {
        "road": "SH-180",
        "aadt": 17156,
        "year": 2023,
        "location": "SH-180, Arlington TX",
        "tier": "collector",
        "route_id": "SH0180-KG"
      },
      "geometry": {
        "type": "Point",
        "coordinates": [
          -97.05905,
          32.742034
        ]
      }
    },
    {
      "type": "Feature",
      "properties": {
        "road": "CS-250394",
        "aadt": 17036,
        "year": 2023,
        "location": "CS-250394, Arlington TX",
        "tier": "collector",
        "route_id": "250394"
      },
      "geometry": {
        "type": "Point",
        "coordinates": [
          -97.081259,
          32.735356
        ]
      }
    },
    {
      "type": "Feature",
      "properties": {
        "road": "SH-180",
        "aadt": 17013,
        "year": 2023,
        "location": "SH-180, Arlington TX",
        "tier": "collector",
        "route_id": "SH0180-KG"
      },
      "geometry": {
        "type": "Point",
        "coordinates": [
          -97.122802,
          32.739002
        ]
      }
    },
    {
      "type": "Feature",
      "properties": {
        "road": "SH-180",
        "aadt": 16813,
        "year": 2023,
        "location": "SH-180, Arlington TX",
        "tier": "collector",
        "route_id": "SH0180-KG"
      },
      "geometry": {
        "type": "Point",
        "coordinates": [
          -97.111027,
          32.739171
        ]
      }
    },
    {
      "type": "Feature",
      "properties": {
        "road": "CS-250263",
        "aadt": 16570,
        "year": 2023,
        "location": "CS-250263, Arlington TX",
        "tier": "collector",
        "route_id": "250263"
      },
      "geometry": {
        "type": "Point",
        "coordinates": [
          -97.079543,
          32.76285
        ]
      }
    },
    {
      "type": "Feature",
      "properties": {
        "road": "SH-180",
        "aadt": 16514,
        "year": 2023,
        "location": "SH-180, Arlington TX",
        "tier": "collector",
        "route_id": "SH0180-KG"
      },
      "geometry": {
        "type": "Point",
        "coordinates": [
          -97.19544,
          32.728784
        ]
      }
    },
    {
      "type": "Feature",
      "properties": {
        "road": "SH-360",
        "aadt": 16499,
        "year": 2023,
        "location": "SH-360, Arlington TX",
        "tier": "collector",
        "route_id": "SH0360-XG"
      },
      "geometry": {
        "type": "Point",
        "coordinates": [
          -97.062923,
          32.764027
        ]
      }
    },
    {
      "type": "Feature",
      "properties": {
        "road": "SH-180",
        "aadt": 16437,
        "year": 2023,
        "location": "SH-180, Arlington TX",
        "tier": "collector",
        "route_id": "SH0180-KG"
      },
      "geometry": {
        "type": "Point",
        "coordinates": [
          -97.090594,
          32.740622
        ]
      }
    },
    {
      "type": "Feature",
      "properties": {
        "road": "CS-250241",
        "aadt": 16387,
        "year": 2023,
        "location": "CS-250241, Arlington TX",
        "tier": "collector",
        "route_id": "250241"
      },
      "geometry": {
        "type": "Point",
        "coordinates": [
          -97.068525,
          32.659694
        ]
      }
    },
    {
      "type": "Feature",
      "properties": {
        "road": "CS-113380",
        "aadt": 16387,
        "year": 2023,
        "location": "CS-113380, Arlington TX",
        "tier": "collector",
        "route_id": "113380"
      },
      "geometry": {
        "type": "Point",
        "coordinates": [
          -97.063257,
          32.661515
        ]
      }
    },
    {
      "type": "Feature",
      "properties": {
        "road": "CS-250431",
        "aadt": 16270,
        "year": 2023,
        "location": "CS-250431, Arlington TX",
        "tier": "collector",
        "route_id": "250431"
      },
      "geometry": {
        "type": "Point",
        "coordinates": [
          -97.121708,
          32.670365
        ]
      }
    },
    {
      "type": "Feature",
      "properties": {
        "road": "CS-250572",
        "aadt": 16269,
        "year": 2023,
        "location": "CS-250572, Arlington TX",
        "tier": "collector",
        "route_id": "250572"
      },
      "geometry": {
        "type": "Point",
        "coordinates": [
          -97.089579,
          32.750488
        ]
      }
    },
    {
      "type": "Feature",
      "properties": {
        "road": "SH-360",
        "aadt": 16244,
        "year": 2023,
        "location": "SH-360, Arlington TX",
        "tier": "collector",
        "route_id": "SH0360-AG"
      },
      "geometry": {
        "type": "Point",
        "coordinates": [
          -97.061666,
          32.779062
        ]
      }
    },
    {
      "type": "Feature",
      "properties": {
        "road": "CS-250283",
        "aadt": 16114,
        "year": 2023,
        "location": "CS-250283, Arlington TX",
        "tier": "collector",
        "route_id": "250283"
      },
      "geometry": {
        "type": "Point",
        "coordinates": [
          -97.114554,
          32.706393
        ]
      }
    },
    {
      "type": "Feature",
      "properties": {
        "road": "CS-250475",
        "aadt": 16062,
        "year": 2023,
        "location": "CS-250475, Arlington TX",
        "tier": "collector",
        "route_id": "250475"
      },
      "geometry": {
        "type": "Point",
        "coordinates": [
          -97.08815,
          32.648565
        ]
      }
    },
    {
      "type": "Feature",
      "properties": {
        "road": "CS-250261",
        "aadt": 16018,
        "year": 2023,
        "location": "CS-250261, Arlington TX",
        "tier": "collector",
        "route_id": "250261"
      },
      "geometry": {
        "type": "Point",
        "coordinates": [
          -97.09641,
          32.644844
        ]
      }
    },
    {
      "type": "Feature",
      "properties": {
        "road": "CS-250444",
        "aadt": 15939,
        "year": 2023,
        "location": "CS-250444, Arlington TX",
        "tier": "collector",
        "route_id": "250444"
      },
      "geometry": {
        "type": "Point",
        "coordinates": [
          -97.149151,
          32.729395
        ]
      }
    },
    {
      "type": "Feature",
      "properties": {
        "road": "CS-250876",
        "aadt": 15939,
        "year": 2023,
        "location": "CS-250876, Arlington TX",
        "tier": "collector",
        "route_id": "250876"
      },
      "geometry": {
        "type": "Point",
        "coordinates": [
          -97.149127,
          32.721366
        ]
      }
    },
    {
      "type": "Feature",
      "properties": {
        "road": "CS-251071",
        "aadt": 15906,
        "year": 2023,
        "location": "CS-251071, Arlington TX",
        "tier": "collector",
        "route_id": "251071"
      },
      "geometry": {
        "type": "Point",
        "coordinates": [
          -97.062419,
          32.785328
        ]
      }
    },
    {
      "type": "Feature",
      "properties": {
        "road": "CS-250518",
        "aadt": 15906,
        "year": 2023,
        "location": "CS-250518, Arlington TX",
        "tier": "collector",
        "route_id": "250518"
      },
      "geometry": {
        "type": "Point",
        "coordinates": [
          -97.076799,
          32.776244
        ]
      }
    },
    {
      "type": "Feature",
      "properties": {
        "road": "CS-251085",
        "aadt": 15723,
        "year": 2023,
        "location": "CS-251085, Arlington TX",
        "tier": "collector",
        "route_id": "251085"
      },
      "geometry": {
        "type": "Point",
        "coordinates": [
          -97.05246,
          32.691587
        ]
      }
    },
    {
      "type": "Feature",
      "properties": {
        "road": "SH-360",
        "aadt": 15719,
        "year": 2023,
        "location": "SH-360, Arlington TX",
        "tier": "collector",
        "route_id": "SH0360-AG"
      },
      "geometry": {
        "type": "Point",
        "coordinates": [
          -97.063821,
          32.763533
        ]
      }
    },
    {
      "type": "Feature",
      "properties": {
        "road": "IH-20",
        "aadt": 15615,
        "year": 2023,
        "location": "IH-20, Arlington TX",
        "tier": "collector",
        "route_id": "1599255381"
      },
      "geometry": {
        "type": "Point",
        "coordinates": [
          -97.061232,
          32.676615
        ]
      }
    },
    {
      "type": "Feature",
      "properties": {
        "road": "SH-360",
        "aadt": 15587,
        "year": 2023,
        "location": "SH-360, Arlington TX",
        "tier": "collector",
        "route_id": "SH0360-XG"
      },
      "geometry": {
        "type": "Point",
        "coordinates": [
          -97.061852,
          32.72532
        ]
      }
    },
    {
      "type": "Feature",
      "properties": {
        "road": "CS-251045",
        "aadt": 15477,
        "year": 2023,
        "location": "CS-251045, Arlington TX",
        "tier": "collector",
        "route_id": "251045"
      },
      "geometry": {
        "type": "Point",
        "coordinates": [
          -97.056025,
          32.785437
        ]
      }
    },
    {
      "type": "Feature",
      "properties": {
        "road": "CS-250394",
        "aadt": 15476,
        "year": 2023,
        "location": "CS-250394, Arlington TX",
        "tier": "collector",
        "route_id": "250394"
      },
      "geometry": {
        "type": "Point",
        "coordinates": [
          -97.088745,
          32.735444
        ]
      }
    },
    {
      "type": "Feature",
      "properties": {
        "road": "CS-251076",
        "aadt": 15420,
        "year": 2023,
        "location": "CS-251076, Arlington TX",
        "tier": "collector",
        "route_id": "251076"
      },
      "geometry": {
        "type": "Point",
        "coordinates": [
          -97.052276,
          32.655158
        ]
      }
    },
    {
      "type": "Feature",
      "properties": {
        "road": "CS-113380",
        "aadt": 15420,
        "year": 2023,
        "location": "CS-113380, Arlington TX",
        "tier": "collector",
        "route_id": "113380"
      },
      "geometry": {
        "type": "Point",
        "coordinates": [
          -97.062457,
          32.661559
        ]
      }
    },
    {
      "type": "Feature",
      "properties": {
        "road": "CS-250405",
        "aadt": 15309,
        "year": 2023,
        "location": "CS-250405, Arlington TX",
        "tier": "collector",
        "route_id": "250405"
      },
      "geometry": {
        "type": "Point",
        "coordinates": [
          -97.123673,
          32.681945
        ]
      }
    },
    {
      "type": "Feature",
      "properties": {
        "road": "CS-250512",
        "aadt": 15304,
        "year": 2023,
        "location": "CS-250512, Arlington TX",
        "tier": "collector",
        "route_id": "250512"
      },
      "geometry": {
        "type": "Point",
        "coordinates": [
          -97.131968,
          32.716237
        ]
      }
    },
    {
      "type": "Feature",
      "properties": {
        "road": "IH-20",
        "aadt": 15118,
        "year": 2023,
        "location": "IH-20, Arlington TX",
        "tier": "collector",
        "route_id": "1566417916"
      },
      "geometry": {
        "type": "Point",
        "coordinates": [
          -97.189665,
          32.675307
        ]
      }
    },
    {
      "type": "Feature",
      "properties": {
        "road": "CS-250554",
        "aadt": 15109,
        "year": 2023,
        "location": "CS-250554, Arlington TX",
        "tier": "collector",
        "route_id": "250554"
      },
      "geometry": {
        "type": "Point",
        "coordinates": [
          -97.166629,
          32.668077
        ]
      }
    },
    {
      "type": "Feature",
      "properties": {
        "road": "SH-360",
        "aadt": 15027,
        "year": 2023,
        "location": "SH-360, Arlington TX",
        "tier": "collector",
        "route_id": "SH0360-XG"
      },
      "geometry": {
        "type": "Point",
        "coordinates": [
          -97.060874,
          32.778584
        ]
      }
    },
    {
      "type": "Feature",
      "properties": {
        "road": "CS-250263",
        "aadt": 14948,
        "year": 2023,
        "location": "CS-250263, Arlington TX",
        "tier": "collector",
        "route_id": "250263"
      },
      "geometry": {
        "type": "Point",
        "coordinates": [
          -97.091967,
          32.764585
        ]
      }
    },
    {
      "type": "Feature",
      "properties": {
        "road": "CS-250408",
        "aadt": 14905,
        "year": 2023,
        "location": "CS-250408, Arlington TX",
        "tier": "collector",
        "route_id": "250408"
      },
      "geometry": {
        "type": "Point",
        "coordinates": [
          -97.095144,
          32.6845
        ]
      }
    },
    {
      "type": "Feature",
      "properties": {
        "road": "CS-250411",
        "aadt": 14866,
        "year": 2023,
        "location": "CS-250411, Arlington TX",
        "tier": "collector",
        "route_id": "250411"
      },
      "geometry": {
        "type": "Point",
        "coordinates": [
          -97.086807,
          32.706233
        ]
      }
    },
    {
      "type": "Feature",
      "properties": {
        "road": "IH-20",
        "aadt": 14672,
        "year": 2023,
        "location": "IH-20, Arlington TX",
        "tier": "collector",
        "route_id": "1599255375"
      },
      "geometry": {
        "type": "Point",
        "coordinates": [
          -97.062377,
          32.677322
        ]
      }
    },
    {
      "type": "Feature",
      "properties": {
        "road": "CS-250258",
        "aadt": 14638,
        "year": 2023,
        "location": "CS-250258, Arlington TX",
        "tier": "collector",
        "route_id": "250258"
      },
      "geometry": {
        "type": "Point",
        "coordinates": [
          -97.193221,
          32.646187
        ]
      }
    },
    {
      "type": "Feature",
      "properties": {
        "road": "CS-250831",
        "aadt": 14638,
        "year": 2023,
        "location": "CS-250831, Arlington TX",
        "tier": "collector",
        "route_id": "250831"
      },
      "geometry": {
        "type": "Point",
        "coordinates": [
          -97.195307,
          32.646745
        ]
      }
    },
    {
      "type": "Feature",
      "properties": {
        "road": "CS-250468",
        "aadt": 14485,
        "year": 2023,
        "location": "CS-250468, Arlington TX",
        "tier": "collector",
        "route_id": "250468"
      },
      "geometry": {
        "type": "Point",
        "coordinates": [
          -97.102673,
          32.756452
        ]
      }
    },
    {
      "type": "Feature",
      "properties": {
        "road": "CS-250425",
        "aadt": 14437,
        "year": 2023,
        "location": "CS-250425, Arlington TX",
        "tier": "collector",
        "route_id": "250425"
      },
      "geometry": {
        "type": "Point",
        "coordinates": [
          -97.075944,
          32.761158
        ]
      }
    },
    {
      "type": "Feature",
      "properties": {
        "road": "CS-250261",
        "aadt": 14428,
        "year": 2023,
        "location": "CS-250261, Arlington TX",
        "tier": "collector",
        "route_id": "250261"
      },
      "geometry": {
        "type": "Point",
        "coordinates": [
          -97.079502,
          32.648267
        ]
      }
    },
    {
      "type": "Feature",
      "properties": {
        "road": "CS-250273",
        "aadt": 14340,
        "year": 2023,
        "location": "CS-250273, Arlington TX",
        "tier": "collector",
        "route_id": "250273"
      },
      "geometry": {
        "type": "Point",
        "coordinates": [
          -97.072594,
          32.76161
        ]
      }
    },
    {
      "type": "Feature",
      "properties": {
        "road": "CS-250549",
        "aadt": 14285,
        "year": 2023,
        "location": "CS-250549, Arlington TX",
        "tier": "collector",
        "route_id": "250549"
      },
      "geometry": {
        "type": "Point",
        "coordinates": [
          -97.091048,
          32.721006
        ]
      }
    },
    {
      "type": "Feature",
      "properties": {
        "road": "CS-250444",
        "aadt": 14270,
        "year": 2023,
        "location": "CS-250444, Arlington TX",
        "tier": "collector",
        "route_id": "250444"
      },
      "geometry": {
        "type": "Point",
        "coordinates": [
          -97.149494,
          32.686157
        ]
      }
    },
    {
      "type": "Feature",
      "properties": {
        "road": "CS-250676",
        "aadt": 14270,
        "year": 2023,
        "location": "CS-250676, Arlington TX",
        "tier": "collector",
        "route_id": "250676"
      },
      "geometry": {
        "type": "Point",
        "coordinates": [
          -97.149476,
          32.688622
        ]
      }
    },
    {
      "type": "Feature",
      "properties": {
        "road": "CS-250259",
        "aadt": 14212,
        "year": 2023,
        "location": "CS-250259, Arlington TX",
        "tier": "collector",
        "route_id": "250259"
      },
      "geometry": {
        "type": "Point",
        "coordinates": [
          -97.17953,
          32.648965
        ]
      }
    },
    {
      "type": "Feature",
      "properties": {
        "road": "CS-250424",
        "aadt": 14163,
        "year": 2023,
        "location": "CS-250424, Arlington TX",
        "tier": "collector",
        "route_id": "250424"
      },
      "geometry": {
        "type": "Point",
        "coordinates": [
          -97.085364,
          32.76084
        ]
      }
    },
    {
      "type": "Feature",
      "properties": {
        "road": "CS-250237",
        "aadt": 14136,
        "year": 2023,
        "location": "CS-250237, Arlington TX",
        "tier": "collector",
        "route_id": "250237"
      },
      "geometry": {
        "type": "Point",
        "coordinates": [
          -97.121636,
          32.781615
        ]
      }
    },
    {
      "type": "Feature",
      "properties": {
        "road": "CS-250551",
        "aadt": 14054,
        "year": 2023,
        "location": "CS-250551, Arlington TX",
        "tier": "collector",
        "route_id": "250551"
      },
      "geometry": {
        "type": "Point",
        "coordinates": [
          -97.114666,
          32.7212
        ]
      }
    },
    {
      "type": "Feature",
      "properties": {
        "road": "CS-250538",
        "aadt": 14036,
        "year": 2023,
        "location": "CS-250538, Arlington TX",
        "tier": "collector",
        "route_id": "250538"
      },
      "geometry": {
        "type": "Point",
        "coordinates": [
          -97.07708,
          32.651113
        ]
      }
    },
    {
      "type": "Feature",
      "properties": {
        "road": "SH-360",
        "aadt": 13907,
        "year": 2023,
        "location": "SH-360, Arlington TX",
        "tier": "collector",
        "route_id": "SH0360-AG"
      },
      "geometry": {
        "type": "Point",
        "coordinates": [
          -97.063066,
          32.728941
        ]
      }
    },
    {
      "type": "Feature",
      "properties": {
        "road": "CS-250538",
        "aadt": 13847,
        "year": 2023,
        "location": "CS-250538, Arlington TX",
        "tier": "collector",
        "route_id": "250538"
      },
      "geometry": {
        "type": "Point",
        "coordinates": [
          -97.080618,
          32.686955
        ]
      }
    },
    {
      "type": "Feature",
      "properties": {
        "road": "CS-250444",
        "aadt": 13685,
        "year": 2023,
        "location": "CS-250444, Arlington TX",
        "tier": "collector",
        "route_id": "250444"
      },
      "geometry": {
        "type": "Point",
        "coordinates": [
          -97.149799,
          32.655646
        ]
      }
    },
    {
      "type": "Feature",
      "properties": {
        "road": "CS-250572",
        "aadt": 13624,
        "year": 2023,
        "location": "CS-250572, Arlington TX",
        "tier": "collector",
        "route_id": "250572"
      },
      "geometry": {
        "type": "Point",
        "coordinates": [
          -97.101234,
          32.750084
        ]
      }
    },
    {
      "type": "Feature",
      "properties": {
        "road": "CS-250288",
        "aadt": 13537,
        "year": 2023,
        "location": "CS-250288, Arlington TX",
        "tier": "collector",
        "route_id": "250288"
      },
      "geometry": {
        "type": "Point",
        "coordinates": [
          -97.111674,
          32.691074
        ]
      }
    },
    {
      "type": "Feature",
      "properties": {
        "road": "CS-250425",
        "aadt": 13491,
        "year": 2023,
        "location": "CS-250425, Arlington TX",
        "tier": "collector",
        "route_id": "250425"
      },
      "geometry": {
        "type": "Point",
        "coordinates": [
          -97.073799,
          32.76523
        ]
      }
    },
    {
      "type": "Feature",
      "properties": {
        "road": "CS-250411",
        "aadt": 13439,
        "year": 2023,
        "location": "CS-250411, Arlington TX",
        "tier": "collector",
        "route_id": "250411"
      },
      "geometry": {
        "type": "Point",
        "coordinates": [
          -97.058882,
          32.706181
        ]
      }
    },
    {
      "type": "Feature",
      "properties": {
        "road": "CS-251375",
        "aadt": 13060,
        "year": 2023,
        "location": "CS-251375, Arlington TX",
        "tier": "collector",
        "route_id": "251375"
      },
      "geometry": {
        "type": "Point",
        "coordinates": [
          -97.203044,
          32.765716
        ]
      }
    },
    {
      "type": "Feature",
      "properties": {
        "road": "CS-250549",
        "aadt": 12979,
        "year": 2023,
        "location": "CS-250549, Arlington TX",
        "tier": "collector",
        "route_id": "250549"
      },
      "geometry": {
        "type": "Point",
        "coordinates": [
          -97.097459,
          32.721039
        ]
      }
    },
    {
      "type": "Feature",
      "properties": {
        "road": "CS-250414",
        "aadt": 12918,
        "year": 2023,
        "location": "CS-250414, Arlington TX",
        "tier": "collector",
        "route_id": "250414"
      },
      "geometry": {
        "type": "Point",
        "coordinates": [
          -97.123331,
          32.706563
        ]
      }
    },
    {
      "type": "Feature",
      "properties": {
        "road": "CS-1011444",
        "aadt": 12896,
        "year": 2023,
        "location": "CS-1011444, Arlington TX",
        "tier": "collector",
        "route_id": "1011444"
      },
      "geometry": {
        "type": "Point",
        "coordinates": [
          -97.155345,
          32.647531
        ]
      }
    },
    {
      "type": "Feature",
      "properties": {
        "road": "CS-250572",
        "aadt": 12823,
        "year": 2023,
        "location": "CS-250572, Arlington TX",
        "tier": "collector",
        "route_id": "250572"
      },
      "geometry": {
        "type": "Point",
        "coordinates": [
          -97.140383,
          32.750295
        ]
      }
    },
    {
      "type": "Feature",
      "properties": {
        "road": "CS-250622",
        "aadt": 12729,
        "year": 2023,
        "location": "CS-250622, Arlington TX",
        "tier": "collector",
        "route_id": "250622"
      },
      "geometry": {
        "type": "Point",
        "coordinates": [
          -97.090888,
          32.626823
        ]
      }
    },
    {
      "type": "Feature",
      "properties": {
        "road": "CS-250538",
        "aadt": 12653,
        "year": 2023,
        "location": "CS-250538, Arlington TX",
        "tier": "collector",
        "route_id": "250538"
      },
      "geometry": {
        "type": "Point",
        "coordinates": [
          -97.079838,
          32.675994
        ]
      }
    },
    {
      "type": "Feature",
      "properties": {
        "road": "CS-250237",
        "aadt": 12425,
        "year": 2023,
        "location": "CS-250237, Arlington TX",
        "tier": "collector",
        "route_id": "250237"
      },
      "geometry": {
        "type": "Point",
        "coordinates": [
          -97.148916,
          32.761568
        ]
      }
    },
    {
      "type": "Feature",
      "properties": {
        "road": "CS-250510",
        "aadt": 12404,
        "year": 2023,
        "location": "CS-250510, Arlington TX",
        "tier": "collector",
        "route_id": "250510"
      },
      "geometry": {
        "type": "Point",
        "coordinates": [
          -97.131677,
          32.761596
        ]
      }
    },
    {
      "type": "Feature",
      "properties": {
        "road": "CS-250411",
        "aadt": 12387,
        "year": 2023,
        "location": "CS-250411, Arlington TX",
        "tier": "collector",
        "route_id": "250411"
      },
      "geometry": {
        "type": "Point",
        "coordinates": [
          -97.111644,
          32.706309
        ]
      }
    },
    {
      "type": "Feature",
      "properties": {
        "road": "IH-30",
        "aadt": 12309,
        "year": 2023,
        "location": "IH-30, Arlington TX",
        "tier": "collector",
        "route_id": "1599255170"
      },
      "geometry": {
        "type": "Point",
        "coordinates": [
          -97.129703,
          32.759549
        ]
      }
    },
    {
      "type": "Feature",
      "properties": {
        "road": "CS-250405",
        "aadt": 12252,
        "year": 2023,
        "location": "CS-250405, Arlington TX",
        "tier": "collector",
        "route_id": "250405"
      },
      "geometry": {
        "type": "Point",
        "coordinates": [
          -97.134216,
          32.684844
        ]
      }
    },
    {
      "type": "Feature",
      "properties": {
        "road": "CS-250411",
        "aadt": 12252,
        "year": 2023,
        "location": "CS-250411, Arlington TX",
        "tier": "collector",
        "route_id": "250411"
      },
      "geometry": {
        "type": "Point",
        "coordinates": [
          -97.115376,
          32.706463
        ]
      }
    },
    {
      "type": "Feature",
      "properties": {
        "road": "CS-250405",
        "aadt": 12244,
        "year": 2023,
        "location": "CS-250405, Arlington TX",
        "tier": "collector",
        "route_id": "250405"
      },
      "geometry": {
        "type": "Point",
        "coordinates": [
          -97.114903,
          32.684803
        ]
      }
    },
    {
      "type": "Feature",
      "properties": {
        "road": "IH-30",
        "aadt": 12217,
        "year": 2023,
        "location": "IH-30, Arlington TX",
        "tier": "collector",
        "route_id": "IH0030-AG"
      },
      "geometry": {
        "type": "Point",
        "coordinates": [
          -97.102394,
          32.759112
        ]
      }
    },
    {
      "type": "Feature",
      "properties": {
        "road": "CS-250563",
        "aadt": 12200,
        "year": 2023,
        "location": "CS-250563, Arlington TX",
        "tier": "collector",
        "route_id": "250563"
      },
      "geometry": {
        "type": "Point",
        "coordinates": [
          -97.159536,
          32.680114
        ]
      }
    },
    {
      "type": "Feature",
      "properties": {
        "road": "CS-250879",
        "aadt": 12031,
        "year": 2023,
        "location": "CS-250879, Arlington TX",
        "tier": "collector",
        "route_id": "250879"
      },
      "geometry": {
        "type": "Point",
        "coordinates": [
          -97.149127,
          32.721365
        ]
      }
    },
    {
      "type": "Feature",
      "properties": {
        "road": "CS-250431",
        "aadt": 11952,
        "year": 2023,
        "location": "CS-250431, Arlington TX",
        "tier": "collector",
        "route_id": "250431"
      },
      "geometry": {
        "type": "Point",
        "coordinates": [
          -97.062611,
          32.67386
        ]
      }
    },
    {
      "type": "Feature",
      "properties": {
        "road": "CS-251042",
        "aadt": 11952,
        "year": 2023,
        "location": "CS-251042, Arlington TX",
        "tier": "collector",
        "route_id": "251042"
      },
      "geometry": {
        "type": "Point",
        "coordinates": [
          -97.051607,
          32.67268
        ]
      }
    },
    {
      "type": "Feature",
      "properties": {
        "road": "CS-270099",
        "aadt": 11939,
        "year": 2023,
        "location": "CS-270099, Arlington TX",
        "tier": "collector",
        "route_id": "270099"
      },
      "geometry": {
        "type": "Point",
        "coordinates": [
          -97.051825,
          32.633054
        ]
      }
    },
    {
      "type": "Feature",
      "properties": {
        "road": "IH-20",
        "aadt": 11938,
        "year": 2023,
        "location": "IH-20, Arlington TX",
        "tier": "collector",
        "route_id": "2000007662"
      },
      "geometry": {
        "type": "Point",
        "coordinates": [
          -97.147735,
          32.674921
        ]
      }
    },
    {
      "type": "Feature",
      "properties": {
        "road": "CS-250408",
        "aadt": 11892,
        "year": 2023,
        "location": "CS-250408, Arlington TX",
        "tier": "collector",
        "route_id": "250408"
      },
      "geometry": {
        "type": "Point",
        "coordinates": [
          -97.084932,
          32.684406
        ]
      }
    },
    {
      "type": "Feature",
      "properties": {
        "road": "CS-250551",
        "aadt": 11869,
        "year": 2023,
        "location": "CS-250551, Arlington TX",
        "tier": "collector",
        "route_id": "250551"
      },
      "geometry": {
        "type": "Point",
        "coordinates": [
          -97.131974,
          32.721309
        ]
      }
    },
    {
      "type": "Feature",
      "properties": {
        "road": "CS-250879",
        "aadt": 11869,
        "year": 2023,
        "location": "CS-250879, Arlington TX",
        "tier": "collector",
        "route_id": "250879"
      },
      "geometry": {
        "type": "Point",
        "coordinates": [
          -97.145444,
          32.721329
        ]
      }
    },
    {
      "type": "Feature",
      "properties": {
        "road": "IH-20",
        "aadt": 11820,
        "year": 2023,
        "location": "IH-20, Arlington TX",
        "tier": "collector",
        "route_id": "IH0020-AG"
      },
      "geometry": {
        "type": "Point",
        "coordinates": [
          -97.200244,
          32.672571
        ]
      }
    },
    {
      "type": "Feature",
      "properties": {
        "road": "IH-20",
        "aadt": 11777,
        "year": 2023,
        "location": "IH-20, Arlington TX",
        "tier": "collector",
        "route_id": "1599253727"
      },
      "geometry": {
        "type": "Point",
        "coordinates": [
          -97.136346,
          32.676594
        ]
      }
    },
    {
      "type": "Feature",
      "properties": {
        "road": "CS-250259",
        "aadt": 11695,
        "year": 2023,
        "location": "CS-250259, Arlington TX",
        "tier": "collector",
        "route_id": "250259"
      },
      "geometry": {
        "type": "Point",
        "coordinates": [
          -97.142148,
          32.648621
        ]
      }
    },
    {
      "type": "Feature",
      "properties": {
        "road": "CS-250288",
        "aadt": 11570,
        "year": 2023,
        "location": "CS-250288, Arlington TX",
        "tier": "collector",
        "route_id": "250288"
      },
      "geometry": {
        "type": "Point",
        "coordinates": [
          -97.121913,
          32.691503
        ]
      }
    },
    {
      "type": "Feature",
      "properties": {
        "road": "CS-250471",
        "aadt": 11518,
        "year": 2023,
        "location": "CS-250471, Arlington TX",
        "tier": "collector",
        "route_id": "250471"
      },
      "geometry": {
        "type": "Point",
        "coordinates": [
          -97.108624,
          32.695863
        ]
      }
    },
    {
      "type": "Feature",
      "properties": {
        "road": "CS-1010248",
        "aadt": 11486,
        "year": 2023,
        "location": "CS-1010248, Arlington TX",
        "tier": "collector",
        "route_id": "1010248"
      },
      "geometry": {
        "type": "Point",
        "coordinates": [
          -97.074578,
          32.658494
        ]
      }
    },
    {
      "type": "Feature",
      "properties": {
        "road": "CS-250538",
        "aadt": 11486,
        "year": 2023,
        "location": "CS-250538, Arlington TX",
        "tier": "collector",
        "route_id": "250538"
      },
      "geometry": {
        "type": "Point",
        "coordinates": [
          -97.077932,
          32.665004
        ]
      }
    },
    {
      "type": "Feature",
      "properties": {
        "road": "CS-290581",
        "aadt": 11472,
        "year": 2023,
        "location": "CS-290581, Arlington TX",
        "tier": "collector",
        "route_id": "290581"
      },
      "geometry": {
        "type": "Point",
        "coordinates": [
          -97.140192,
          32.797378
        ]
      }
    },
    {
      "type": "Feature",
      "properties": {
        "road": "CS-1009653",
        "aadt": 11472,
        "year": 2023,
        "location": "CS-1009653, Arlington TX",
        "tier": "collector",
        "route_id": "1009653"
      },
      "geometry": {
        "type": "Point",
        "coordinates": [
          -97.135897,
          32.779143
        ]
      }
    },
    {
      "type": "Feature",
      "properties": {
        "road": "CS-251199",
        "aadt": 11472,
        "year": 2023,
        "location": "CS-251199, Arlington TX",
        "tier": "collector",
        "route_id": "251199"
      },
      "geometry": {
        "type": "Point",
        "coordinates": [
          -97.140207,
          32.794014
        ]
      }
    },
    {
      "type": "Feature",
      "properties": {
        "road": "CS-1091105",
        "aadt": 11472,
        "year": 2023,
        "location": "CS-1091105, Arlington TX",
        "tier": "collector",
        "route_id": "1091105"
      },
      "geometry": {
        "type": "Point",
        "coordinates": [
          -97.140061,
          32.77962
        ]
      }
    },
    {
      "type": "Feature",
      "properties": {
        "road": "CS-250241",
        "aadt": 11469,
        "year": 2023,
        "location": "CS-250241, Arlington TX",
        "tier": "collector",
        "route_id": "250241"
      },
      "geometry": {
        "type": "Point",
        "coordinates": [
          -97.09606,
          32.653198
        ]
      }
    },
    {
      "type": "Feature",
      "properties": {
        "road": "CS-250471",
        "aadt": 11301,
        "year": 2023,
        "location": "CS-250471, Arlington TX",
        "tier": "collector",
        "route_id": "250471"
      },
      "geometry": {
        "type": "Point",
        "coordinates": [
          -97.103765,
          32.679723
        ]
      }
    },
    {
      "type": "Feature",
      "properties": {
        "road": "IH-20",
        "aadt": 11259,
        "year": 2023,
        "location": "IH-20, Arlington TX",
        "tier": "collector",
        "route_id": "IH0020-XG"
      },
      "geometry": {
        "type": "Point",
        "coordinates": [
          -97.165315,
          32.676433
        ]
      }
    },
    {
      "type": "Feature",
      "properties": {
        "road": "IH-30",
        "aadt": 11245,
        "year": 2023,
        "location": "IH-30, Arlington TX",
        "tier": "collector",
        "route_id": "1599253974"
      },
      "geometry": {
        "type": "Point",
        "coordinates": [
          -97.164246,
          32.759885
        ]
      }
    },
    {
      "type": "Feature",
      "properties": {
        "road": "CS-250288",
        "aadt": 11203,
        "year": 2023,
        "location": "CS-250288, Arlington TX",
        "tier": "collector",
        "route_id": "250288"
      },
      "geometry": {
        "type": "Point",
        "coordinates": [
          -97.104869,
          32.691884
        ]
      }
    },
    {
      "type": "Feature",
      "properties": {
        "road": "CS-250538",
        "aadt": 11066,
        "year": 2023,
        "location": "CS-250538, Arlington TX",
        "tier": "collector",
        "route_id": "250538"
      },
      "geometry": {
        "type": "Point",
        "coordinates": [
          -97.080509,
          32.700059
        ]
      }
    },
    {
      "type": "Feature",
      "properties": {
        "road": "CS-250455",
        "aadt": 10947,
        "year": 2023,
        "location": "CS-250455, Arlington TX",
        "tier": "collector",
        "route_id": "250455"
      },
      "geometry": {
        "type": "Point",
        "coordinates": [
          -97.06521,
          32.77434
        ]
      }
    },
    {
      "type": "Feature",
      "properties": {
        "road": "CS-250414",
        "aadt": 10902,
        "year": 2023,
        "location": "CS-250414, Arlington TX",
        "tier": "collector",
        "route_id": "250414"
      },
      "geometry": {
        "type": "Point",
        "coordinates": [
          -97.18259,
          32.707089
        ]
      }
    },
    {
      "type": "Feature",
      "properties": {
        "road": "CS-250425",
        "aadt": 10882,
        "year": 2023,
        "location": "CS-250425, Arlington TX",
        "tier": "collector",
        "route_id": "250425"
      },
      "geometry": {
        "type": "Point",
        "coordinates": [
          -97.07371,
          32.772259
        ]
      }
    },
    {
      "type": "Feature",
      "properties": {
        "road": "CS-250259",
        "aadt": 10866,
        "year": 2023,
        "location": "CS-250259, Arlington TX",
        "tier": "collector",
        "route_id": "250259"
      },
      "geometry": {
        "type": "Point",
        "coordinates": [
          -97.124429,
          32.645678
        ]
      }
    },
    {
      "type": "Feature",
      "properties": {
        "road": "CS-250572",
        "aadt": 10833,
        "year": 2023,
        "location": "CS-250572, Arlington TX",
        "tier": "collector",
        "route_id": "250572"
      },
      "geometry": {
        "type": "Point",
        "coordinates": [
          -97.122063,
          32.750185
        ]
      }
    },
    {
      "type": "Feature",
      "properties": {
        "road": "CS-250674",
        "aadt": 10772,
        "year": 2023,
        "location": "CS-250674, Arlington TX",
        "tier": "collector",
        "route_id": "250674"
      },
      "geometry": {
        "type": "Point",
        "coordinates": [
          -97.149213,
          32.706826
        ]
      }
    },
    {
      "type": "Feature",
      "properties": {
        "road": "CS-250414",
        "aadt": 10772,
        "year": 2023,
        "location": "CS-250414, Arlington TX",
        "tier": "collector",
        "route_id": "250414"
      },
      "geometry": {
        "type": "Point",
        "coordinates": [
          -97.134533,
          32.706666
        ]
      }
    },
    {
      "type": "Feature",
      "properties": {
        "road": "CS-250875",
        "aadt": 10772,
        "year": 2023,
        "location": "CS-250875, Arlington TX",
        "tier": "collector",
        "route_id": "250875"
      },
      "geometry": {
        "type": "Point",
        "coordinates": [
          -97.143383,
          32.706765
        ]
      }
    },
    {
      "type": "Feature",
      "properties": {
        "road": "CS-250521",
        "aadt": 10740,
        "year": 2023,
        "location": "CS-250521, Arlington TX",
        "tier": "collector",
        "route_id": "250521"
      },
      "geometry": {
        "type": "Point",
        "coordinates": [
          -97.183513,
          32.665387
        ]
      }
    },
    {
      "type": "Feature",
      "properties": {
        "road": "IH-20",
        "aadt": 10717,
        "year": 2023,
        "location": "IH-20, Arlington TX",
        "tier": "collector",
        "route_id": "IH0020-XG"
      },
      "geometry": {
        "type": "Point",
        "coordinates": [
          -97.202779,
          32.673082
        ]
      }
    },
    {
      "type": "Feature",
      "properties": {
        "road": "CS-250538",
        "aadt": 10663,
        "year": 2023,
        "location": "CS-250538, Arlington TX",
        "tier": "collector",
        "route_id": "250538"
      },
      "geometry": {
        "type": "Point",
        "coordinates": [
          -97.08069,
          32.679245
        ]
      }
    },
    {
      "type": "Feature",
      "properties": {
        "road": "CS-250674",
        "aadt": 10651,
        "year": 2023,
        "location": "CS-250674, Arlington TX",
        "tier": "collector",
        "route_id": "250674"
      },
      "geometry": {
        "type": "Point",
        "coordinates": [
          -97.155264,
          32.706843
        ]
      }
    },
    {
      "type": "Feature",
      "properties": {
        "road": "CS-250414",
        "aadt": 10651,
        "year": 2023,
        "location": "CS-250414, Arlington TX",
        "tier": "collector",
        "route_id": "250414"
      },
      "geometry": {
        "type": "Point",
        "coordinates": [
          -97.162454,
          32.706836
        ]
      }
    },
    {
      "type": "Feature",
      "properties": {
        "road": "CS-250263",
        "aadt": 10635,
        "year": 2023,
        "location": "CS-250263, Arlington TX",
        "tier": "collector",
        "route_id": "250263"
      },
      "geometry": {
        "type": "Point",
        "coordinates": [
          -97.112023,
          32.760264
        ]
      }
    },
    {
      "type": "Feature",
      "properties": {
        "road": "CS-250538",
        "aadt": 10607,
        "year": 2023,
        "location": "CS-250538, Arlington TX",
        "tier": "collector",
        "route_id": "250538"
      },
      "geometry": {
        "type": "Point",
        "coordinates": [
          -97.08038,
          32.710149
        ]
      }
    },
    {
      "type": "Feature",
      "properties": {
        "road": "CS-250554",
        "aadt": 10565,
        "year": 2023,
        "location": "CS-250554, Arlington TX",
        "tier": "collector",
        "route_id": "250554"
      },
      "geometry": {
        "type": "Point",
        "coordinates": [
          -97.166753,
          32.678226
        ]
      }
    },
    {
      "type": "Feature",
      "properties": {
        "road": "CS-250538",
        "aadt": 10518,
        "year": 2023,
        "location": "CS-250538, Arlington TX",
        "tier": "collector",
        "route_id": "250538"
      },
      "geometry": {
        "type": "Point",
        "coordinates": [
          -97.080353,
          32.71364
        ]
      }
    },
    {
      "type": "Feature",
      "properties": {
        "road": "CS-250879",
        "aadt": 10338,
        "year": 2023,
        "location": "CS-250879, Arlington TX",
        "tier": "collector",
        "route_id": "250879"
      },
      "geometry": {
        "type": "Point",
        "coordinates": [
          -97.149138,
          32.721366
        ]
      }
    },
    {
      "type": "Feature",
      "properties": {
        "road": "CS-250551",
        "aadt": 10338,
        "year": 2023,
        "location": "CS-250551, Arlington TX",
        "tier": "collector",
        "route_id": "250551"
      },
      "geometry": {
        "type": "Point",
        "coordinates": [
          -97.152559,
          32.721388
        ]
      }
    },
    {
      "type": "Feature",
      "properties": {
        "road": "CS-251086",
        "aadt": 10332,
        "year": 2023,
        "location": "CS-251086, Arlington TX",
        "tier": "collector",
        "route_id": "251086"
      },
      "geometry": {
        "type": "Point",
        "coordinates": [
          -97.054949,
          32.793401
        ]
      }
    },
    {
      "type": "Feature",
      "properties": {
        "road": "IH-30",
        "aadt": 10314,
        "year": 2023,
        "location": "IH-30, Arlington TX",
        "tier": "collector",
        "route_id": "1599253973"
      },
      "geometry": {
        "type": "Point",
        "coordinates": [
          -97.169687,
          32.759775
        ]
      }
    },
    {
      "type": "Feature",
      "properties": {
        "road": "CS-250241",
        "aadt": 10258,
        "year": 2023,
        "location": "CS-250241, Arlington TX",
        "tier": "collector",
        "route_id": "250241"
      },
      "geometry": {
        "type": "Point",
        "coordinates": [
          -97.08216,
          32.653957
        ]
      }
    },
    {
      "type": "Feature",
      "properties": {
        "road": "CS-250577",
        "aadt": 10080,
        "year": 2023,
        "location": "CS-250577, Arlington TX",
        "tier": "collector",
        "route_id": "250577"
      },
      "geometry": {
        "type": "Point",
        "coordinates": [
          -97.108515,
          32.757524
        ]
      }
    },
    {
      "type": "Feature",
      "properties": {
        "road": "CS-250471",
        "aadt": 10070,
        "year": 2023,
        "location": "CS-250471, Arlington TX",
        "tier": "collector",
        "route_id": "250471"
      },
      "geometry": {
        "type": "Point",
        "coordinates": [
          -97.107853,
          32.707687
        ]
      }
    },
    {
      "type": "Feature",
      "properties": {
        "road": "CS-250471",
        "aadt": 9959,
        "year": 2023,
        "location": "CS-250471, Arlington TX",
        "tier": "local",
        "route_id": "250471"
      },
      "geometry": {
        "type": "Point",
        "coordinates": [
          -97.104919,
          32.713318
        ]
      }
    },
    {
      "type": "Feature",
      "properties": {
        "road": "CS-250274",
        "aadt": 9782,
        "year": 2023,
        "location": "CS-250274, Arlington TX",
        "tier": "local",
        "route_id": "250274"
      },
      "geometry": {
        "type": "Point",
        "coordinates": [
          -97.101909,
          32.760961
        ]
      }
    },
    {
      "type": "Feature",
      "properties": {
        "road": "IH-30",
        "aadt": 9769,
        "year": 2023,
        "location": "IH-30, Arlington TX",
        "tier": "local",
        "route_id": "1599253975"
      },
      "geometry": {
        "type": "Point",
        "coordinates": [
          -97.164962,
          32.760525
        ]
      }
    },
    {
      "type": "Feature",
      "properties": {
        "road": "CS-250563",
        "aadt": 9740,
        "year": 2023,
        "location": "CS-250563, Arlington TX",
        "tier": "local",
        "route_id": "250563"
      },
      "geometry": {
        "type": "Point",
        "coordinates": [
          -97.198605,
          32.681544
        ]
      }
    },
    {
      "type": "Feature",
      "properties": {
        "road": "CS-251496",
        "aadt": 9657,
        "year": 2023,
        "location": "CS-251496, Arlington TX",
        "tier": "local",
        "route_id": "251496"
      },
      "geometry": {
        "type": "Point",
        "coordinates": [
          -97.17804,
          32.795152
        ]
      }
    },
    {
      "type": "Feature",
      "properties": {
        "road": "CS-250237",
        "aadt": 9633,
        "year": 2023,
        "location": "CS-250237, Arlington TX",
        "tier": "local",
        "route_id": "250237"
      },
      "geometry": {
        "type": "Point",
        "coordinates": [
          -97.137781,
          32.772227
        ]
      }
    },
    {
      "type": "Feature",
      "properties": {
        "road": "IH-30",
        "aadt": 9600,
        "year": 2023,
        "location": "IH-30, Arlington TX",
        "tier": "local",
        "route_id": "1639440756"
      },
      "geometry": {
        "type": "Point",
        "coordinates": [
          -97.074677,
          32.760767
        ]
      }
    },
    {
      "type": "Feature",
      "properties": {
        "road": "IH-30",
        "aadt": 9600,
        "year": 2023,
        "location": "IH-30, Arlington TX",
        "tier": "local",
        "route_id": "1639440711"
      },
      "geometry": {
        "type": "Point",
        "coordinates": [
          -97.077136,
          32.761029
        ]
      }
    },
    {
      "type": "Feature",
      "properties": {
        "road": "IH-30",
        "aadt": 9600,
        "year": 2023,
        "location": "IH-30, Arlington TX",
        "tier": "local",
        "route_id": "2000033029"
      },
      "geometry": {
        "type": "Point",
        "coordinates": [
          -97.05415,
          32.759218
        ]
      }
    },
    {
      "type": "Feature",
      "properties": {
        "road": "IH-30",
        "aadt": 9600,
        "year": 2023,
        "location": "IH-30, Arlington TX",
        "tier": "local",
        "route_id": "2000033416"
      },
      "geometry": {
        "type": "Point",
        "coordinates": [
          -97.062803,
          32.759766
        ]
      }
    },
    {
      "type": "Feature",
      "properties": {
        "road": "IH-30",
        "aadt": 9600,
        "year": 2023,
        "location": "IH-30, Arlington TX",
        "tier": "local",
        "route_id": "2000033417"
      },
      "geometry": {
        "type": "Point",
        "coordinates": [
          -97.06272,
          32.759585
        ]
      }
    },
    {
      "type": "Feature",
      "properties": {
        "road": "IH-30",
        "aadt": 9600,
        "year": 2023,
        "location": "IH-30, Arlington TX",
        "tier": "local",
        "route_id": "2000008044"
      },
      "geometry": {
        "type": "Point",
        "coordinates": [
          -97.183419,
          32.760535
        ]
      }
    },
    {
      "type": "Feature",
      "properties": {
        "road": "IH-20",
        "aadt": 9552,
        "year": 2023,
        "location": "IH-20, Arlington TX",
        "tier": "local",
        "route_id": "1633910779"
      },
      "geometry": {
        "type": "Point",
        "coordinates": [
          -97.133468,
          32.67447
        ]
      }
    },
    {
      "type": "Feature",
      "properties": {
        "road": "CS-1009144",
        "aadt": 9544,
        "year": 2023,
        "location": "CS-1009144, Arlington TX",
        "tier": "local",
        "route_id": "1009144"
      },
      "geometry": {
        "type": "Point",
        "coordinates": [
          -97.102819,
          32.735562
        ]
      }
    },
    {
      "type": "Feature",
      "properties": {
        "road": "CS-250538",
        "aadt": 9523,
        "year": 2023,
        "location": "CS-250538, Arlington TX",
        "tier": "local",
        "route_id": "250538"
      },
      "geometry": {
        "type": "Point",
        "coordinates": [
          -97.075722,
          32.644266
        ]
      }
    },
    {
      "type": "Feature",
      "properties": {
        "road": "CS-250538",
        "aadt": 9467,
        "year": 2023,
        "location": "CS-250538, Arlington TX",
        "tier": "local",
        "route_id": "250538"
      },
      "geometry": {
        "type": "Point",
        "coordinates": [
          -97.075271,
          32.634861
        ]
      }
    },
    {
      "type": "Feature",
      "properties": {
        "road": "CS-250482",
        "aadt": 9447,
        "year": 2023,
        "location": "CS-250482, Arlington TX",
        "tier": "local",
        "route_id": "250482"
      },
      "geometry": {
        "type": "Point",
        "coordinates": [
          -97.114254,
          32.781655
        ]
      }
    },
    {
      "type": "Feature",
      "properties": {
        "road": "IH-30",
        "aadt": 9412,
        "year": 2023,
        "location": "IH-30, Arlington TX",
        "tier": "local",
        "route_id": "1599253972"
      },
      "geometry": {
        "type": "Point",
        "coordinates": [
          -97.169592,
          32.760427
        ]
      }
    },
    {
      "type": "Feature",
      "properties": {
        "road": "CS-251267",
        "aadt": 9409,
        "year": 2023,
        "location": "CS-251267, Arlington TX",
        "tier": "local",
        "route_id": "251267"
      },
      "geometry": {
        "type": "Point",
        "coordinates": [
          -97.183257,
          32.757963
        ]
      }
    },
    {
      "type": "Feature",
      "properties": {
        "road": "CS-251040",
        "aadt": 9387,
        "year": 2023,
        "location": "CS-251040, Arlington TX",
        "tier": "local",
        "route_id": "251040"
      },
      "geometry": {
        "type": "Point",
        "coordinates": [
          -97.058001,
          32.77362
        ]
      }
    },
    {
      "type": "Feature",
      "properties": {
        "road": "IH-20",
        "aadt": 9385,
        "year": 2023,
        "location": "IH-20, Arlington TX",
        "tier": "local",
        "route_id": "1599255376"
      },
      "geometry": {
        "type": "Point",
        "coordinates": [
          -97.06307,
          32.677335
        ]
      }
    },
    {
      "type": "Feature",
      "properties": {
        "road": "CS-250431",
        "aadt": 9325,
        "year": 2023,
        "location": "CS-250431, Arlington TX",
        "tier": "local",
        "route_id": "250431"
      },
      "geometry": {
        "type": "Point",
        "coordinates": [
          -97.082941,
          32.673197
        ]
      }
    },
    {
      "type": "Feature",
      "properties": {
        "road": "CS-250521",
        "aadt": 9301,
        "year": 2023,
        "location": "CS-250521, Arlington TX",
        "tier": "local",
        "route_id": "250521"
      },
      "geometry": {
        "type": "Point",
        "coordinates": [
          -97.14493,
          32.659632
        ]
      }
    },
    {
      "type": "Feature",
      "properties": {
        "road": "CS-250263",
        "aadt": 9264,
        "year": 2023,
        "location": "CS-250263, Arlington TX",
        "tier": "local",
        "route_id": "250263"
      },
      "geometry": {
        "type": "Point",
        "coordinates": [
          -97.103846,
          32.763247
        ]
      }
    },
    {
      "type": "Feature",
      "properties": {
        "road": "CS-250411",
        "aadt": 9241,
        "year": 2023,
        "location": "CS-250411, Arlington TX",
        "tier": "local",
        "route_id": "250411"
      },
      "geometry": {
        "type": "Point",
        "coordinates": [
          -97.053472,
          32.706157
        ]
      }
    },
    {
      "type": "Feature",
      "properties": {
        "road": "CS-250521",
        "aadt": 9227,
        "year": 2023,
        "location": "CS-250521, Arlington TX",
        "tier": "local",
        "route_id": "250521"
      },
      "geometry": {
        "type": "Point",
        "coordinates": [
          -97.118474,
          32.659397
        ]
      }
    },
    {
      "type": "Feature",
      "properties": {
        "road": "CS-250624",
        "aadt": 9191,
        "year": 2023,
        "location": "CS-250624, Arlington TX",
        "tier": "local",
        "route_id": "250624"
      },
      "geometry": {
        "type": "Point",
        "coordinates": [
          -97.102295,
          32.638295
        ]
      }
    },
    {
      "type": "Feature",
      "properties": {
        "road": "CS-250572",
        "aadt": 9109,
        "year": 2023,
        "location": "CS-250572, Arlington TX",
        "tier": "local",
        "route_id": "250572"
      },
      "geometry": {
        "type": "Point",
        "coordinates": [
          -97.14517,
          32.754222
        ]
      }
    },
    {
      "type": "Feature",
      "properties": {
        "road": "CS-250475",
        "aadt": 9085,
        "year": 2023,
        "location": "CS-250475, Arlington TX",
        "tier": "local",
        "route_id": "250475"
      },
      "geometry": {
        "type": "Point",
        "coordinates": [
          -97.089088,
          32.636238
        ]
      }
    },
    {
      "type": "Feature",
      "properties": {
        "road": "CS-267202",
        "aadt": 9081,
        "year": 2023,
        "location": "CS-267202, Arlington TX",
        "tier": "local",
        "route_id": "267202"
      },
      "geometry": {
        "type": "Point",
        "coordinates": [
          -97.10046,
          32.755907
        ]
      }
    },
    {
      "type": "Feature",
      "properties": {
        "road": "CS-250396",
        "aadt": 9010,
        "year": 2023,
        "location": "CS-250396, Arlington TX",
        "tier": "local",
        "route_id": "250396"
      },
      "geometry": {
        "type": "Point",
        "coordinates": [
          -97.143429,
          32.732204
        ]
      }
    },
    {
      "type": "Feature",
      "properties": {
        "road": "CS-250545",
        "aadt": 9010,
        "year": 2023,
        "location": "CS-250545, Arlington TX",
        "tier": "local",
        "route_id": "250545"
      },
      "geometry": {
        "type": "Point",
        "coordinates": [
          -97.144573,
          32.731874
        ]
      }
    },
    {
      "type": "Feature",
      "properties": {
        "road": "CS-250508",
        "aadt": 9005,
        "year": 2023,
        "location": "CS-250508, Arlington TX",
        "tier": "local",
        "route_id": "250508"
      },
      "geometry": {
        "type": "Point",
        "coordinates": [
          -97.131997,
          32.708294
        ]
      }
    },
    {
      "type": "Feature",
      "properties": {
        "road": "CS-250563",
        "aadt": 8939,
        "year": 2023,
        "location": "CS-250563, Arlington TX",
        "tier": "local",
        "route_id": "250563"
      },
      "geometry": {
        "type": "Point",
        "coordinates": [
          -97.13895,
          32.678066
        ]
      }
    },
    {
      "type": "Feature",
      "properties": {
        "road": "CS-250253",
        "aadt": 8938,
        "year": 2023,
        "location": "CS-250253, Arlington TX",
        "tier": "local",
        "route_id": "250253"
      },
      "geometry": {
        "type": "Point",
        "coordinates": [
          -97.175609,
          32.652301
        ]
      }
    },
    {
      "type": "Feature",
      "properties": {
        "road": "CS-250259",
        "aadt": 8919,
        "year": 2023,
        "location": "CS-250259, Arlington TX",
        "tier": "local",
        "route_id": "250259"
      },
      "geometry": {
        "type": "Point",
        "coordinates": [
          -97.158057,
          32.648769
        ]
      }
    },
    {
      "type": "Feature",
      "properties": {
        "road": "CS-250288",
        "aadt": 8817,
        "year": 2023,
        "location": "CS-250288, Arlington TX",
        "tier": "local",
        "route_id": "250288"
      },
      "geometry": {
        "type": "Point",
        "coordinates": [
          -97.091555,
          32.691759
        ]
      }
    },
    {
      "type": "Feature",
      "properties": {
        "road": "IH-20",
        "aadt": 8663,
        "year": 2023,
        "location": "IH-20, Arlington TX",
        "tier": "local",
        "route_id": "IH0020-XG"
      },
      "geometry": {
        "type": "Point",
        "coordinates": [
          -97.136978,
          32.676523
        ]
      }
    },
    {
      "type": "Feature",
      "properties": {
        "road": "CS-250510",
        "aadt": 8575,
        "year": 2023,
        "location": "CS-250510, Arlington TX",
        "tier": "local",
        "route_id": "250510"
      },
      "geometry": {
        "type": "Point",
        "coordinates": [
          -97.131567,
          32.77105
        ]
      }
    },
    {
      "type": "Feature",
      "properties": {
        "road": "CS-250549",
        "aadt": 8548,
        "year": 2023,
        "location": "CS-250549, Arlington TX",
        "tier": "local",
        "route_id": "250549"
      },
      "geometry": {
        "type": "Point",
        "coordinates": [
          -97.049975,
          32.720686
        ]
      }
    },
    {
      "type": "Feature",
      "properties": {
        "road": "CS-250288",
        "aadt": 8445,
        "year": 2023,
        "location": "CS-250288, Arlington TX",
        "tier": "local",
        "route_id": "250288"
      },
      "geometry": {
        "type": "Point",
        "coordinates": [
          -97.134133,
          32.692235
        ]
      }
    },
    {
      "type": "Feature",
      "properties": {
        "road": "CS-250572",
        "aadt": 8436,
        "year": 2023,
        "location": "CS-250572, Arlington TX",
        "tier": "local",
        "route_id": "250572"
      },
      "geometry": {
        "type": "Point",
        "coordinates": [
          -97.073058,
          32.747891
        ]
      }
    },
    {
      "type": "Feature",
      "properties": {
        "road": "CS-250422",
        "aadt": 8398,
        "year": 2023,
        "location": "CS-250422, Arlington TX",
        "tier": "local",
        "route_id": "250422"
      },
      "geometry": {
        "type": "Point",
        "coordinates": [
          -97.065801,
          32.767261
        ]
      }
    },
    {
      "type": "Feature",
      "properties": {
        "road": "CS-250551",
        "aadt": 8352,
        "year": 2023,
        "location": "CS-250551, Arlington TX",
        "tier": "local",
        "route_id": "250551"
      },
      "geometry": {
        "type": "Point",
        "coordinates": [
          -97.167649,
          32.721347
        ]
      }
    },
    {
      "type": "Feature",
      "properties": {
        "road": "CS-250396",
        "aadt": 8344,
        "year": 2023,
        "location": "CS-250396, Arlington TX",
        "tier": "local",
        "route_id": "250396"
      },
      "geometry": {
        "type": "Point",
        "coordinates": [
          -97.110914,
          32.735641
        ]
      }
    },
    {
      "type": "Feature",
      "properties": {
        "road": "CS-250551",
        "aadt": 8250,
        "year": 2023,
        "location": "CS-250551, Arlington TX",
        "tier": "local",
        "route_id": "250551"
      },
      "geometry": {
        "type": "Point",
        "coordinates": [
          -97.123322,
          32.721233
        ]
      }
    },
    {
      "type": "Feature",
      "properties": {
        "road": "CS-250554",
        "aadt": 8236,
        "year": 2023,
        "location": "CS-250554, Arlington TX",
        "tier": "local",
        "route_id": "250554"
      },
      "geometry": {
        "type": "Point",
        "coordinates": [
          -97.168894,
          32.717346
        ]
      }
    },
    {
      "type": "Feature",
      "properties": {
        "road": "CS-251040",
        "aadt": 8189,
        "year": 2023,
        "location": "CS-251040, Arlington TX",
        "tier": "local",
        "route_id": "251040"
      },
      "geometry": {
        "type": "Point",
        "coordinates": [
          -97.052248,
          32.77156
        ]
      }
    },
    {
      "type": "Feature",
      "properties": {
        "road": "CS-251225",
        "aadt": 8184,
        "year": 2023,
        "location": "CS-251225, Arlington TX",
        "tier": "local",
        "route_id": "251225"
      },
      "geometry": {
        "type": "Point",
        "coordinates": [
          -97.173531,
          32.752923
        ]
      }
    },
    {
      "type": "Feature",
      "properties": {
        "road": "IH-30",
        "aadt": 8170,
        "year": 2023,
        "location": "IH-30, Arlington TX",
        "tier": "local",
        "route_id": "1599255202"
      },
      "geometry": {
        "type": "Point",
        "coordinates": [
          -97.129803,
          32.760166
        ]
      }
    },
    {
      "type": "Feature",
      "properties": {
        "road": "IH-30",
        "aadt": 8148,
        "year": 2023,
        "location": "IH-30, Arlington TX",
        "tier": "local",
        "route_id": "1599255324"
      },
      "geometry": {
        "type": "Point",
        "coordinates": [
          -97.118325,
          32.760282
        ]
      }
    },
    {
      "type": "Feature",
      "properties": {
        "road": "CS-250253",
        "aadt": 8080,
        "year": 2023,
        "location": "CS-250253, Arlington TX",
        "tier": "local",
        "route_id": "250253"
      },
      "geometry": {
        "type": "Point",
        "coordinates": [
          -97.175583,
          32.671025
        ]
      }
    },
    {
      "type": "Feature",
      "properties": {
        "road": "CS-251267",
        "aadt": 7833,
        "year": 2023,
        "location": "CS-251267, Arlington TX",
        "tier": "local",
        "route_id": "251267"
      },
      "geometry": {
        "type": "Point",
        "coordinates": [
          -97.183243,
          32.761996
        ]
      }
    },
    {
      "type": "Feature",
      "properties": {
        "road": "CS-250263",
        "aadt": 7823,
        "year": 2023,
        "location": "CS-250263, Arlington TX",
        "tier": "local",
        "route_id": "250263"
      },
      "geometry": {
        "type": "Point",
        "coordinates": [
          -97.119343,
          32.762221
        ]
      }
    },
    {
      "type": "Feature",
      "properties": {
        "road": "IH-30",
        "aadt": 7791,
        "year": 2023,
        "location": "IH-30, Arlington TX",
        "tier": "local",
        "route_id": "1599255168"
      },
      "geometry": {
        "type": "Point",
        "coordinates": [
          -97.132638,
          32.76024
        ]
      }
    },
    {
      "type": "Feature",
      "properties": {
        "road": "CS-250425",
        "aadt": 7754,
        "year": 2023,
        "location": "CS-250425, Arlington TX",
        "tier": "local",
        "route_id": "250425"
      },
      "geometry": {
        "type": "Point",
        "coordinates": [
          -97.073841,
          32.776211
        ]
      }
    },
    {
      "type": "Feature",
      "properties": {
        "road": "CS-251507",
        "aadt": 7685,
        "year": 2023,
        "location": "CS-251507, Arlington TX",
        "tier": "local",
        "route_id": "251507"
      },
      "geometry": {
        "type": "Point",
        "coordinates": [
          -97.175007,
          32.773365
        ]
      }
    },
    {
      "type": "Feature",
      "properties": {
        "road": "CS-250396",
        "aadt": 7670,
        "year": 2023,
        "location": "CS-250396, Arlington TX",
        "tier": "local",
        "route_id": "250396"
      },
      "geometry": {
        "type": "Point",
        "coordinates": [
          -97.136764,
          32.734515
        ]
      }
    },
    {
      "type": "Feature",
      "properties": {
        "road": "CS-250414",
        "aadt": 7650,
        "year": 2023,
        "location": "CS-250414, Arlington TX",
        "tier": "local",
        "route_id": "250414"
      },
      "geometry": {
        "type": "Point",
        "coordinates": [
          -97.195332,
          32.708046
        ]
      }
    },
    {
      "type": "Feature",
      "properties": {
        "road": "CS-250421",
        "aadt": 7619,
        "year": 2023,
        "location": "CS-250421, Arlington TX",
        "tier": "local",
        "route_id": "250421"
      },
      "geometry": {
        "type": "Point",
        "coordinates": [
          -97.057218,
          32.761795
        ]
      }
    },
    {
      "type": "Feature",
      "properties": {
        "road": "IH-30",
        "aadt": 7619,
        "year": 2023,
        "location": "IH-30, Arlington TX",
        "tier": "local",
        "route_id": "1599255179"
      },
      "geometry": {
        "type": "Point",
        "coordinates": [
          -97.103529,
          32.761002
        ]
      }
    },
    {
      "type": "Feature",
      "properties": {
        "road": "CS-250563",
        "aadt": 7598,
        "year": 2023,
        "location": "CS-250563, Arlington TX",
        "tier": "local",
        "route_id": "250563"
      },
      "geometry": {
        "type": "Point",
        "coordinates": [
          -97.183878,
          32.68241
        ]
      }
    },
    {
      "type": "Feature",
      "properties": {
        "road": "CS-270099",
        "aadt": 7537,
        "year": 2023,
        "location": "CS-270099, Arlington TX",
        "tier": "local",
        "route_id": "270099"
      },
      "geometry": {
        "type": "Point",
        "coordinates": [
          -97.064301,
          32.635647
        ]
      }
    },
    {
      "type": "Feature",
      "properties": {
        "road": "CS-251096",
        "aadt": 7537,
        "year": 2023,
        "location": "CS-251096, Arlington TX",
        "tier": "local",
        "route_id": "251096"
      },
      "geometry": {
        "type": "Point",
        "coordinates": [
          -97.070462,
          32.633926
        ]
      }
    },
    {
      "type": "Feature",
      "properties": {
        "road": "CS-250277",
        "aadt": 7513,
        "year": 2023,
        "location": "CS-250277, Arlington TX",
        "tier": "local",
        "route_id": "250277"
      },
      "geometry": {
        "type": "Point",
        "coordinates": [
          -97.189385,
          32.686432
        ]
      }
    },
    {
      "type": "Feature",
      "properties": {
        "road": "CS-250589",
        "aadt": 7511,
        "year": 2023,
        "location": "CS-250589, Arlington TX",
        "tier": "local",
        "route_id": "250589"
      },
      "geometry": {
        "type": "Point",
        "coordinates": [
          -97.083735,
          32.736801
        ]
      }
    },
    {
      "type": "Feature",
      "properties": {
        "road": "CS-250468",
        "aadt": 7492,
        "year": 2023,
        "location": "CS-250468, Arlington TX",
        "tier": "local",
        "route_id": "250468"
      },
      "geometry": {
        "type": "Point",
        "coordinates": [
          -97.106369,
          32.75115
        ]
      }
    },
    {
      "type": "Feature",
      "properties": {
        "road": "CS-250538",
        "aadt": 7487,
        "year": 2023,
        "location": "CS-250538, Arlington TX",
        "tier": "local",
        "route_id": "250538"
      },
      "geometry": {
        "type": "Point",
        "coordinates": [
          -97.080242,
          32.72855
        ]
      }
    },
    {
      "type": "Feature",
      "properties": {
        "road": "CS-250431",
        "aadt": 7447,
        "year": 2023,
        "location": "CS-250431, Arlington TX",
        "tier": "local",
        "route_id": "250431"
      },
      "geometry": {
        "type": "Point",
        "coordinates": [
          -97.068165,
          32.672901
        ]
      }
    },
    {
      "type": "Feature",
      "properties": {
        "road": "CS-250396",
        "aadt": 7368,
        "year": 2023,
        "location": "CS-250396, Arlington TX",
        "tier": "local",
        "route_id": "250396"
      },
      "geometry": {
        "type": "Point",
        "coordinates": [
          -97.120349,
          32.735757
        ]
      }
    },
    {
      "type": "Feature",
      "properties": {
        "road": "IH-20",
        "aadt": 7360,
        "year": 2023,
        "location": "IH-20, Arlington TX",
        "tier": "local",
        "route_id": "IH0020-AG"
      },
      "geometry": {
        "type": "Point",
        "coordinates": [
          -97.045901,
          32.675344
        ]
      }
    },
    {
      "type": "Feature",
      "properties": {
        "road": "IH-20",
        "aadt": 7344,
        "year": 2023,
        "location": "IH-20, Arlington TX",
        "tier": "local",
        "route_id": "2000007649"
      },
      "geometry": {
        "type": "Point",
        "coordinates": [
          -97.151916,
          32.67505
        ]
      }
    },
    {
      "type": "Feature",
      "properties": {
        "road": "CS-250422",
        "aadt": 7323,
        "year": 2023,
        "location": "CS-250422, Arlington TX",
        "tier": "local",
        "route_id": "250422"
      },
      "geometry": {
        "type": "Point",
        "coordinates": [
          -97.069313,
          32.767252
        ]
      }
    },
    {
      "type": "Feature",
      "properties": {
        "road": "CS-250424",
        "aadt": 7223,
        "year": 2023,
        "location": "CS-250424, Arlington TX",
        "tier": "local",
        "route_id": "250424"
      },
      "geometry": {
        "type": "Point",
        "coordinates": [
          -97.085338,
          32.770246
        ]
      }
    },
    {
      "type": "Feature",
      "properties": {
        "road": "CS-250431",
        "aadt": 7055,
        "year": 2023,
        "location": "CS-250431, Arlington TX",
        "tier": "local",
        "route_id": "250431"
      },
      "geometry": {
        "type": "Point",
        "coordinates": [
          -97.111533,
          32.670577
        ]
      }
    },
    {
      "type": "Feature",
      "properties": {
        "road": "CS-251507",
        "aadt": 7055,
        "year": 2023,
        "location": "CS-251507, Arlington TX",
        "tier": "local",
        "route_id": "251507"
      },
      "geometry": {
        "type": "Point",
        "coordinates": [
          -97.179614,
          32.77976
        ]
      }
    },
    {
      "type": "Feature",
      "properties": {
        "road": "CS-250492",
        "aadt": 6996,
        "year": 2023,
        "location": "CS-250492, Arlington TX",
        "tier": "local",
        "route_id": "250492"
      },
      "geometry": {
        "type": "Point",
        "coordinates": [
          -97.123019,
          32.764778
        ]
      }
    },
    {
      "type": "Feature",
      "properties": {
        "road": "CS-250492",
        "aadt": 6983,
        "year": 2023,
        "location": "CS-250492, Arlington TX",
        "tier": "local",
        "route_id": "250492"
      },
      "geometry": {
        "type": "Point",
        "coordinates": [
          -97.123067,
          32.759822
        ]
      }
    },
    {
      "type": "Feature",
      "properties": {
        "road": "CS-250586",
        "aadt": 6975,
        "year": 2023,
        "location": "CS-250586, Arlington TX",
        "tier": "local",
        "route_id": "250586"
      },
      "geometry": {
        "type": "Point",
        "coordinates": [
          -97.067152,
          32.755051
        ]
      }
    },
    {
      "type": "Feature",
      "properties": {
        "road": "CS-251375",
        "aadt": 6933,
        "year": 2023,
        "location": "CS-251375, Arlington TX",
        "tier": "local",
        "route_id": "251375"
      },
      "geometry": {
        "type": "Point",
        "coordinates": [
          -97.172751,
          32.765036
        ]
      }
    },
    {
      "type": "Feature",
      "properties": {
        "road": "CS-250554",
        "aadt": 6894,
        "year": 2023,
        "location": "CS-250554, Arlington TX",
        "tier": "local",
        "route_id": "250554"
      },
      "geometry": {
        "type": "Point",
        "coordinates": [
          -97.168424,
          32.710583
        ]
      }
    },
    {
      "type": "Feature",
      "properties": {
        "road": "CS-250521",
        "aadt": 6889,
        "year": 2023,
        "location": "CS-250521, Arlington TX",
        "tier": "local",
        "route_id": "250521"
      },
      "geometry": {
        "type": "Point",
        "coordinates": [
          -97.159841,
          32.659351
        ]
      }
    },
    {
      "type": "Feature",
      "properties": {
        "road": "SH-360",
        "aadt": 6858,
        "year": 2023,
        "location": "SH-360, Arlington TX",
        "tier": "local",
        "route_id": "SH0360-AG"
      },
      "geometry": {
        "type": "Point",
        "coordinates": [
          -97.06333,
          32.665505
        ]
      }
    },
    {
      "type": "Feature",
      "properties": {
        "road": "CS-250624",
        "aadt": 6817,
        "year": 2023,
        "location": "CS-250624, Arlington TX",
        "tier": "local",
        "route_id": "250624"
      },
      "geometry": {
        "type": "Point",
        "coordinates": [
          -97.102514,
          32.629361
        ]
      }
    },
    {
      "type": "Feature",
      "properties": {
        "road": "CS-250497",
        "aadt": 6800,
        "year": 2023,
        "location": "CS-250497, Arlington TX",
        "tier": "local",
        "route_id": "250497"
      },
      "geometry": {
        "type": "Point",
        "coordinates": [
          -97.123507,
          32.736661
        ]
      }
    },
    {
      "type": "Feature",
      "properties": {
        "road": "CS-250492",
        "aadt": 6800,
        "year": 2023,
        "location": "CS-250492, Arlington TX",
        "tier": "local",
        "route_id": "250492"
      },
      "geometry": {
        "type": "Point",
        "coordinates": [
          -97.123245,
          32.738005
        ]
      }
    },
    {
      "type": "Feature",
      "properties": {
        "road": "CS-250554",
        "aadt": 6799,
        "year": 2023,
        "location": "CS-250554, Arlington TX",
        "tier": "local",
        "route_id": "250554"
      },
      "geometry": {
        "type": "Point",
        "coordinates": [
          -97.166771,
          32.654107
        ]
      }
    },
    {
      "type": "Feature",
      "properties": {
        "road": "SH-180",
        "aadt": 6704,
        "year": 2023,
        "location": "SH-180, Arlington TX",
        "tier": "local",
        "route_id": "12800"
      },
      "geometry": {
        "type": "Point",
        "coordinates": [
          -97.063946,
          32.744022
        ]
      }
    },
    {
      "type": "Feature",
      "properties": {
        "road": "CS-250614",
        "aadt": 6696,
        "year": 2023,
        "location": "CS-250614, Arlington TX",
        "tier": "local",
        "route_id": "250614"
      },
      "geometry": {
        "type": "Point",
        "coordinates": [
          -97.174246,
          32.685852
        ]
      }
    },
    {
      "type": "Feature",
      "properties": {
        "road": "CS-250468",
        "aadt": 6682,
        "year": 2023,
        "location": "CS-250468, Arlington TX",
        "tier": "local",
        "route_id": "250468"
      },
      "geometry": {
        "type": "Point",
        "coordinates": [
          -97.106938,
          32.739059
        ]
      }
    },
    {
      "type": "Feature",
      "properties": {
        "road": "CS-250589",
        "aadt": 6638,
        "year": 2023,
        "location": "CS-250589, Arlington TX",
        "tier": "local",
        "route_id": "250589"
      },
      "geometry": {
        "type": "Point",
        "coordinates": [
          -97.08279,
          32.745654
        ]
      }
    },
    {
      "type": "Feature",
      "properties": {
        "road": "SH-180",
        "aadt": 6584,
        "year": 2023,
        "location": "SH-180, Arlington TX",
        "tier": "local",
        "route_id": "20247"
      },
      "geometry": {
        "type": "Point",
        "coordinates": [
          -97.060328,
          32.743219
        ]
      }
    },
    {
      "type": "Feature",
      "properties": {
        "road": "CS-250492",
        "aadt": 6568,
        "year": 2023,
        "location": "CS-250492, Arlington TX",
        "tier": "local",
        "route_id": "250492"
      },
      "geometry": {
        "type": "Point",
        "coordinates": [
          -97.12299,
          32.746693
        ]
      }
    },
    {
      "type": "Feature",
      "properties": {
        "road": "CS-290667",
        "aadt": 6468,
        "year": 2023,
        "location": "CS-290667, Arlington TX",
        "tier": "local",
        "route_id": "290667"
      },
      "geometry": {
        "type": "Point",
        "coordinates": [
          -97.086449,
          32.753481
        ]
      }
    },
    {
      "type": "Feature",
      "properties": {
        "road": "CS-251427",
        "aadt": 6454,
        "year": 2023,
        "location": "CS-251427, Arlington TX",
        "tier": "local",
        "route_id": "251427"
      },
      "geometry": {
        "type": "Point",
        "coordinates": [
          -97.194615,
          32.745688
        ]
      }
    },
    {
      "type": "Feature",
      "properties": {
        "road": "IH-20",
        "aadt": 6442,
        "year": 2023,
        "location": "IH-20, Arlington TX",
        "tier": "local",
        "route_id": "2000007661"
      },
      "geometry": {
        "type": "Point",
        "coordinates": [
          -97.152852,
          32.6742
        ]
      }
    },
    {
      "type": "Feature",
      "properties": {
        "road": "CS-250528",
        "aadt": 6439,
        "year": 2023,
        "location": "CS-250528, Arlington TX",
        "tier": "local",
        "route_id": "250528"
      },
      "geometry": {
        "type": "Point",
        "coordinates": [
          -97.137896,
          32.683935
        ]
      }
    },
    {
      "type": "Feature",
      "properties": {
        "road": "CS-250503",
        "aadt": 6438,
        "year": 2023,
        "location": "CS-250503, Arlington TX",
        "tier": "local",
        "route_id": "250503"
      },
      "geometry": {
        "type": "Point",
        "coordinates": [
          -97.13107,
          32.634202
        ]
      }
    },
    {
      "type": "Feature",
      "properties": {
        "road": "CS-250431",
        "aadt": 6372,
        "year": 2023,
        "location": "CS-250431, Arlington TX",
        "tier": "local",
        "route_id": "250431"
      },
      "geometry": {
        "type": "Point",
        "coordinates": [
          -97.140895,
          32.670367
        ]
      }
    },
    {
      "type": "Feature",
      "properties": {
        "road": "CS-250572",
        "aadt": 6368,
        "year": 2023,
        "location": "CS-250572, Arlington TX",
        "tier": "local",
        "route_id": "250572"
      },
      "geometry": {
        "type": "Point",
        "coordinates": [
          -97.054282,
          32.748823
        ]
      }
    },
    {
      "type": "Feature",
      "properties": {
        "road": "CS-251375",
        "aadt": 6288,
        "year": 2023,
        "location": "CS-251375, Arlington TX",
        "tier": "local",
        "route_id": "251375"
      },
      "geometry": {
        "type": "Point",
        "coordinates": [
          -97.167348,
          32.765724
        ]
      }
    },
    {
      "type": "Feature",
      "properties": {
        "road": "IH-20",
        "aadt": 6278,
        "year": 2023,
        "location": "IH-20, Arlington TX",
        "tier": "local",
        "route_id": "IH0020-XG"
      },
      "geometry": {
        "type": "Point",
        "coordinates": [
          -97.081244,
          32.6791
        ]
      }
    },
    {
      "type": "Feature",
      "properties": {
        "road": "CS-250462",
        "aadt": 6266,
        "year": 2023,
        "location": "CS-250462, Arlington TX",
        "tier": "local",
        "route_id": "250462"
      },
      "geometry": {
        "type": "Point",
        "coordinates": [
          -97.158142,
          32.640398
        ]
      }
    },
    {
      "type": "Feature",
      "properties": {
        "road": "CS-250468",
        "aadt": 6223,
        "year": 2023,
        "location": "CS-250468, Arlington TX",
        "tier": "local",
        "route_id": "250468"
      },
      "geometry": {
        "type": "Point",
        "coordinates": [
          -97.106873,
          32.744659
        ]
      }
    },
    {
      "type": "Feature",
      "properties": {
        "road": "CS-250497",
        "aadt": 6175,
        "year": 2023,
        "location": "CS-250497, Arlington TX",
        "tier": "local",
        "route_id": "250497"
      },
      "geometry": {
        "type": "Point",
        "coordinates": [
          -97.12369,
          32.729371
        ]
      }
    },
    {
      "type": "Feature",
      "properties": {
        "road": "CS-251225",
        "aadt": 6164,
        "year": 2023,
        "location": "CS-251225, Arlington TX",
        "tier": "local",
        "route_id": "251225"
      },
      "geometry": {
        "type": "Point",
        "coordinates": [
          -97.199111,
          32.754588
        ]
      }
    },
    {
      "type": "Feature",
      "properties": {
        "road": "CS-251057",
        "aadt": 6158,
        "year": 2023,
        "location": "CS-251057, Arlington TX",
        "tier": "local",
        "route_id": "251057"
      },
      "geometry": {
        "type": "Point",
        "coordinates": [
          -97.050437,
          32.686134
        ]
      }
    },
    {
      "type": "Feature",
      "properties": {
        "road": "CS-250503",
        "aadt": 6155,
        "year": 2023,
        "location": "CS-250503, Arlington TX",
        "tier": "local",
        "route_id": "250503"
      },
      "geometry": {
        "type": "Point",
        "coordinates": [
          -97.17985,
          32.63339
        ]
      }
    },
    {
      "type": "Feature",
      "properties": {
        "road": "SH-360",
        "aadt": 6152,
        "year": 2023,
        "location": "SH-360, Arlington TX",
        "tier": "local",
        "route_id": "SH0360-XG"
      },
      "geometry": {
        "type": "Point",
        "coordinates": [
          -97.06213,
          32.66978
        ]
      }
    },
    {
      "type": "Feature",
      "properties": {
        "road": "IH-30",
        "aadt": 6133,
        "year": 2023,
        "location": "IH-30, Arlington TX",
        "tier": "local",
        "route_id": "1599253971"
      },
      "geometry": {
        "type": "Point",
        "coordinates": [
          -97.18066,
          32.759624
        ]
      }
    },
    {
      "type": "Feature",
      "properties": {
        "road": "CS-250455",
        "aadt": 6106,
        "year": 2023,
        "location": "CS-250455, Arlington TX",
        "tier": "local",
        "route_id": "250455"
      },
      "geometry": {
        "type": "Point",
        "coordinates": [
          -97.086266,
          32.773372
        ]
      }
    },
    {
      "type": "Feature",
      "properties": {
        "road": "IH-20",
        "aadt": 6053,
        "year": 2023,
        "location": "IH-20, Arlington TX",
        "tier": "local",
        "route_id": "1599253728"
      },
      "geometry": {
        "type": "Point",
        "coordinates": [
          -97.135872,
          32.674133
        ]
      }
    },
    {
      "type": "Feature",
      "properties": {
        "road": "CS-251267",
        "aadt": 6036,
        "year": 2023,
        "location": "CS-251267, Arlington TX",
        "tier": "local",
        "route_id": "251267"
      },
      "geometry": {
        "type": "Point",
        "coordinates": [
          -97.181898,
          32.74976
        ]
      }
    },
    {
      "type": "Feature",
      "properties": {
        "road": "CS-250508",
        "aadt": 6024,
        "year": 2023,
        "location": "CS-250508, Arlington TX",
        "tier": "local",
        "route_id": "250508"
      },
      "geometry": {
        "type": "Point",
        "coordinates": [
          -97.131866,
          32.70017
        ]
      }
    },
    {
      "type": "Feature",
      "properties": {
        "road": "CS-250253",
        "aadt": 5969,
        "year": 2023,
        "location": "CS-250253, Arlington TX",
        "tier": "local",
        "route_id": "250253"
      },
      "geometry": {
        "type": "Point",
        "coordinates": [
          -97.177546,
          32.678139
        ]
      }
    },
    {
      "type": "Feature",
      "properties": {
        "road": "SH-360",
        "aadt": 5963,
        "year": 2023,
        "location": "SH-360, Arlington TX",
        "tier": "local",
        "route_id": "SH0360-AG"
      },
      "geometry": {
        "type": "Point",
        "coordinates": [
          -97.063038,
          32.747227
        ]
      }
    },
    {
      "type": "Feature",
      "properties": {
        "road": "CS-250508",
        "aadt": 5935,
        "year": 2023,
        "location": "CS-250508, Arlington TX",
        "tier": "local",
        "route_id": "250508"
      },
      "geometry": {
        "type": "Point",
        "coordinates": [
          -97.134179,
          32.689593
        ]
      }
    },
    {
      "type": "Feature",
      "properties": {
        "road": "CS-250569",
        "aadt": 5915,
        "year": 2023,
        "location": "CS-250569, Arlington TX",
        "tier": "local",
        "route_id": "250569"
      },
      "geometry": {
        "type": "Point",
        "coordinates": [
          -97.083051,
          32.641223
        ]
      }
    },
    {
      "type": "Feature",
      "properties": {
        "road": "IH-20",
        "aadt": 5904,
        "year": 2023,
        "location": "IH-20, Arlington TX",
        "tier": "local",
        "route_id": "IH0020-AG"
      },
      "geometry": {
        "type": "Point",
        "coordinates": [
          -97.079908,
          32.67591
        ]
      }
    },
    {
      "type": "Feature",
      "properties": {
        "road": "CS-250274",
        "aadt": 5859,
        "year": 2023,
        "location": "CS-250274, Arlington TX",
        "tier": "local",
        "route_id": "250274"
      },
      "geometry": {
        "type": "Point",
        "coordinates": [
          -97.105333,
          32.77306
        ]
      }
    },
    {
      "type": "Feature",
      "properties": {
        "road": "SH-180",
        "aadt": 5832,
        "year": 2023,
        "location": "SH-180, Arlington TX",
        "tier": "local",
        "route_id": "12799"
      },
      "geometry": {
        "type": "Point",
        "coordinates": [
          -97.064798,
          32.744078
        ]
      }
    },
    {
      "type": "Feature",
      "properties": {
        "road": "CS-1011446",
        "aadt": 5778,
        "year": 2023,
        "location": "CS-1011446, Arlington TX",
        "tier": "local",
        "route_id": "1011446"
      },
      "geometry": {
        "type": "Point",
        "coordinates": [
          -97.104678,
          32.727857
        ]
      }
    },
    {
      "type": "Feature",
      "properties": {
        "road": "CS-251086",
        "aadt": 5776,
        "year": 2023,
        "location": "CS-251086, Arlington TX",
        "tier": "local",
        "route_id": "251086"
      },
      "geometry": {
        "type": "Point",
        "coordinates": [
          -97.057983,
          32.793434
        ]
      }
    },
    {
      "type": "Feature",
      "properties": {
        "road": "CS-250609",
        "aadt": 5742,
        "year": 2023,
        "location": "CS-250609, Arlington TX",
        "tier": "local",
        "route_id": "250609"
      },
      "geometry": {
        "type": "Point",
        "coordinates": [
          -97.147973,
          32.750491
        ]
      }
    },
    {
      "type": "Feature",
      "properties": {
        "road": "IH-20",
        "aadt": 5665,
        "year": 2023,
        "location": "IH-20, Arlington TX",
        "tier": "local",
        "route_id": "IH0020-AG"
      },
      "geometry": {
        "type": "Point",
        "coordinates": [
          -97.09598,
          32.67704
        ]
      }
    },
    {
      "type": "Feature",
      "properties": {
        "road": "CS-270058",
        "aadt": 5659,
        "year": 2023,
        "location": "CS-270058, Arlington TX",
        "tier": "local",
        "route_id": "270058"
      },
      "geometry": {
        "type": "Point",
        "coordinates": [
          -97.078616,
          32.758849
        ]
      }
    },
    {
      "type": "Feature",
      "properties": {
        "road": "IH-30",
        "aadt": 5659,
        "year": 2023,
        "location": "IH-30, Arlington TX",
        "tier": "local",
        "route_id": "IH0030-BG"
      },
      "geometry": {
        "type": "Point",
        "coordinates": [
          -97.064011,
          32.759182
        ]
      }
    },
    {
      "type": "Feature",
      "properties": {
        "road": "CS-251507",
        "aadt": 5627,
        "year": 2023,
        "location": "CS-251507, Arlington TX",
        "tier": "local",
        "route_id": "251507"
      },
      "geometry": {
        "type": "Point",
        "coordinates": [
          -97.157449,
          32.759381
        ]
      }
    },
    {
      "type": "Feature",
      "properties": {
        "road": "CS-250457",
        "aadt": 5624,
        "year": 2023,
        "location": "CS-250457, Arlington TX",
        "tier": "local",
        "route_id": "250457"
      },
      "geometry": {
        "type": "Point",
        "coordinates": [
          -97.085172,
          32.716189
        ]
      }
    },
    {
      "type": "Feature",
      "properties": {
        "road": "CS-250497",
        "aadt": 5551,
        "year": 2023,
        "location": "CS-250497, Arlington TX",
        "tier": "local",
        "route_id": "250497"
      },
      "geometry": {
        "type": "Point",
        "coordinates": [
          -97.123323,
          32.715333
        ]
      }
    },
    {
      "type": "Feature",
      "properties": {
        "road": "CS-113378",
        "aadt": 5543,
        "year": 2023,
        "location": "CS-113378, Arlington TX",
        "tier": "local",
        "route_id": "113378"
      },
      "geometry": {
        "type": "Point",
        "coordinates": [
          -97.071688,
          32.723299
        ]
      }
    },
    {
      "type": "Feature",
      "properties": {
        "road": "CS-250263",
        "aadt": 5542,
        "year": 2023,
        "location": "CS-250263, Arlington TX",
        "tier": "local",
        "route_id": "250263"
      },
      "geometry": {
        "type": "Point",
        "coordinates": [
          -97.128327,
          32.764846
        ]
      }
    },
    {
      "type": "Feature",
      "properties": {
        "road": "IH-20",
        "aadt": 5515,
        "year": 2023,
        "location": "IH-20, Arlington TX",
        "tier": "local",
        "route_id": "IH0020-XG"
      },
      "geometry": {
        "type": "Point",
        "coordinates": [
          -97.09629,
          32.678564
        ]
      }
    },
    {
      "type": "Feature",
      "properties": {
        "road": "CS-267203",
        "aadt": 5497,
        "year": 2023,
        "location": "CS-267203, Arlington TX",
        "tier": "local",
        "route_id": "267203"
      },
      "geometry": {
        "type": "Point",
        "coordinates": [
          -97.08439,
          32.752822
        ]
      }
    },
    {
      "type": "Feature",
      "properties": {
        "road": "CS-250604",
        "aadt": 5495,
        "year": 2023,
        "location": "CS-250604, Arlington TX",
        "tier": "local",
        "route_id": "250604"
      },
      "geometry": {
        "type": "Point",
        "coordinates": [
          -97.100336,
          32.770136
        ]
      }
    },
    {
      "type": "Feature",
      "properties": {
        "road": "IH-30",
        "aadt": 5479,
        "year": 2023,
        "location": "IH-30, Arlington TX",
        "tier": "local",
        "route_id": "1599253968"
      },
      "geometry": {
        "type": "Point",
        "coordinates": [
          -97.185462,
          32.760226
        ]
      }
    },
    {
      "type": "Feature",
      "properties": {
        "road": "IH-20",
        "aadt": 5476,
        "year": 2023,
        "location": "IH-20, Arlington TX",
        "tier": "local",
        "route_id": "IH0020-AG"
      },
      "geometry": {
        "type": "Point",
        "coordinates": [
          -97.131283,
          32.675183
        ]
      }
    },
    {
      "type": "Feature",
      "properties": {
        "road": "CS-267202",
        "aadt": 5456,
        "year": 2023,
        "location": "CS-267202, Arlington TX",
        "tier": "local",
        "route_id": "267202"
      },
      "geometry": {
        "type": "Point",
        "coordinates": [
          -97.097241,
          32.755568
        ]
      }
    },
    {
      "type": "Feature",
      "properties": {
        "road": "CS-250538",
        "aadt": 5447,
        "year": 2023,
        "location": "CS-250538, Arlington TX",
        "tier": "local",
        "route_id": "250538"
      },
      "geometry": {
        "type": "Point",
        "coordinates": [
          -97.071468,
          32.62854
        ]
      }
    },
    {
      "type": "Feature",
      "properties": {
        "road": "CS-250624",
        "aadt": 5415,
        "year": 2023,
        "location": "CS-250624, Arlington TX",
        "tier": "local",
        "route_id": "250624"
      },
      "geometry": {
        "type": "Point",
        "coordinates": [
          -97.102248,
          32.64848
        ]
      }
    },
    {
      "type": "Feature",
      "properties": {
        "road": "CS-251507",
        "aadt": 5372,
        "year": 2023,
        "location": "CS-251507, Arlington TX",
        "tier": "local",
        "route_id": "251507"
      },
      "geometry": {
        "type": "Point",
        "coordinates": [
          -97.199414,
          32.78099
        ]
      }
    },
    {
      "type": "Feature",
      "properties": {
        "road": "CS-250408",
        "aadt": 5328,
        "year": 2023,
        "location": "CS-250408, Arlington TX",
        "tier": "local",
        "route_id": "250408"
      },
      "geometry": {
        "type": "Point",
        "coordinates": [
          -97.071459,
          32.684146
        ]
      }
    },
    {
      "type": "Feature",
      "properties": {
        "road": "CS-250457",
        "aadt": 5294,
        "year": 2023,
        "location": "CS-250457, Arlington TX",
        "tier": "local",
        "route_id": "250457"
      },
      "geometry": {
        "type": "Point",
        "coordinates": [
          -97.082959,
          32.72879
        ]
      }
    },
    {
      "type": "Feature",
      "properties": {
        "road": "SH-180",
        "aadt": 5242,
        "year": 2023,
        "location": "SH-180, Arlington TX",
        "tier": "local",
        "route_id": "29134"
      },
      "geometry": {
        "type": "Point",
        "coordinates": [
          -97.060218,
          32.743321
        ]
      }
    },
    {
      "type": "Feature",
      "properties": {
        "road": "CS-250567",
        "aadt": 5217,
        "year": 2023,
        "location": "CS-250567, Arlington TX",
        "tier": "local",
        "route_id": "250567"
      },
      "geometry": {
        "type": "Point",
        "coordinates": [
          -97.201199,
          32.674314
        ]
      }
    },
    {
      "type": "Feature",
      "properties": {
        "road": "CS-250586",
        "aadt": 5211,
        "year": 2023,
        "location": "CS-250586, Arlington TX",
        "tier": "local",
        "route_id": "250586"
      },
      "geometry": {
        "type": "Point",
        "coordinates": [
          -97.058073,
          32.758399
        ]
      }
    },
    {
      "type": "Feature",
      "properties": {
        "road": "US-287",
        "aadt": 5157,
        "year": 2023,
        "location": "US-287, Arlington TX",
        "tier": "local",
        "route_id": "US0287-XG"
      },
      "geometry": {
        "type": "Point",
        "coordinates": [
          -97.171065,
          32.627383
        ]
      }
    },
    {
      "type": "Feature",
      "properties": {
        "road": "IH-30",
        "aadt": 5126,
        "year": 2023,
        "location": "IH-30, Arlington TX",
        "tier": "local",
        "route_id": "1599253969"
      },
      "geometry": {
        "type": "Point",
        "coordinates": [
          -97.18523,
          32.759465
        ]
      }
    },
    {
      "type": "Feature",
      "properties": {
        "road": "IH-20",
        "aadt": 5112,
        "year": 2023,
        "location": "IH-20, Arlington TX",
        "tier": "local",
        "route_id": "IH0020-XG"
      },
      "geometry": {
        "type": "Point",
        "coordinates": [
          -97.170565,
          32.67596
        ]
      }
    },
    {
      "type": "Feature",
      "properties": {
        "road": "IH-20",
        "aadt": 5059,
        "year": 2023,
        "location": "IH-20, Arlington TX",
        "tier": "local",
        "route_id": "1599253729"
      },
      "geometry": {
        "type": "Point",
        "coordinates": [
          -97.13388,
          32.676749
        ]
      }
    },
    {
      "type": "Feature",
      "properties": {
        "road": "CS-251060",
        "aadt": 5010,
        "year": 2023,
        "location": "CS-251060, Arlington TX",
        "tier": "local",
        "route_id": "251060"
      },
      "geometry": {
        "type": "Point",
        "coordinates": [
          -97.049395,
          32.779132
        ]
      }
    },
    {
      "type": "Feature",
      "properties": {
        "road": "CS-250471",
        "aadt": 4984,
        "year": 2023,
        "location": "CS-250471, Arlington TX",
        "tier": "local",
        "route_id": "250471"
      },
      "geometry": {
        "type": "Point",
        "coordinates": [
          -97.107119,
          32.735597
        ]
      }
    },
    {
      "type": "Feature",
      "properties": {
        "road": "IH-20",
        "aadt": 4974,
        "year": 2023,
        "location": "IH-20, Arlington TX",
        "tier": "local",
        "route_id": "1599255380"
      },
      "geometry": {
        "type": "Point",
        "coordinates": [
          -97.063817,
          32.676507
        ]
      }
    },
    {
      "type": "Feature",
      "properties": {
        "road": "CS-250545",
        "aadt": 4919,
        "year": 2023,
        "location": "CS-250545, Arlington TX",
        "tier": "local",
        "route_id": "250545"
      },
      "geometry": {
        "type": "Point",
        "coordinates": [
          -97.155898,
          32.728199
        ]
      }
    },
    {
      "type": "Feature",
      "properties": {
        "road": "CS-250471",
        "aadt": 4895,
        "year": 2023,
        "location": "CS-250471, Arlington TX",
        "tier": "local",
        "route_id": "250471"
      },
      "geometry": {
        "type": "Point",
        "coordinates": [
          -97.106359,
          32.726031
        ]
      }
    },
    {
      "type": "Feature",
      "properties": {
        "road": "CS-251090",
        "aadt": 4884,
        "year": 2023,
        "location": "CS-251090, Arlington TX",
        "tier": "local",
        "route_id": "251090"
      },
      "geometry": {
        "type": "Point",
        "coordinates": [
          -97.056208,
          32.804833
        ]
      }
    },
    {
      "type": "Feature",
      "properties": {
        "road": "IH-30",
        "aadt": 4865,
        "year": 2023,
        "location": "IH-30, Arlington TX",
        "tier": "local",
        "route_id": "1599253970"
      },
      "geometry": {
        "type": "Point",
        "coordinates": [
          -97.181357,
          32.760335
        ]
      }
    },
    {
      "type": "Feature",
      "properties": {
        "road": "CS-1010669",
        "aadt": 4849,
        "year": 2023,
        "location": "CS-1010669, Arlington TX",
        "tier": "local",
        "route_id": "1010669"
      },
      "geometry": {
        "type": "Point",
        "coordinates": [
          -97.105409,
          32.746038
        ]
      }
    },
    {
      "type": "Feature",
      "properties": {
        "road": "CS-1008602",
        "aadt": 4808,
        "year": 2023,
        "location": "CS-1008602, Arlington TX",
        "tier": "local",
        "route_id": "1008602"
      },
      "geometry": {
        "type": "Point",
        "coordinates": [
          -97.068744,
          32.70833
        ]
      }
    },
    {
      "type": "Feature",
      "properties": {
        "road": "CS-250277",
        "aadt": 4765,
        "year": 2023,
        "location": "CS-250277, Arlington TX",
        "tier": "local",
        "route_id": "250277"
      },
      "geometry": {
        "type": "Point",
        "coordinates": [
          -97.179309,
          32.699324
        ]
      }
    },
    {
      "type": "Feature",
      "properties": {
        "road": "CS-250614",
        "aadt": 4686,
        "year": 2023,
        "location": "CS-250614, Arlington TX",
        "tier": "local",
        "route_id": "250614"
      },
      "geometry": {
        "type": "Point",
        "coordinates": [
          -97.174897,
          32.700725
        ]
      }
    },
    {
      "type": "Feature",
      "properties": {
        "road": "IH-20",
        "aadt": 4646,
        "year": 2023,
        "location": "IH-20, Arlington TX",
        "tier": "local",
        "route_id": "IH0020-AG"
      },
      "geometry": {
        "type": "Point",
        "coordinates": [
          -97.163735,
          32.674211
        ]
      }
    },
    {
      "type": "Feature",
      "properties": {
        "road": "IH-20",
        "aadt": 4646,
        "year": 2023,
        "location": "IH-20, Arlington TX",
        "tier": "local",
        "route_id": "IH0020-AG"
      },
      "geometry": {
        "type": "Point",
        "coordinates": [
          -97.170004,
          32.674892
        ]
      }
    },
    {
      "type": "Feature",
      "properties": {
        "road": "CS-250562",
        "aadt": 4643,
        "year": 2023,
        "location": "CS-250562, Arlington TX",
        "tier": "local",
        "route_id": "250562"
      },
      "geometry": {
        "type": "Point",
        "coordinates": [
          -97.199133,
          32.695329
        ]
      }
    },
    {
      "type": "Feature",
      "properties": {
        "road": "IH-30",
        "aadt": 4641,
        "year": 2023,
        "location": "IH-30, Arlington TX",
        "tier": "local",
        "route_id": "1599255169"
      },
      "geometry": {
        "type": "Point",
        "coordinates": [
          -97.133097,
          32.759529
        ]
      }
    },
    {
      "type": "Feature",
      "properties": {
        "road": "SH-360",
        "aadt": 4605,
        "year": 2023,
        "location": "SH-360, Arlington TX",
        "tier": "local",
        "route_id": "SH0360-XG"
      },
      "geometry": {
        "type": "Point",
        "coordinates": [
          -97.062152,
          32.748036
        ]
      }
    },
    {
      "type": "Feature",
      "properties": {
        "road": "CS-250532",
        "aadt": 4561,
        "year": 2023,
        "location": "CS-250532, Arlington TX",
        "tier": "local",
        "route_id": "250532"
      },
      "geometry": {
        "type": "Point",
        "coordinates": [
          -97.110052,
          32.727199
        ]
      }
    },
    {
      "type": "Feature",
      "properties": {
        "road": "CS-1506808",
        "aadt": 4411,
        "year": 2023,
        "location": "CS-1506808, Arlington TX",
        "tier": "local",
        "route_id": "1506808"
      },
      "geometry": {
        "type": "Point",
        "coordinates": [
          -97.16339,
          32.634301
        ]
      }
    },
    {
      "type": "Feature",
      "properties": {
        "road": "CS-1009169",
        "aadt": 4406,
        "year": 2023,
        "location": "CS-1009169, Arlington TX",
        "tier": "local",
        "route_id": "1009169"
      },
      "geometry": {
        "type": "Point",
        "coordinates": [
          -97.07325,
          32.752495
        ]
      }
    },
    {
      "type": "Feature",
      "properties": {
        "road": "CS-250288",
        "aadt": 4389,
        "year": 2023,
        "location": "CS-250288, Arlington TX",
        "tier": "local",
        "route_id": "250288"
      },
      "geometry": {
        "type": "Point",
        "coordinates": [
          -97.145356,
          32.692275
        ]
      }
    },
    {
      "type": "Feature",
      "properties": {
        "road": "IH-30",
        "aadt": 4389,
        "year": 2023,
        "location": "IH-30, Arlington TX",
        "tier": "local",
        "route_id": "IH0030-YG"
      },
      "geometry": {
        "type": "Point",
        "coordinates": [
          -97.076296,
          32.760121
        ]
      }
    },
    {
      "type": "Feature",
      "properties": {
        "road": "IH-30",
        "aadt": 4389,
        "year": 2023,
        "location": "IH-30, Arlington TX",
        "tier": "local",
        "route_id": "IH0030-XG"
      },
      "geometry": {
        "type": "Point",
        "coordinates": [
          -97.073298,
          32.760227
        ]
      }
    },
    {
      "type": "Feature",
      "properties": {
        "road": "IH-30",
        "aadt": 4389,
        "year": 2023,
        "location": "IH-30, Arlington TX",
        "tier": "local",
        "route_id": "2000033423"
      },
      "geometry": {
        "type": "Point",
        "coordinates": [
          -97.051516,
          32.759983
        ]
      }
    },
    {
      "type": "Feature",
      "properties": {
        "road": "CS-250594",
        "aadt": 4381,
        "year": 2023,
        "location": "CS-250594, Arlington TX",
        "tier": "local",
        "route_id": "250594"
      },
      "geometry": {
        "type": "Point",
        "coordinates": [
          -97.057169,
          32.724878
        ]
      }
    },
    {
      "type": "Feature",
      "properties": {
        "road": "CS-251039",
        "aadt": 4334,
        "year": 2023,
        "location": "CS-251039, Arlington TX",
        "tier": "local",
        "route_id": "251039"
      },
      "geometry": {
        "type": "Point",
        "coordinates": [
          -97.056086,
          32.765764
        ]
      }
    },
    {
      "type": "Feature",
      "properties": {
        "road": "CS-250443",
        "aadt": 4261,
        "year": 2023,
        "location": "CS-250443, Arlington TX",
        "tier": "local",
        "route_id": "250443"
      },
      "geometry": {
        "type": "Point",
        "coordinates": [
          -97.151764,
          32.746326
        ]
      }
    },
    {
      "type": "Feature",
      "properties": {
        "road": "CS-250457",
        "aadt": 4255,
        "year": 2023,
        "location": "CS-250457, Arlington TX",
        "tier": "local",
        "route_id": "250457"
      },
      "geometry": {
        "type": "Point",
        "coordinates": [
          -97.085401,
          32.708805
        ]
      }
    },
    {
      "type": "Feature",
      "properties": {
        "road": "SH-360",
        "aadt": 4241,
        "year": 2023,
        "location": "SH-360, Arlington TX",
        "tier": "local",
        "route_id": "SH0360-XG"
      },
      "geometry": {
        "type": "Point",
        "coordinates": [
          -97.06185,
          32.692993
        ]
      }
    },
    {
      "type": "Feature",
      "properties": {
        "road": "CS-250497",
        "aadt": 4204,
        "year": 2023,
        "location": "CS-250497, Arlington TX",
        "tier": "local",
        "route_id": "250497"
      },
      "geometry": {
        "type": "Point",
        "coordinates": [
          -97.123324,
          32.708964
        ]
      }
    },
    {
      "type": "Feature",
      "properties": {
        "road": "CS-250007",
        "aadt": 4200,
        "year": 2023,
        "location": "CS-250007, Arlington TX",
        "tier": "local",
        "route_id": "250007"
      },
      "geometry": {
        "type": "Point",
        "coordinates": [
          -97.171635,
          32.657471
        ]
      }
    },
    {
      "type": "Feature",
      "properties": {
        "road": "CS-113378",
        "aadt": 4200,
        "year": 2023,
        "location": "CS-113378, Arlington TX",
        "tier": "local",
        "route_id": "113378"
      },
      "geometry": {
        "type": "Point",
        "coordinates": [
          -97.071985,
          32.705111
        ]
      }
    },
    {
      "type": "Feature",
      "properties": {
        "road": "CS-250420",
        "aadt": 4191,
        "year": 2023,
        "location": "CS-250420, Arlington TX",
        "tier": "local",
        "route_id": "250420"
      },
      "geometry": {
        "type": "Point",
        "coordinates": [
          -97.05425,
          32.756553
        ]
      }
    },
    {
      "type": "Feature",
      "properties": {
        "road": "CS-251550",
        "aadt": 4122,
        "year": 2023,
        "location": "CS-251550, Arlington TX",
        "tier": "local",
        "route_id": "251550"
      },
      "geometry": {
        "type": "Point",
        "coordinates": [
          -97.198567,
          32.7545
        ]
      }
    },
    {
      "type": "Feature",
      "properties": {
        "road": "CS-250455",
        "aadt": 4112,
        "year": 2023,
        "location": "CS-250455, Arlington TX",
        "tier": "local",
        "route_id": "250455"
      },
      "geometry": {
        "type": "Point",
        "coordinates": [
          -97.10018,
          32.775442
        ]
      }
    },
    {
      "type": "Feature",
      "properties": {
        "road": "CS-250594",
        "aadt": 4104,
        "year": 2023,
        "location": "CS-250594, Arlington TX",
        "tier": "local",
        "route_id": "250594"
      },
      "geometry": {
        "type": "Point",
        "coordinates": [
          -97.057206,
          32.720733
        ]
      }
    },
    {
      "type": "Feature",
      "properties": {
        "road": "SH-360",
        "aadt": 4090,
        "year": 2023,
        "location": "SH-360, Arlington TX",
        "tier": "local",
        "route_id": "SH0360-AG"
      },
      "geometry": {
        "type": "Point",
        "coordinates": [
          -97.063466,
          32.704629
        ]
      }
    },
    {
      "type": "Feature",
      "properties": {
        "road": "CS-250614",
        "aadt": 4026,
        "year": 2023,
        "location": "CS-250614, Arlington TX",
        "tier": "local",
        "route_id": "250614"
      },
      "geometry": {
        "type": "Point",
        "coordinates": [
          -97.178612,
          32.715221
        ]
      }
    },
    {
      "type": "Feature",
      "properties": {
        "road": "CS-1008602",
        "aadt": 3926,
        "year": 2023,
        "location": "CS-1008602, Arlington TX",
        "tier": "local",
        "route_id": "1008602"
      },
      "geometry": {
        "type": "Point",
        "coordinates": [
          -97.067505,
          32.715826
        ]
      }
    },
    {
      "type": "Feature",
      "properties": {
        "road": "CS-1010357",
        "aadt": 3816,
        "year": 2023,
        "location": "CS-1010357, Arlington TX",
        "tier": "local",
        "route_id": "1010357"
      },
      "geometry": {
        "type": "Point",
        "coordinates": [
          -97.159951,
          32.725934
        ]
      }
    },
    {
      "type": "Feature",
      "properties": {
        "road": "CS-1010390",
        "aadt": 3816,
        "year": 2023,
        "location": "CS-1010390, Arlington TX",
        "tier": "local",
        "route_id": "1010390"
      },
      "geometry": {
        "type": "Point",
        "coordinates": [
          -97.13644,
          32.664464
        ]
      }
    },
    {
      "type": "Feature",
      "properties": {
        "road": "CS-250554",
        "aadt": 3795,
        "year": 2023,
        "location": "CS-250554, Arlington TX",
        "tier": "local",
        "route_id": "250554"
      },
      "geometry": {
        "type": "Point",
        "coordinates": [
          -97.167034,
          32.643145
        ]
      }
    },
    {
      "type": "Feature",
      "properties": {
        "road": "CS-250527",
        "aadt": 3682,
        "year": 2023,
        "location": "CS-250527, Arlington TX",
        "tier": "local",
        "route_id": "250527"
      },
      "geometry": {
        "type": "Point",
        "coordinates": [
          -97.127995,
          32.695449
        ]
      }
    },
    {
      "type": "Feature",
      "properties": {
        "road": "CS-251550",
        "aadt": 3677,
        "year": 2023,
        "location": "CS-251550, Arlington TX",
        "tier": "local",
        "route_id": "251550"
      },
      "geometry": {
        "type": "Point",
        "coordinates": [
          -97.198479,
          32.757998
        ]
      }
    },
    {
      "type": "Feature",
      "properties": {
        "road": "CS-251549",
        "aadt": 3677,
        "year": 2023,
        "location": "CS-251549, Arlington TX",
        "tier": "local",
        "route_id": "251549"
      },
      "geometry": {
        "type": "Point",
        "coordinates": [
          -97.196079,
          32.762183
        ]
      }
    },
    {
      "type": "Feature",
      "properties": {
        "road": "CS-250492",
        "aadt": 3664,
        "year": 2023,
        "location": "CS-250492, Arlington TX",
        "tier": "local",
        "route_id": "250492"
      },
      "geometry": {
        "type": "Point",
        "coordinates": [
          -97.122994,
          32.779108
        ]
      }
    },
    {
      "type": "Feature",
      "properties": {
        "road": "CS-250627",
        "aadt": 3635,
        "year": 2023,
        "location": "CS-250627, Arlington TX",
        "tier": "local",
        "route_id": "250627"
      },
      "geometry": {
        "type": "Point",
        "coordinates": [
          -97.105766,
          32.660189
        ]
      }
    },
    {
      "type": "Feature",
      "properties": {
        "road": "CS-1010842",
        "aadt": 3622,
        "year": 2023,
        "location": "CS-1010842, Arlington TX",
        "tier": "local",
        "route_id": "1010842"
      },
      "geometry": {
        "type": "Point",
        "coordinates": [
          -97.059633,
          32.73571
        ]
      }
    },
    {
      "type": "Feature",
      "properties": {
        "road": "CS-250535",
        "aadt": 3615,
        "year": 2023,
        "location": "CS-250535, Arlington TX",
        "tier": "local",
        "route_id": "250535"
      },
      "geometry": {
        "type": "Point",
        "coordinates": [
          -97.101346,
          32.653433
        ]
      }
    },
    {
      "type": "Feature",
      "properties": {
        "road": "CS-1264315",
        "aadt": 3615,
        "year": 2023,
        "location": "CS-1264315, Arlington TX",
        "tier": "local",
        "route_id": "1264315"
      },
      "geometry": {
        "type": "Point",
        "coordinates": [
          -97.111862,
          32.653381
        ]
      }
    },
    {
      "type": "Feature",
      "properties": {
        "road": "CS-113378",
        "aadt": 3592,
        "year": 2023,
        "location": "CS-113378, Arlington TX",
        "tier": "local",
        "route_id": "113378"
      },
      "geometry": {
        "type": "Point",
        "coordinates": [
          -97.071776,
          32.71095
        ]
      }
    },
    {
      "type": "Feature",
      "properties": {
        "road": "CS-250503",
        "aadt": 3535,
        "year": 2023,
        "location": "CS-250503, Arlington TX",
        "tier": "local",
        "route_id": "250503"
      },
      "geometry": {
        "type": "Point",
        "coordinates": [
          -97.171872,
          32.634404
        ]
      }
    },
    {
      "type": "Feature",
      "properties": {
        "road": "CS-251267",
        "aadt": 3530,
        "year": 2023,
        "location": "CS-251267, Arlington TX",
        "tier": "local",
        "route_id": "251267"
      },
      "geometry": {
        "type": "Point",
        "coordinates": [
          -97.182519,
          32.742883
        ]
      }
    },
    {
      "type": "Feature",
      "properties": {
        "road": "CS-250547",
        "aadt": 3528,
        "year": 2023,
        "location": "CS-250547, Arlington TX",
        "tier": "local",
        "route_id": "250547"
      },
      "geometry": {
        "type": "Point",
        "coordinates": [
          -97.140526,
          32.739925
        ]
      }
    },
    {
      "type": "Feature",
      "properties": {
        "road": "US-287",
        "aadt": 3528,
        "year": 2023,
        "location": "US-287, Arlington TX",
        "tier": "local",
        "route_id": "US0287-AG"
      },
      "geometry": {
        "type": "Point",
        "coordinates": [
          -97.171361,
          32.625302
        ]
      }
    },
    {
      "type": "Feature",
      "properties": {
        "road": "CS-251046",
        "aadt": 3513,
        "year": 2023,
        "location": "CS-251046, Arlington TX",
        "tier": "local",
        "route_id": "251046"
      },
      "geometry": {
        "type": "Point",
        "coordinates": [
          -97.053164,
          32.666256
        ]
      }
    },
    {
      "type": "Feature",
      "properties": {
        "road": "CS-250530",
        "aadt": 3478,
        "year": 2023,
        "location": "CS-250530, Arlington TX",
        "tier": "local",
        "route_id": "250530"
      },
      "geometry": {
        "type": "Point",
        "coordinates": [
          -97.061854,
          32.72585
        ]
      }
    },
    {
      "type": "Feature",
      "properties": {
        "road": "CS-290667",
        "aadt": 3455,
        "year": 2023,
        "location": "CS-290667, Arlington TX",
        "tier": "local",
        "route_id": "290667"
      },
      "geometry": {
        "type": "Point",
        "coordinates": [
          -97.090228,
          32.74544
        ]
      }
    },
    {
      "type": "Feature",
      "properties": {
        "road": "CS-1012205",
        "aadt": 3432,
        "year": 2023,
        "location": "CS-1012205, Arlington TX",
        "tier": "local",
        "route_id": "1012205"
      },
      "geometry": {
        "type": "Point",
        "coordinates": [
          -97.115988,
          32.734051
        ]
      }
    },
    {
      "type": "Feature",
      "properties": {
        "road": "CS-250460",
        "aadt": 3404,
        "year": 2023,
        "location": "CS-250460, Arlington TX",
        "tier": "local",
        "route_id": "250460"
      },
      "geometry": {
        "type": "Point",
        "coordinates": [
          -97.06351,
          32.779023
        ]
      }
    },
    {
      "type": "Feature",
      "properties": {
        "road": "CS-251060",
        "aadt": 3404,
        "year": 2023,
        "location": "CS-251060, Arlington TX",
        "tier": "local",
        "route_id": "251060"
      },
      "geometry": {
        "type": "Point",
        "coordinates": [
          -97.061591,
          32.77902
        ]
      }
    },
    {
      "type": "Feature",
      "properties": {
        "road": "CS-1506808",
        "aadt": 3345,
        "year": 2023,
        "location": "CS-1506808, Arlington TX",
        "tier": "local",
        "route_id": "1506808"
      },
      "geometry": {
        "type": "Point",
        "coordinates": [
          -97.157764,
          32.634273
        ]
      }
    },
    {
      "type": "Feature",
      "properties": {
        "road": "CS-250462",
        "aadt": 3345,
        "year": 2023,
        "location": "CS-250462, Arlington TX",
        "tier": "local",
        "route_id": "250462"
      },
      "geometry": {
        "type": "Point",
        "coordinates": [
          -97.153989,
          32.626227
        ]
      }
    },
    {
      "type": "Feature",
      "properties": {
        "road": "CS-1141083",
        "aadt": 3317,
        "year": 2023,
        "location": "CS-1141083, Arlington TX",
        "tier": "local",
        "route_id": "1141083"
      },
      "geometry": {
        "type": "Point",
        "coordinates": [
          -97.200248,
          32.660437
        ]
      }
    },
    {
      "type": "Feature",
      "properties": {
        "road": "CS-1315208",
        "aadt": 3317,
        "year": 2023,
        "location": "CS-1315208, Arlington TX",
        "tier": "local",
        "route_id": "1315208"
      },
      "geometry": {
        "type": "Point",
        "coordinates": [
          -97.197797,
          32.651682
        ]
      }
    },
    {
      "type": "Feature",
      "properties": {
        "road": "CS-250536",
        "aadt": 3314,
        "year": 2023,
        "location": "CS-250536, Arlington TX",
        "tier": "local",
        "route_id": "250536"
      },
      "geometry": {
        "type": "Point",
        "coordinates": [
          -97.123015,
          32.655295
        ]
      }
    },
    {
      "type": "Feature",
      "properties": {
        "road": "CS-250489",
        "aadt": 3296,
        "year": 2023,
        "location": "CS-250489, Arlington TX",
        "tier": "local",
        "route_id": "250489"
      },
      "geometry": {
        "type": "Point",
        "coordinates": [
          -97.089475,
          32.707391
        ]
      }
    },
    {
      "type": "Feature",
      "properties": {
        "road": "CS-250634",
        "aadt": 3225,
        "year": 2023,
        "location": "CS-250634, Arlington TX",
        "tier": "local",
        "route_id": "250634"
      },
      "geometry": {
        "type": "Point",
        "coordinates": [
          -97.125584,
          32.644948
        ]
      }
    },
    {
      "type": "Feature",
      "properties": {
        "road": "CS-296563",
        "aadt": 3145,
        "year": 2023,
        "location": "CS-296563, Arlington TX",
        "tier": "local",
        "route_id": "296563"
      },
      "geometry": {
        "type": "Point",
        "coordinates": [
          -97.062652,
          32.639176
        ]
      }
    },
    {
      "type": "Feature",
      "properties": {
        "road": "CS-250611",
        "aadt": 3133,
        "year": 2023,
        "location": "CS-250611, Arlington TX",
        "tier": "local",
        "route_id": "250611"
      },
      "geometry": {
        "type": "Point",
        "coordinates": [
          -97.123233,
          32.66302
        ]
      }
    },
    {
      "type": "Feature",
      "properties": {
        "road": "CS-1010842",
        "aadt": 3086,
        "year": 2023,
        "location": "CS-1010842, Arlington TX",
        "tier": "local",
        "route_id": "1010842"
      },
      "geometry": {
        "type": "Point",
        "coordinates": [
          -97.059019,
          32.733618
        ]
      }
    },
    {
      "type": "Feature",
      "properties": {
        "road": "CS-1109080",
        "aadt": 3086,
        "year": 2023,
        "location": "CS-1109080, Arlington TX",
        "tier": "local",
        "route_id": "1109080"
      },
      "geometry": {
        "type": "Point",
        "coordinates": [
          -97.053967,
          32.731968
        ]
      }
    },
    {
      "type": "Feature",
      "properties": {
        "road": "CS-250263",
        "aadt": 3081,
        "year": 2023,
        "location": "CS-250263, Arlington TX",
        "tier": "local",
        "route_id": "250263"
      },
      "geometry": {
        "type": "Point",
        "coordinates": [
          -97.137665,
          32.765766
        ]
      }
    },
    {
      "type": "Feature",
      "properties": {
        "road": "IH-20",
        "aadt": 3046,
        "year": 2023,
        "location": "IH-20, Arlington TX",
        "tier": "local",
        "route_id": "IH0020-XG"
      },
      "geometry": {
        "type": "Point",
        "coordinates": [
          -97.045001,
          32.677771
        ]
      }
    },
    {
      "type": "Feature",
      "properties": {
        "road": "SH-360",
        "aadt": 3033,
        "year": 2023,
        "location": "SH-360, Arlington TX",
        "tier": "local",
        "route_id": "12711"
      },
      "geometry": {
        "type": "Point",
        "coordinates": [
          -97.064382,
          32.711403
        ]
      }
    },
    {
      "type": "Feature",
      "properties": {
        "road": "IH-20",
        "aadt": 3010,
        "year": 2023,
        "location": "IH-20, Arlington TX",
        "tier": "local",
        "route_id": "IH0020-AG"
      },
      "geometry": {
        "type": "Point",
        "coordinates": [
          -97.13836,
          32.674383
        ]
      }
    }
  ]
}