{"type": "FeatureCollection", "features": [{"type": "Feature", "geometry": {"type": "Point", "coordinates": [-82.54884722, 34.96337778]}, "properties": {"fatals": 2, "county": "PICKENS (77)", "road": "SR-186 EARLS BRIDGE RD", "month": "January", "hour": "0", "weather": "Rain", "light": "Dark - Not Lighted", "manner": "The First Harmful Event was Not a Collision with a Motor Vehicle in Transport"}}, {"type": "Feature", "geometry": {"type": "Point", "coordinates": [-80.17536944, 33.61632778]}, "properties": {"fatals": 1, "county": "CLARENDON (27)", "road": "SR-466 CECIL RD", "month": "January", "hour": "16", "weather": "Clear", "light": "Daylight", "manner": "The First Harmful Event was Not a Collision with a Motor Vehicle in Transport"}}, {"type": "Feature", "geometry": {"type": "Point", "coordinates": [-82.48158056, 34.64191944]}, "properties": {"fatals": 1, "county": "ANDERSON (7)", "road": "SR-54 PALMETTO RD", "month": "January", "hour": "8", "weather": "Rain", "light": "Daylight", "manner": "The First Harmful Event was Not a Collision with a Motor Vehicle in Transport"}}, {"type": "Feature", "geometry": {"type": "Point", "coordinates": [-82.99855278, 34.77704444]}, "properties": {"fatals": 1, "county": "OCONEE (73)", "road": "SR-46 EBENEZER RD", "month": "January", "hour": "11", "weather": "Rain", "light": "Daylight", "manner": "The First Harmful Event was Not a Collision with a Motor Vehicle in Transport"}}, {"type": "Feature", "geometry": {"type": "Point", "coordinates": [-80.90376944, 33.94298056]}, "properties": {"fatals": 1, "county": "RICHLAND (79)", "road": "SR-222 OLD HOPKINS RD", "month": "January", "hour": "5", "weather": "Rain", "light": "Dark - Not Lighted", "manner": "The First Harmful Event was Not a Collision with a Motor Vehicle in Transport"}}, {"type": "Feature", "geometry": {"type": "Point", "coordinates": [-81.57670833, 35.11749167]}, "properties": {"fatals": 1, "county": "CHEROKEE (21)", "road": "I-85", "month": "January", "hour": "16", "weather": "Clear", "light": "Daylight", "manner": "Front-to-Rear"}}, {"type": "Feature", "geometry": {"type": "Point", "coordinates": [-82.31519722, 34.52560278]}, "properties": {"fatals": 1, "county": "GREENVILLE (45)", "road": "US-25 AUGUSTA RD", "month": "January", "hour": "20", "weather": "Clear", "light": "Dark - Not Lighted", "manner": "The First Harmful Event was Not a Collision with a Motor Vehicle in Transport"}}, {"type": "Feature", "geometry": {"type": "Point", "coordinates": [-80.28261944, 33.12393889]}, "properties": {"fatals": 1, "county": "BERKELEY (15)", "road": "I-26", "month": "January", "hour": "20", "weather": "Clear", "light": "Dark - Not Lighted", "manner": "Front-to-Rear"}}, {"type": "Feature", "geometry": {"type": "Point", "coordinates": [-79.31473333, 34.08279167]}, "properties": {"fatals": 1, "county": "MARION (67)", "road": "US-501 S HWY 501", "month": "January", "hour": "0", "weather": "Clear", "light": "Dark - Not Lighted", "manner": "The First Harmful Event was Not a Collision with a Motor Vehicle in Transport"}}, {"type": "Feature", "geometry": {"type": "Point", "coordinates": [-80.89215833, 34.57106944]}, "properties": {"fatals": 1, "county": "CHESTER (23)", "road": "SR-2 DEARBORN STREET", "month": "January", "hour": "14", "weather": "Clear", "light": "Daylight", "manner": "The First Harmful Event was Not a Collision with a Motor Vehicle in Transport"}}, {"type": "Feature", "geometry": {"type": "Point", "coordinates": [-81.99494444, 34.20770556]}, "properties": {"fatals": 1, "county": "GREENWOOD (47)", "road": "SR-702 HWY 702", "month": "January", "hour": "4", "weather": "Clear", "light": "Dark - Not Lighted", "manner": "The First Harmful Event was Not a Collision with a Motor Vehicle in Transport"}}, {"type": "Feature", "geometry": {"type": "Point", "coordinates": [-82.03001944, 33.61851667]}, "properties": {"fatals": 1, "county": "EDGEFIELD (37)", "road": "SR-230 MARTINTOWN RD", "month": "January", "hour": "16", "weather": "Clear", "light": "Daylight", "manner": "The First Harmful Event was Not a Collision with a Motor Vehicle in Transport"}}, {"type": "Feature", "geometry": {"type": "Point", "coordinates": [-82.70088056, 34.24091111]}, "properties": {"fatals": 1, "county": "ANDERSON (7)", "road": "CR-GREGG SHOALS RD", "month": "January", "hour": "22", "weather": "Clear", "light": "Dark - Not Lighted", "manner": "The First Harmful Event was Not a Collision with a Motor Vehicle in Transport"}}, {"type": "Feature", "geometry": {"type": "Point", "coordinates": [-82.43103333, 34.61599722]}, "properties": {"fatals": 1, "county": "GREENVILLE (45)", "road": "SR-52 HOLLAND FORD RD", "month": "January", "hour": "0", "weather": "Clear", "light": "Dark - Unknown Lighting", "manner": "The First Harmful Event was Not a Collision with a Motor Vehicle in Transport"}}, {"type": "Feature", "geometry": {"type": "Point", "coordinates": [-81.84319722, 33.72619167]}, "properties": {"fatals": 1, "county": "EDGEFIELD (37)", "road": "SR-19 HWY 19", "month": "January", "hour": "13", "weather": "Clear", "light": "Daylight", "manner": "Angle"}}, {"type": "Feature", "geometry": {"type": "Point", "coordinates": [-80.89801944, 32.42218333]}, "properties": {"fatals": 1, "county": "JASPER (53)", "road": "SR-462 LOW COUNTRY DRIVE", "month": "January", "hour": "6", "weather": "Clear", "light": "Dawn", "manner": "Front-to-Front"}}, {"type": "Feature", "geometry": {"type": "Point", "coordinates": [-82.30133333, 34.92661944]}, "properties": {"fatals": 1, "county": "GREENVILLE (45)", "road": "US-29 WADE HAMPTON BLVD", "month": "January", "hour": "15", "weather": "Clear", "light": "Daylight", "manner": "Angle"}}, {"type": "Feature", "geometry": {"type": "Point", "coordinates": [-79.11760278, 33.69098611]}, "properties": {"fatals": 1, "county": "HORRY (51)", "road": "US-701", "month": "January", "hour": "17", "weather": "Clear", "light": "Daylight", "manner": "Front-to-Front"}}, {"type": "Feature", "geometry": {"type": "Point", "coordinates": [-82.07686944, 34.50481111]}, "properties": {"fatals": 1, "county": "LAURENS (59)", "road": "US-76 W MAIN STREET", "month": "January", "hour": "21", "weather": "Clear", "light": "Dark - Not Lighted", "manner": "Front-to-Front"}}, {"type": "Feature", "geometry": {"type": "Point", "coordinates": [-80.04852222, 34.26383611]}, "properties": {"fatals": 1, "county": "DARLINGTON (31)", "road": "SR-19 E SEVEN PINES STREET", "month": "January", "hour": "8", "weather": "Clear", "light": "Daylight", "manner": "The First Harmful Event was Not a Collision with a Motor Vehicle in Transport"}}, {"type": "Feature", "geometry": {"type": "Point", "coordinates": [-80.39984722, 33.89724722]}, "properties": {"fatals": 1, "county": "SUMTER (85)", "road": "SR-33 MCCRAYS MILL RD", "month": "January", "hour": "0", "weather": "Clear", "light": "Dark - Not Lighted", "manner": "The First Harmful Event was Not a Collision with a Motor Vehicle in Transport"}}, {"type": "Feature", "geometry": {"type": "Point", "coordinates": [-82.38841111, 34.57685556]}, "properties": {"fatals": 1, "county": "GREENVILLE (45)", "road": "SR-52 HOLIDAY DAM RD", "month": "January", "hour": "15", "weather": "Clear", "light": "Daylight", "manner": "The First Harmful Event was Not a Collision with a Motor Vehicle in Transport"}}, {"type": "Feature", "geometry": {"type": "Point", "coordinates": [-80.92919444, 32.57840278]}, "properties": {"fatals": 1, "county": "JASPER (53)", "road": "I-95", "month": "January", "hour": "20", "weather": "Clear", "light": "Dark - Not Lighted", "manner": "The First Harmful Event was Not a Collision with a Motor Vehicle in Transport"}}, {"type": "Feature", "geometry": {"type": "Point", "coordinates": [-82.78079722, 34.85930278]}, "properties": {"fatals": 1, "county": "PICKENS (77)", "road": "SR-183 WALHALLA HWY", "month": "January", "hour": "12", "weather": "Clear", "light": "Daylight", "manner": "Front-to-Front"}}, {"type": "Feature", "geometry": {"type": "Point", "coordinates": [-81.00184444, 34.31056944]}, "properties": {"fatals": 1, "county": "FAIRFIELD (39)", "road": "I-77", "month": "January", "hour": "5", "weather": "Clear", "light": "Dark - Not Lighted", "manner": "The First Harmful Event was Not a Collision with a Motor Vehicle in Transport"}}, {"type": "Feature", "geometry": {"type": "Point", "coordinates": [-82.03531389, 35.02683056]}, "properties": {"fatals": 1, "county": "SPARTANBURG (83)", "road": "I-26", "month": "January", "hour": "15", "weather": "Clear", "light": "Daylight", "manner": "Angle"}}, {"type": "Feature", "geometry": {"type": "Point", "coordinates": [-80.94280556, 35.07955556]}, "properties": {"fatals": 1, "county": "YORK (91)", "road": "I-77", "month": "January", "hour": "16", "weather": "Clear", "light": "Daylight", "manner": "Front-to-Rear"}}, {"type": "Feature", "geometry": {"type": "Point", "coordinates": [-80.89986389, 33.92708333]}, "properties": {"fatals": 1, "county": "RICHLAND (79)", "road": "SR-222 OLD HOPKINS RD", "month": "January", "hour": "6", "weather": "Clear", "light": "Dark - Unknown Lighting", "manner": "The First Harmful Event was Not a Collision with a Motor Vehicle in Transport"}}, {"type": "Feature", "geometry": {"type": "Point", "coordinates": [-78.75905833, 33.84923611]}, "properties": {"fatals": 1, "county": "HORRY (51)", "road": "SR-1173 BOMBING RANGE RD", "month": "January", "hour": "3", "weather": "Clear", "light": "Dark - Not Lighted", "manner": "The First Harmful Event was Not a Collision with a Motor Vehicle in Transport"}}, {"type": "Feature", "geometry": {"type": "Point", "coordinates": [-80.70989722, 34.62452222]}, "properties": {"fatals": 1, "county": "LANCASTER (57)", "road": "SR-619 COLDSTREAM RD", "month": "January", "hour": "22", "weather": "Clear", "light": "Dark - Not Lighted", "manner": "The First Harmful Event was Not a Collision with a Motor Vehicle in Transport"}}, {"type": "Feature", "geometry": {"type": "Point", "coordinates": [-82.46246111, 34.58443889]}, "properties": {"fatals": 1, "county": "ANDERSON (7)", "road": "SR-54 BIG CREEK RD", "month": "January", "hour": "19", "weather": "Clear", "light": "Dark - Not Lighted", "manner": "Angle"}}, {"type": "Feature", "geometry": {"type": "Point", "coordinates": [-81.55068333, 35.07100556]}, "properties": {"fatals": 1, "county": "CHEROKEE (21)", "road": "SR-30 CHEROKEE FALLS RD", "month": "January", "hour": "2", "weather": "Snow", "light": "Dark - Not Lighted", "manner": "The First Harmful Event was Not a Collision with a Motor Vehicle in Transport"}}, {"type": "Feature", "geometry": {"type": "Point", "coordinates": [-80.88453056, 32.24028889]}, "properties": {"fatals": 1, "county": "BEAUFORT (13)", "road": "SR-46 MAY RIVER RD", "month": "January", "hour": "21", "weather": "Clear", "light": "Dark - Not Lighted", "manner": "The First Harmful Event was Not a Collision with a Motor Vehicle in Transport"}}, {"type": "Feature", "geometry": {"type": "Point", "coordinates": [-80.01181944, 32.89988889]}, "properties": {"fatals": 1, "county": "CHARLESTON (19)", "road": "SR-13 REMOUNT RD", "month": "January", "hour": "4", "weather": "Rain", "light": "Dark - Lighted", "manner": "The First Harmful Event was Not a Collision with a Motor Vehicle in Transport"}}, {"type": "Feature", "geometry": {"type": "Point", "coordinates": [-80.61234167, 33.25589444]}, "properties": {"fatals": 1, "county": "DORCHESTER (35)", "road": "SR-16 ST MARK BOWMAN RD", "month": "January", "hour": "3", "weather": "Rain", "light": "Dark - Not Lighted", "manner": "The First Harmful Event was Not a Collision with a Motor Vehicle in Transport"}}, {"type": "Feature", "geometry": {"type": "Point", "coordinates": [-80.89513056, 34.11188056]}, "properties": {"fatals": 1, "county": "RICHLAND (79)", "road": "US-1 TWO NOTCH RD", "month": "January", "hour": "21", "weather": "Not Reported", "light": "Dark - Unknown Lighting", "manner": "Angle"}}, {"type": "Feature", "geometry": {"type": "Point", "coordinates": [-80.35681944, 33.79521111]}, "properties": {"fatals": 1, "county": "SUMTER (85)", "road": "US-15 HWY 15", "month": "January", "hour": "19", "weather": "Clear", "light": "Dark - Not Lighted", "manner": "Front-to-Rear"}}, {"type": "Feature", "geometry": {"type": "Point", "coordinates": [-83.01631111, 34.68161111]}, "properties": {"fatals": 1, "county": "OCONEE (73)", "road": "SR-13 RICHLAND RD", "month": "January", "hour": "16", "weather": "Clear", "light": "Dusk", "manner": "Front-to-Front"}}, {"type": "Feature", "geometry": {"type": "Point", "coordinates": [-79.75188333, 34.02183611]}, "properties": {"fatals": 1, "county": "FLORENCE (41)", "road": "US-52 HWY 52", "month": "January", "hour": "18", "weather": "Rain", "light": "Dark - Not Lighted", "manner": "Front-to-Front"}}, {"type": "Feature", "geometry": {"type": "Point", "coordinates": [-82.13504444, 34.19620556]}, "properties": {"fatals": 1, "county": "GREENWOOD (47)", "road": "US-25 US 25 BYPASS", "month": "January", "hour": "23", "weather": "Clear", "light": "Dark - Lighted", "manner": "Angle"}}, {"type": "Feature", "geometry": {"type": "Point", "coordinates": [-80.05563889, 32.93215]}, "properties": {"fatals": 1, "county": "CHARLESTON (19)", "road": "SR-75 ASHLEY PHOSPHTE RD", "month": "January", "hour": "22", "weather": "Clear", "light": "Dark - Unknown Lighting", "manner": "The First Harmful Event was Not a Collision with a Motor Vehicle in Transport"}}, {"type": "Feature", "geometry": {"type": "Point", "coordinates": [-80.59053611, 33.54827222]}, "properties": {"fatals": 1, "county": "ORANGEBURG (75)", "road": "SR-6 OLD NUMBER SIX HWY", "month": "January", "hour": "21", "weather": "Clear", "light": "Dark - Not Lighted", "manner": "The First Harmful Event was Not a Collision with a Motor Vehicle in Transport"}}, {"type": "Feature", "geometry": {"type": "Point", "coordinates": [-80.07628056, 32.97493056]}, "properties": {"fatals": 1, "county": "CHARLESTON (19)", "road": "I-26", "month": "January", "hour": "19", "weather": "Clear", "light": "Dark - Not Lighted", "manner": "Front-to-Rear"}}, {"type": "Feature", "geometry": {"type": "Point", "coordinates": [-81.36754444, 33.75719722]}, "properties": {"fatals": 1, "county": "LEXINGTON (63)", "road": "SR-113 WAGENER HWY", "month": "January", "hour": "3", "weather": "Clear", "light": "Dark - Unknown Lighting", "manner": "The First Harmful Event was Not a Collision with a Motor Vehicle in Transport"}}, {"type": "Feature", "geometry": {"type": "Point", "coordinates": [-82.418425, 35.00941667]}, "properties": {"fatals": 1, "county": "GREENVILLE (45)", "road": "CR- BELVUE RD", "month": "January", "hour": "17", "weather": "Clear", "light": "Daylight", "manner": "The First Harmful Event was Not a Collision with a Motor Vehicle in Transport"}}, {"type": "Feature", "geometry": {"type": "Point", "coordinates": [-82.16586111, 34.72436111]}, "properties": {"fatals": 4, "county": "LAURENS (59)", "road": "SR-418 HWY 418", "month": "January", "hour": "9", "weather": "Clear", "light": "Daylight", "manner": "Front-to-Front"}}, {"type": "Feature", "geometry": {"type": "Point", "coordinates": [-80.45135, 33.95188611]}, "properties": {"fatals": 1, "county": "SUMTER (85)", "road": "SR-40 N SAINT PAULS CHURCH RD", "month": "January", "hour": "15", "weather": "Clear", "light": "Daylight", "manner": "Angle"}}, {"type": "Feature", "geometry": {"type": "Point", "coordinates": [-80.38762778, 34.20525278]}, "properties": {"fatals": 2, "county": "LEE (61)", "road": "I-20", "month": "January", "hour": "22", "weather": "Clear", "light": "Dark - Not Lighted", "manner": "The First Harmful Event was Not a Collision with a Motor Vehicle in Transport"}}, {"type": "Feature", "geometry": {"type": "Point", "coordinates": [-82.25791944, 34.78015556]}, "properties": {"fatals": 1, "county": "GREENVILLE (45)", "road": "SR-14 HWY 14", "month": "January", "hour": "13", "weather": "Clear", "light": "Daylight", "manner": "Front-to-Front"}}, {"type": "Feature", "geometry": {"type": "Point", "coordinates": [-82.39753056, 34.72395278]}, "properties": {"fatals": 1, "county": "GREENVILLE (45)", "road": "I-385", "month": "January", "hour": "17", "weather": "Clear", "light": "Daylight", "manner": "The First Harmful Event was Not a Collision with a Motor Vehicle in Transport"}}, {"type": "Feature", "geometry": {"type": "Point", "coordinates": [-80.34974722, 34.12243611]}, "properties": {"fatals": 2, "county": "LEE (61)", "road": "SR-441 WOODROW STREET", "month": "January", "hour": "17", "weather": "Clear", "light": "Daylight", "manner": "Front-to-Front"}}, {"type": "Feature", "geometry": {"type": "Point", "coordinates": [-80.47017222, 33.95841944]}, "properties": {"fatals": 1, "county": "SUMTER (85)", "road": "SR-1250 MAYFIELD DRIVE", "month": "January", "hour": "22", "weather": "Clear", "light": "Dark - Not Lighted", "manner": "The First Harmful Event was Not a Collision with a Motor Vehicle in Transport"}}, {"type": "Feature", "geometry": {"type": "Point", "coordinates": [-82.21493056, 34.68653889]}, "properties": {"fatals": 1, "county": "GREENVILLE (45)", "road": "I-385", "month": "January", "hour": "20", "weather": "Clear", "light": "Dark - Not Lighted", "manner": "The First Harmful Event was Not a Collision with a Motor Vehicle in Transport"}}, {"type": "Feature", "geometry": {"type": "Point", "coordinates": [-79.76194167, 34.06496389]}, "properties": {"fatals": 1, "county": "FLORENCE (41)", "road": "US-52", "month": "January", "hour": "18", "weather": "Clear", "light": "Dark - Not Lighted", "manner": "Front-to-Front"}}, {"type": "Feature", "geometry": {"type": "Point", "coordinates": [-80.56203333, 34.14901944]}, "properties": {"fatals": 1, "county": "KERSHAW (55)", "road": "US-521 SUMTER HWY", "month": "January", "hour": "20", "weather": "Clear", "light": "Dark - Not Lighted", "manner": "Front-to-Front"}}, {"type": "Feature", "geometry": {"type": "Point", "coordinates": [-79.89717222, 34.28439444]}, "properties": {"fatals": 1, "county": "DARLINGTON (31)", "road": "SR-60 SYRACUSE STREET", "month": "January", "hour": "18", "weather": "Clear", "light": "Dark - Not Lighted", "manner": "The First Harmful Event was Not a Collision with a Motor Vehicle in Transport"}}, {"type": "Feature", "geometry": {"type": "Point", "coordinates": [-81.01116944, 34.05361111]}, "properties": {"fatals": 1, "county": "RICHLAND (79)", "road": "SR-456 KOON RD", "month": "January", "hour": "9", "weather": "Clear", "light": "Daylight", "manner": "The First Harmful Event was Not a Collision with a Motor Vehicle in Transport"}}, {"type": "Feature", "geometry": {"type": "Point", "coordinates": [-78.74646944, 33.81421111]}, "properties": {"fatals": 1, "county": "HORRY (51)", "road": "SR-31 CAROLINA BAYS PKY", "month": "January", "hour": "6", "weather": "Clear", "light": "Dark - Not Lighted", "manner": "The First Harmful Event was Not a Collision with a Motor Vehicle in Transport"}}, {"type": "Feature", "geometry": {"type": "Point", "coordinates": [-82.37263056, 34.80693889]}, "properties": {"fatals": 1, "county": "GREENVILLE (45)", "road": "SR-291 S PLEASANTBURG DR", "month": "January", "hour": "19", "weather": "Clear", "light": "Dark - Lighted", "manner": "The First Harmful Event was Not a Collision with a Motor Vehicle in Transport"}}, {"type": "Feature", "geometry": {"type": "Point", "coordinates": [-81.77143889, 33.56306111]}, "properties": {"fatals": 1, "county": "AIKEN (3)", "road": "US-1 RICHLAND AVE W", "month": "January", "hour": "22", "weather": "Clear", "light": "Dark - Lighted", "manner": "The First Harmful Event was Not a Collision with a Motor Vehicle in Transport"}}, {"type": "Feature", "geometry": {"type": "Point", "coordinates": [-79.62998056, 33.02455278]}, "properties": {"fatals": 1, "county": "CHARLESTON (19)", "road": "US-17", "month": "January", "hour": "18", "weather": "Clear", "light": "Dark - Not Lighted", "manner": "The First Harmful Event was Not a Collision with a Motor Vehicle in Transport"}}, {"type": "Feature", "geometry": {"type": "Point", "coordinates": [-83.01974167, 34.957075]}, "properties": {"fatals": 1, "county": "OCONEE (73)", "road": "SR-130 WHITEWATER FALLS RD", "month": "February", "hour": "19", "weather": "Clear", "light": "Dark - Not Lighted", "manner": "Sideswipe - Opposite Direction"}}, {"type": "Feature", "geometry": {"type": "Point", "coordinates": [-79.81735, 34.19668889]}, "properties": {"fatals": 1, "county": "FLORENCE (41)", "road": "SR-13 HOFFMEYER RD", "month": "February", "hour": "21", "weather": "Clear", "light": "Dark - Lighted", "manner": "The First Harmful Event was Not a Collision with a Motor Vehicle in Transport"}}, {"type": "Feature", "geometry": {"type": "Point", "coordinates": [-81.73854167, 35.01651111]}, "properties": {"fatals": 1, "county": "CHEROKEE (21)", "road": "US-29 OLD GEORGIA HWY", "month": "February", "hour": "10", "weather": "Clear", "light": "Daylight", "manner": "Sideswipe - Same Direction"}}, {"type": "Feature", "geometry": {"type": "Point", "coordinates": [-80.44671111, 34.01233889]}, "properties": {"fatals": 1, "county": "SUMTER (85)", "road": "US-521", "month": "February", "hour": "16", "weather": "Clear", "light": "Daylight", "manner": "Front-to-Rear"}}, {"type": "Feature", "geometry": {"type": "Point", "coordinates": [-82.46115278, 34.80255556]}, "properties": {"fatals": 1, "county": "GREENVILLE (45)", "road": "SR-81 ANDERSON RD", "month": "February", "hour": "7", "weather": "Clear", "light": "Dawn", "manner": "Front-to-Front"}}, {"type": "Feature", "geometry": {"type": "Point", "coordinates": [-80.35412222, 33.94706944]}, "properties": {"fatals": 1, "county": "SUMTER (85)", "road": "US-76 ROBERT E GRAHAM FWY", "month": "February", "hour": "18", "weather": "Clear", "light": "Dark - Not Lighted", "manner": "The First Harmful Event was Not a Collision with a Motor Vehicle in Transport"}}, {"type": "Feature", "geometry": {"type": "Point", "coordinates": [-79.68975556, 34.19663889]}, "properties": {"fatals": 1, "county": "FLORENCE (41)", "road": "US-76 E PALMETTO STREET", "month": "February", "hour": "21", "weather": "Clear", "light": "Dark - Lighted", "manner": "The First Harmful Event was Not a Collision with a Motor Vehicle in Transport"}}, {"type": "Feature", "geometry": {"type": "Point", "coordinates": [-79.94221111, 33.22978056]}, "properties": {"fatals": 2, "county": "BERKELEY (15)", "road": "SR-360 OLD CHERRY HILL RD", "month": "February", "hour": "11", "weather": "Clear", "light": "Daylight", "manner": "The First Harmful Event was Not a Collision with a Motor Vehicle in Transport"}}, {"type": "Feature", "geometry": {"type": "Point", "coordinates": [-80.77668889, 33.52678611]}, "properties": {"fatals": 1, "county": "ORANGEBURG (75)", "road": "SR-33 CAMERON RD", "month": "February", "hour": "17", "weather": "Clear", "light": "Daylight", "manner": "Front-to-Rear"}}, {"type": "Feature", "geometry": {"type": "Point", "coordinates": [-78.88294444, 34.03033889]}, "properties": {"fatals": 1, "county": "HORRY (51)", "road": "SR-31 RED BLUFF RD", "month": "February", "hour": "5", "weather": "Clear", "light": "Dark - Not Lighted", "manner": "The First Harmful Event was Not a Collision with a Motor Vehicle in Transport"}}, {"type": "Feature", "geometry": {"type": "Point", "coordinates": [-79.24582778, 33.52074167]}, "properties": {"fatals": 1, "county": "GEORGETOWN (43)", "road": "US-701 N FRASER ST", "month": "February", "hour": "11", "weather": "Clear", "light": "Daylight", "manner": "Front-to-Rear"}}, {"type": "Feature", "geometry": {"type": "Point", "coordinates": [-79.125175, 33.77881667]}, "properties": {"fatals": 1, "county": "HORRY (51)", "road": "SR-109 PAULEY SWAMP RD", "month": "February", "hour": "0", "weather": "Cloudy", "light": "Dark - Not Lighted", "manner": "The First Harmful Event was Not a Collision with a Motor Vehicle in Transport"}}, {"type": "Feature", "geometry": {"type": "Point", "coordinates": [-80.52741389, 33.25487222]}, "properties": {"fatals": 1, "county": "DORCHESTER (35)", "road": "US-15 HWY 15", "month": "February", "hour": "19", "weather": "Clear", "light": "Dark - Lighted", "manner": "The First Harmful Event was Not a Collision with a Motor Vehicle in Transport"}}, {"type": "Feature", "geometry": {"type": "Point", "coordinates": [-81.84683889, 33.5176]}, "properties": {"fatals": 1, "county": "AIKEN (3)", "road": "SR-254 LANGLEY DAM RD", "month": "February", "hour": "18", "weather": "Rain", "light": "Dark - Lighted", "manner": "Angle"}}, {"type": "Feature", "geometry": {"type": "Point", "coordinates": [-82.41195556, 34.89698056]}, "properties": {"fatals": 1, "county": "GREENVILLE (45)", "road": "US-276 POINSETT HWY", "month": "February", "hour": "20", "weather": "Clear", "light": "Dark - Not Lighted", "manner": "The First Harmful Event was Not a Collision with a Motor Vehicle in Transport"}}, {"type": "Feature", "geometry": {"type": "Point", "coordinates": [-82.55235556, 34.83569444]}, "properties": {"fatals": 1, "county": "PICKENS (77)", "road": "SR-135 PRINCE PERRY RD", "month": "February", "hour": "7", "weather": "Rain", "light": "Dawn", "manner": "The First Harmful Event was Not a Collision with a Motor Vehicle in Transport"}}, {"type": "Feature", "geometry": {"type": "Point", "coordinates": [-80.83096389, 34.51237778]}, "properties": {"fatals": 1, "county": "LANCASTER (57)", "road": "SR-97 CEDAR CREEK RD", "month": "February", "hour": "10", "weather": "Rain", "light": "Daylight", "manner": "Angle"}}, {"type": "Feature", "geometry": {"type": "Point", "coordinates": [-81.04481667, 34.18663333]}, "properties": {"fatals": 1, "county": "RICHLAND (79)", "road": "US-321 WINNSBORO RD", "month": "February", "hour": "11", "weather": "Rain", "light": "Daylight", "manner": "Front-to-Front"}}, {"type": "Feature", "geometry": {"type": "Point", "coordinates": [-82.69701389, 34.82153611]}, "properties": {"fatals": 1, "county": "PICKENS (77)", "road": "SR-304 BREAZEALE RD", "month": "February", "hour": "20", "weather": "Clear", "light": "Dark - Not Lighted", "manner": "The First Harmful Event was Not a Collision with a Motor Vehicle in Transport"}}, {"type": "Feature", "geometry": {"type": "Point", "coordinates": [-79.43339722, 33.37833889]}, "properties": {"fatals": 1, "county": "GEORGETOWN (43)", "road": "US-17 HIGHMARKET STREET", "month": "February", "hour": "21", "weather": "Rain", "light": "Dark - Not Lighted", "manner": "Front-to-Front"}}, {"type": "Feature", "geometry": {"type": "Point", "coordinates": [-81.080425, 33.86168056]}, "properties": {"fatals": 1, "county": "LEXINGTON (63)", "road": "US-321", "month": "February", "hour": "22", "weather": "Clear", "light": "Dark - Not Lighted", "manner": "Angle"}}, {"type": "Feature", "geometry": {"type": "Point", "coordinates": [-78.99046111, 33.78375]}, "properties": {"fatals": 1, "county": "HORRY (51)", "road": "US-501", "month": "February", "hour": "21", "weather": "Clear", "light": "Dark - Not Lighted", "manner": "Angle"}}, {"type": "Feature", "geometry": {"type": "Point", "coordinates": [-82.01541667, 34.10660833]}, "properties": {"fatals": 1, "county": "GREENWOOD (47)", "road": "SR-166 TILLMAN TERRITORY RD", "month": "February", "hour": "4", "weather": "Clear", "light": "Dark - Not Lighted", "manner": "The First Harmful Event was Not a Collision with a Motor Vehicle in Transport"}}, {"type": "Feature", "geometry": {"type": "Point", "coordinates": [-78.74070278, 33.85864722]}, "properties": {"fatals": 1, "county": "HORRY (51)", "road": "SR-90 HWY 90", "month": "February", "hour": "4", "weather": "Clear", "light": "Dark - Not Lighted", "manner": "The First Harmful Event was Not a Collision with a Motor Vehicle in Transport"}}, {"type": "Feature", "geometry": {"type": "Point", "coordinates": [-80.31166389, 34.75477778]}, "properties": {"fatals": 1, "county": "CHESTERFIELD (25)", "road": "SR-683 GUESS RD", "month": "February", "hour": "15", "weather": "Clear", "light": "Daylight", "manner": "The First Harmful Event was Not a Collision with a Motor Vehicle in Transport"}}, {"type": "Feature", "geometry": {"type": "Point", "coordinates": [-79.00145, 33.91769722]}, "properties": {"fatals": 1, "county": "HORRY (51)", "road": "SR-65 HWY 65", "month": "February", "hour": "16", "weather": "Clear", "light": "Daylight", "manner": "The First Harmful Event was Not a Collision with a Motor Vehicle in Transport"}}, {"type": "Feature", "geometry": {"type": "Point", "coordinates": [-80.59986944, 34.41869444]}, "properties": {"fatals": 2, "county": "KERSHAW (55)", "road": "US-521 KERSHAW HWY", "month": "February", "hour": "4", "weather": "Clear", "light": "Dark - Not Lighted", "manner": "The First Harmful Event was Not a Collision with a Motor Vehicle in Transport"}}, {"type": "Feature", "geometry": {"type": "Point", "coordinates": [-81.93451111, 33.86036944]}, "properties": {"fatals": 1, "county": "EDGEFIELD (37)", "road": "SR-430 MEETING STREET RD", "month": "February", "hour": "18", "weather": "Clear", "light": "Dusk", "manner": "The First Harmful Event was Not a Collision with a Motor Vehicle in Transport"}}, {"type": "Feature", "geometry": {"type": "Point", "coordinates": [-79.84156944, 34.71988889]}, "properties": {"fatals": 1, "county": "MARLBORO (69)", "road": "SR-177 HWY 177", "month": "February", "hour": "19", "weather": "Clear", "light": "Dark - Not Lighted", "manner": "The First Harmful Event was Not a Collision with a Motor Vehicle in Transport"}}, {"type": "Feature", "geometry": {"type": "Point", "coordinates": [-78.77424722, 33.78695556]}, "properties": {"fatals": 1, "county": "HORRY (51)", "road": "US-17", "month": "February", "hour": "1", "weather": "Clear", "light": "Dark - Not Lighted", "manner": "The First Harmful Event was Not a Collision with a Motor Vehicle in Transport"}}, {"type": "Feature", "geometry": {"type": "Point", "coordinates": [-82.40709444, 35.10146111]}, "properties": {"fatals": 1, "county": "GREENVILLE (45)", "road": "SR-11  HWY 11", "month": "February", "hour": "16", "weather": "Clear", "light": "Daylight", "manner": "The First Harmful Event was Not a Collision with a Motor Vehicle in Transport"}}, {"type": "Feature", "geometry": {"type": "Point", "coordinates": [-82.07926111, 34.61906111]}, "properties": {"fatals": 1, "county": "LAURENS (59)", "road": "SR-92 HWY 92", "month": "February", "hour": "16", "weather": "Clear", "light": "Dark - Not Lighted", "manner": "The First Harmful Event was Not a Collision with a Motor Vehicle in Transport"}}, {"type": "Feature", "geometry": {"type": "Point", "coordinates": [-80.98828056, 32.46841944]}, "properties": {"fatals": 1, "county": "JASPER (53)", "road": "US-17 JACOB SMART BLVD", "month": "February", "hour": "17", "weather": "Clear", "light": "Daylight", "manner": "Angle"}}, {"type": "Feature", "geometry": {"type": "Point", "coordinates": [-83.01651944, 34.64007222]}, "properties": {"fatals": 1, "county": "OCONEE (73)", "road": "CR-BROWN FARM RD", "month": "February", "hour": "20", "weather": "Clear", "light": "Dark - Not Lighted", "manner": "The First Harmful Event was Not a Collision with a Motor Vehicle in Transport"}}, {"type": "Feature", "geometry": {"type": "Point", "coordinates": [-81.01731111, 33.09958056]}, "properties": {"fatals": 1, "county": "BAMBERG (9)", "road": "SR-23 EHRHARDT RD", "month": "February", "hour": "6", "weather": "Clear", "light": "Dark - Unknown Lighting", "manner": "The First Harmful Event was Not a Collision with a Motor Vehicle in Transport"}}, {"type": "Feature", "geometry": {"type": "Point", "coordinates": [-79.74665556, 33.93179444]}, "properties": {"fatals": 1, "county": "FLORENCE (41)", "road": "US-52", "month": "February", "hour": "9", "weather": "Clear", "light": "Daylight", "manner": "Angle"}}, {"type": "Feature", "geometry": {"type": "Point", "coordinates": [-79.03754444, 33.92699722]}, "properties": {"fatals": 1, "county": "HORRY (51)", "road": "SR-701 HWY 701", "month": "February", "hour": "9", "weather": "Clear", "light": "Daylight", "manner": "Angle"}}, {"type": "Feature", "geometry": {"type": "Point", "coordinates": [-82.68328056, 34.82796389]}, "properties": {"fatals": 1, "county": "PICKENS (77)", "road": "SR-304 BREAZEALE RD", "month": "February", "hour": "19", "weather": "Clear", "light": "Dark - Not Lighted", "manner": "The First Harmful Event was Not a Collision with a Motor Vehicle in Transport"}}, {"type": "Feature", "geometry": {"type": "Point", "coordinates": [-81.10616389, 34.05049167]}, "properties": {"fatals": 1, "county": "RICHLAND (79)", "road": "US-176", "month": "February", "hour": "0", "weather": "Clear", "light": "Dark - Lighted", "manner": "The First Harmful Event was Not a Collision with a Motor Vehicle in Transport"}}, {"type": "Feature", "geometry": {"type": "Point", "coordinates": [-81.43788333, 34.28350556]}, "properties": {"fatals": 1, "county": "NEWBERRY (71)", "road": "US-176 HWY 176", "month": "February", "hour": "6", "weather": "Clear", "light": "Dark - Not Lighted", "manner": "Front-to-Front"}}, {"type": "Feature", "geometry": {"type": "Point", "coordinates": [-82.38910833, 34.78268889]}, "properties": {"fatals": 1, "county": "GREENVILLE (45)", "road": "SR-360 CRESTFIELD RD", "month": "February", "hour": "8", "weather": "Clear", "light": "Daylight", "manner": "The First Harmful Event was Not a Collision with a Motor Vehicle in Transport"}}, {"type": "Feature", "geometry": {"type": "Point", "coordinates": [-79.95332222, 33.52809722]}, "properties": {"fatals": 2, "county": "WILLIAMSBURG (89)", "road": "US-52 WILLIAMSBURG COUNTY HWY", "month": "February", "hour": "19", "weather": "Rain", "light": "Dark - Unknown Lighting", "manner": "The First Harmful Event was Not a Collision with a Motor Vehicle in Transport"}}, {"type": "Feature", "geometry": {"type": "Point", "coordinates": [-80.84531389, 33.45810278]}, "properties": {"fatals": 1, "county": "ORANGEBURG (75)", "road": "US-21 ROWESVILLE RD", "month": "January", "hour": "15", "weather": "Clear", "light": "Daylight", "manner": "The First Harmful Event was Not a Collision with a Motor Vehicle in Transport"}}, {"type": "Feature", "geometry": {"type": "Point", "coordinates": [-78.97576111, 33.64771111]}, "properties": {"fatals": 1, "county": "HORRY (51)", "road": "SR-544 DICK POND RD", "month": "February", "hour": "21", "weather": "Clear", "light": "Dark - Lighted", "manner": "The First Harmful Event was Not a Collision with a Motor Vehicle in Transport"}}, {"type": "Feature", "geometry": {"type": "Point", "coordinates": [-79.48122222, 33.42636389]}, "properties": {"fatals": 2, "county": "GEORGETOWN (43)", "road": "SR-22 KENT RD", "month": "February", "hour": "22", "weather": "Clear", "light": "Dark - Not Lighted", "manner": "The First Harmful Event was Not a Collision with a Motor Vehicle in Transport"}}, {"type": "Feature", "geometry": {"type": "Point", "coordinates": [-82.23706111, 34.96143056]}, "properties": {"fatals": 1, "county": "GREENVILLE (45)", "road": "SR-295 TAYLOR RD", "month": "February", "hour": "15", "weather": "Clear", "light": "Daylight", "manner": "The First Harmful Event was Not a Collision with a Motor Vehicle in Transport"}}, {"type": "Feature", "geometry": {"type": "Point", "coordinates": [-80.47073889, 33.96106667]}, "properties": {"fatals": 1, "county": "SUMTER (85)", "road": "US-76 BROAD STREET", "month": "February", "hour": "18", "weather": "Clear", "light": "Daylight", "manner": "Front-to-Rear"}}, {"type": "Feature", "geometry": {"type": "Point", "coordinates": [-82.83106944, 34.53301111]}, "properties": {"fatals": 1, "county": "ANDERSON (7)", "road": "I-85", "month": "February", "hour": "22", "weather": "Clear", "light": "Dark - Not Lighted", "manner": "The First Harmful Event was Not a Collision with a Motor Vehicle in Transport"}}, {"type": "Feature", "geometry": {"type": "Point", "coordinates": [-82.35606111, 34.89451389]}, "properties": {"fatals": 1, "county": "GREENVILLE (45)", "road": "SR-166 W LEE RD", "month": "February", "hour": "17", "weather": "Clear", "light": "Daylight", "manner": "Front-to-Rear"}}, {"type": "Feature", "geometry": {"type": "Point", "coordinates": [-79.35984722, 33.50788611]}, "properties": {"fatals": 2, "county": "GEORGETOWN (43)", "road": "SR-179 DUNBAR RD", "month": "February", "hour": "17", "weather": "Clear", "light": "Dusk", "manner": "The First Harmful Event was Not a Collision with a Motor Vehicle in Transport"}}, {"type": "Feature", "geometry": {"type": "Point", "coordinates": [-81.32948056, 33.92378611]}, "properties": {"fatals": 1, "county": "LEXINGTON (63)", "road": "SR-278 CALKS FERRY RD", "month": "February", "hour": "19", "weather": "Clear", "light": "Dark - Not Lighted", "manner": "Front-to-Front"}}, {"type": "Feature", "geometry": {"type": "Point", "coordinates": [-82.41182222, 34.78546944]}, "properties": {"fatals": 2, "county": "GREENVILLE (45)", "road": "US-25 WHITE HORSE RD", "month": "February", "hour": "9", "weather": "Clear", "light": "Daylight", "manner": "Front-to-Front"}}, {"type": "Feature", "geometry": {"type": "Point", "coordinates": [-80.97651111, 32.30814444]}, "properties": {"fatals": 1, "county": "JASPER (53)", "road": "US-378 INDEPENDENCE BLVD", "month": "February", "hour": "9", "weather": "Clear", "light": "Daylight", "manner": "Angle"}}, {"type": "Feature", "geometry": {"type": "Point", "coordinates": [-81.68634722, 34.34509722]}, "properties": {"fatals": 1, "county": "NEWBERRY (71)", "road": "US-76", "month": "February", "hour": "18", "weather": "Cloudy", "light": "Dusk", "manner": "The First Harmful Event was Not a Collision with a Motor Vehicle in Transport"}}, {"type": "Feature", "geometry": {"type": "Point", "coordinates": [-80.44293056, 33.23118056]}, "properties": {"fatals": 1, "county": "DORCHESTER (35)", "road": "I-26", "month": "February", "hour": "11", "weather": "Clear", "light": "Daylight", "manner": "The First Harmful Event was Not a Collision with a Motor Vehicle in Transport"}}, {"type": "Feature", "geometry": {"type": "Point", "coordinates": [-80.95409722, 34.10496389]}, "properties": {"fatals": 1, "county": "RICHLAND (79)", "road": "SR-555 FARROW RD", "month": "February", "hour": "5", "weather": "Clear", "light": "Dark - Not Lighted", "manner": "The First Harmful Event was Not a Collision with a Motor Vehicle in Transport"}}, {"type": "Feature", "geometry": {"type": "Point", "coordinates": [-80.79180278, 34.77618889]}, "properties": {"fatals": 1, "county": "LANCASTER (57)", "road": "US-521", "month": "February", "hour": "16", "weather": "Clear", "light": "Daylight", "manner": "Angle"}}, {"type": "Feature", "geometry": {"type": "Point", "coordinates": [-79.00077778, 33.68236111]}, "properties": {"fatals": 1, "county": "HORRY (51)", "road": "SR-616 DICK POND RD", "month": "February", "hour": "19", "weather": "Clear", "light": "Dark - Not Lighted", "manner": "The First Harmful Event was Not a Collision with a Motor Vehicle in Transport"}}, {"type": "Feature", "geometry": {"type": "Point", "coordinates": [-78.92991667, 33.72036111]}, "properties": {"fatals": 1, "county": "HORRY (51)", "road": "US-501", "month": "February", "hour": "2", "weather": "Clear", "light": "Dark - Not Lighted", "manner": "The First Harmful Event was Not a Collision with a Motor Vehicle in Transport"}}, {"type": "Feature", "geometry": {"type": "Point", "coordinates": [-82.40060556, 34.67617778]}, "properties": {"fatals": 1, "county": "GREENVILLE (45)", "road": "US-25 AUGUSTA RD", "month": "February", "hour": "3", "weather": "Fog, Smog, Smoke", "light": "Dark - Not Lighted", "manner": "The First Harmful Event was Not a Collision with a Motor Vehicle in Transport"}}, {"type": "Feature", "geometry": {"type": "Point", "coordinates": [-80.08289444, 34.370475]}, "properties": {"fatals": 2, "county": "DARLINGTON (31)", "road": "SR-151 W CAROLINA AVE", "month": "February", "hour": "15", "weather": "Clear", "light": "Daylight", "manner": "Front-to-Front"}}, {"type": "Feature", "geometry": {"type": "Point", "coordinates": [-81.462925, 33.24331944]}, "properties": {"fatals": 1, "county": "BARNWELL (11)", "road": "SR-53", "month": "February", "hour": "20", "weather": "Clear", "light": "Dark - Not Lighted", "manner": "The First Harmful Event was Not a Collision with a Motor Vehicle in Transport"}}, {"type": "Feature", "geometry": {"type": "Point", "coordinates": [-80.96704167, 34.05815556]}, "properties": {"fatals": 1, "county": "RICHLAND (79)", "road": "US-1 TWO NOTCH RD", "month": "February", "hour": "22", "weather": "Clear", "light": "Dark - Not Lighted", "manner": "The First Harmful Event was Not a Collision with a Motor Vehicle in Transport"}}, {"type": "Feature", "geometry": {"type": "Point", "coordinates": [-81.84181944, 33.49929722]}, "properties": {"fatals": 1, "county": "AIKEN (3)", "road": "SR-66 HUBER CLAY RD", "month": "February", "hour": "0", "weather": "Clear", "light": "Dark - Not Lighted", "manner": "The First Harmful Event was Not a Collision with a Motor Vehicle in Transport"}}, {"type": "Feature", "geometry": {"type": "Point", "coordinates": [-80.43399444, 34.34260556]}, "properties": {"fatals": 1, "county": "KERSHAW (55)", "road": "CR-THOROUGHFARE BRANCH RD", "month": "February", "hour": "21", "weather": "Clear", "light": "Dark - Not Lighted", "manner": "The First Harmful Event was Not a Collision with a Motor Vehicle in Transport"}}, {"type": "Feature", "geometry": {"type": "Point", "coordinates": [-80.49342778, 32.90008333]}, "properties": {"fatals": 1, "county": "COLLETON (29)", "road": "SR-40 JACKSONBORO RD", "month": "February", "hour": "3", "weather": "Clear", "light": "Dark - Not Lighted", "manner": "The First Harmful Event was Not a Collision with a Motor Vehicle in Transport"}}, {"type": "Feature", "geometry": {"type": "Point", "coordinates": [-81.42619722, 32.84147778]}, "properties": {"fatals": 1, "county": "ALLENDALE (5)", "road": "SR-41 COHENS BLUFF RD", "month": "February", "hour": "13", "weather": "Clear", "light": "Daylight", "manner": "The First Harmful Event was Not a Collision with a Motor Vehicle in Transport"}}, {"type": "Feature", "geometry": {"type": "Point", "coordinates": [-80.83336944, 33.62393611]}, "properties": {"fatals": 1, "county": "CALHOUN (17)", "road": "CR-RILEY RD", "month": "February", "hour": "9", "weather": "Clear", "light": "Daylight", "manner": "The First Harmful Event was Not a Collision with a Motor Vehicle in Transport"}}, {"type": "Feature", "geometry": {"type": "Point", "coordinates": [-81.16290278, 32.60526667]}, "properties": {"fatals": 1, "county": "JASPER (53)", "road": "US-601 CYPRESS BRANCH RD", "month": "February", "hour": "14", "weather": "Clear", "light": "Daylight", "manner": "Angle"}}, {"type": "Feature", "geometry": {"type": "Point", "coordinates": [-79.94911944, 33.32522778]}, "properties": {"fatals": 1, "county": "BERKELEY (15)", "road": "US-52", "month": "February", "hour": "22", "weather": "Clear", "light": "Dark - Not Lighted", "manner": "The First Harmful Event was Not a Collision with a Motor Vehicle in Transport"}}, {"type": "Feature", "geometry": {"type": "Point", "coordinates": [-80.34759444, 33.92945]}, "properties": {"fatals": 1, "county": "SUMTER (85)", "road": "US-76 BROAD ST", "month": "January", "hour": "23", "weather": "Cloudy", "light": "Dark - Lighted", "manner": "Angle"}}, {"type": "Feature", "geometry": {"type": "Point", "coordinates": [-81.08605556, 34.98043333]}, "properties": {"fatals": 1, "county": "YORK (91)", "road": "SR-161 OLD YORK RD", "month": "January", "hour": "15", "weather": "Clear", "light": "Daylight", "manner": "Angle"}}, {"type": "Feature", "geometry": {"type": "Point", "coordinates": [-81.95580278, 34.92977778]}, "properties": {"fatals": 1, "county": "SPARTANBURG (83)", "road": "SR-296 JOHN B WHITE SR BLVD", "month": "February", "hour": "3", "weather": "Clear", "light": "Dark - Not Lighted", "manner": "The First Harmful Event was Not a Collision with a Motor Vehicle in Transport"}}, {"type": "Feature", "geometry": {"type": "Point", "coordinates": [-79.67896111, 34.60848056]}, "properties": {"fatals": 1, "county": "MARLBORO (69)", "road": "US-15", "month": "February", "hour": "6", "weather": "Cloudy", "light": "Dawn", "manner": "Front-to-Front"}}, {"type": "Feature", "geometry": {"type": "Point", "coordinates": [-79.87201111, 32.84401111]}, "properties": {"fatals": 1, "county": "CHARLESTON (19)", "road": "CR- WANDO PARK BLVD", "month": "February", "hour": "13", "weather": "Clear", "light": "Daylight", "manner": "Angle"}}, {"type": "Feature", "geometry": {"type": "Point", "coordinates": [-80.83998889, 33.49818056]}, "properties": {"fatals": 2, "county": "ORANGEBURG (75)", "road": "US-21 WHITTAKER PKWY", "month": "February", "hour": "1", "weather": "Clear", "light": "Dark - Unknown Lighting", "manner": "Angle"}}, {"type": "Feature", "geometry": {"type": "Point", "coordinates": [-80.16339722, 33.01931667]}, "properties": {"fatals": 1, "county": "DORCHESTER (35)", "road": "SR-307 E 3RD NORTH STREET", "month": "March", "hour": "0", "weather": "Clear", "light": "Dark - Lighted", "manner": "The First Harmful Event was Not a Collision with a Motor Vehicle in Transport"}}, {"type": "Feature", "geometry": {"type": "Point", "coordinates": [-82.64288611, 34.20028611]}, "properties": {"fatals": 1, "county": "ABBEVILLE (1)", "road": "CR-SHAW RD", "month": "March", "hour": "9", "weather": "Clear", "light": "Daylight", "manner": "The First Harmful Event was Not a Collision with a Motor Vehicle in Transport"}}, {"type": "Feature", "geometry": {"type": "Point", "coordinates": [-80.22540278, 33.75668611]}, "properties": {"fatals": 2, "county": "CLARENDON (27)", "road": "US-521 SUMTER HWY", "month": "March", "hour": "2", "weather": "Clear", "light": "Dark - Not Lighted", "manner": "Front-to-Front"}}, {"type": "Feature", "geometry": {"type": "Point", "coordinates": [-81.94949444, 35.01983611]}, "properties": {"fatals": 1, "county": "SPARTANBURG (83)", "road": "SR-43 PARRIS BRIDGE RD", "month": "March", "hour": "22", "weather": "Clear", "light": "Dark - Not Lighted", "manner": "The First Harmful Event was Not a Collision with a Motor Vehicle in Transport"}}, {"type": "Feature", "geometry": {"type": "Point", "coordinates": [-82.00396944, 34.91748056]}, "properties": {"fatals": 1, "county": "SPARTANBURG (83)", "road": "SR-64 OAK GROVE RD", "month": "March", "hour": "13", "weather": "Clear", "light": "Daylight", "manner": "Angle"}}, {"type": "Feature", "geometry": {"type": "Point", "coordinates": [-80.35580278, 34.11706111]}, "properties": {"fatals": 1, "county": "LEE (61)", "road": "SR-441", "month": "March", "hour": "21", "weather": "Clear", "light": "Dark - Not Lighted", "manner": "The First Harmful Event was Not a Collision with a Motor Vehicle in Transport"}}, {"type": "Feature", "geometry": {"type": "Point", "coordinates": [-80.24461389, 33.77962778]}, "properties": {"fatals": 2, "county": "CLARENDON (27)", "road": "US-521", "month": "March", "hour": "3", "weather": "Clear", "light": "Dark - Not Lighted", "manner": "The First Harmful Event was Not a Collision with a Motor Vehicle in Transport"}}, {"type": "Feature", "geometry": {"type": "Point", "coordinates": [-80.41886667, 33.54202778]}, "properties": {"fatals": 1, "county": "CLARENDON (27)", "road": "US-15 SAINT PAUL RD", "month": "March", "hour": "18", "weather": "Clear", "light": "Dusk", "manner": "The First Harmful Event was Not a Collision with a Motor Vehicle in Transport"}}, {"type": "Feature", "geometry": {"type": "Point", "coordinates": [-80.52696111, 32.91252778]}, "properties": {"fatals": 1, "county": "COLLETON (29)", "road": "SR-45 ROUND O RD", "month": "March", "hour": "22", "weather": "Clear", "light": "Dark - Not Lighted", "manner": "The First Harmful Event was Not a Collision with a Motor Vehicle in Transport"}}, {"type": "Feature", "geometry": {"type": "Point", "coordinates": [-82.19105278, 34.35780278]}, "properties": {"fatals": 1, "county": "GREENWOOD (47)", "road": "SR-96 NATION RD", "month": "March", "hour": "23", "weather": "Clear", "light": "Dark - Not Lighted", "manner": "The First Harmful Event was Not a Collision with a Motor Vehicle in Transport"}}, {"type": "Feature", "geometry": {"type": "Point", "coordinates": [-82.37548889, 34.80391111]}, "properties": {"fatals": 1, "county": "GREENVILLE (45)", "road": "SR-291 S PLEASANTBURG DRIVE", "month": "March", "hour": "21", "weather": "Clear", "light": "Dark - Unknown Lighting", "manner": "The First Harmful Event was Not a Collision with a Motor Vehicle in Transport"}}, {"type": "Feature", "geometry": {"type": "Point", "coordinates": [-80.403825, 33.55373889]}, "properties": {"fatals": 1, "county": "CLARENDON (27)", "road": "I-95", "month": "March", "hour": "0", "weather": "Clear", "light": "Dark - Not Lighted", "manner": "The First Harmful Event was Not a Collision with a Motor Vehicle in Transport"}}, {"type": "Feature", "geometry": {"type": "Point", "coordinates": [-79.99961944, 34.26471389]}, "properties": {"fatals": 1, "county": "DARLINGTON (31)", "road": "SR-19 E SEVEN PINES STREET", "month": "March", "hour": "16", "weather": "Clear", "light": "Daylight", "manner": "The First Harmful Event was Not a Collision with a Motor Vehicle in Transport"}}, {"type": "Feature", "geometry": {"type": "Point", "coordinates": [-82.35741389, 34.75368611]}, "properties": {"fatals": 1, "county": "GREENVILLE (45)", "road": "SR-50 FORK SHOALS RD", "month": "March", "hour": "14", "weather": "Clear", "light": "Daylight", "manner": "The First Harmful Event was Not a Collision with a Motor Vehicle in Transport"}}, {"type": "Feature", "geometry": {"type": "Point", "coordinates": [-80.28215, 33.21993056]}, "properties": {"fatals": 1, "county": "BERKELEY (15)", "road": "US-176 STATE RD", "month": "March", "hour": "22", "weather": "Clear", "light": "Dark - Not Lighted", "manner": "The First Harmful Event was Not a Collision with a Motor Vehicle in Transport"}}, {"type": "Feature", "geometry": {"type": "Point", "coordinates": [-81.21721389, 34.136725]}, "properties": {"fatals": 1, "county": "RICHLAND (79)", "road": "SR-80 SHADY GROVE RD", "month": "March", "hour": "9", "weather": "Clear", "light": "Daylight", "manner": "The First Harmful Event was Not a Collision with a Motor Vehicle in Transport"}}, {"type": "Feature", "geometry": {"type": "Point", "coordinates": [-82.12460556, 34.13211389]}, "properties": {"fatals": 1, "county": "GREENWOOD (47)", "road": "CR-UTOPIA ACRES DRIVE", "month": "March", "hour": "16", "weather": "Clear", "light": "Daylight", "manner": "The First Harmful Event was Not a Collision with a Motor Vehicle in Transport"}}, {"type": "Feature", "geometry": {"type": "Point", "coordinates": [-81.30804444, 32.78958611]}, "properties": {"fatals": 1, "county": "HAMPTON (49)", "road": "SR-3 MATTHEWS BLUFF", "month": "March", "hour": "2", "weather": "Clear", "light": "Dark - Not Lighted", "manner": "The First Harmful Event was Not a Collision with a Motor Vehicle in Transport"}}, {"type": "Feature", "geometry": {"type": "Point", "coordinates": [-81.64331389, 33.462475]}, "properties": {"fatals": 1, "county": "AIKEN (3)", "road": "SR-79 BANKS MILL RD", "month": "March", "hour": "15", "weather": "Cloudy", "light": "Daylight", "manner": "Front-to-Front"}}, {"type": "Feature", "geometry": {"type": "Point", "coordinates": [-80.189025, 32.63420278]}, "properties": {"fatals": 1, "county": "CHARLESTON (19)", "road": "SR-700 MAYBANK HWY", "month": "February", "hour": "19", "weather": "Cloudy", "light": "Daylight", "manner": "The First Harmful Event was Not a Collision with a Motor Vehicle in Transport"}}, {"type": "Feature", "geometry": {"type": "Point", "coordinates": [-80.15888056, 32.81788056]}, "properties": {"fatals": 1, "county": "CHARLESTON (19)", "road": "SR-317 COUNTY LINE RD", "month": "March", "hour": "19", "weather": "Clear", "light": "Dark - Not Lighted", "manner": "The First Harmful Event was Not a Collision with a Motor Vehicle in Transport"}}, {"type": "Feature", "geometry": {"type": "Point", "coordinates": [-81.15886111, 33.92841667]}, "properties": {"fatals": 1, "county": "LEXINGTON (63)", "road": "SR-602 PLATT SPRINGS RD", "month": "March", "hour": "12", "weather": "Clear", "light": "Daylight", "manner": "Angle"}}, {"type": "Feature", "geometry": {"type": "Point", "coordinates": [-81.59686389, 34.81223333]}, "properties": {"fatals": 1, "county": "UNION (87)", "road": "SR-9 JONESVILLE LOCKHART HWY", "month": "March", "hour": "6", "weather": "Rain", "light": "Dark - Not Lighted", "manner": "Angle"}}, {"type": "Feature", "geometry": {"type": "Point", "coordinates": [-80.83995, 33.49816111]}, "properties": {"fatals": 1, "county": "ORANGEBURG (75)", "road": "SR-21 WHITTAKER PKWY", "month": "March", "hour": "15", "weather": "Clear", "light": "Daylight", "manner": "Front-to-Rear"}}, {"type": "Feature", "geometry": {"type": "Point", "coordinates": [-79.95218056, 34.07358889]}, "properties": {"fatals": 1, "county": "FLORENCE (41)", "road": "SR-973 TIMMONS RD", "month": "March", "hour": "14", "weather": "Clear", "light": "Daylight", "manner": "The First Harmful Event was Not a Collision with a Motor Vehicle in Transport"}}, {"type": "Feature", "geometry": {"type": "Point", "coordinates": [-80.65460556, 33.08113889]}, "properties": {"fatals": 1, "county": "COLLETON (29)", "road": "I-95", "month": "March", "hour": "10", "weather": "Cloudy", "light": "Daylight", "manner": "Sideswipe - Same Direction"}}, {"type": "Feature", "geometry": {"type": "Point", "coordinates": [-80.05544167, 32.79349167]}, "properties": {"fatals": 1, "county": "CHARLESTON (19)", "road": "US-17 US HWY 17", "month": "March", "hour": "19", "weather": "Clear", "light": "Dark - Unknown Lighting", "manner": "The First Harmful Event was Not a Collision with a Motor Vehicle in Transport"}}, {"type": "Feature", "geometry": {"type": "Point", "coordinates": [-82.34695556, 35.08286111]}, "properties": {"fatals": 1, "county": "GREENVILLE (45)", "road": "SR-414 HWY 414", "month": "March", "hour": "14", "weather": "Clear", "light": "Daylight", "manner": "The First Harmful Event was Not a Collision with a Motor Vehicle in Transport"}}, {"type": "Feature", "geometry": {"type": "Point", "coordinates": [-81.95956389, 33.74736667]}, "properties": {"fatals": 1, "county": "EDGEFIELD (37)", "road": "SR-34 SWEETWATER RD", "month": "March", "hour": "6", "weather": "Clear", "light": "Dark - Not Lighted", "manner": "The First Harmful Event was Not a Collision with a Motor Vehicle in Transport"}}, {"type": "Feature", "geometry": {"type": "Point", "coordinates": [-79.10221944, 33.79173056]}, "properties": {"fatals": 1, "county": "HORRY (51)", "road": "SR-110 PITCH LANDING RD", "month": "March", "hour": "16", "weather": "Rain", "light": "Daylight", "manner": "The First Harmful Event was Not a Collision with a Motor Vehicle in Transport"}}, {"type": "Feature", "geometry": {"type": "Point", "coordinates": [-78.93374167, 33.65362222]}, "properties": {"fatals": 1, "county": "HORRY (51)", "road": "US-17", "month": "March", "hour": "2", "weather": "Clear", "light": "Dark - Not Lighted", "manner": "The First Harmful Event was Not a Collision with a Motor Vehicle in Transport"}}, {"type": "Feature", "geometry": {"type": "Point", "coordinates": [-81.01271111, 34.07096111]}, "properties": {"fatals": 1, "county": "RICHLAND (79)", "road": "I-20", "month": "March", "hour": "5", "weather": "Rain", "light": "Dark - Not Lighted", "manner": "The First Harmful Event was Not a Collision with a Motor Vehicle in Transport"}}, {"type": "Feature", "geometry": {"type": "Point", "coordinates": [-80.56341667, 33.58785833]}, "properties": {"fatals": 1, "county": "CALHOUN (17)", "road": "SR-267 MCCORDS FERRY RD", "month": "March", "hour": "4", "weather": "Clear", "light": "Dark - Not Lighted", "manner": "The First Harmful Event was Not a Collision with a Motor Vehicle in Transport"}}, {"type": "Feature", "geometry": {"type": "Point", "coordinates": [-81.14449722, 34.08645556]}, "properties": {"fatals": 1, "county": "RICHLAND (79)", "road": "US-76", "month": "March", "hour": "22", "weather": "Clear", "light": "Dark - Lighted", "manner": "Front-to-Rear"}}, {"type": "Feature", "geometry": {"type": "Point", "coordinates": [-81.78456667, 35.11635833]}, "properties": {"fatals": 1, "county": "CHEROKEE (21)", "road": "SR-37 OLD METAL RD", "month": "March", "hour": "17", "weather": "Clear", "light": "Daylight", "manner": "Angle"}}, {"type": "Feature", "geometry": {"type": "Point", "coordinates": [-79.70079722, 34.53033889]}, "properties": {"fatals": 1, "county": "MARLBORO (69)", "road": "SR-18 SALEM RD", "month": "March", "hour": "18", "weather": "Clear", "light": "Daylight", "manner": "Angle"}}, {"type": "Feature", "geometry": {"type": "Point", "coordinates": [-82.96602778, 34.64423333]}, "properties": {"fatals": 1, "county": "OCONEE (73)", "road": "SR-59 TOKEENA RD", "month": "March", "hour": "7", "weather": "Rain", "light": "Daylight", "manner": "Front-to-Front"}}, {"type": "Feature", "geometry": {"type": "Point", "coordinates": [-80.21221111, 33.15463056]}, "properties": {"fatals": 1, "county": "BERKELEY (15)", "road": "SR-47 LEBANON RD", "month": "March", "hour": "14", "weather": "Clear", "light": "Daylight", "manner": "The First Harmful Event was Not a Collision with a Motor Vehicle in Transport"}}, {"type": "Feature", "geometry": {"type": "Point", "coordinates": [-81.70462222, 35.02656389]}, "properties": {"fatals": 1, "county": "CHEROKEE (21)", "road": "SR-301 BAKER RD", "month": "March", "hour": "19", "weather": "Clear", "light": "Dusk", "manner": "Front-to-Front"}}, {"type": "Feature", "geometry": {"type": "Point", "coordinates": [-80.13191111, 33.56426667]}, "properties": {"fatals": 1, "county": "CLARENDON (27)", "road": "SR-48 BLOOMVILLE RD", "month": "March", "hour": "3", "weather": "Clear", "light": "Dark - Not Lighted", "manner": "The First Harmful Event was Not a Collision with a Motor Vehicle in Transport"}}, {"type": "Feature", "geometry": {"type": "Point", "coordinates": [-82.537775, 34.53703611]}, "properties": {"fatals": 1, "county": "ANDERSON (7)", "road": "SR-205 BROADWAY SCHOOL RD", "month": "March", "hour": "9", "weather": "Cloudy", "light": "Daylight", "manner": "The First Harmful Event was Not a Collision with a Motor Vehicle in Transport"}}, {"type": "Feature", "geometry": {"type": "Point", "coordinates": [-81.0271, 32.61028889]}, "properties": {"fatals": 1, "county": "JASPER (53)", "road": "SR-462 GILLISON BRANCH RD", "month": "March", "hour": "3", "weather": "Clear", "light": "Dark - Not Lighted", "manner": "The First Harmful Event was Not a Collision with a Motor Vehicle in Transport"}}, {"type": "Feature", "geometry": {"type": "Point", "coordinates": [-82.02964167, 34.96795]}, "properties": {"fatals": 1, "county": "SPARTANBURG (83)", "road": "SR-41 N BLACKSTOCK RD", "month": "March", "hour": "21", "weather": "Clear", "light": "Daylight", "manner": "Front-to-Front"}}, {"type": "Feature", "geometry": {"type": "Point", "coordinates": [-81.9414, 34.94881944]}, "properties": {"fatals": 1, "county": "SPARTANBURG (83)", "road": "US-29 SAINT JOHN STREET", "month": "January", "hour": "19", "weather": "Clear", "light": "Dark - Lighted", "manner": "The First Harmful Event was Not a Collision with a Motor Vehicle in Transport"}}, {"type": "Feature", "geometry": {"type": "Point", "coordinates": [-80.04738889, 33.16645]}, "properties": {"fatals": 1, "county": "BERKELEY (15)", "road": "US-17 SOUTH LIVE OAK DRIVE", "month": "February", "hour": "13", "weather": "Clear", "light": "Daylight", "manner": "Angle"}}, {"type": "Feature", "geometry": {"type": "Point", "coordinates": [-80.39635556, 33.89948333]}, "properties": {"fatals": 1, "county": "SUMTER (85)", "road": "SR-33 MCCRAYS MILL RD", "month": "March", "hour": "12", "weather": "Clear", "light": "Daylight", "manner": "Angle"}}, {"type": "Feature", "geometry": {"type": "Point", "coordinates": [-82.69798056, 34.53438056]}, "properties": {"fatals": 1, "county": "ANDERSON (7)", "road": "SR-28 PEARMAN DAIRY RD", "month": "March", "hour": "10", "weather": "Clear", "light": "Daylight", "manner": "The First Harmful Event was Not a Collision with a Motor Vehicle in Transport"}}, {"type": "Feature", "geometry": {"type": "Point", "coordinates": [-79.06445, 33.86251111]}, "properties": {"fatals": 1, "county": "HORRY (51)", "road": "SR-107 OAK STREET", "month": "March", "hour": "13", "weather": "Clear", "light": "Daylight", "manner": "The First Harmful Event was Not a Collision with a Motor Vehicle in Transport"}}, {"type": "Feature", "geometry": {"type": "Point", "coordinates": [-82.23988056, 34.94906667]}, "properties": {"fatals": 1, "county": "GREENVILLE (45)", "road": "US-29 WADE HAMPTON BLVD", "month": "February", "hour": "22", "weather": "Clear", "light": "Dark - Lighted", "manner": "Front-to-Front"}}, {"type": "Feature", "geometry": {"type": "Point", "coordinates": [-83.06381944, 34.76620556]}, "properties": {"fatals": 1, "county": "OCONEE (73)", "road": "SR-183 N CATHERINE STREET", "month": "February", "hour": "11", "weather": "Clear", "light": "Daylight", "manner": "The First Harmful Event was Not a Collision with a Motor Vehicle in Transport"}}, {"type": "Feature", "geometry": {"type": "Point", "coordinates": [-79.51228611, 34.66468611]}, "properties": {"fatals": 1, "county": "MARLBORO (69)", "road": "SR-34 PEA BRIDGE RD", "month": "March", "hour": "18", "weather": "Clear", "light": "Daylight", "manner": "The First Harmful Event was Not a Collision with a Motor Vehicle in Transport"}}, {"type": "Feature", "geometry": {"type": "Point", "coordinates": [-80.72988056, 34.15775833]}, "properties": {"fatals": 1, "county": "KERSHAW (55)", "road": "I-20", "month": "March", "hour": "18", "weather": "Clear", "light": "Dusk", "manner": "The First Harmful Event was Not a Collision with a Motor Vehicle in Transport"}}, {"type": "Feature", "geometry": {"type": "Point", "coordinates": [-81.03709444, 34.76715278]}, "properties": {"fatals": 1, "county": "CHESTER (23)", "road": "I-77", "month": "March", "hour": "21", "weather": "Clear", "light": "Dark - Not Lighted", "manner": "Angle"}}, {"type": "Feature", "geometry": {"type": "Point", "coordinates": [-80.05187222, 34.27989444]}, "properties": {"fatals": 1, "county": "DARLINGTON (31)", "road": "SR-28", "month": "March", "hour": "5", "weather": "Clear", "light": "Dark - Not Lighted", "manner": "The First Harmful Event was Not a Collision with a Motor Vehicle in Transport"}}, {"type": "Feature", "geometry": {"type": "Point", "coordinates": [-79.74027778, 34.22896944]}, "properties": {"fatals": 1, "county": "FLORENCE (41)", "road": "SR-358 E ASHBY RD", "month": "March", "hour": "6", "weather": "Clear", "light": "Dark - Not Lighted", "manner": "The First Harmful Event was Not a Collision with a Motor Vehicle in Transport"}}, {"type": "Feature", "geometry": {"type": "Point", "coordinates": [-81.02906944, 34.67518889]}, "properties": {"fatals": 1, "county": "CHESTER (23)", "road": "I-77", "month": "March", "hour": "7", "weather": "Clear", "light": "Dawn", "manner": "Front-to-Rear"}}, {"type": "Feature", "geometry": {"type": "Point", "coordinates": [-79.94416944, 32.80416944]}, "properties": {"fatals": 1, "county": "CHARLESTON (19)", "road": "US-17", "month": "March", "hour": "9", "weather": "Clear", "light": "Daylight", "manner": "The First Harmful Event was Not a Collision with a Motor Vehicle in Transport"}}, {"type": "Feature", "geometry": {"type": "Point", "coordinates": [-80.01248056, 32.85415]}, "properties": {"fatals": 1, "county": "CHARLESTON (19)", "road": "SR-642 DORCHESTER RD", "month": "March", "hour": "21", "weather": "Clear", "light": "Dark - Lighted", "manner": "The First Harmful Event was Not a Collision with a Motor Vehicle in Transport"}}, {"type": "Feature", "geometry": {"type": "Point", "coordinates": [-82.69865, 34.54753611]}, "properties": {"fatals": 1, "county": "ANDERSON (7)", "road": "CR-DOUBLETREE DRIVE", "month": "March", "hour": "1", "weather": "Clear", "light": "Dark - Not Lighted", "manner": "The First Harmful Event was Not a Collision with a Motor Vehicle in Transport"}}, {"type": "Feature", "geometry": {"type": "Point", "coordinates": [-81.73283611, 34.851975]}, "properties": {"fatals": 2, "county": "UNION (87)", "road": "US-176 FURMAN L FENDLEY HWY", "month": "March", "hour": "11", "weather": "Clear", "light": "Daylight", "manner": "Angle"}}, {"type": "Feature", "geometry": {"type": "Point", "coordinates": [-81.456075, 33.81278611]}, "properties": {"fatals": 1, "county": "LEXINGTON (63)", "road": "I-20 ENTRANCE RAMP", "month": "March", "hour": "23", "weather": "Clear", "light": "Dark - Not Lighted", "manner": "The First Harmful Event was Not a Collision with a Motor Vehicle in Transport"}}, {"type": "Feature", "geometry": {"type": "Point", "coordinates": [-79.7323, 34.26430278]}, "properties": {"fatals": 1, "county": "FLORENCE (41)", "road": "I-95 EXIT RAMP", "month": "March", "hour": "23", "weather": "Clear", "light": "Dark - Unknown Lighting", "manner": "Front-to-Rear"}}, {"type": "Feature", "geometry": {"type": "Point", "coordinates": [-80.73637778, 32.62021944]}, "properties": {"fatals": 1, "county": "BEAUFORT (13)", "road": "US-17 CHARLESTON HWY", "month": "March", "hour": "11", "weather": "Clear", "light": "Daylight", "manner": "Angle"}}, {"type": "Feature", "geometry": {"type": "Point", "coordinates": [-81.21629722, 34.04157778]}, "properties": {"fatals": 1, "county": "LEXINGTON (63)", "road": "SR-6", "month": "March", "hour": "18", "weather": "Clear", "light": "Dusk", "manner": "Front-to-Front"}}, {"type": "Feature", "geometry": {"type": "Point", "coordinates": [-81.30123056, 34.17027778]}, "properties": {"fatals": 1, "county": "RICHLAND (79)", "road": "I-26", "month": "March", "hour": "0", "weather": "Clear", "light": "Dark - Not Lighted", "manner": "Front-to-Rear"}}, {"type": "Feature", "geometry": {"type": "Point", "coordinates": [-79.93105556, 34.28746944]}, "properties": {"fatals": 3, "county": "DARLINGTON (31)", "road": "SR-28 INDIAN BRANCH RD", "month": "March", "hour": "6", "weather": "Clear", "light": "Dark - Not Lighted", "manner": "The First Harmful Event was Not a Collision with a Motor Vehicle in Transport"}}, {"type": "Feature", "geometry": {"type": "Point", "coordinates": [-80.47896667, 33.45661389]}, "properties": {"fatals": 1, "county": "ORANGEBURG (75)", "road": "I-95", "month": "March", "hour": "10", "weather": "Clear", "light": "Daylight", "manner": "The First Harmful Event was Not a Collision with a Motor Vehicle in Transport"}}, {"type": "Feature", "geometry": {"type": "Point", "coordinates": [-79.05723056, 33.89443056]}, "properties": {"fatals": 1, "county": "HORRY (51)", "road": "SR-319 HWY 319", "month": "March", "hour": "14", "weather": "Clear", "light": "Daylight", "manner": "The First Harmful Event was Not a Collision with a Motor Vehicle in Transport"}}, {"type": "Feature", "geometry": {"type": "Point", "coordinates": [-80.00653333, 32.96047222]}, "properties": {"fatals": 1, "county": "BERKELEY (15)", "road": "SR-136 HENRY E BROWN BLVD", "month": "March", "hour": "16", "weather": "Clear", "light": "Daylight", "manner": "The First Harmful Event was Not a Collision with a Motor Vehicle in Transport"}}, {"type": "Feature", "geometry": {"type": "Point", "coordinates": [-79.660075, 34.63530278]}, "properties": {"fatals": 1, "county": "MARLBORO (69)", "road": "SR-48 E MAIN STREET EXT", "month": "March", "hour": "21", "weather": "Clear", "light": "Dark - Not Lighted", "manner": "The First Harmful Event was Not a Collision with a Motor Vehicle in Transport"}}, {"type": "Feature", "geometry": {"type": "Point", "coordinates": [-80.55226667, 33.61611389]}, "properties": {"fatals": 1, "county": "CALHOUN (17)", "road": "SR-286 STOUDENMIRE DRIVE", "month": "March", "hour": "22", "weather": "Clear", "light": "Dark - Unknown Lighting", "manner": "The First Harmful Event was Not a Collision with a Motor Vehicle in Transport"}}, {"type": "Feature", "geometry": {"type": "Point", "coordinates": [-78.871, 33.7273]}, "properties": {"fatals": 1, "county": "HORRY (51)", "road": "US-17 HWY 17 BYPASS", "month": "March", "hour": "2", "weather": "Clear", "light": "Dark - Lighted", "manner": "Front-to-Rear"}}, {"type": "Feature", "geometry": {"type": "Point", "coordinates": [-81.98162222, 34.91154444]}, "properties": {"fatals": 1, "county": "SPARTANBURG (83)", "road": "SR-489 HIDDEN HILLS RD", "month": "March", "hour": "23", "weather": "Clear", "light": "Dark - Not Lighted", "manner": "The First Harmful Event was Not a Collision with a Motor Vehicle in Transport"}}, {"type": "Feature", "geometry": {"type": "Point", "coordinates": [-79.35813889, 34.38658889]}, "properties": {"fatals": 1, "county": "DILLON (33)", "road": "SR-57 HWY 57 S", "month": "March", "hour": "14", "weather": "Clear", "light": "Daylight", "manner": "Angle"}}, {"type": "Feature", "geometry": {"type": "Point", "coordinates": [-81.01988056, 34.72888889]}, "properties": {"fatals": 1, "county": "CHESTER (23)", "road": "SR-9  LANCASTER HWY", "month": "March", "hour": "17", "weather": "Clear", "light": "Daylight", "manner": "The First Harmful Event was Not a Collision with a Motor Vehicle in Transport"}}, {"type": "Feature", "geometry": {"type": "Point", "coordinates": [-80.87792222, 34.14339444]}, "properties": {"fatals": 1, "county": "RICHLAND (79)", "road": "SR-266 RHAME RD", "month": "March", "hour": "15", "weather": "Clear", "light": "Daylight", "manner": "Sideswipe - Opposite Direction"}}, {"type": "Feature", "geometry": {"type": "Point", "coordinates": [-82.29023889, 34.74993889]}, "properties": {"fatals": 1, "county": "GREENVILLE (45)", "road": "SR-1155 E STANDING SPRINGS RD", "month": "March", "hour": "22", "weather": "Clear", "light": "Dark - Not Lighted", "manner": "Front-to-Front"}}, {"type": "Feature", "geometry": {"type": "Point", "coordinates": [-82.320775, 34.64389444]}, "properties": {"fatals": 1, "county": "GREENVILLE (45)", "road": "SR-418 HWY418", "month": "March", "hour": "8", "weather": "Clear", "light": "Daylight", "manner": "The First Harmful Event was Not a Collision with a Motor Vehicle in Transport"}}, {"type": "Feature", "geometry": {"type": "Point", "coordinates": [-82.42998889, 35.04161944]}, "properties": {"fatals": 1, "county": "GREENVILLE (45)", "road": "US-25", "month": "March", "hour": "17", "weather": "Cloudy", "light": "Daylight", "manner": "Angle"}}, {"type": "Feature", "geometry": {"type": "Point", "coordinates": [-79.96745278, 32.84057778]}, "properties": {"fatals": 1, "county": "CHARLESTON (19)", "road": "I-26", "month": "March", "hour": "2", "weather": "Clear", "light": "Dark - Not Lighted", "manner": "The First Harmful Event was Not a Collision with a Motor Vehicle in Transport"}}, {"type": "Feature", "geometry": {"type": "Point", "coordinates": [-81.02446389, 34.08436389]}, "properties": {"fatals": 1, "county": "RICHLAND (79)", "road": "US-321 FAIRFIELD RD", "month": "April", "hour": "2", "weather": "Clear", "light": "Dark - Not Lighted", "manner": "The First Harmful Event was Not a Collision with a Motor Vehicle in Transport"}}, {"type": "Feature", "geometry": {"type": "Point", "coordinates": [-82.29411111, 34.83471111]}, "properties": {"fatals": 1, "county": "GREENVILLE (45)", "road": "I-85", "month": "April", "hour": "22", "weather": "Clear", "light": "Dark - Not Lighted", "manner": "The First Harmful Event was Not a Collision with a Motor Vehicle in Transport"}}, {"type": "Feature", "geometry": {"type": "Point", "coordinates": [-82.72395, 34.6575]}, "properties": {"fatals": 1, "county": "ANDERSON (7)", "road": "SR-300 DANEHOWER RD", "month": "April", "hour": "15", "weather": "Clear", "light": "Daylight", "manner": "Angle"}}, {"type": "Feature", "geometry": {"type": "Point", "coordinates": [-82.67503333, 34.48981389]}, "properties": {"fatals": 1, "county": "ANDERSON (7)", "road": "SR-28 HWY 28", "month": "April", "hour": "15", "weather": "Clear", "light": "Daylight", "manner": "Angle"}}, {"type": "Feature", "geometry": {"type": "Point", "coordinates": [-80.11426667, 34.03851389]}, "properties": {"fatals": 1, "county": "LEE (61)", "road": "US-76 HWY 76", "month": "April", "hour": "23", "weather": "Clear", "light": "Dark - Not Lighted", "manner": "Front-to-Rear"}}, {"type": "Feature", "geometry": {"type": "Point", "coordinates": [-82.692925, 34.64233889]}, "properties": {"fatals": 1, "county": "ANDERSON (7)", "road": "US-178 LIBERTY HWY", "month": "April", "hour": "12", "weather": "Clear", "light": "Daylight", "manner": "The First Harmful Event was Not a Collision with a Motor Vehicle in Transport"}}, {"type": "Feature", "geometry": {"type": "Point", "coordinates": [-80.34246944, 33.9012]}, "properties": {"fatals": 1, "county": "SUMTER (85)", "road": "SR-859", "month": "January", "hour": "0", "weather": "Cloudy", "light": "Dark - Lighted", "manner": "The First Harmful Event was Not a Collision with a Motor Vehicle in Transport"}}, {"type": "Feature", "geometry": {"type": "Point", "coordinates": [-79.78473611, 34.02427222]}, "properties": {"fatals": 1, "county": "FLORENCE (41)", "road": "SR-147", "month": "January", "hour": "14", "weather": "Clear", "light": "Daylight", "manner": "Front-to-Rear"}}, {"type": "Feature", "geometry": {"type": "Point", "coordinates": [-79.13228333, 34.10819722]}, "properties": {"fatals": 1, "county": "HORRY (51)", "road": "SR-917", "month": "March", "hour": "20", "weather": "Clear", "light": "Dark - Not Lighted", "manner": "Front-to-Front"}}, {"type": "Feature", "geometry": {"type": "Point", "coordinates": [-82.44703889, 34.7876]}, "properties": {"fatals": 1, "county": "GREENVILLE (45)", "road": "SR-263 STAUNTON BRIDGE RD", "month": "April", "hour": "12", "weather": "Clear", "light": "Daylight", "manner": "Angle"}}, {"type": "Feature", "geometry": {"type": "Point", "coordinates": [-79.03886667, 33.86389167]}, "properties": {"fatals": 1, "county": "HORRY (51)", "road": "CR-E COUNTRY CLUB RD", "month": "April", "hour": "13", "weather": "Clear", "light": "Daylight", "manner": "The First Harmful Event was Not a Collision with a Motor Vehicle in Transport"}}, {"type": "Feature", "geometry": {"type": "Point", "coordinates": [-80.62541111, 32.79581111]}, "properties": {"fatals": 2, "county": "COLLETON (29)", "road": "SR-41 RITTER RD", "month": "April", "hour": "17", "weather": "Rain", "light": "Daylight", "manner": "Front-to-Front"}}, {"type": "Feature", "geometry": {"type": "Point", "coordinates": [-81.13674722, 33.97169444]}, "properties": {"fatals": 1, "county": "LEXINGTON (63)", "road": "SR-383 DELREE STREET", "month": "April", "hour": "4", "weather": "Clear", "light": "Dark - Lighted", "manner": "The First Harmful Event was Not a Collision with a Motor Vehicle in Transport"}}, {"type": "Feature", "geometry": {"type": "Point", "coordinates": [-79.55083889, 33.449125]}, "properties": {"fatals": 1, "county": "GEORGETOWN (43)", "road": "SR-707 E ASHLAND STREET", "month": "April", "hour": "17", "weather": "Cloudy", "light": "Daylight", "manner": "The First Harmful Event was Not a Collision with a Motor Vehicle in Transport"}}, {"type": "Feature", "geometry": {"type": "Point", "coordinates": [-80.96228333, 34.12679722]}, "properties": {"fatals": 1, "county": "RICHLAND (79)", "road": "I-77", "month": "April", "hour": "4", "weather": "Rain", "light": "Dark - Not Lighted", "manner": "The First Harmful Event was Not a Collision with a Motor Vehicle in Transport"}}, {"type": "Feature", "geometry": {"type": "Point", "coordinates": [-78.97203056, 34.20115]}, "properties": {"fatals": 1, "county": "HORRY (51)", "road": "SR-33 FAIR BLUFF HWY", "month": "April", "hour": "21", "weather": "Clear", "light": "Dark - Not Lighted", "manner": "The First Harmful Event was Not a Collision with a Motor Vehicle in Transport"}}, {"type": "Feature", "geometry": {"type": "Point", "coordinates": [-81.73115, 34.72041111]}, "properties": {"fatals": 1, "county": "UNION (87)", "road": "SR-215 BUFFALO WEST SPRINGS HW", "month": "April", "hour": "5", "weather": "Rain", "light": "Dark - Unknown Lighting", "manner": "The First Harmful Event was Not a Collision with a Motor Vehicle in Transport"}}, {"type": "Feature", "geometry": {"type": "Point", "coordinates": [-80.87375833, 33.95280833]}, "properties": {"fatals": 1, "county": "RICHLAND (79)", "road": "SR-404 RABBITT RUN", "month": "April", "hour": "16", "weather": "Clear", "light": "Daylight", "manner": "The First Harmful Event was Not a Collision with a Motor Vehicle in Transport"}}, {"type": "Feature", "geometry": {"type": "Point", "coordinates": [-80.96801111, 32.47636111]}, "properties": {"fatals": 1, "county": "JASPER (53)", "road": "SR-336 GRAHAMVILLE RD", "month": "April", "hour": "21", "weather": "Clear", "light": "Dark - Unknown Lighting", "manner": "The First Harmful Event was Not a Collision with a Motor Vehicle in Transport"}}, {"type": "Feature", "geometry": {"type": "Point", "coordinates": [-82.39776944, 34.89306667]}, "properties": {"fatals": 1, "county": "GREENVILLE (45)", "road": "SR-310 WORLEY RD", "month": "April", "hour": "0", "weather": "Clear", "light": "Dark - Not Lighted", "manner": "The First Harmful Event was Not a Collision with a Motor Vehicle in Transport"}}, {"type": "Feature", "geometry": {"type": "Point", "coordinates": [-82.705975, 34.48514722]}, "properties": {"fatals": 1, "county": "ANDERSON (7)", "road": "SR-22 DOBBINS BRIDGE RD", "month": "April", "hour": "3", "weather": "Clear", "light": "Dark - Not Lighted", "manner": "The First Harmful Event was Not a Collision with a Motor Vehicle in Transport"}}, {"type": "Feature", "geometry": {"type": "Point", "coordinates": [-81.81027222, 35.00957778]}, "properties": {"fatals": 1, "county": "SPARTANBURG (83)", "road": "US-29 S MAIN STREET", "month": "April", "hour": "21", "weather": "Cloudy", "light": "Dark - Unknown Lighting", "manner": "The First Harmful Event was Not a Collision with a Motor Vehicle in Transport"}}, {"type": "Feature", "geometry": {"type": "Point", "coordinates": [-80.26603056, 32.79548056]}, "properties": {"fatals": 2, "county": "CHARLESTON (19)", "road": "SR-165 HWY 165", "month": "April", "hour": "1", "weather": "Clear", "light": "Dark - Not Lighted", "manner": "Front-to-Front"}}, {"type": "Feature", "geometry": {"type": "Point", "coordinates": [-80.07091389, 32.72639167]}, "properties": {"fatals": 1, "county": "CHARLESTON (19)", "road": "SR-700 MAYBANK HWY", "month": "April", "hour": "18", "weather": "Clear", "light": "Daylight", "manner": "The First Harmful Event was Not a Collision with a Motor Vehicle in Transport"}}, {"type": "Feature", "geometry": {"type": "Point", "coordinates": [-81.33535, 34.0014]}, "properties": {"fatals": 1, "county": "LEXINGTON (63)", "road": "SR-486 BEECHWOODS DRIVE", "month": "April", "hour": "18", "weather": "Clear", "light": "Daylight", "manner": "The First Harmful Event was Not a Collision with a Motor Vehicle in Transport"}}, {"type": "Feature", "geometry": {"type": "Point", "coordinates": [-82.14946667, 34.79836389]}, "properties": {"fatals": 1, "county": "SPARTANBURG (83)", "road": "SR-146 HWY 146", "month": "April", "hour": "17", "weather": "Clear", "light": "Daylight", "manner": "Front-to-Front"}}, {"type": "Feature", "geometry": {"type": "Point", "coordinates": [-78.88901111, 33.71735]}, "properties": {"fatals": 2, "county": "HORRY (51)", "road": "US-17 N HWY 17 BYPASS", "month": "April", "hour": "17", "weather": "Clear", "light": "Daylight", "manner": "Front-to-Rear"}}, {"type": "Feature", "geometry": {"type": "Point", "coordinates": [-79.94386944, 33.34728056]}, "properties": {"fatals": 1, "county": "BERKELEY (15)", "road": "US-52 N HWY 52", "month": "April", "hour": "17", "weather": "Clear", "light": "Daylight", "manner": "Angle"}}, {"type": "Feature", "geometry": {"type": "Point", "coordinates": [-81.00994722, 34.08538889]}, "properties": {"fatals": 1, "county": "RICHLAND (79)", "road": "CR-MEADOWLAKE DRIVE", "month": "April", "hour": "3", "weather": "Clear", "light": "Dark - Not Lighted", "manner": "The First Harmful Event was Not a Collision with a Motor Vehicle in Transport"}}, {"type": "Feature", "geometry": {"type": "Point", "coordinates": [-80.65573611, 34.78613056]}, "properties": {"fatals": 1, "county": "LANCASTER (57)", "road": "SR-51 CAMP CREEK RD", "month": "April", "hour": "18", "weather": "Clear", "light": "Daylight", "manner": "The First Harmful Event was Not a Collision with a Motor Vehicle in Transport"}}, {"type": "Feature", "geometry": {"type": "Point", "coordinates": [-80.62716944, 33.03951111]}, "properties": {"fatals": 1, "county": "COLLETON (29)", "road": "US-15 JEFFRIES HWY", "month": "April", "hour": "8", "weather": "Clear", "light": "Daylight", "manner": "The First Harmful Event was Not a Collision with a Motor Vehicle in Transport"}}, {"type": "Feature", "geometry": {"type": "Point", "coordinates": [-81.42390556, 34.01747222]}, "properties": {"fatals": 1, "county": "LEXINGTON (63)", "road": "US-378 HWY 378", "month": "April", "hour": "16", "weather": "Clear", "light": "Daylight", "manner": "The First Harmful Event was Not a Collision with a Motor Vehicle in Transport"}}, {"type": "Feature", "geometry": {"type": "Point", "coordinates": [-82.24021111, 34.73991111]}, "properties": {"fatals": 1, "county": "GREENVILLE (45)", "road": "SR-417 E CURTIS STREET", "month": "April", "hour": "8", "weather": "Clear", "light": "Daylight", "manner": "Front-to-Front"}}, {"type": "Feature", "geometry": {"type": "Point", "coordinates": [-82.02481111, 34.50635]}, "properties": {"fatals": 1, "county": "LAURENS (59)", "road": "US-76 CHURCH STREET", "month": "April", "hour": "14", "weather": "Clear", "light": "Daylight", "manner": "The First Harmful Event was Not a Collision with a Motor Vehicle in Transport"}}, {"type": "Feature", "geometry": {"type": "Point", "coordinates": [-80.77235833, 32.19186389]}, "properties": {"fatals": 1, "county": "BEAUFORT (13)", "road": "SR-79 SPANISH WELLS", "month": "April", "hour": "19", "weather": "Clear", "light": "Dusk", "manner": "The First Harmful Event was Not a Collision with a Motor Vehicle in Transport"}}, {"type": "Feature", "geometry": {"type": "Point", "coordinates": [-78.84264722, 33.72704722]}, "properties": {"fatals": 1, "county": "HORRY (51)", "road": "US-17 HWY 17 BUSINESS", "month": "April", "hour": "18", "weather": "Clear", "light": "Daylight", "manner": "The First Harmful Event was Not a Collision with a Motor Vehicle in Transport"}}, {"type": "Feature", "geometry": {"type": "Point", "coordinates": [-80.09651944, 34.432675]}, "properties": {"fatals": 1, "county": "DARLINGTON (31)", "road": "SR-20 RUBY RD", "month": "April", "hour": "0", "weather": "Clear", "light": "Dark - Not Lighted", "manner": "Front-to-Front"}}, {"type": "Feature", "geometry": {"type": "Point", "coordinates": [-80.14628056, 33.10383611]}, "properties": {"fatals": 1, "county": "BERKELEY (15)", "road": "SR-275 SHEEP ISLAND RD", "month": "April", "hour": "21", "weather": "Clear", "light": "Dark - Not Lighted", "manner": "The First Harmful Event was Not a Collision with a Motor Vehicle in Transport"}}, {"type": "Feature", "geometry": {"type": "Point", "coordinates": [-82.29066111, 34.81723056]}, "properties": {"fatals": 1, "county": "GREENVILLE (45)", "road": "I-385 RAMP", "month": "April", "hour": "23", "weather": "Clear", "light": "Dark - Unknown Lighting", "manner": "The First Harmful Event was Not a Collision with a Motor Vehicle in Transport"}}, {"type": "Feature", "geometry": {"type": "Point", "coordinates": [-82.09188333, 34.94541667]}, "properties": {"fatals": 3, "county": "SPARTANBURG (83)", "road": "US-29 GREENVILLE HWY", "month": "April", "hour": "16", "weather": "Clear", "light": "Daylight", "manner": "Angle"}}, {"type": "Feature", "geometry": {"type": "Point", "coordinates": [-79.20905, 34.22884722]}, "properties": {"fatals": 1, "county": "MARION (67)", "road": "SR-309 GILCHRIST RD", "month": "April", "hour": "7", "weather": "Clear", "light": "Daylight", "manner": "The First Harmful Event was Not a Collision with a Motor Vehicle in Transport"}}, {"type": "Feature", "geometry": {"type": "Point", "coordinates": [-80.76680278, 34.70521389]}, "properties": {"fatals": 1, "county": "LANCASTER (57)", "road": "SR-200 GREAT FALLS HWY", "month": "April", "hour": "21", "weather": "Clear", "light": "Dark - Lighted", "manner": "The First Harmful Event was Not a Collision with a Motor Vehicle in Transport"}}, {"type": "Feature", "geometry": {"type": "Point", "coordinates": [-81.13965833, 32.98551944]}, "properties": {"fatals": 1, "county": "HAMPTON (49)", "road": "SR-13 OLD SALKEHATCHIE HWY", "month": "April", "hour": "2", "weather": "Clear", "light": "Dark - Not Lighted", "manner": "The First Harmful Event was Not a Collision with a Motor Vehicle in Transport"}}, {"type": "Feature", "geometry": {"type": "Point", "coordinates": [-82.45445833, 34.88719722]}, "properties": {"fatals": 1, "county": "GREENVILLE (45)", "road": "SR-87 SULPHER SPRINGS RD", "month": "April", "hour": "7", "weather": "Clear", "light": "Daylight", "manner": "Front-to-Front"}}, {"type": "Feature", "geometry": {"type": "Point", "coordinates": [-81.60939722, 34.69109167]}, "properties": {"fatals": 1, "county": "UNION (87)", "road": "US-176 WHITMIRE HWY", "month": "April", "hour": "7", "weather": "Clear", "light": "Dawn", "manner": "Front-to-Front"}}, {"type": "Feature", "geometry": {"type": "Point", "coordinates": [-82.02085, 35.01611389]}, "properties": {"fatals": 1, "county": "SPARTANBURG (83)", "road": "US-176", "month": "April", "hour": "19", "weather": "Clear", "light": "Daylight", "manner": "Angle"}}, {"type": "Feature", "geometry": {"type": "Point", "coordinates": [-81.08818611, 34.35971944]}, "properties": {"fatals": 1, "county": "FAIRFIELD (39)", "road": "SR-184 EIGHT STREET", "month": "April", "hour": "19", "weather": "Clear", "light": "Daylight", "manner": "Angle"}}, {"type": "Feature", "geometry": {"type": "Point", "coordinates": [-79.70548056, 34.19693611]}, "properties": {"fatals": 1, "county": "FLORENCE (41)", "road": "US-76 EAST PALMETTO STREET", "month": "April", "hour": "0", "weather": "Clear", "light": "Dark - Not Lighted", "manner": "The First Harmful Event was Not a Collision with a Motor Vehicle in Transport"}}, {"type": "Feature", "geometry": {"type": "Point", "coordinates": [-80.21631111, 34.79300556]}, "properties": {"fatals": 1, "county": "CHESTERFIELD (25)", "road": "SR-109 HWY 109", "month": "April", "hour": "19", "weather": "Clear", "light": "Daylight", "manner": "The First Harmful Event was Not a Collision with a Motor Vehicle in Transport"}}, {"type": "Feature", "geometry": {"type": "Point", "coordinates": [-82.02778333, 34.89245556]}, "properties": {"fatals": 1, "county": "SPARTANBURG (83)", "road": "CR-NAZARETH CHURCH RD", "month": "April", "hour": "9", "weather": "Clear", "light": "Daylight", "manner": "Front-to-Front"}}, {"type": "Feature", "geometry": {"type": "Point", "coordinates": [-78.80653611, 33.85561944]}, "properties": {"fatals": 1, "county": "HORRY (51)", "road": "SR-90 HWY 90", "month": "April", "hour": "20", "weather": "Clear", "light": "Dark - Not Lighted", "manner": "The First Harmful Event was Not a Collision with a Motor Vehicle in Transport"}}, {"type": "Feature", "geometry": {"type": "Point", "coordinates": [-80.74310556, 32.969375]}, "properties": {"fatals": 1, "county": "COLLETON (29)", "road": "SR-44 RUFFIN RD", "month": "April", "hour": "13", "weather": "Clear", "light": "Daylight", "manner": "The First Harmful Event was Not a Collision with a Motor Vehicle in Transport"}}, {"type": "Feature", "geometry": {"type": "Point", "coordinates": [-80.91725, 34.98928889]}, "properties": {"fatals": 1, "county": "YORK (91)", "road": "SR-460 FORT MILL PKWY", "month": "April", "hour": "23", "weather": "Clear", "light": "Dark - Not Lighted", "manner": "The First Harmful Event was Not a Collision with a Motor Vehicle in Transport"}}, {"type": "Feature", "geometry": {"type": "Point", "coordinates": [-80.04503056, 33.0077]}, "properties": {"fatals": 1, "county": "BERKELEY (15)", "road": "US-176 ST JAMES AVE", "month": "April", "hour": "6", "weather": "Clear", "light": "Daylight", "manner": "Angle"}}, {"type": "Feature", "geometry": {"type": "Point", "coordinates": [-81.0233, 34.03453056]}, "properties": {"fatals": 1, "county": "RICHLAND (79)", "road": "SR-555 FARROW RD", "month": "April", "hour": "22", "weather": "Clear", "light": "Daylight", "manner": "The First Harmful Event was Not a Collision with a Motor Vehicle in Transport"}}, {"type": "Feature", "geometry": {"type": "Point", "coordinates": [-80.73358889, 32.45763056]}, "properties": {"fatals": 1, "county": "BEAUFORT (13)", "road": "US-21 TRASK PKWY", "month": "April", "hour": "6", "weather": "Clear", "light": "Daylight", "manner": "Front-to-Front"}}, {"type": "Feature", "geometry": {"type": "Point", "coordinates": [-80.49728889, 33.96334167]}, "properties": {"fatals": 1, "county": "SUMTER (85)", "road": "SR-441 PEACH ORCHARD RD", "month": "April", "hour": "18", "weather": "Clear", "light": "Daylight", "manner": "The First Harmful Event was Not a Collision with a Motor Vehicle in Transport"}}, {"type": "Feature", "geometry": {"type": "Point", "coordinates": [-81.81261667, 35.08231944]}, "properties": {"fatals": 1, "county": "CHEROKEE (21)", "road": "SR-110 BATTLEGROUND RD", "month": "April", "hour": "15", "weather": "Clear", "light": "Daylight", "manner": "Front-to-Front"}}, {"type": "Feature", "geometry": {"type": "Point", "coordinates": [-80.89433889, 33.53009167]}, "properties": {"fatals": 1, "county": "ORANGEBURG (75)", "road": "US-178 NORTH RD", "month": "April", "hour": "5", "weather": "Clear", "light": "Dawn", "manner": "The First Harmful Event was Not a Collision with a Motor Vehicle in Transport"}}, {"type": "Feature", "geometry": {"type": "Point", "coordinates": [-79.91357222, 34.09371667]}, "properties": {"fatals": 1, "county": "FLORENCE (41)", "road": "SR-69 YOUNG RD", "month": "April", "hour": "22", "weather": "Clear", "light": "Dark - Not Lighted", "manner": "The First Harmful Event was Not a Collision with a Motor Vehicle in Transport"}}, {"type": "Feature", "geometry": {"type": "Point", "coordinates": [-81.83742778, 33.722175]}, "properties": {"fatals": 1, "county": "EDGEFIELD (37)", "road": "SR-19 EDGEFIELD HWY", "month": "April", "hour": "16", "weather": "Clear", "light": "Daylight", "manner": "Front-to-Front"}}, {"type": "Feature", "geometry": {"type": "Point", "coordinates": [-80.03440556, 33.05458611]}, "properties": {"fatals": 1, "county": "BERKELEY (15)", "road": "US-52 HWY 52", "month": "April", "hour": "8", "weather": "Clear", "light": "Daylight", "manner": "The First Harmful Event was Not a Collision with a Motor Vehicle in Transport"}}, {"type": "Feature", "geometry": {"type": "Point", "coordinates": [-82.28026944, 34.79591389]}, "properties": {"fatals": 1, "county": "GREENVILLE (45)", "road": "I-385", "month": "April", "hour": "18", "weather": "Clear", "light": "Daylight", "manner": "Front-to-Rear"}}, {"type": "Feature", "geometry": {"type": "Point", "coordinates": [-79.05578056, 33.8605]}, "properties": {"fatals": 1, "county": "HORRY (51)", "road": "US-701 MAIN ST", "month": "April", "hour": "6", "weather": "Clear", "light": "Dark - Not Lighted", "manner": "The First Harmful Event was Not a Collision with a Motor Vehicle in Transport"}}, {"type": "Feature", "geometry": {"type": "Point", "coordinates": [-80.73028889, 32.42105556]}, "properties": {"fatals": 1, "county": "BEAUFORT (13)", "road": "US-21 PARRIS ISLAND GTWY", "month": "April", "hour": "0", "weather": "Clear", "light": "Dark - Not Lighted", "manner": "Angle"}}, {"type": "Feature", "geometry": {"type": "Point", "coordinates": [-80.80570556, 33.94437222]}, "properties": {"fatals": 1, "county": "RICHLAND (79)", "road": "US-76", "month": "April", "hour": "5", "weather": "Clear", "light": "Dark - Not Lighted", "manner": "The First Harmful Event was Not a Collision with a Motor Vehicle in Transport"}}, {"type": "Feature", "geometry": {"type": "Point", "coordinates": [-82.18758889, 33.93546389]}, "properties": {"fatals": 1, "county": "MCCORMICK (65)", "road": "SR-138 LIBERTY HILL RD", "month": "April", "hour": "6", "weather": "Clear", "light": "Dawn", "manner": "The First Harmful Event was Not a Collision with a Motor Vehicle in Transport"}}, {"type": "Feature", "geometry": {"type": "Point", "coordinates": [-82.38348056, 34.85353056]}, "properties": {"fatals": 1, "county": "GREENVILLE (45)", "road": "US-276 LAURENS RD", "month": "April", "hour": "12", "weather": "Clear", "light": "Daylight", "manner": "The First Harmful Event was Not a Collision with a Motor Vehicle in Transport"}}, {"type": "Feature", "geometry": {"type": "Point", "coordinates": [-80.95103333, 34.17402778]}, "properties": {"fatals": 1, "county": "RICHLAND (79)", "road": "SR-2074 HOBART RD", "month": "April", "hour": "16", "weather": "Clear", "light": "Daylight", "manner": "The First Harmful Event was Not a Collision with a Motor Vehicle in Transport"}}, {"type": "Feature", "geometry": {"type": "Point", "coordinates": [-81.63697778, 35.07939722]}, "properties": {"fatals": 1, "county": "CHEROKEE (21)", "road": "US-29 CHEROKEE AVE", "month": "April", "hour": "20", "weather": "Clear", "light": "Dark - Not Lighted", "manner": "The First Harmful Event was Not a Collision with a Motor Vehicle in Transport"}}, {"type": "Feature", "geometry": {"type": "Point", "coordinates": [-81.30030278, 33.00306389]}, "properties": {"fatals": 1, "county": "ALLENDALE (5)", "road": "SR-10 RAILROAD AVE", "month": "April", "hour": "23", "weather": "Clear", "light": "Dark - Unknown Lighting", "manner": "The First Harmful Event was Not a Collision with a Motor Vehicle in Transport"}}, {"type": "Feature", "geometry": {"type": "Point", "coordinates": [-79.81256389, 33.64180556]}, "properties": {"fatals": 1, "county": "WILLIAMSBURG (89)", "road": "SR-377 MARTIN LUTHER KING JR H", "month": "April", "hour": "18", "weather": "Clear", "light": "Daylight", "manner": "The First Harmful Event was Not a Collision with a Motor Vehicle in Transport"}}, {"type": "Feature", "geometry": {"type": "Point", "coordinates": [-80.7615, 32.19578889]}, "properties": {"fatals": 1, "county": "BEAUFORT (13)", "road": "US-278", "month": "February", "hour": "8", "weather": "Clear", "light": "Daylight", "manner": "The First Harmful Event was Not a Collision with a Motor Vehicle in Transport"}}, {"type": "Feature", "geometry": {"type": "Point", "coordinates": [-80.74202778, 33.94383056]}, "properties": {"fatals": 1, "county": "RICHLAND (79)", "road": "US-76 GARDNERS FERRY RD", "month": "March", "hour": "22", "weather": "Clear", "light": "Dark - Not Lighted", "manner": "Front-to-Rear"}}, {"type": "Feature", "geometry": {"type": "Point", "coordinates": [-80.35741944, 33.79852778]}, "properties": {"fatals": 1, "county": "SUMTER (85)", "road": "US-15 HWY 15 BUS", "month": "March", "hour": "20", "weather": "Clear", "light": "Dark - Lighted", "manner": "Front-to-Rear"}}, {"type": "Feature", "geometry": {"type": "Point", "coordinates": [-79.96008611, 33.22577222]}, "properties": {"fatals": 2, "county": "BERKELEY (15)", "road": "US-17 ALT", "month": "March", "hour": "21", "weather": "Clear", "light": "Dark - Not Lighted", "manner": "Front-to-Rear"}}, {"type": "Feature", "geometry": {"type": "Point", "coordinates": [-80.94710278, 32.29869722]}, "properties": {"fatals": 1, "county": "BEAUFORT (13)", "road": "US-278 FORDING ISLAND RD", "month": "March", "hour": "20", "weather": "Clear", "light": "Dark - Not Lighted", "manner": "The First Harmful Event was Not a Collision with a Motor Vehicle in Transport"}}, {"type": "Feature", "geometry": {"type": "Point", "coordinates": [-81.09625833, 32.37569444]}, "properties": {"fatals": 2, "county": "JASPER (53)", "road": "US-321 DEERFIELD RD", "month": "April", "hour": "13", "weather": "Clear", "light": "Daylight", "manner": "The First Harmful Event was Not a Collision with a Motor Vehicle in Transport"}}, {"type": "Feature", "geometry": {"type": "Point", "coordinates": [-82.3949, 34.70016389]}, "properties": {"fatals": 1, "county": "GREENVILLE (45)", "road": "US-25 AUGUSTA RD", "month": "May", "hour": "11", "weather": "Clear", "light": "Daylight", "manner": "Front-to-Front"}}, {"type": "Feature", "geometry": {"type": "Point", "coordinates": [-80.28998056, 33.99593611]}, "properties": {"fatals": 1, "county": "SUMTER (85)", "road": "US-401 OSWEGO HWY", "month": "May", "hour": "21", "weather": "Cloudy", "light": "Dark - Not Lighted", "manner": "The First Harmful Event was Not a Collision with a Motor Vehicle in Transport"}}, {"type": "Feature", "geometry": {"type": "Point", "coordinates": [-82.14631389, 34.23540278]}, "properties": {"fatals": 1, "county": "GREENWOOD (47)", "road": "SR-285 AIRPORT RD", "month": "May", "hour": "1", "weather": "Clear", "light": "Dark - Not Lighted", "manner": "The First Harmful Event was Not a Collision with a Motor Vehicle in Transport"}}, {"type": "Feature", "geometry": {"type": "Point", "coordinates": [-82.79536667, 34.52886944]}, "properties": {"fatals": 1, "county": "ANDERSON (7)", "road": "SR-24 HWY 24", "month": "May", "hour": "1", "weather": "Clear", "light": "Dark - Not Lighted", "manner": "Front-to-Front"}}, {"type": "Feature", "geometry": {"type": "Point", "coordinates": [-80.98940278, 34.04544167]}, "properties": {"fatals": 1, "county": "RICHLAND (79)", "road": "US-1 TWO NOTCH RD", "month": "May", "hour": "21", "weather": "Clear", "light": "Dark - Not Lighted", "manner": "The First Harmful Event was Not a Collision with a Motor Vehicle in Transport"}}, {"type": "Feature", "geometry": {"type": "Point", "coordinates": [-82.44388056, 34.84125]}, "properties": {"fatals": 1, "county": "GREENVILLE (45)", "road": "SR-149 N WASHINGTON AVE", "month": "May", "hour": "15", "weather": "Clear", "light": "Daylight", "manner": "The First Harmful Event was Not a Collision with a Motor Vehicle in Transport"}}, {"type": "Feature", "geometry": {"type": "Point", "coordinates": [-78.94821111, 33.64136111]}, "properties": {"fatals": 1, "county": "HORRY (51)", "road": "US-17 S KINGS HWY", "month": "May", "hour": "22", "weather": "Clear", "light": "Dark - Not Lighted", "manner": "The First Harmful Event was Not a Collision with a Motor Vehicle in Transport"}}, {"type": "Feature", "geometry": {"type": "Point", "coordinates": [-80.31106944, 32.72158056]}, "properties": {"fatals": 1, "county": "CHARLESTON (19)", "road": "SR-162 HWY 162", "month": "May", "hour": "0", "weather": "Clear", "light": "Dark - Not Lighted", "manner": "Front-to-Front"}}, {"type": "Feature", "geometry": {"type": "Point", "coordinates": [-80.66785, 34.197525]}, "properties": {"fatals": 1, "county": "KERSHAW (55)", "road": "I-20", "month": "May", "hour": "0", "weather": "Cloudy", "light": "Dark - Not Lighted", "manner": "Front-to-Rear"}}, {"type": "Feature", "geometry": {"type": "Point", "coordinates": [-80.96179722, 34.10747222]}, "properties": {"fatals": 1, "county": "RICHLAND (79)", "road": "I-77", "month": "May", "hour": "5", "weather": "Clear", "light": "Dark - Not Lighted", "manner": "Front-to-Front"}}, {"type": "Feature", "geometry": {"type": "Point", "coordinates": [-81.60215, 33.70265]}, "properties": {"fatals": 1, "county": "AIKEN (3)", "road": "I-20", "month": "May", "hour": "7", "weather": "Clear", "light": "Daylight", "manner": "The First Harmful Event was Not a Collision with a Motor Vehicle in Transport"}}, {"type": "Feature", "geometry": {"type": "Point", "coordinates": [-81.09854444, 34.038375]}, "properties": {"fatals": 1, "county": "RICHLAND (79)", "road": "I-26", "month": "May", "hour": "18", "weather": "Clear", "light": "Daylight", "manner": "Front-to-Front"}}, {"type": "Feature", "geometry": {"type": "Point", "coordinates": [-82.36151389, 34.89900278]}, "properties": {"fatals": 1, "county": "GREENVILLE (45)", "road": "SR-21 RUTHERFORD RD", "month": "May", "hour": "20", "weather": "Clear", "light": "Daylight", "manner": "The First Harmful Event was Not a Collision with a Motor Vehicle in Transport"}}, {"type": "Feature", "geometry": {"type": "Point", "coordinates": [-80.04683056, 32.86081111]}, "properties": {"fatals": 1, "county": "CHARLESTON (19)", "road": "SR-642 DORCHESTER RD", "month": "May", "hour": "20", "weather": "Clear", "light": "Dark - Not Lighted", "manner": "Angle"}}, {"type": "Feature", "geometry": {"type": "Point", "coordinates": [-81.51788056, 33.98180278]}, "properties": {"fatals": 1, "county": "LEXINGTON (63)", "road": "SR-46 RIDGE RD", "month": "May", "hour": "16", "weather": "Clear", "light": "Daylight", "manner": "The First Harmful Event was Not a Collision with a Motor Vehicle in Transport"}}, {"type": "Feature", "geometry": {"type": "Point", "coordinates": [-81.14773056, 33.98703889]}, "properties": {"fatals": 1, "county": "LEXINGTON (63)", "road": "SR-685 JESSAMINE RD", "month": "May", "hour": "22", "weather": "Clear", "light": "Dark - Not Lighted", "manner": "The First Harmful Event was Not a Collision with a Motor Vehicle in Transport"}}, {"type": "Feature", "geometry": {"type": "Point", "coordinates": [-80.27055556, 32.77208611]}, "properties": {"fatals": 3, "county": "CHARLESTON (19)", "road": "US-17 SAVANNAH HWY", "month": "May", "hour": "22", "weather": "Clear", "light": "Dark - Not Lighted", "manner": "Angle"}}, {"type": "Feature", "geometry": {"type": "Point", "coordinates": [-79.27793889, 33.37008889]}, "properties": {"fatals": 1, "county": "GEORGETOWN (43)", "road": "US-17 CHURCH STREET", "month": "May", "hour": "10", "weather": "Cloudy", "light": "Daylight", "manner": "Front-to-Front"}}, {"type": "Feature", "geometry": {"type": "Point", "coordinates": [-81.20761111, 33.81902778]}, "properties": {"fatals": 1, "county": "LEXINGTON (63)", "road": "CR- JIM SPENCE RD", "month": "May", "hour": "18", "weather": "Clear", "light": "Daylight", "manner": "Angle"}}, {"type": "Feature", "geometry": {"type": "Point", "coordinates": [-79.07398056, 33.77993889]}, "properties": {"fatals": 1, "county": "HORRY (51)", "road": "US-701 HWY 701", "month": "May", "hour": "20", "weather": "Clear", "light": "Dark - Unknown Lighting", "manner": "Front-to-Front"}}, {"type": "Feature", "geometry": {"type": "Point", "coordinates": [-81.85253889, 35.06540556]}, "properties": {"fatals": 1, "county": "SPARTANBURG (83)", "road": "SR-105 MAYO RD", "month": "May", "hour": "22", "weather": "Clear", "light": "Dark - Not Lighted", "manner": "The First Harmful Event was Not a Collision with a Motor Vehicle in Transport"}}, {"type": "Feature", "geometry": {"type": "Point", "coordinates": [-81.99616944, 33.53851944]}, "properties": {"fatals": 1, "county": "AIKEN (3)", "road": "I-20 EXIT RAMP", "month": "May", "hour": "6", "weather": "Clear", "light": "Daylight", "manner": "The First Harmful Event was Not a Collision with a Motor Vehicle in Transport"}}, {"type": "Feature", "geometry": {"type": "Point", "coordinates": [-82.28033056, 34.79666944]}, "properties": {"fatals": 1, "county": "GREENVILLE (45)", "road": "I-385", "month": "May", "hour": "1", "weather": "Clear", "light": "Dark - Unknown Lighting", "manner": "The First Harmful Event was Not a Collision with a Motor Vehicle in Transport"}}, {"type": "Feature", "geometry": {"type": "Point", "coordinates": [-82.33941111, 34.81291111]}, "properties": {"fatals": 1, "county": "GREENVILLE (45)", "road": "I-85", "month": "May", "hour": "7", "weather": "Clear", "light": "Daylight", "manner": "Front-to-Rear"}}, {"type": "Feature", "geometry": {"type": "Point", "coordinates": [-82.22951944, 34.67451389]}, "properties": {"fatals": 1, "county": "GREENVILLE (45)", "road": "SR-418 HWY 418", "month": "May", "hour": "23", "weather": "Clear", "light": "Dark - Not Lighted", "manner": "The First Harmful Event was Not a Collision with a Motor Vehicle in Transport"}}, {"type": "Feature", "geometry": {"type": "Point", "coordinates": [-80.99175, 33.46396944]}, "properties": {"fatals": 1, "county": "ORANGEBURG (75)", "road": "SR-33 HICLORY HILL RD", "month": "May", "hour": "23", "weather": "Clear", "light": "Dark - Not Lighted", "manner": "Angle"}}, {"type": "Feature", "geometry": {"type": "Point", "coordinates": [-80.08349444, 32.73208611]}, "properties": {"fatals": 2, "county": "CHARLESTON (19)", "road": "SR-1442 BROWNSWOOD RD", "month": "May", "hour": "1", "weather": "Cloudy", "light": "Dark - Not Lighted", "manner": "The First Harmful Event was Not a Collision with a Motor Vehicle in Transport"}}, {"type": "Feature", "geometry": {"type": "Point", "coordinates": [-80.4678, 33.31788889]}, "properties": {"fatals": 1, "county": "ORANGEBURG (75)", "road": "US-15 BASS DRIVE", "month": "May", "hour": "16", "weather": "Clear", "light": "Daylight", "manner": "Angle"}}, {"type": "Feature", "geometry": {"type": "Point", "coordinates": [-82.16732778, 34.24167778]}, "properties": {"fatals": 1, "county": "GREENWOOD (47)", "road": "SR-97 DEADFALL RD", "month": "May", "hour": "23", "weather": "Clear", "light": "Dark - Not Lighted", "manner": "The First Harmful Event was Not a Collision with a Motor Vehicle in Transport"}}, {"type": "Feature", "geometry": {"type": "Point", "coordinates": [-82.27356944, 34.85373611]}, "properties": {"fatals": 1, "county": "GREENVILLE (45)", "road": "I-85", "month": "May", "hour": "7", "weather": "Clear", "light": "Daylight", "manner": "Angle"}}, {"type": "Feature", "geometry": {"type": "Point", "coordinates": [-79.02544444, 33.5764]}, "properties": {"fatals": 1, "county": "HORRY (51)", "road": "US-17 HWY 17 BUSINESS", "month": "May", "hour": "20", "weather": "Clear", "light": "Dark - Not Lighted", "manner": "The First Harmful Event was Not a Collision with a Motor Vehicle in Transport"}}, {"type": "Feature", "geometry": {"type": "Point", "coordinates": [-80.05070278, 32.93973889]}, "properties": {"fatals": 1, "county": "CHARLESTON (19)", "road": "I-26 RAMP", "month": "May", "hour": "1", "weather": "Clear", "light": "Dark - Not Lighted", "manner": "The First Harmful Event was Not a Collision with a Motor Vehicle in Transport"}}, {"type": "Feature", "geometry": {"type": "Point", "coordinates": [-81.08593611, 34.04790556]}, "properties": {"fatals": 1, "county": "RICHLAND (79)", "road": "CR-WOOD TRAIL DRIVE", "month": "May", "hour": "15", "weather": "Clear", "light": "Daylight", "manner": "The First Harmful Event was Not a Collision with a Motor Vehicle in Transport"}}, {"type": "Feature", "geometry": {"type": "Point", "coordinates": [-80.83732222, 34.65012778]}, "properties": {"fatals": 1, "county": "LANCASTER (57)", "road": "SR-200 GREAT FALLS HWY", "month": "May", "hour": "6", "weather": "Clear", "light": "Daylight", "manner": "The First Harmful Event was Not a Collision with a Motor Vehicle in Transport"}}, {"type": "Feature", "geometry": {"type": "Point", "coordinates": [-80.89038611, 34.22598056]}, "properties": {"fatals": 1, "county": "RICHLAND (79)", "road": "SR-60", "month": "May", "hour": "21", "weather": "Clear", "light": "Dark - Not Lighted", "manner": "The First Harmful Event was Not a Collision with a Motor Vehicle in Transport"}}, {"type": "Feature", "geometry": {"type": "Point", "coordinates": [-82.65720556, 34.47779167]}, "properties": {"fatals": 1, "county": "ANDERSON (7)", "road": "SR-28 HWY 28", "month": "May", "hour": "13", "weather": "Clear", "light": "Daylight", "manner": "The First Harmful Event was Not a Collision with a Motor Vehicle in Transport"}}, {"type": "Feature", "geometry": {"type": "Point", "coordinates": [-82.25686111, 34.81095]}, "properties": {"fatals": 1, "county": "GREENVILLE (45)", "road": "SR-14 HWY 14", "month": "May", "hour": "9", "weather": "Clear", "light": "Daylight", "manner": "The First Harmful Event was Not a Collision with a Motor Vehicle in Transport"}}, {"type": "Feature", "geometry": {"type": "Point", "coordinates": [-78.72585278, 33.86289722]}, "properties": {"fatals": 1, "county": "HORRY (51)", "road": "SR-57 WAMPEE RD", "month": "May", "hour": "1", "weather": "Clear", "light": "Dark - Not Lighted", "manner": "The First Harmful Event was Not a Collision with a Motor Vehicle in Transport"}}, {"type": "Feature", "geometry": {"type": "Point", "coordinates": [-79.53793056, 34.34029722]}, "properties": {"fatals": 1, "county": "DILLON (33)", "road": "I-95", "month": "May", "hour": "6", "weather": "Clear", "light": "Daylight", "manner": "The First Harmful Event was Not a Collision with a Motor Vehicle in Transport"}}, {"type": "Feature", "geometry": {"type": "Point", "coordinates": [-81.24031944, 32.80608611]}, "properties": {"fatals": 1, "county": "HAMPTON (49)", "road": "US-321 COLUMBIA HWY", "month": "May", "hour": "8", "weather": "Clear", "light": "Daylight", "manner": "Front-to-Front"}}, {"type": "Feature", "geometry": {"type": "Point", "coordinates": [-80.93213889, 35.09836389]}, "properties": {"fatals": 1, "county": "YORK (91)", "road": "I-77", "month": "May", "hour": "10", "weather": "Clear", "light": "Daylight", "manner": "The First Harmful Event was Not a Collision with a Motor Vehicle in Transport"}}, {"type": "Feature", "geometry": {"type": "Point", "coordinates": [-80.85383056, 34.95814444]}, "properties": {"fatals": 1, "county": "LANCASTER (57)", "road": "US-521 CHARLOTTE HWY", "month": "May", "hour": "13", "weather": "Clear", "light": "Daylight", "manner": "The First Harmful Event was Not a Collision with a Motor Vehicle in Transport"}}, {"type": "Feature", "geometry": {"type": "Point", "coordinates": [-78.94026944, 33.71016111]}, "properties": {"fatals": 1, "county": "HORRY (51)", "road": "SR-1244 GEORGE BISHOP PKWY", "month": "May", "hour": "0", "weather": "Clear", "light": "Dark - Lighted", "manner": "The First Harmful Event was Not a Collision with a Motor Vehicle in Transport"}}, {"type": "Feature", "geometry": {"type": "Point", "coordinates": [-82.61180556, 34.60502222]}, "properties": {"fatals": 4, "county": "ANDERSON (7)", "road": "SR-81 HWY 81", "month": "May", "hour": "18", "weather": "Clear", "light": "Daylight", "manner": "Front-to-Front"}}, {"type": "Feature", "geometry": {"type": "Point", "coordinates": [-79.12248056, 33.89095556]}, "properties": {"fatals": 1, "county": "HORRY (51)", "road": "US-501", "month": "May", "hour": "19", "weather": "Clear", "light": "Dusk", "manner": "The First Harmful Event was Not a Collision with a Motor Vehicle in Transport"}}, {"type": "Feature", "geometry": {"type": "Point", "coordinates": [-79.08108889, 33.819]}, "properties": {"fatals": 1, "county": "HORRY (51)", "road": "CR- JOHNSON STREET", "month": "May", "hour": "19", "weather": "Clear", "light": "Daylight", "manner": "The First Harmful Event was Not a Collision with a Motor Vehicle in Transport"}}, {"type": "Feature", "geometry": {"type": "Point", "coordinates": [-79.54056944, 33.804]}, "properties": {"fatals": 1, "county": "FLORENCE (41)", "road": "SR-58 VOX HWY", "month": "May", "hour": "23", "weather": "Clear", "light": "Dark - Not Lighted", "manner": "The First Harmful Event was Not a Collision with a Motor Vehicle in Transport"}}, {"type": "Feature", "geometry": {"type": "Point", "coordinates": [-81.9707, 35.02676944]}, "properties": {"fatals": 1, "county": "SPARTANBURG (83)", "road": "SR-79 VALLEY FALLS RD", "month": "May", "hour": "2", "weather": "Clear", "light": "Dark - Not Lighted", "manner": "The First Harmful Event was Not a Collision with a Motor Vehicle in Transport"}}, {"type": "Feature", "geometry": {"type": "Point", "coordinates": [-81.18611389, 33.93778611]}, "properties": {"fatals": 1, "county": "LEXINGTON (63)", "road": "SR-104 OLD BARNWELL RD", "month": "May", "hour": "19", "weather": "Clear", "light": "Daylight", "manner": "The First Harmful Event was Not a Collision with a Motor Vehicle in Transport"}}, {"type": "Feature", "geometry": {"type": "Point", "coordinates": [-80.94916944, 34.01726944]}, "properties": {"fatals": 1, "county": "RICHLAND (79)", "road": "I-77", "month": "May", "hour": "18", "weather": "Clear", "light": "Daylight", "manner": "Sideswipe - Same Direction"}}, {"type": "Feature", "geometry": {"type": "Point", "coordinates": [-78.99924444, 34.05328611]}, "properties": {"fatals": 1, "county": "HORRY (51)", "road": "SR-19 HWY 19", "month": "May", "hour": "12", "weather": "Clear", "light": "Daylight", "manner": "The First Harmful Event was Not a Collision with a Motor Vehicle in Transport"}}, {"type": "Feature", "geometry": {"type": "Point", "coordinates": [-81.01063056, 34.05138056]}, "properties": {"fatals": 1, "county": "RICHLAND (79)", "road": "SR-245 KOON RD", "month": "May", "hour": "6", "weather": "Clear", "light": "Dawn", "manner": "The First Harmful Event was Not a Collision with a Motor Vehicle in Transport"}}, {"type": "Feature", "geometry": {"type": "Point", "coordinates": [-82.21182222, 34.68485556]}, "properties": {"fatals": 1, "county": "GREENVILLE (45)", "road": "I-385", "month": "May", "hour": "2", "weather": "Clear", "light": "Dark - Not Lighted", "manner": "Front-to-Rear"}}, {"type": "Feature", "geometry": {"type": "Point", "coordinates": [-80.87835833, 33.61402778]}, "properties": {"fatals": 1, "county": "ORANGEBURG (75)", "road": "US-21 COLUMBIA RD", "month": "May", "hour": "21", "weather": "Clear", "light": "Dark - Not Lighted", "manner": "The First Harmful Event was Not a Collision with a Motor Vehicle in Transport"}}, {"type": "Feature", "geometry": {"type": "Point", "coordinates": [-80.70304444, 32.90484444]}, "properties": {"fatals": 1, "county": "COLLETON (29)", "road": "I-95", "month": "May", "hour": "12", "weather": "Clear", "light": "Daylight", "manner": "The First Harmful Event was Not a Collision with a Motor Vehicle in Transport"}}, {"type": "Feature", "geometry": {"type": "Point", "coordinates": [-80.94556389, 33.55871389]}, "properties": {"fatals": 1, "county": "ORANGEBURG (75)", "road": "US-178 NORTH RD", "month": "May", "hour": "21", "weather": "Clear", "light": "Dark - Not Lighted", "manner": "Front-to-Rear"}}, {"type": "Feature", "geometry": {"type": "Point", "coordinates": [-80.775175, 32.60036111]}, "properties": {"fatals": 1, "county": "BEAUFORT (13)", "road": "US-17", "month": "May", "hour": "8", "weather": "Clear", "light": "Daylight", "manner": "The First Harmful Event was Not a Collision with a Motor Vehicle in Transport"}}, {"type": "Feature", "geometry": {"type": "Point", "coordinates": [-81.86901667, 35.07674722]}, "properties": {"fatals": 3, "county": "SPARTANBURG (83)", "road": "US-221 CHESNEE HWY", "month": "May", "hour": "17", "weather": "Rain", "light": "Daylight", "manner": "Front-to-Rear"}}, {"type": "Feature", "geometry": {"type": "Point", "coordinates": [-82.22393333, 34.37465]}, "properties": {"fatals": 1, "county": "GREENWOOD (47)", "road": "US-25 HWY 25 N", "month": "May", "hour": "22", "weather": "Rain", "light": "Dark - Not Lighted", "manner": "Sideswipe - Same Direction"}}, {"type": "Feature", "geometry": {"type": "Point", "coordinates": [-80.99702778, 34.363325]}, "properties": {"fatals": 1, "county": "FAIRFIELD (39)", "road": "I-77", "month": "May", "hour": "20", "weather": "Clear", "light": "Dusk", "manner": "The First Harmful Event was Not a Collision with a Motor Vehicle in Transport"}}, {"type": "Feature", "geometry": {"type": "Point", "coordinates": [-80.14579722, 34.73218056]}, "properties": {"fatals": 1, "county": "CHESTERFIELD (25)", "road": "SR-9", "month": "May", "hour": "1", "weather": "Clear", "light": "Dark - Not Lighted", "manner": "The First Harmful Event was Not a Collision with a Motor Vehicle in Transport"}}, {"type": "Feature", "geometry": {"type": "Point", "coordinates": [-79.54828056, 33.34230278]}, "properties": {"fatals": 1, "county": "GEORGETOWN (43)", "road": "US-17", "month": "May", "hour": "9", "weather": "Rain", "light": "Daylight", "manner": "The First Harmful Event was Not a Collision with a Motor Vehicle in Transport"}}, {"type": "Feature", "geometry": {"type": "Point", "coordinates": [-83.29780556, 34.81125278]}, "properties": {"fatals": 1, "county": "OCONEE (73)", "road": "US-76 LONG CREEK HWY", "month": "May", "hour": "16", "weather": "Clear", "light": "Daylight", "manner": "The First Harmful Event was Not a Collision with a Motor Vehicle in Transport"}}, {"type": "Feature", "geometry": {"type": "Point", "coordinates": [-82.33071667, 34.94182222]}, "properties": {"fatals": 2, "county": "GREENVILLE (45)", "road": "SR-920 STALLINGS RD", "month": "May", "hour": "22", "weather": "Clear", "light": "Daylight", "manner": "Sideswipe - Same Direction"}}, {"type": "Feature", "geometry": {"type": "Point", "coordinates": [-80.80997222, 34.10803333]}, "properties": {"fatals": 1, "county": "RICHLAND (79)", "road": "SR-12 PERCIVAL RD", "month": "May", "hour": "23", "weather": "Clear", "light": "Dark - Not Lighted", "manner": "Front-to-Front"}}, {"type": "Feature", "geometry": {"type": "Point", "coordinates": [-80.93425, 32.57618056]}, "properties": {"fatals": 1, "county": "JASPER (53)", "road": "I-95", "month": "May", "hour": "4", "weather": "Clear", "light": "Dark - Not Lighted", "manner": "The First Harmful Event was Not a Collision with a Motor Vehicle in Transport"}}, {"type": "Feature", "geometry": {"type": "Point", "coordinates": [-83.05472778, 34.72048056]}, "properties": {"fatals": 1, "county": "OCONEE (73)", "road": "SR-11 HWY 11", "month": "May", "hour": "7", "weather": "Clear", "light": "Daylight", "manner": "Angle"}}, {"type": "Feature", "geometry": {"type": "Point", "coordinates": [-82.49557778, 34.77476389]}, "properties": {"fatals": 1, "county": "ANDERSON (7)", "road": "CR-CIRCLE RD", "month": "May", "hour": "7", "weather": "Clear", "light": "Dawn", "manner": "The First Harmful Event was Not a Collision with a Motor Vehicle in Transport"}}, {"type": "Feature", "geometry": {"type": "Point", "coordinates": [-78.8238, 33.7428]}, "properties": {"fatals": 1, "county": "HORRY (51)", "road": "US-17 HWY 17 BUSINESS", "month": "May", "hour": "3", "weather": "Clear", "light": "Dark - Lighted", "manner": "Angle"}}, {"type": "Feature", "geometry": {"type": "Point", "coordinates": [-81.21320278, 35.14871389]}, "properties": {"fatals": 1, "county": "YORK (91)", "road": "US-321 HWY 321", "month": "May", "hour": "0", "weather": "Clear", "light": "Dark - Unknown Lighting", "manner": "Front-to-Front"}}, {"type": "Feature", "geometry": {"type": "Point", "coordinates": [-80.79035556, 34.77483889]}, "properties": {"fatals": 1, "county": "LANCASTER (57)", "road": "US-521 CHARLOTTE HWY", "month": "May", "hour": "1", "weather": "Clear", "light": "Dark - Unknown Lighting", "manner": "Front-to-Rear"}}, {"type": "Feature", "geometry": {"type": "Point", "coordinates": [-82.47119167, 34.95525]}, "properties": {"fatals": 1, "county": "GREENVILLE (45)", "road": "SR-199 OLD WHITE HORSE RD", "month": "May", "hour": "11", "weather": "Clear", "light": "Daylight", "manner": "Front-to-Front"}}, {"type": "Feature", "geometry": {"type": "Point", "coordinates": [-81.90583611, 33.56187778]}, "properties": {"fatals": 1, "county": "AIKEN (3)", "road": "SR-33 ASCAUGA LAKE RD", "month": "May", "hour": "18", "weather": "Clear", "light": "Daylight", "manner": "The First Harmful Event was Not a Collision with a Motor Vehicle in Transport"}}, {"type": "Feature", "geometry": {"type": "Point", "coordinates": [-80.34078889, 33.88812778]}, "properties": {"fatals": 1, "county": "SUMTER (85)", "road": "CR-DEACON LANE", "month": "May", "hour": "21", "weather": "Clear", "light": "Dark - Lighted", "manner": "The First Harmful Event was Not a Collision with a Motor Vehicle in Transport"}}, {"type": "Feature", "geometry": {"type": "Point", "coordinates": [-80.2541, 33.10765]}, "properties": {"fatals": 1, "county": "BERKELEY (15)", "road": "I-26", "month": "May", "hour": "7", "weather": "Clear", "light": "Daylight", "manner": "The First Harmful Event was Not a Collision with a Motor Vehicle in Transport"}}, {"type": "Feature", "geometry": {"type": "Point", "coordinates": [-81.718025, 34.13169444]}, "properties": {"fatals": 1, "county": "SALUDA (81)", "road": "SR-358 HIGHTOWER RD", "month": "May", "hour": "22", "weather": "Clear", "light": "Dark - Not Lighted", "manner": "The First Harmful Event was Not a Collision with a Motor Vehicle in Transport"}}, {"type": "Feature", "geometry": {"type": "Point", "coordinates": [-79.97269722, 32.85483333]}, "properties": {"fatals": 1, "county": "CHARLESTON (19)", "road": "SR-31 REYNOLDS AVE", "month": "May", "hour": "23", "weather": "Clear", "light": "Dark - Lighted", "manner": "The First Harmful Event was Not a Collision with a Motor Vehicle in Transport"}}, {"type": "Feature", "geometry": {"type": "Point", "coordinates": [-80.95472778, 32.53680833]}, "properties": {"fatals": 1, "county": "JASPER (53)", "road": "I-95", "month": "May", "hour": "8", "weather": "Clear", "light": "Daylight", "manner": "The First Harmful Event was Not a Collision with a Motor Vehicle in Transport"}}, {"type": "Feature", "geometry": {"type": "Point", "coordinates": [-80.35545556, 34.05903056]}, "properties": {"fatals": 1, "county": "SUMTER (85)", "road": "SR-44 DUBOSE SIDING RD", "month": "May", "hour": "23", "weather": "Clear", "light": "Dark - Not Lighted", "manner": "The First Harmful Event was Not a Collision with a Motor Vehicle in Transport"}}, {"type": "Feature", "geometry": {"type": "Point", "coordinates": [-82.36798333, 34.40106111]}, "properties": {"fatals": 1, "county": "ABBEVILLE (1)", "road": "US-178", "month": "June", "hour": "22", "weather": "Clear", "light": "Dark - Not Lighted", "manner": "The First Harmful Event was Not a Collision with a Motor Vehicle in Transport"}}, {"type": "Feature", "geometry": {"type": "Point", "coordinates": [-79.70423056, 33.83386667]}, "properties": {"fatals": 1, "county": "FLORENCE (41)", "road": "SR-341 JOHNSONVILLE HWY", "month": "June", "hour": "8", "weather": "Clear", "light": "Daylight", "manner": "Front-to-Front"}}, {"type": "Feature", "geometry": {"type": "Point", "coordinates": [-82.83243889, 34.96069722]}, "properties": {"fatals": 1, "county": "PICKENS (77)", "road": "SR-11 HWY 11", "month": "June", "hour": "15", "weather": "Rain", "light": "Daylight", "manner": "Angle"}}, {"type": "Feature", "geometry": {"type": "Point", "coordinates": [-79.88448333, 34.04441944]}, "properties": {"fatals": 1, "county": "FLORENCE (41)", "road": "SR-68 E SHIRTCUT RD", "month": "June", "hour": "22", "weather": "Rain", "light": "Dark - Not Lighted", "manner": "The First Harmful Event was Not a Collision with a Motor Vehicle in Transport"}}, {"type": "Feature", "geometry": {"type": "Point", "coordinates": [-82.65023056, 34.49546944]}, "properties": {"fatals": 1, "county": "ANDERSON (7)", "road": "US-29 S MURRAY AVE", "month": "June", "hour": "23", "weather": "Clear", "light": "Dark - Lighted", "manner": "The First Harmful Event was Not a Collision with a Motor Vehicle in Transport"}}, {"type": "Feature", "geometry": {"type": "Point", "coordinates": [-80.79940556, 34.46330556]}, "properties": {"fatals": 1, "county": "KERSHAW (55)", "road": "SR-97 JOHN G RICHARDS RD", "month": "June", "hour": "13", "weather": "Clear", "light": "Daylight", "manner": "The First Harmful Event was Not a Collision with a Motor Vehicle in Transport"}}, {"type": "Feature", "geometry": {"type": "Point", "coordinates": [-80.58003611, 34.18938889]}, "properties": {"fatals": 1, "county": "KERSHAW (55)", "road": "US-521 SUMTER HWY", "month": "June", "hour": "15", "weather": "Clear", "light": "Daylight", "manner": "Front-to-Front"}}, {"type": "Feature", "geometry": {"type": "Point", "coordinates": [-81.59079444, 34.48699722]}, "properties": {"fatals": 1, "county": "NEWBERRY (71)", "road": "US-176", "month": "June", "hour": "19", "weather": "Clear", "light": "Daylight", "manner": "Sideswipe - Opposite Direction"}}, {"type": "Feature", "geometry": {"type": "Point", "coordinates": [-79.90731667, 32.90611111]}, "properties": {"fatals": 1, "county": "BERKELEY (15)", "road": "SR-33 CLEMENTS FERRY RD", "month": "April", "hour": "8", "weather": "Clear", "light": "Daylight", "manner": "Angle"}}, {"type": "Feature", "geometry": {"type": "Point", "coordinates": [-82.19908056, 33.92381389]}, "properties": {"fatals": 1, "county": "MCCORMICK (65)", "road": "US-378 HWY 378", "month": "June", "hour": "23", "weather": "Clear", "light": "Dark - Not Lighted", "manner": "The First Harmful Event was Not a Collision with a Motor Vehicle in Transport"}}, {"type": "Feature", "geometry": {"type": "Point", "coordinates": [-80.70184444, 32.77058333]}, "properties": {"fatals": 1, "county": "COLLETON (29)", "road": "SR-41 RITTER RD", "month": "June", "hour": "2", "weather": "Cloudy", "light": "Dark - Not Lighted", "manner": "The First Harmful Event was Not a Collision with a Motor Vehicle in Transport"}}, {"type": "Feature", "geometry": {"type": "Point", "coordinates": [-81.23443333, 33.81236944]}, "properties": {"fatals": 1, "county": "LEXINGTON (63)", "road": "SR-1872", "month": "June", "hour": "18", "weather": "Clear", "light": "Daylight", "manner": "Angle"}}, {"type": "Feature", "geometry": {"type": "Point", "coordinates": [-82.14120556, 34.55391111]}, "properties": {"fatals": 1, "county": "LAURENS (59)", "road": "SR-32", "month": "June", "hour": "21", "weather": "Clear", "light": "Dark - Not Lighted", "manner": "The First Harmful Event was Not a Collision with a Motor Vehicle in Transport"}}, {"type": "Feature", "geometry": {"type": "Point", "coordinates": [-78.77814444, 33.77519444]}, "properties": {"fatals": 1, "county": "HORRY (51)", "road": "SR-559 KINGS RD", "month": "June", "hour": "23", "weather": "Clear", "light": "Dark - Lighted", "manner": "The First Harmful Event was Not a Collision with a Motor Vehicle in Transport"}}, {"type": "Feature", "geometry": {"type": "Point", "coordinates": [-81.26073889, 32.71093056]}, "properties": {"fatals": 1, "county": "HAMPTON (49)", "road": "SR-531 SECESSION RD", "month": "June", "hour": "1", "weather": "Clear", "light": "Dark - Not Lighted", "manner": "The First Harmful Event was Not a Collision with a Motor Vehicle in Transport"}}, {"type": "Feature", "geometry": {"type": "Point", "coordinates": [-80.59825, 33.36491111]}, "properties": {"fatals": 1, "county": "ORANGEBURG (75)", "road": "I-26", "month": "June", "hour": "15", "weather": "Clear", "light": "Daylight", "manner": "The First Harmful Event was Not a Collision with a Motor Vehicle in Transport"}}, {"type": "Feature", "geometry": {"type": "Point", "coordinates": [-80.30623889, 33.15119722]}, "properties": {"fatals": 1, "county": "BERKELEY (15)", "road": "SR-27 OLD GILLIARD RD", "month": "June", "hour": "9", "weather": "Clear", "light": "Daylight", "manner": "Sideswipe - Opposite Direction"}}, {"type": "Feature", "geometry": {"type": "Point", "coordinates": [-79.58151111, 33.75615833]}, "properties": {"fatals": 1, "county": "WILLIAMSBURG (89)", "road": "SR-118 BARTELLS RD", "month": "June", "hour": "10", "weather": "Clear", "light": "Daylight", "manner": "The First Harmful Event was Not a Collision with a Motor Vehicle in Transport"}}, {"type": "Feature", "geometry": {"type": "Point", "coordinates": [-81.27247778, 35.12611944]}, "properties": {"fatals": 1, "county": "YORK (91)", "road": "SR-55 HWY 55", "month": "June", "hour": "21", "weather": "Clear", "light": "Dark - Not Lighted", "manner": "Angle"}}, {"type": "Feature", "geometry": {"type": "Point", "coordinates": [-82.41113889, 34.96212222]}, "properties": {"fatals": 1, "county": "GREENVILLE (45)", "road": "SR-563 LITTLE TEXAS RD", "month": "June", "hour": "16", "weather": "Clear", "light": "Daylight", "manner": "Angle"}}, {"type": "Feature", "geometry": {"type": "Point", "coordinates": [-82.59056944, 34.71506111]}, "properties": {"fatals": 1, "county": "ANDERSON (7)", "road": "SR-88 OLD GREENVILLE HWY", "month": "June", "hour": "22", "weather": "Cloudy", "light": "Dark - Unknown Lighting", "manner": "The First Harmful Event was Not a Collision with a Motor Vehicle in Transport"}}, {"type": "Feature", "geometry": {"type": "Point", "coordinates": [-79.76791944, 34.19368056]}, "properties": {"fatals": 1, "county": "FLORENCE (41)", "road": "US-76 PALMETTO STREET", "month": "June", "hour": "21", "weather": "Clear", "light": "Dark - Lighted", "manner": "Angle"}}, {"type": "Feature", "geometry": {"type": "Point", "coordinates": [-82.14478056, 34.85862222]}, "properties": {"fatals": 1, "county": "SPARTANBURG (83)", "road": "SR-101 HWY 101", "month": "June", "hour": "16", "weather": "Clear", "light": "Daylight", "manner": "Angle"}}, {"type": "Feature", "geometry": {"type": "Point", "coordinates": [-79.71466944, 32.9251]}, "properties": {"fatals": 1, "county": "CHARLESTON (19)", "road": "US-17 HWY 17", "month": "June", "hour": "21", "weather": "Clear", "light": "Dark - Not Lighted", "manner": "The First Harmful Event was Not a Collision with a Motor Vehicle in Transport"}}, {"type": "Feature", "geometry": {"type": "Point", "coordinates": [-81.04808056, 32.15885]}, "properties": {"fatals": 1, "county": "JASPER (53)", "road": "SR-315 S OKATIE HWY", "month": "May", "hour": "22", "weather": "Clear", "light": "Dark - Not Lighted", "manner": "Front-to-Front"}}, {"type": "Feature", "geometry": {"type": "Point", "coordinates": [-80.0171, 32.8543]}, "properties": {"fatals": 1, "county": "CHARLESTON (19)", "road": "SR-642", "month": "June", "hour": "14", "weather": "Rain", "light": "Daylight", "manner": "The First Harmful Event was Not a Collision with a Motor Vehicle in Transport"}}, {"type": "Feature", "geometry": {"type": "Point", "coordinates": [-82.35786111, 34.84052222]}, "properties": {"fatals": 1, "county": "GREENVILLE (45)", "road": "US-276", "month": "June", "hour": "0", "weather": "Cloudy", "light": "Dark - Not Lighted", "manner": "The First Harmful Event was Not a Collision with a Motor Vehicle in Transport"}}, {"type": "Feature", "geometry": {"type": "Point", "coordinates": [-80.29144444, 33.64053889]}, "properties": {"fatals": 1, "county": "CLARENDON (27)", "road": "US-301 ALEX HARVIN HWY", "month": "June", "hour": "14", "weather": "Clear", "light": "Daylight", "manner": "Angle"}}, {"type": "Feature", "geometry": {"type": "Point", "coordinates": [-81.45379444, 34.02220556]}, "properties": {"fatals": 1, "county": "LEXINGTON (63)", "road": "US-378", "month": "June", "hour": "11", "weather": "Clear", "light": "Daylight", "manner": "Front-to-Front"}}, {"type": "Feature", "geometry": {"type": "Point", "coordinates": [-81.49517778, 34.33043889]}, "properties": {"fatals": 1, "county": "NEWBERRY (71)", "road": "US-176", "month": "June", "hour": "12", "weather": "Clear", "light": "Daylight", "manner": "The First Harmful Event was Not a Collision with a Motor Vehicle in Transport"}}, {"type": "Feature", "geometry": {"type": "Point", "coordinates": [-82.76815833, 34.6097]}, "properties": {"fatals": 1, "county": "ANDERSON (7)", "road": "SR-162 LAFRANCE RD", "month": "June", "hour": "20", "weather": "Clear", "light": "Daylight", "manner": "The First Harmful Event was Not a Collision with a Motor Vehicle in Transport"}}, {"type": "Feature", "geometry": {"type": "Point", "coordinates": [-80.30429722, 34.43298611]}, "properties": {"fatals": 1, "county": "CHESTERFIELD (25)", "road": "US-1 HWY 1", "month": "June", "hour": "22", "weather": "Clear", "light": "Dark - Not Lighted", "manner": "Angle"}}, {"type": "Feature", "geometry": {"type": "Point", "coordinates": [-80.09366111, 34.44674722]}, "properties": {"fatals": 1, "county": "DARLINGTON (31)", "road": "SR-20 RUBY RD", "month": "June", "hour": "9", "weather": "Cloudy", "light": "Daylight", "manner": "The First Harmful Event was Not a Collision with a Motor Vehicle in Transport"}}, {"type": "Feature", "geometry": {"type": "Point", "coordinates": [-81.92038611, 33.48954444]}, "properties": {"fatals": 1, "county": "AIKEN (3)", "road": "SR-125 ATOMIC RD", "month": "June", "hour": "20", "weather": "Clear", "light": "Daylight", "manner": "Angle"}}, {"type": "Feature", "geometry": {"type": "Point", "coordinates": [-81.17340278, 34.15256944]}, "properties": {"fatals": 1, "county": "RICHLAND (79)", "road": "SR-217 KENNERLY RD", "month": "June", "hour": "21", "weather": "Clear", "light": "Dark - Unknown Lighting", "manner": "The First Harmful Event was Not a Collision with a Motor Vehicle in Transport"}}, {"type": "Feature", "geometry": {"type": "Point", "coordinates": [-82.12779722, 34.88511944]}, "properties": {"fatals": 1, "county": "SPARTANBURG (83)", "road": "SR-62 DUNCAN REIDVILLE RD", "month": "June", "hour": "23", "weather": "Clear", "light": "Dark - Not Lighted", "manner": "The First Harmful Event was Not a Collision with a Motor Vehicle in Transport"}}, {"type": "Feature", "geometry": {"type": "Point", "coordinates": [-80.40065, 33.97704444]}, "properties": {"fatals": 1, "county": "SUMTER (85)", "road": "US-521 THOMAS SUMTER HWY", "month": "June", "hour": "2", "weather": "Clear", "light": "Dark - Lighted", "manner": "The First Harmful Event was Not a Collision with a Motor Vehicle in Transport"}}, {"type": "Feature", "geometry": {"type": "Point", "coordinates": [-81.79633056, 35.0227]}, "properties": {"fatals": 1, "county": "SPARTANBURG (83)", "road": "US-29 N MAIN STREET", "month": "June", "hour": "16", "weather": "Clear", "light": "Daylight", "manner": "Front-to-Front"}}, {"type": "Feature", "geometry": {"type": "Point", "coordinates": [-83.03068056, 34.73605]}, "properties": {"fatals": 1, "county": "OCONEE (73)", "road": "SR-28 BLUE RIDGE BLVD", "month": "June", "hour": "13", "weather": "Clear", "light": "Daylight", "manner": "Angle"}}, {"type": "Feature", "geometry": {"type": "Point", "coordinates": [-80.80343889, 33.53379722]}, "properties": {"fatals": 1, "county": "ORANGEBURG (75)", "road": "I-26", "month": "June", "hour": "2", "weather": "Clear", "light": "Dark - Not Lighted", "manner": "Front-to-Rear"}}, {"type": "Feature", "geometry": {"type": "Point", "coordinates": [-81.73425556, 33.62854444]}, "properties": {"fatals": 1, "county": "AIKEN (3)", "road": "SR-19 EDGEFIELD HWY", "month": "June", "hour": "12", "weather": "Clear", "light": "Daylight", "manner": "The First Harmful Event was Not a Collision with a Motor Vehicle in Transport"}}, {"type": "Feature", "geometry": {"type": "Point", "coordinates": [-82.51028056, 34.61773889]}, "properties": {"fatals": 1, "county": "ANDERSON (7)", "road": "SR-77 BEAVERDAM RD", "month": "June", "hour": "5", "weather": "Clear", "light": "Dark - Not Lighted", "manner": "The First Harmful Event was Not a Collision with a Motor Vehicle in Transport"}}, {"type": "Feature", "geometry": {"type": "Point", "coordinates": [-81.94476667, 34.95178889]}, "properties": {"fatals": 1, "county": "SPARTANBURG (83)", "road": "CR- FARLEY AVE", "month": "June", "hour": "12", "weather": "Clear", "light": "Daylight", "manner": "Angle"}}, {"type": "Feature", "geometry": {"type": "Point", "coordinates": [-82.14031111, 34.15873056]}, "properties": {"fatals": 1, "county": "GREENWOOD (47)", "road": "US-25", "month": "June", "hour": "21", "weather": "Clear", "light": "Dark - Lighted", "manner": "Front-to-Front"}}, {"type": "Feature", "geometry": {"type": "Point", "coordinates": [-80.04288056, 32.95646111]}, "properties": {"fatals": 1, "county": "CHARLESTON (19)", "road": "US-52 RIVERS AVE", "month": "June", "hour": "18", "weather": "Cloudy", "light": "Dusk", "manner": "Angle"}}, {"type": "Feature", "geometry": {"type": "Point", "coordinates": [-80.49844722, 34.74849444]}, "properties": {"fatals": 1, "county": "CHESTERFIELD (25)", "road": "SR-9", "month": "June", "hour": "11", "weather": "Clear", "light": "Daylight", "manner": "The First Harmful Event was Not a Collision with a Motor Vehicle in Transport"}}, {"type": "Feature", "geometry": {"type": "Point", "coordinates": [-82.64677222, 34.44838889]}, "properties": {"fatals": 1, "county": "ANDERSON (7)", "road": "SR-475 KEYS STREET", "month": "June", "hour": "15", "weather": "Clear", "light": "Daylight", "manner": "The First Harmful Event was Not a Collision with a Motor Vehicle in Transport"}}, {"type": "Feature", "geometry": {"type": "Point", "coordinates": [-81.92374444, 35.15860278]}, "properties": {"fatals": 2, "county": "SPARTANBURG (83)", "road": "SR-11 HWY 11", "month": "June", "hour": "5", "weather": "Clear", "light": "Dark - Not Lighted", "manner": "Front-to-Rear"}}, {"type": "Feature", "geometry": {"type": "Point", "coordinates": [-81.80788889, 35.03555833]}, "properties": {"fatals": 1, "county": "SPARTANBURG (83)", "road": "SR-31 CANNON CAMPGROUND RD", "month": "June", "hour": "8", "weather": "Clear", "light": "Daylight", "manner": "The First Harmful Event was Not a Collision with a Motor Vehicle in Transport"}}, {"type": "Feature", "geometry": {"type": "Point", "coordinates": [-81.219875, 35.04068333]}, "properties": {"fatals": 1, "county": "YORK (91)", "road": "SR-172 OLD LIMESTONE RD", "month": "June", "hour": "14", "weather": "Clear", "light": "Daylight", "manner": "Angle"}}, {"type": "Feature", "geometry": {"type": "Point", "coordinates": [-81.25970556, 33.84786944]}, "properties": {"fatals": 1, "county": "LEXINGTON (63)", "road": "CR-FOUNDERS RD", "month": "June", "hour": "14", "weather": "Clear", "light": "Daylight", "manner": "The First Harmful Event was Not a Collision with a Motor Vehicle in Transport"}}, {"type": "Feature", "geometry": {"type": "Point", "coordinates": [-79.94541389, 33.88712222]}, "properties": {"fatals": 1, "county": "FLORENCE (41)", "road": "US-378 W TURBEVILLE HWY", "month": "June", "hour": "15", "weather": "Clear", "light": "Daylight", "manner": "Angle"}}, {"type": "Feature", "geometry": {"type": "Point", "coordinates": [-81.18916389, 35.09994444]}, "properties": {"fatals": 1, "county": "YORK (91)", "road": "SR-55 HWY 55", "month": "June", "hour": "9", "weather": "Clear", "light": "Daylight", "manner": "Angle"}}, {"type": "Feature", "geometry": {"type": "Point", "coordinates": [-81.15328056, 35.03224722]}, "properties": {"fatals": 1, "county": "YORK (91)", "road": "SR-49 CHARLOTTE HWY", "month": "June", "hour": "21", "weather": "Clear", "light": "Dark - Not Lighted", "manner": "The First Harmful Event was Not a Collision with a Motor Vehicle in Transport"}}, {"type": "Feature", "geometry": {"type": "Point", "coordinates": [-80.06632778, 32.76580556]}, "properties": {"fatals": 1, "county": "CHARLESTON (19)", "road": "SR-54 RIVER RD", "month": "June", "hour": "12", "weather": "Clear", "light": "Daylight", "manner": "Front-to-Front"}}, {"type": "Feature", "geometry": {"type": "Point", "coordinates": [-82.47223056, 35.08539722]}, "properties": {"fatals": 1, "county": "GREENVILLE (45)", "road": "SR-11", "month": "June", "hour": "1", "weather": "Clear", "light": "Dark - Not Lighted", "manner": "Angle"}}, {"type": "Feature", "geometry": {"type": "Point", "coordinates": [-80.39259444, 33.95718056]}, "properties": {"fatals": 1, "county": "SUMTER (85)", "road": "US-76 BROAD STREET", "month": "June", "hour": "9", "weather": "Clear", "light": "Daylight", "manner": "Angle"}}, {"type": "Feature", "geometry": {"type": "Point", "coordinates": [-79.73335556, 34.70319444]}, "properties": {"fatals": 1, "county": "MARLBORO (69)", "road": "SR-55 HICKORY GROVE RD", "month": "June", "hour": "0", "weather": "Clear", "light": "Dark - Not Lighted", "manner": "The First Harmful Event was Not a Collision with a Motor Vehicle in Transport"}}, {"type": "Feature", "geometry": {"type": "Point", "coordinates": [-82.76790556, 34.61053056]}, "properties": {"fatals": 1, "county": "ANDERSON (7)", "road": "US-76", "month": "June", "hour": "2", "weather": "Clear", "light": "Dark - Not Lighted", "manner": "The First Harmful Event was Not a Collision with a Motor Vehicle in Transport"}}, {"type": "Feature", "geometry": {"type": "Point", "coordinates": [-80.45326111, 33.93643056]}, "properties": {"fatals": 1, "county": "SUMTER (85)", "road": "SR-441 PATRIOT PKWY", "month": "June", "hour": "13", "weather": "Clear", "light": "Daylight", "manner": "Angle"}}, {"type": "Feature", "geometry": {"type": "Point", "coordinates": [-79.71739444, 34.62692222]}, "properties": {"fatals": 1, "county": "MARLBORO (69)", "road": "SR-330 AIRPORT RD", "month": "June", "hour": "21", "weather": "Clear", "light": "Dark - Not Lighted", "manner": "The First Harmful Event was Not a Collision with a Motor Vehicle in Transport"}}, {"type": "Feature", "geometry": {"type": "Point", "coordinates": [-80.00848889, 32.88458889]}, "properties": {"fatals": 1, "county": "CHARLESTON (19)", "road": "US-52 HWY 52", "month": "June", "hour": "16", "weather": "Clear", "light": "Daylight", "manner": "Angle"}}, {"type": "Feature", "geometry": {"type": "Point", "coordinates": [-81.91112778, 34.96980278]}, "properties": {"fatals": 1, "county": "SPARTANBURG (83)", "road": "SR-44 DRAYTON RD", "month": "June", "hour": "3", "weather": "Clear", "light": "Dark - Not Lighted", "manner": "The First Harmful Event was Not a Collision with a Motor Vehicle in Transport"}}, {"type": "Feature", "geometry": {"type": "Point", "coordinates": [-80.47134167, 33.48499722]}, "properties": {"fatals": 1, "county": "ORANGEBURG (75)", "road": "I-95", "month": "June", "hour": "18", "weather": "Clear", "light": "Daylight", "manner": "The First Harmful Event was Not a Collision with a Motor Vehicle in Transport"}}, {"type": "Feature", "geometry": {"type": "Point", "coordinates": [-80.0154, 32.89911111]}, "properties": {"fatals": 1, "county": "CHARLESTON (19)", "road": "SR-13", "month": "June", "hour": "19", "weather": "Clear", "light": "Dark - Lighted", "manner": "The First Harmful Event was Not a Collision with a Motor Vehicle in Transport"}}, {"type": "Feature", "geometry": {"type": "Point", "coordinates": [-80.90608056, 34.73865556]}, "properties": {"fatals": 1, "county": "CHESTER (23)", "road": "US-21 CATAWBA RIVER RD", "month": "June", "hour": "6", "weather": "Clear", "light": "Dawn", "manner": "Front-to-Front"}}, {"type": "Feature", "geometry": {"type": "Point", "coordinates": [-82.11095, 34.98743056]}, "properties": {"fatals": 1, "county": "SPARTANBURG (83)", "road": "SR-292", "month": "June", "hour": "11", "weather": "Clear", "light": "Daylight", "manner": "Sideswipe - Same Direction"}}, {"type": "Feature", "geometry": {"type": "Point", "coordinates": [-80.95626667, 32.76379722]}, "properties": {"fatals": 1, "county": "HAMPTON (49)", "road": "SR-68 YAMASEE HWY", "month": "June", "hour": "0", "weather": "Clear", "light": "Dark - Unknown Lighting", "manner": "The First Harmful Event was Not a Collision with a Motor Vehicle in Transport"}}, {"type": "Feature", "geometry": {"type": "Point", "coordinates": [-81.02943611, 34.67216111]}, "properties": {"fatals": 1, "county": "CHESTER (23)", "road": "I-77", "month": "June", "hour": "0", "weather": "Clear", "light": "Dark - Not Lighted", "manner": "The First Harmful Event was Not a Collision with a Motor Vehicle in Transport"}}, {"type": "Feature", "geometry": {"type": "Point", "coordinates": [-82.17281667, 34.75906389]}, "properties": {"fatals": 2, "county": "GREENVILLE (45)", "road": "SR-315 BETHANY RD", "month": "June", "hour": "1", "weather": "Clear", "light": "Dark - Not Lighted", "manner": "The First Harmful Event was Not a Collision with a Motor Vehicle in Transport"}}, {"type": "Feature", "geometry": {"type": "Point", "coordinates": [-80.45797778, 32.95428611]}, "properties": {"fatals": 1, "county": "COLLETON (29)", "road": "SR-35 PEIRCE RD", "month": "June", "hour": "19", "weather": "Clear", "light": "Daylight", "manner": "Angle"}}, {"type": "Feature", "geometry": {"type": "Point", "coordinates": [-79.55346111, 34.36323889]}, "properties": {"fatals": 1, "county": "DILLON (33)", "road": "SR-38", "month": "June", "hour": "14", "weather": "Clear", "light": "Daylight", "manner": "The First Harmful Event was Not a Collision with a Motor Vehicle in Transport"}}, {"type": "Feature", "geometry": {"type": "Point", "coordinates": [-80.65506944, 32.41620278]}, "properties": {"fatals": 1, "county": "BEAUFORT (13)", "road": "US-21 SEA ISLAND PKWY", "month": "June", "hour": "22", "weather": "Clear", "light": "Dark - Not Lighted", "manner": "The First Harmful Event was Not a Collision with a Motor Vehicle in Transport"}}, {"type": "Feature", "geometry": {"type": "Point", "coordinates": [-80.152, 33.33055]}, "properties": {"fatals": 1, "county": "BERKELEY (15)", "road": "SR-6 RANGER DRIVE", "month": "June", "hour": "23", "weather": "Clear", "light": "Dark - Lighted", "manner": "The First Harmful Event was Not a Collision with a Motor Vehicle in Transport"}}, {"type": "Feature", "geometry": {"type": "Point", "coordinates": [-81.09904444, 33.93611111]}, "properties": {"fatals": 1, "county": "LEXINGTON (63)", "road": "SR-72 OLD DUNBAR RD", "month": "June", "hour": "6", "weather": "Clear", "light": "Daylight", "manner": "Front-to-Rear"}}, {"type": "Feature", "geometry": {"type": "Point", "coordinates": [-82.40256944, 34.15576667]}, "properties": {"fatals": 1, "county": "ABBEVILLE (1)", "road": "SR-28", "month": "June", "hour": "11", "weather": "Clear", "light": "Daylight", "manner": "Front-to-Front"}}, {"type": "Feature", "geometry": {"type": "Point", "coordinates": [-80.22332778, 33.72719722]}, "properties": {"fatals": 1, "county": "CLARENDON (27)", "road": "I-95", "month": "June", "hour": "23", "weather": "Clear", "light": "Dark - Not Lighted", "manner": "The First Harmful Event was Not a Collision with a Motor Vehicle in Transport"}}, {"type": "Feature", "geometry": {"type": "Point", "coordinates": [-81.10358611, 33.9327]}, "properties": {"fatals": 1, "county": "LEXINGTON (63)", "road": "SR-72 OLD DUNBAR RD", "month": "June", "hour": "7", "weather": "Clear", "light": "Daylight", "manner": "Angle"}}, {"type": "Feature", "geometry": {"type": "Point", "coordinates": [-78.90554722, 33.73291111]}, "properties": {"fatals": 1, "county": "HORRY (51)", "road": "CR- RIVER OAKS DRIVE", "month": "June", "hour": "21", "weather": "Clear", "light": "Dark - Not Lighted", "manner": "Angle"}}, {"type": "Feature", "geometry": {"type": "Point", "coordinates": [-80.66402222, 34.69984444]}, "properties": {"fatals": 2, "county": "LANCASTER (57)", "road": "SR-903 FLAT CREEK RD", "month": "June", "hour": "5", "weather": "Clear", "light": "Dawn", "manner": "Front-to-Front"}}, {"type": "Feature", "geometry": {"type": "Point", "coordinates": [-82.38574722, 34.15850278]}, "properties": {"fatals": 1, "county": "ABBEVILLE (1)", "road": "SR-72", "month": "June", "hour": "7", "weather": "Cloudy", "light": "Daylight", "manner": "The First Harmful Event was Not a Collision with a Motor Vehicle in Transport"}}, {"type": "Feature", "geometry": {"type": "Point", "coordinates": [-82.56883889, 35.07773611]}, "properties": {"fatals": 1, "county": "GREENVILLE (45)", "road": "CR-LAWTON RD", "month": "March", "hour": "15", "weather": "Clear", "light": "Daylight", "manner": "The First Harmful Event was Not a Collision with a Motor Vehicle in Transport"}}, {"type": "Feature", "geometry": {"type": "Point", "coordinates": [-81.91012778, 34.45822222]}, "properties": {"fatals": 1, "county": "LAURENS (59)", "road": "SR-46 CHARLOTTE RD", "month": "July", "hour": "1", "weather": "Clear", "light": "Dark - Not Lighted", "manner": "The First Harmful Event was Not a Collision with a Motor Vehicle in Transport"}}, {"type": "Feature", "geometry": {"type": "Point", "coordinates": [-80.05483889, 32.87006944]}, "properties": {"fatals": 2, "county": "CHARLESTON (19)", "road": "SR-642 DORCHESTER RD", "month": "July", "hour": "1", "weather": "Rain", "light": "Dark - Not Lighted", "manner": "Angle"}}, {"type": "Feature", "geometry": {"type": "Point", "coordinates": [-80.98378611, 34.86132222]}, "properties": {"fatals": 1, "county": "YORK (91)", "road": "SR-245 PORTER RD", "month": "July", "hour": "11", "weather": "Cloudy", "light": "Daylight", "manner": "Angle"}}, {"type": "Feature", "geometry": {"type": "Point", "coordinates": [-80.90449444, 34.65263889]}, "properties": {"fatals": 2, "county": "CHESTER (23)", "road": "US-21 CATAWBA RIVER RD", "month": "July", "hour": "4", "weather": "Fog, Smog, Smoke", "light": "Dark - Not Lighted", "manner": "The First Harmful Event was Not a Collision with a Motor Vehicle in Transport"}}, {"type": "Feature", "geometry": {"type": "Point", "coordinates": [-80.30443333, 34.43296944]}, "properties": {"fatals": 1, "county": "CHESTERFIELD (25)", "road": "US-1 HWY 1", "month": "July", "hour": "12", "weather": "Clear", "light": "Daylight", "manner": "Angle"}}, {"type": "Feature", "geometry": {"type": "Point", "coordinates": [-81.06049722, 33.76269722]}, "properties": {"fatals": 1, "county": "LEXINGTON (63)", "road": "SR-65 PINE PLAIN RD", "month": "July", "hour": "21", "weather": "Clear", "light": "Dark - Not Lighted", "manner": "The First Harmful Event was Not a Collision with a Motor Vehicle in Transport"}}, {"type": "Feature", "geometry": {"type": "Point", "coordinates": [-82.44936111, 34.87317778]}, "properties": {"fatals": 1, "county": "GREENVILLE (45)", "road": "SR-104 W PARKER RD", "month": "July", "hour": "2", "weather": "Clear", "light": "Dark - Not Lighted", "manner": "Front-to-Front"}}, {"type": "Feature", "geometry": {"type": "Point", "coordinates": [-80.66691667, 33.09291667]}, "properties": {"fatals": 1, "county": "COLLETON (29)", "road": "SR-61 AUGUSTA HWY", "month": "July", "hour": "15", "weather": "Clear", "light": "Daylight", "manner": "The First Harmful Event was Not a Collision with a Motor Vehicle in Transport"}}, {"type": "Feature", "geometry": {"type": "Point", "coordinates": [-81.24849167, 34.12931111]}, "properties": {"fatals": 1, "county": "RICHLAND (79)", "road": "US-76", "month": "July", "hour": "18", "weather": "Rain", "light": "Dusk", "manner": "Front-to-Front"}}, {"type": "Feature", "geometry": {"type": "Point", "coordinates": [-82.66449167, 34.31976111]}, "properties": {"fatals": 1, "county": "ANDERSON (7)", "road": "SR-81 HWY 81", "month": "July", "hour": "22", "weather": "Clear", "light": "Dark - Not Lighted", "manner": "Sideswipe - Same Direction"}}, {"type": "Feature", "geometry": {"type": "Point", "coordinates": [-80.10556111, 32.73126111]}, "properties": {"fatals": 1, "county": "CHARLESTON (19)", "road": "SR-20 MAIN RD", "month": "July", "hour": "22", "weather": "Clear", "light": "Dark - Not Lighted", "manner": "The First Harmful Event was Not a Collision with a Motor Vehicle in Transport"}}, {"type": "Feature", "geometry": {"type": "Point", "coordinates": [-80.37689167, 33.65748611]}, "properties": {"fatals": 1, "county": "CLARENDON (27)", "road": "SR-57 FURSE RD", "month": "July", "hour": "23", "weather": "Clear", "light": "Dark - Not Lighted", "manner": "The First Harmful Event was Not a Collision with a Motor Vehicle in Transport"}}, {"type": "Feature", "geometry": {"type": "Point", "coordinates": [-82.33140833, 34.56721944]}, "properties": {"fatals": 1, "county": "GREENVILLE (45)", "road": "US-25 AUGUSTA RD", "month": "July", "hour": "8", "weather": "Clear", "light": "Daylight", "manner": "The First Harmful Event was Not a Collision with a Motor Vehicle in Transport"}}, {"type": "Feature", "geometry": {"type": "Point", "coordinates": [-82.04639444, 34.28703056]}, "properties": {"fatals": 1, "county": "LAURENS (59)", "road": "SR-72 HWY 72", "month": "July", "hour": "0", "weather": "Clear", "light": "Dark - Not Lighted", "manner": "The First Harmful Event was Not a Collision with a Motor Vehicle in Transport"}}, {"type": "Feature", "geometry": {"type": "Point", "coordinates": [-80.26925, 32.79946944]}, "properties": {"fatals": 1, "county": "CHARLESTON (19)", "road": "SR-165 HWY 165", "month": "July", "hour": "14", "weather": "Clear", "light": "Daylight", "manner": "Front-to-Front"}}, {"type": "Feature", "geometry": {"type": "Point", "coordinates": [-79.95985, 32.68521111]}, "properties": {"fatals": 1, "county": "CHARLESTON (19)", "road": "SR-632 SOL LEGARE RD", "month": "July", "hour": "2", "weather": "Clear", "light": "Dark - Lighted", "manner": "The First Harmful Event was Not a Collision with a Motor Vehicle in Transport"}}, {"type": "Feature", "geometry": {"type": "Point", "coordinates": [-81.246075, 34.17017222]}, "properties": {"fatals": 1, "county": "RICHLAND (79)", "road": "SR-217 KENNERLY RD", "month": "July", "hour": "16", "weather": "Clear", "light": "Daylight", "manner": "Angle"}}, {"type": "Feature", "geometry": {"type": "Point", "coordinates": [-80.03516944, 32.85665]}, "properties": {"fatals": 1, "county": "CHARLESTON (19)", "road": "SR-642 DORCHESTER RD", "month": "July", "hour": "17", "weather": "Clear", "light": "Daylight", "manner": "Angle"}}, {"type": "Feature", "geometry": {"type": "Point", "coordinates": [-81.84886667, 34.03555278]}, "properties": {"fatals": 1, "county": "SALUDA (81)", "road": "US-178 GREENWOOD HWY", "month": "July", "hour": "10", "weather": "Clear", "light": "Daylight", "manner": "The First Harmful Event was Not a Collision with a Motor Vehicle in Transport"}}, {"type": "Feature", "geometry": {"type": "Point", "coordinates": [-80.05548056, 32.94545]}, "properties": {"fatals": 1, "county": "CHARLESTON (19)", "road": "SR-2274 NORTHSIDE DRIVE", "month": "July", "hour": "21", "weather": "Clear", "light": "Dark - Unknown Lighting", "manner": "The First Harmful Event was Not a Collision with a Motor Vehicle in Transport"}}, {"type": "Feature", "geometry": {"type": "Point", "coordinates": [-82.39157222, 34.73949167]}, "properties": {"fatals": 1, "county": "GREENVILLE (45)", "road": "US-25 AUGUSTA RD", "month": "July", "hour": "4", "weather": "Clear", "light": "Dark - Not Lighted", "manner": "The First Harmful Event was Not a Collision with a Motor Vehicle in Transport"}}, {"type": "Feature", "geometry": {"type": "Point", "coordinates": [-80.17092222, 33.77849167]}, "properties": {"fatals": 2, "county": "CLARENDON (27)", "road": "I-95", "month": "July", "hour": "7", "weather": "Cloudy", "light": "Dawn", "manner": "The First Harmful Event was Not a Collision with a Motor Vehicle in Transport"}}, {"type": "Feature", "geometry": {"type": "Point", "coordinates": [-81.91687778, 34.88896111]}, "properties": {"fatals": 1, "county": "SPARTANBURG (83)", "road": "CR-CANAAN RD", "month": "July", "hour": "16", "weather": "Clear", "light": "Daylight", "manner": "The First Harmful Event was Not a Collision with a Motor Vehicle in Transport"}}, {"type": "Feature", "geometry": {"type": "Point", "coordinates": [-80.46841944, 34.20876389]}, "properties": {"fatals": 1, "county": "KERSHAW (55)", "road": "I-20", "month": "July", "hour": "18", "weather": "Clear", "light": "Daylight", "manner": "Front-to-Rear"}}, {"type": "Feature", "geometry": {"type": "Point", "coordinates": [-81.687025, 33.45102778]}, "properties": {"fatals": 1, "county": "AIKEN (3)", "road": "SR-19 WHISKEY RD", "month": "July", "hour": "16", "weather": "Clear", "light": "Daylight", "manner": "The First Harmful Event was Not a Collision with a Motor Vehicle in Transport"}}, {"type": "Feature", "geometry": {"type": "Point", "coordinates": [-82.33673611, 34.74774444]}, "properties": {"fatals": 1, "county": "GREENVILLE (45)", "road": "SR-448 ASHMORE BRIDGE RD", "month": "May", "hour": "11", "weather": "Clear", "light": "Daylight", "manner": "Front-to-Rear"}}, {"type": "Feature", "geometry": {"type": "Point", "coordinates": [-80.99795278, 34.27094722]}, "properties": {"fatals": 1, "county": "FAIRFIELD (39)", "road": "I-77", "month": "July", "hour": "3", "weather": "Clear", "light": "Dark - Not Lighted", "manner": "Front-to-Rear"}}, {"type": "Feature", "geometry": {"type": "Point", "coordinates": [-79.10718889, 33.85684444]}, "properties": {"fatals": 1, "county": "HORRY (51)", "road": "SR-218 DUNN SHORTCUT RD", "month": "July", "hour": "4", "weather": "Clear", "light": "Dark - Not Lighted", "manner": "The First Harmful Event was Not a Collision with a Motor Vehicle in Transport"}}, {"type": "Feature", "geometry": {"type": "Point", "coordinates": [-82.17246111, 34.1961]}, "properties": {"fatals": 1, "county": "GREENWOOD (47)", "road": "SR-72", "month": "July", "hour": "23", "weather": "Clear", "light": "Dark - Lighted", "manner": "Angle"}}, {"type": "Feature", "geometry": {"type": "Point", "coordinates": [-81.92053056, 33.56923889]}, "properties": {"fatals": 2, "county": "AIKEN (3)", "road": "I-20", "month": "July", "hour": "4", "weather": "Clear", "light": "Dark - Not Lighted", "manner": "The First Harmful Event was Not a Collision with a Motor Vehicle in Transport"}}, {"type": "Feature", "geometry": {"type": "Point", "coordinates": [-82.234125, 34.40449722]}, "properties": {"fatals": 1, "county": "LAURENS (59)", "road": "SR-47 POWER HOUSE RD", "month": "July", "hour": "17", "weather": "Clear", "light": "Daylight", "manner": "The First Harmful Event was Not a Collision with a Motor Vehicle in Transport"}}, {"type": "Feature", "geometry": {"type": "Point", "coordinates": [-82.61864722, 34.59208056]}, "properties": {"fatals": 1, "county": "ANDERSON (7)", "road": "SR-81", "month": "February", "hour": "9", "weather": "Clear", "light": "Daylight", "manner": "Front-to-Rear"}}, {"type": "Feature", "geometry": {"type": "Point", "coordinates": [-80.46992222, 33.48939444]}, "properties": {"fatals": 1, "county": "ORANGEBURG (75)", "road": "I-95", "month": "February", "hour": "17", "weather": "Clear", "light": "Daylight", "manner": "Sideswipe - Same Direction"}}, {"type": "Feature", "geometry": {"type": "Point", "coordinates": [-82.15666944, 34.94666944]}, "properties": {"fatals": 1, "county": "SPARTANBURG (83)", "road": "SR-908 GAP CREEK RD", "month": "April", "hour": "10", "weather": "Clear", "light": "Daylight", "manner": "Angle"}}, {"type": "Feature", "geometry": {"type": "Point", "coordinates": [-82.51960278, 34.82966389]}, "properties": {"fatals": 1, "county": "PICKENS (77)", "road": "US-123 CALHOUN MEMORIAL HWY", "month": "May", "hour": "11", "weather": "Clear", "light": "Daylight", "manner": "Front-to-Rear"}}, {"type": "Feature", "geometry": {"type": "Point", "coordinates": [-82.60898889, 34.80151944]}, "properties": {"fatals": 1, "county": "PICKENS (77)", "road": "SR-135 ANDERSON HWY", "month": "July", "hour": "16", "weather": "Clear", "light": "Daylight", "manner": "The First Harmful Event was Not a Collision with a Motor Vehicle in Transport"}}, {"type": "Feature", "geometry": {"type": "Point", "coordinates": [-78.95655556, 33.63453056]}, "properties": {"fatals": 1, "county": "HORRY (51)", "road": "US-17 S KINGS HWY", "month": "May", "hour": "14", "weather": "Clear", "light": "Daylight", "manner": "Angle"}}, {"type": "Feature", "geometry": {"type": "Point", "coordinates": [-78.92236944, 33.66240556]}, "properties": {"fatals": 1, "county": "HORRY (51)", "road": "US-17 S KINGS HWY", "month": "May", "hour": "22", "weather": "Clear", "light": "Dark - Lighted", "manner": "Front-to-Rear"}}, {"type": "Feature", "geometry": {"type": "Point", "coordinates": [-81.01251944, 33.99873889]}, "properties": {"fatals": 1, "county": "RICHLAND (79)", "road": "US-21", "month": "June", "hour": "20", "weather": "Clear", "light": "Dark - Lighted", "manner": "The First Harmful Event was Not a Collision with a Motor Vehicle in Transport"}}, {"type": "Feature", "geometry": {"type": "Point", "coordinates": [-78.70660833, 33.81113333]}, "properties": {"fatals": 1, "county": "HORRY (51)", "road": "US-17", "month": "June", "hour": "21", "weather": "Clear", "light": "Dark - Lighted", "manner": "Angle"}}, {"type": "Feature", "geometry": {"type": "Point", "coordinates": [-81.77661111, 34.90603056]}, "properties": {"fatals": 1, "county": "SPARTANBURG (83)", "road": "SR-1811", "month": "July", "hour": "9", "weather": "Cloudy", "light": "Daylight", "manner": "The First Harmful Event was Not a Collision with a Motor Vehicle in Transport"}}, {"type": "Feature", "geometry": {"type": "Point", "coordinates": [-81.7202, 33.57803889]}, "properties": {"fatals": 1, "county": "AIKEN (3)", "road": "SR-19 LAURENS ST NW", "month": "July", "hour": "0", "weather": "Clear", "light": "Dark - Lighted", "manner": "The First Harmful Event was Not a Collision with a Motor Vehicle in Transport"}}, {"type": "Feature", "geometry": {"type": "Point", "coordinates": [-78.70483889, 33.83948889]}, "properties": {"fatals": 1, "county": "HORRY (51)", "road": "SR-31 CAROLINA BAYS PKW", "month": "July", "hour": "4", "weather": "Clear", "light": "Dark - Not Lighted", "manner": "Front-to-Front"}}, {"type": "Feature", "geometry": {"type": "Point", "coordinates": [-82.69269722, 34.56030833]}, "properties": {"fatals": 1, "county": "ANDERSON (7)", "road": "US-76 CLEMSON RD", "month": "July", "hour": "15", "weather": "Clear", "light": "Daylight", "manner": "Angle"}}, {"type": "Feature", "geometry": {"type": "Point", "coordinates": [-79.40351944, 34.4764]}, "properties": {"fatals": 1, "county": "DILLON (33)", "road": "SR-9 HWY 9", "month": "July", "hour": "20", "weather": "Clear", "light": "Dusk", "manner": "Angle"}}, {"type": "Feature", "geometry": {"type": "Point", "coordinates": [-79.96428056, 33.23861111]}, "properties": {"fatals": 1, "county": "BERKELEY (15)", "road": "US-52 HWY 52", "month": "July", "hour": "23", "weather": "Clear", "light": "Dark - Not Lighted", "manner": "The First Harmful Event was Not a Collision with a Motor Vehicle in Transport"}}, {"type": "Feature", "geometry": {"type": "Point", "coordinates": [-82.15895278, 34.60813889]}, "properties": {"fatals": 1, "county": "LAURENS (59)", "road": "SR-701 DIALS CHUCH RD", "month": "July", "hour": "4", "weather": "Rain", "light": "Dark - Not Lighted", "manner": "The First Harmful Event was Not a Collision with a Motor Vehicle in Transport"}}, {"type": "Feature", "geometry": {"type": "Point", "coordinates": [-81.03794722, 34.77736111]}, "properties": {"fatals": 1, "county": "CHESTER (23)", "road": "I-77", "month": "July", "hour": "17", "weather": "Clear", "light": "Daylight", "manner": "Front-to-Rear"}}, {"type": "Feature", "geometry": {"type": "Point", "coordinates": [-80.90549167, 34.06847778]}, "properties": {"fatals": 1, "county": "RICHLAND (79)", "road": "SR-1026", "month": "June", "hour": "12", "weather": "Clear", "light": "Daylight", "manner": "The First Harmful Event was Not a Collision with a Motor Vehicle in Transport"}}, {"type": "Feature", "geometry": {"type": "Point", "coordinates": [-80.57606111, 32.83427222]}, "properties": {"fatals": 2, "county": "COLLETON (29)", "road": "SR-64 CHARLESTON HWY", "month": "July", "hour": "18", "weather": "Rain", "light": "Daylight", "manner": "Front-to-Front"}}, {"type": "Feature", "geometry": {"type": "Point", "coordinates": [-80.38483056, 33.18590278]}, "properties": {"fatals": 1, "county": "DORCHESTER (35)", "road": "I-26", "month": "July", "hour": "19", "weather": "Rain", "light": "Daylight", "manner": "The First Harmful Event was Not a Collision with a Motor Vehicle in Transport"}}, {"type": "Feature", "geometry": {"type": "Point", "coordinates": [-81.52513889, 35.11688889]}, "properties": {"fatals": 1, "county": "CHEROKEE (21)", "road": "US-29W CHEROKEE STREET", "month": "July", "hour": "20", "weather": "Clear", "light": "Dusk", "manner": "Angle"}}, {"type": "Feature", "geometry": {"type": "Point", "coordinates": [-81.73308056, 33.51358889]}, "properties": {"fatals": 1, "county": "AIKEN (3)", "road": "SR-302 ILVER BLUFF RD", "month": "July", "hour": "16", "weather": "Clear", "light": "Daylight", "manner": "Front-to-Front"}}, {"type": "Feature", "geometry": {"type": "Point", "coordinates": [-82.36638056, 34.89617222]}, "properties": {"fatals": 1, "county": "GREENVILLE (45)", "road": "SR-21 RUTHERFORD RD", "month": "July", "hour": "5", "weather": "Cloudy", "light": "Dark - Not Lighted", "manner": "Angle"}}, {"type": "Feature", "geometry": {"type": "Point", "coordinates": [-80.9518, 33.93873889]}, "properties": {"fatals": 1, "county": "RICHLAND (79)", "road": "SR-768 SHOP RD", "month": "July", "hour": "15", "weather": "Clear", "light": "Daylight", "manner": "Angle"}}, {"type": "Feature", "geometry": {"type": "Point", "coordinates": [-79.58945556, 33.44433889]}, "properties": {"fatals": 1, "county": "WILLIAMSBURG (89)", "road": "SR-41 COUNTY LINE RD", "month": "July", "hour": "22", "weather": "Clear", "light": "Dark - Not Lighted", "manner": "The First Harmful Event was Not a Collision with a Motor Vehicle in Transport"}}, {"type": "Feature", "geometry": {"type": "Point", "coordinates": [-78.94706111, 33.71974722]}, "properties": {"fatals": 1, "county": "HORRY (51)", "road": "SR-992 BURCALE RD", "month": "July", "hour": "23", "weather": "Clear", "light": "Dark - Not Lighted", "manner": "The First Harmful Event was Not a Collision with a Motor Vehicle in Transport"}}, {"type": "Feature", "geometry": {"type": "Point", "coordinates": [-80.03396389, 33.07015]}, "properties": {"fatals": 1, "county": "BERKELEY (15)", "road": "US-52", "month": "July", "hour": "2", "weather": "Clear", "light": "Dark - Not Lighted", "manner": "The First Harmful Event was Not a Collision with a Motor Vehicle in Transport"}}, {"type": "Feature", "geometry": {"type": "Point", "coordinates": [-80.91676944, 34.2294]}, "properties": {"fatals": 1, "county": "RICHLAND (79)", "road": "SR-220 BRANHAM RD", "month": "July", "hour": "5", "weather": "Clear", "light": "Dark - Not Lighted", "manner": "The First Harmful Event was Not a Collision with a Motor Vehicle in Transport"}}, {"type": "Feature", "geometry": {"type": "Point", "coordinates": [-82.23602222, 34.42548056]}, "properties": {"fatals": 1, "county": "LAURENS (59)", "road": "US-52 RAMP", "month": "July", "hour": "19", "weather": "Clear", "light": "Daylight", "manner": "The First Harmful Event was Not a Collision with a Motor Vehicle in Transport"}}, {"type": "Feature", "geometry": {"type": "Point", "coordinates": [-82.45111667, 34.88181389]}, "properties": {"fatals": 1, "county": "GREENVILLE (45)", "road": "SR-183 CEDAR LANE RD", "month": "July", "hour": "17", "weather": "Clear", "light": "Daylight", "manner": "Angle"}}, {"type": "Feature", "geometry": {"type": "Point", "coordinates": [-80.98265556, 35.04126111]}, "properties": {"fatals": 1, "county": "YORK (91)", "road": "SR-160 JWY 160 W", "month": "July", "hour": "19", "weather": "Clear", "light": "Daylight", "manner": "Angle"}}, {"type": "Feature", "geometry": {"type": "Point", "coordinates": [-81.12231111, 34.04905278]}, "properties": {"fatals": 1, "county": "LEXINGTON (63)", "road": "I-26", "month": "July", "hour": "23", "weather": "Clear", "light": "Dark - Not Lighted", "manner": "The First Harmful Event was Not a Collision with a Motor Vehicle in Transport"}}, {"type": "Feature", "geometry": {"type": "Point", "coordinates": [-81.06988889, 34.96958056]}, "properties": {"fatals": 1, "county": "YORK (91)", "road": "SR-901 HECKLE BLVD", "month": "July", "hour": "21", "weather": "Clear", "light": "Dark - Lighted", "manner": "The First Harmful Event was Not a Collision with a Motor Vehicle in Transport"}}, {"type": "Feature", "geometry": {"type": "Point", "coordinates": [-80.97757778, 33.77312222]}, "properties": {"fatals": 1, "county": "LEXINGTON (63)", "road": "I-26", "month": "July", "hour": "2", "weather": "Clear", "light": "Dark - Not Lighted", "manner": "Sideswipe - Opposite Direction"}}, {"type": "Feature", "geometry": {"type": "Point", "coordinates": [-82.394725, 34.8514]}, "properties": {"fatals": 1, "county": "GREENVILLE (45)", "road": "US-29 N CHURCH STREET", "month": "July", "hour": "6", "weather": "Cloudy", "light": "Dawn", "manner": "Angle"}}, {"type": "Feature", "geometry": {"type": "Point", "coordinates": [-80.00924444, 32.87011111]}, "properties": {"fatals": 1, "county": "CHARLESTON (19)", "road": "I-26 RAMP", "month": "July", "hour": "23", "weather": "Clear", "light": "Dark - Lighted", "manner": "The First Harmful Event was Not a Collision with a Motor Vehicle in Transport"}}, {"type": "Feature", "geometry": {"type": "Point", "coordinates": [-82.25816111, 34.63813889]}, "properties": {"fatals": 1, "county": "GREENVILLE (45)", "road": "SR-55 FAIRVIEW RD", "month": "August", "hour": "8", "weather": "Clear", "light": "Daylight", "manner": "Angle"}}, {"type": "Feature", "geometry": {"type": "Point", "coordinates": [-81.94746111, 34.53660278]}, "properties": {"fatals": 1, "county": "LAURENS (59)", "road": "I-385", "month": "July", "hour": "0", "weather": "Clear", "light": "Dark - Not Lighted", "manner": "The First Harmful Event was Not a Collision with a Motor Vehicle in Transport"}}, {"type": "Feature", "geometry": {"type": "Point", "coordinates": [-82.65921111, 34.46675]}, "properties": {"fatals": 1, "county": "ANDERSON (7)", "road": "SR-81 S MURRAY AVE", "month": "July", "hour": "5", "weather": "Clear", "light": "Dark - Lighted", "manner": "Angle"}}, {"type": "Feature", "geometry": {"type": "Point", "coordinates": [-82.71018889, 34.57080556]}, "properties": {"fatals": 1, "county": "ANDERSON (7)", "road": "US-76 CLEMSON BLVD", "month": "July", "hour": "8", "weather": "Clear", "light": "Daylight", "manner": "Angle"}}, {"type": "Feature", "geometry": {"type": "Point", "coordinates": [-80.657175, 33.94353333]}, "properties": {"fatals": 1, "county": "RICHLAND (79)", "road": "US-76", "month": "July", "hour": "4", "weather": "Clear", "light": "Dark - Not Lighted", "manner": "Front-to-Front"}}, {"type": "Feature", "geometry": {"type": "Point", "coordinates": [-80.06826389, 33.1581]}, "properties": {"fatals": 1, "county": "BERKELEY (15)", "road": "SR-413 BLACK TOM RD", "month": "July", "hour": "4", "weather": "Clear", "light": "Dark - Not Lighted", "manner": "Angle"}}, {"type": "Feature", "geometry": {"type": "Point", "coordinates": [-79.74954722, 33.893775]}, "properties": {"fatals": 3, "county": "FLORENCE (41)", "road": "US-378 HWY 378", "month": "July", "hour": "5", "weather": "Cloudy", "light": "Dawn", "manner": "Front-to-Front"}}, {"type": "Feature", "geometry": {"type": "Point", "coordinates": [-80.09337222, 32.92285278]}, "properties": {"fatals": 1, "county": "DORCHESTER (35)", "road": "SR-62 ASHLEY PHOPHATE RD", "month": "July", "hour": "10", "weather": "Clear", "light": "Daylight", "manner": "Angle"}}, {"type": "Feature", "geometry": {"type": "Point", "coordinates": [-81.07623611, 35.11661944]}, "properties": {"fatals": 1, "county": "YORK (91)", "road": "SR-49 CHARLOTTE HWY", "month": "July", "hour": "22", "weather": "Clear", "light": "Dark - Unknown Lighting", "manner": "Angle"}}, {"type": "Feature", "geometry": {"type": "Point", "coordinates": [-81.12185278, 32.36308333]}, "properties": {"fatals": 1, "county": "JASPER (53)", "road": "SR-34 PURRYSBURG RD", "month": "July", "hour": "23", "weather": "Clear", "light": "Dark - Not Lighted", "manner": "The First Harmful Event was Not a Collision with a Motor Vehicle in Transport"}}, {"type": "Feature", "geometry": {"type": "Point", "coordinates": [-81.33168056, 33.97843889]}, "properties": {"fatals": 1, "county": "LEXINGTON (63)", "road": "US-1 AUGUSTA HWY", "month": "July", "hour": "4", "weather": "Clear", "light": "Dark - Not Lighted", "manner": "The First Harmful Event was Not a Collision with a Motor Vehicle in Transport"}}, {"type": "Feature", "geometry": {"type": "Point", "coordinates": [-80.94701944, 34.11999444]}, "properties": {"fatals": 1, "county": "RICHLAND (79)", "road": "SR-555 FARROW RD", "month": "July", "hour": "10", "weather": "Clear", "light": "Daylight", "manner": "The First Harmful Event was Not a Collision with a Motor Vehicle in Transport"}}, {"type": "Feature", "geometry": {"type": "Point", "coordinates": [-82.8849, 34.69791944]}, "properties": {"fatals": 1, "county": "OCONEE (73)", "road": "US-76 CLEMSON BLVD", "month": "July", "hour": "12", "weather": "Clear", "light": "Daylight", "manner": "The First Harmful Event was Not a Collision with a Motor Vehicle in Transport"}}, {"type": "Feature", "geometry": {"type": "Point", "coordinates": [-80.4453, 33.46135]}, "properties": {"fatals": 1, "county": "ORANGEBURG (75)", "road": "SR-6 OLD NUMBER SIX HWY", "month": "July", "hour": "16", "weather": "Clear", "light": "Daylight", "manner": "The First Harmful Event was Not a Collision with a Motor Vehicle in Transport"}}, {"type": "Feature", "geometry": {"type": "Point", "coordinates": [-82.04128889, 34.96348611]}, "properties": {"fatals": 1, "county": "SPARTANBURG (83)", "road": "I-85", "month": "July", "hour": "15", "weather": "Clear", "light": "Daylight", "manner": "The First Harmful Event was Not a Collision with a Motor Vehicle in Transport"}}, {"type": "Feature", "geometry": {"type": "Point", "coordinates": [-80.58219722, 33.10076667]}, "properties": {"fatals": 1, "county": "DORCHESTER (35)", "road": "SR-19 WIRE RD", "month": "July", "hour": "20", "weather": "Cloudy", "light": "Dusk", "manner": "The First Harmful Event was Not a Collision with a Motor Vehicle in Transport"}}, {"type": "Feature", "geometry": {"type": "Point", "coordinates": [-81.23613889, 35.04464722]}, "properties": {"fatals": 1, "county": "YORK (91)", "road": "SR-172 OLD LIMESTONE RD", "month": "July", "hour": "23", "weather": "Clear", "light": "Dark - Not Lighted", "manner": "The First Harmful Event was Not a Collision with a Motor Vehicle in Transport"}}, {"type": "Feature", "geometry": {"type": "Point", "coordinates": [-81.22065, 33.97465]}, "properties": {"fatals": 1, "county": "LEXINGTON (63)", "road": "US-1", "month": "July", "hour": "5", "weather": "Clear", "light": "Dawn", "manner": "The First Harmful Event was Not a Collision with a Motor Vehicle in Transport"}}, {"type": "Feature", "geometry": {"type": "Point", "coordinates": [-79.72196111, 34.15146944]}, "properties": {"fatals": 1, "county": "FLORENCE (41)", "road": "CR-TWIN BRIDGE DRIVE", "month": "July", "hour": "11", "weather": "Clear", "light": "Daylight", "manner": "Front-to-Front"}}, {"type": "Feature", "geometry": {"type": "Point", "coordinates": [-79.10426944, 33.8727]}, "properties": {"fatals": 1, "county": "HORRY (51)", "road": "US-501 CHURCH STREET", "month": "July", "hour": "21", "weather": "Clear", "light": "Dark - Not Lighted", "manner": "The First Harmful Event was Not a Collision with a Motor Vehicle in Transport"}}, {"type": "Feature", "geometry": {"type": "Point", "coordinates": [-79.03271944, 33.63813611]}, "properties": {"fatals": 1, "county": "HORRY (51)", "road": "SR-707 HWY 707", "month": "July", "hour": "14", "weather": "Clear", "light": "Daylight", "manner": "The First Harmful Event was Not a Collision with a Motor Vehicle in Transport"}}, {"type": "Feature", "geometry": {"type": "Point", "coordinates": [-79.99314722, 34.39436111]}, "properties": {"fatals": 1, "county": "DARLINGTON (31)", "road": "SR-10 E HOME AVE", "month": "July", "hour": "22", "weather": "Clear", "light": "Dark - Not Lighted", "manner": "The First Harmful Event was Not a Collision with a Motor Vehicle in Transport"}}, {"type": "Feature", "geometry": {"type": "Point", "coordinates": [-80.49255556, 34.74648056]}, "properties": {"fatals": 1, "county": "CHESTERFIELD (25)", "road": "SR-9", "month": "July", "hour": "11", "weather": "Clear", "light": "Daylight", "manner": "Front-to-Rear"}}, {"type": "Feature", "geometry": {"type": "Point", "coordinates": [-81.95006111, 35.02760556]}, "properties": {"fatals": 1, "county": "SPARTANBURG (83)", "road": "SR-43 PARRIS BRIDGE RD", "month": "July", "hour": "0", "weather": "Clear", "light": "Dark - Not Lighted", "manner": "The First Harmful Event was Not a Collision with a Motor Vehicle in Transport"}}, {"type": "Feature", "geometry": {"type": "Point", "coordinates": [-79.76484722, 34.68743611]}, "properties": {"fatals": 1, "county": "MARLBORO (69)", "road": "SR-9", "month": "July", "hour": "4", "weather": "Clear", "light": "Dark - Not Lighted", "manner": "The First Harmful Event was Not a Collision with a Motor Vehicle in Transport"}}, {"type": "Feature", "geometry": {"type": "Point", "coordinates": [-79.66542778, 34.73151389]}, "properties": {"fatals": 1, "county": "MARLBORO (69)", "road": "SR-79 HWY 79 E", "month": "July", "hour": "18", "weather": "Clear", "light": "Daylight", "manner": "Front-to-Front"}}, {"type": "Feature", "geometry": {"type": "Point", "coordinates": [-80.63755278, 34.51239444]}, "properties": {"fatals": 1, "county": "LANCASTER (57)", "road": "SR-15 FLAT ROCK RD", "month": "July", "hour": "20", "weather": "Clear", "light": "Dusk", "manner": "The First Harmful Event was Not a Collision with a Motor Vehicle in Transport"}}, {"type": "Feature", "geometry": {"type": "Point", "coordinates": [-80.16736944, 33.08988056]}, "properties": {"fatals": 1, "county": "BERKELEY (15)", "road": "SR-203 WILDGAME RD", "month": "July", "hour": "22", "weather": "Clear", "light": "Dark - Not Lighted", "manner": "The First Harmful Event was Not a Collision with a Motor Vehicle in Transport"}}, {"type": "Feature", "geometry": {"type": "Point", "coordinates": [-80.91954722, 34.56637222]}, "properties": {"fatals": 1, "county": "CHESTER (23)", "road": "SR-140 WASHINGTON STREET", "month": "July", "hour": "0", "weather": "Clear", "light": "Dark - Not Lighted", "manner": "The First Harmful Event was Not a Collision with a Motor Vehicle in Transport"}}, {"type": "Feature", "geometry": {"type": "Point", "coordinates": [-81.63136111, 33.52678889]}, "properties": {"fatals": 1, "county": "AIKEN (3)", "road": "CR-WOODWARD DR", "month": "July", "hour": "18", "weather": "Clear", "light": "Daylight", "manner": "The First Harmful Event was Not a Collision with a Motor Vehicle in Transport"}}, {"type": "Feature", "geometry": {"type": "Point", "coordinates": [-79.94721111, 33.33971111]}, "properties": {"fatals": 1, "county": "BERKELEY (15)", "road": "US-52", "month": "July", "hour": "0", "weather": "Clear", "light": "Dark - Not Lighted", "manner": "The First Harmful Event was Not a Collision with a Motor Vehicle in Transport"}}, {"type": "Feature", "geometry": {"type": "Point", "coordinates": [-81.62031944, 33.52423889]}, "properties": {"fatals": 1, "county": "AIKEN (3)", "road": "US-78 CHARLESTON HWY", "month": "July", "hour": "16", "weather": "Clear", "light": "Daylight", "manner": "Front-to-Front"}}, {"type": "Feature", "geometry": {"type": "Point", "coordinates": [-79.97696111, 32.85536944]}, "properties": {"fatals": 2, "county": "CHARLESTON (19)", "road": "US- 52 RIVERS AVE", "month": "July", "hour": "8", "weather": "Clear", "light": "Daylight", "manner": "Front-to-Rear"}}, {"type": "Feature", "geometry": {"type": "Point", "coordinates": [-79.98456389, 33.43852222]}, "properties": {"fatals": 1, "county": "BERKELEY (15)", "road": "US-52 HWY 52", "month": "July", "hour": "13", "weather": "Clear", "light": "Daylight", "manner": "The First Harmful Event was Not a Collision with a Motor Vehicle in Transport"}}, {"type": "Feature", "geometry": {"type": "Point", "coordinates": [-80.67134722, 33.33885556]}, "properties": {"fatals": 2, "county": "ORANGEBURG (75)", "road": "US-178", "month": "July", "hour": "1", "weather": "Clear", "light": "Dark - Not Lighted", "manner": "Front-to-Front"}}, {"type": "Feature", "geometry": {"type": "Point", "coordinates": [-79.45900556, 33.37873611]}, "properties": {"fatals": 1, "county": "GEORGETOWN (43)", "road": "SR-22 KENT RD", "month": "July", "hour": "9", "weather": "Clear", "light": "Daylight", "manner": "The First Harmful Event was Not a Collision with a Motor Vehicle in Transport"}}, {"type": "Feature", "geometry": {"type": "Point", "coordinates": [-80.06148611, 32.95139444]}, "properties": {"fatals": 1, "county": "CHARLESTON (19)", "road": "I-26", "month": "July", "hour": "10", "weather": "Clear", "light": "Daylight", "manner": "The First Harmful Event was Not a Collision with a Motor Vehicle in Transport"}}, {"type": "Feature", "geometry": {"type": "Point", "coordinates": [-81.77468056, 33.56226111]}, "properties": {"fatals": 1, "county": "AIKEN (3)", "road": "US-1 RICHLAND AVE", "month": "July", "hour": "21", "weather": "Clear", "light": "Dark - Not Lighted", "manner": "The First Harmful Event was Not a Collision with a Motor Vehicle in Transport"}}, {"type": "Feature", "geometry": {"type": "Point", "coordinates": [-80.92030278, 32.73909722]}, "properties": {"fatals": 1, "county": "HAMPTON (49)", "road": "SR-68 YEMASSEE HWY", "month": "August", "hour": "15", "weather": "Clear", "light": "Daylight", "manner": "Front-to-Rear"}}, {"type": "Feature", "geometry": {"type": "Point", "coordinates": [-79.5696, 34.328925]}, "properties": {"fatals": 1, "county": "DILLON (33)", "road": "I-95", "month": "August", "hour": "23", "weather": "Clear", "light": "Dark - Not Lighted", "manner": "Front-to-Rear"}}, {"type": "Feature", "geometry": {"type": "Point", "coordinates": [-81.82465556, 34.92260278]}, "properties": {"fatals": 1, "county": "SPARTANBURG (83)", "road": "US-176 S PINE STREET", "month": "August", "hour": "13", "weather": "Clear", "light": "Daylight", "manner": "Angle"}}, {"type": "Feature", "geometry": {"type": "Point", "coordinates": [-81.07646111, 32.29303056]}, "properties": {"fatals": 1, "county": "JASPER (53)", "road": "US-17 WHYTE HARDEE BLVD", "month": "April", "hour": "7", "weather": "Rain", "light": "Dawn", "manner": "Sideswipe - Same Direction"}}, {"type": "Feature", "geometry": {"type": "Point", "coordinates": [-80.23227778, 33.19138056]}, "properties": {"fatals": 1, "county": "BERKELEY (15)", "road": "US-176 STATE RD", "month": "May", "hour": "14", "weather": "Clear", "light": "Daylight", "manner": "Front-to-Rear"}}, {"type": "Feature", "geometry": {"type": "Point", "coordinates": [-80.16666111, 33.09043056]}, "properties": {"fatals": 1, "county": "BERKELEY (15)", "road": "SR-203 WILDGAME RD", "month": "June", "hour": "0", "weather": "Clear", "light": "Dark - Not Lighted", "manner": "The First Harmful Event was Not a Collision with a Motor Vehicle in Transport"}}, {"type": "Feature", "geometry": {"type": "Point", "coordinates": [-80.68693056, 32.38831111]}, "properties": {"fatals": 1, "county": "BEAUFORT (13)", "road": "US-21 RIBAUT RD", "month": "August", "hour": "10", "weather": "Clear", "light": "Daylight", "manner": "The First Harmful Event was Not a Collision with a Motor Vehicle in Transport"}}, {"type": "Feature", "geometry": {"type": "Point", "coordinates": [-83.15069167, 34.71522222]}, "properties": {"fatals": 1, "county": "OCONEE (73)", "road": "CR-RAMSEY RD", "month": "August", "hour": "22", "weather": "Clear", "light": "Dark - Not Lighted", "manner": "The First Harmful Event was Not a Collision with a Motor Vehicle in Transport"}}, {"type": "Feature", "geometry": {"type": "Point", "coordinates": [-81.56695556, 33.54212778]}, "properties": {"fatals": 1, "county": "AIKEN (3)", "road": "SR-1669 OLD TORY TRAIL", "month": "August", "hour": "11", "weather": "Clear", "light": "Daylight", "manner": "The First Harmful Event was Not a Collision with a Motor Vehicle in Transport"}}, {"type": "Feature", "geometry": {"type": "Point", "coordinates": [-82.37546111, 34.80398056]}, "properties": {"fatals": 1, "county": "GREENVILLE (45)", "road": "SR-291 S PLEASANTBURG DRIVE", "month": "August", "hour": "12", "weather": "Clear", "light": "Daylight", "manner": "Angle"}}, {"type": "Feature", "geometry": {"type": "Point", "coordinates": [-82.49521944, 34.6571]}, "properties": {"fatals": 1, "county": "ANDERSON (7)", "road": "SR-8 EASLEY HWY", "month": "August", "hour": "16", "weather": "Clear", "light": "Daylight", "manner": "Front-to-Front"}}, {"type": "Feature", "geometry": {"type": "Point", "coordinates": [-80.58215, 33.45705]}, "properties": {"fatals": 1, "county": "ORANGEBURG (75)", "road": "US-301 FIVE CHOP RD", "month": "August", "hour": "1", "weather": "Clear", "light": "Dark - Not Lighted", "manner": "Front-to-Front"}}, {"type": "Feature", "geometry": {"type": "Point", "coordinates": [-80.11789167, 33.00104167]}, "properties": {"fatals": 1, "county": "CHARLESTON (19)", "road": "US-78 HWY 78", "month": "August", "hour": "8", "weather": "Clear", "light": "Daylight", "manner": "The First Harmful Event was Not a Collision with a Motor Vehicle in Transport"}}, {"type": "Feature", "geometry": {"type": "Point", "coordinates": [-80.97325556, 34.90771944]}, "properties": {"fatals": 1, "county": "YORK (91)", "road": "SR-6 LESLIE HWY", "month": "August", "hour": "15", "weather": "Clear", "light": "Daylight", "manner": "Angle"}}, {"type": "Feature", "geometry": {"type": "Point", "coordinates": [-82.00303611, 34.37738056]}, "properties": {"fatals": 1, "county": "LAURENS (59)", "road": "SR-39 HWY 39", "month": "August", "hour": "17", "weather": "Clear", "light": "Daylight", "manner": "The First Harmful Event was Not a Collision with a Motor Vehicle in Transport"}}, {"type": "Feature", "geometry": {"type": "Point", "coordinates": [-80.43730278, 33.83610278]}, "properties": {"fatals": 1, "county": "SUMTER (85)", "road": "SR-120 PINEWOOD RD", "month": "August", "hour": "14", "weather": "Clear", "light": "Daylight", "manner": "The First Harmful Event was Not a Collision with a Motor Vehicle in Transport"}}, {"type": "Feature", "geometry": {"type": "Point", "coordinates": [-82.98145833, 34.59528889]}, "properties": {"fatals": 1, "county": "OCONEE (73)", "road": "SR-24 WEST OAK HWY", "month": "August", "hour": "7", "weather": "Clear", "light": "Daylight", "manner": "Front-to-Front"}}, {"type": "Feature", "geometry": {"type": "Point", "coordinates": [-81.81138889, 33.70566389]}, "properties": {"fatals": 1, "county": "EDGEFIELD (37)", "road": "SR-19", "month": "August", "hour": "23", "weather": "Clear", "light": "Dark - Not Lighted", "manner": "Sideswipe - Opposite Direction"}}, {"type": "Feature", "geometry": {"type": "Point", "coordinates": [-81.03833889, 34.02613889]}, "properties": {"fatals": 1, "county": "RICHLAND (79)", "road": "SR-277", "month": "August", "hour": "16", "weather": "Clear", "light": "Daylight", "manner": "The First Harmful Event was Not a Collision with a Motor Vehicle in Transport"}}, {"type": "Feature", "geometry": {"type": "Point", "coordinates": [-80.32708333, 34.68568056]}, "properties": {"fatals": 1, "county": "CHESTERFIELD (25)", "road": "SR-109 KIRKLEY RD", "month": "August", "hour": "22", "weather": "Clear", "light": "Dark - Not Lighted", "manner": "Front-to-Front"}}, {"type": "Feature", "geometry": {"type": "Point", "coordinates": [-81.11588333, 34.06439167]}, "properties": {"fatals": 1, "county": "RICHLAND (79)", "road": "US-176 BROAD RIVER RD", "month": "August", "hour": "21", "weather": "Cloudy", "light": "Dark - Unknown Lighting", "manner": "The First Harmful Event was Not a Collision with a Motor Vehicle in Transport"}}, {"type": "Feature", "geometry": {"type": "Point", "coordinates": [-79.7391, 34.15393889]}, "properties": {"fatals": 2, "county": "FLORENCE (41)", "road": "SR-51 PAMPLICO HWY", "month": "August", "hour": "20", "weather": "Clear", "light": "Dark - Lighted", "manner": "The First Harmful Event was Not a Collision with a Motor Vehicle in Transport"}}, {"type": "Feature", "geometry": {"type": "Point", "coordinates": [-80.40378611, 33.09568611]}, "properties": {"fatals": 1, "county": "DORCHESTER (35)", "road": "SR-25 ZION RD", "month": "August", "hour": "11", "weather": "Clear", "light": "Daylight", "manner": "Angle"}}, {"type": "Feature", "geometry": {"type": "Point", "coordinates": [-79.61475278, 34.30961944]}, "properties": {"fatals": 1, "county": "DILLON (33)", "road": "I-95", "month": "August", "hour": "15", "weather": "Clear", "light": "Daylight", "manner": "The First Harmful Event was Not a Collision with a Motor Vehicle in Transport"}}, {"type": "Feature", "geometry": {"type": "Point", "coordinates": [-78.65093889, 33.89808889]}, "properties": {"fatals": 1, "county": "HORRY (51)", "road": "SR-111 HWY 11", "month": "August", "hour": "20", "weather": "Rain", "light": "Dark - Not Lighted", "manner": "The First Harmful Event was Not a Collision with a Motor Vehicle in Transport"}}, {"type": "Feature", "geometry": {"type": "Point", "coordinates": [-81.02303889, 34.03623056]}, "properties": {"fatals": 2, "county": "RICHLAND (79)", "road": "SR-888 FARROW RD", "month": "August", "hour": "20", "weather": "Clear", "light": "Dark - Not Lighted", "manner": "Front-to-Rear"}}, {"type": "Feature", "geometry": {"type": "Point", "coordinates": [-80.29279722, 33.86588611]}, "properties": {"fatals": 1, "county": "SUMTER (85)", "road": "SR-82 BOULEVARD RD", "month": "August", "hour": "13", "weather": "Cloudy", "light": "Daylight", "manner": "The First Harmful Event was Not a Collision with a Motor Vehicle in Transport"}}, {"type": "Feature", "geometry": {"type": "Point", "coordinates": [-80.01595, 32.87328889]}, "properties": {"fatals": 1, "county": "CHARLESTON (19)", "road": "CR-TANGER OUTLET", "month": "August", "hour": "10", "weather": "Clear", "light": "Daylight", "manner": "Angle"}}, {"type": "Feature", "geometry": {"type": "Point", "coordinates": [-79.57758611, 33.42922222]}, "properties": {"fatals": 1, "county": "GEORGETOWN (43)", "road": "SR-41 S MORGAN AVE", "month": "August", "hour": "1", "weather": "Clear", "light": "Dark - Not Lighted", "manner": "The First Harmful Event was Not a Collision with a Motor Vehicle in Transport"}}, {"type": "Feature", "geometry": {"type": "Point", "coordinates": [-81.27863611, 33.81588056]}, "properties": {"fatals": 1, "county": "LEXINGTON (63)", "road": "SR-624", "month": "August", "hour": "1", "weather": "Clear", "light": "Dark - Not Lighted", "manner": "The First Harmful Event was Not a Collision with a Motor Vehicle in Transport"}}, {"type": "Feature", "geometry": {"type": "Point", "coordinates": [-80.36638333, 33.41706944]}, "properties": {"fatals": 1, "county": "ORANGEBURG (75)", "road": "SR-6 OLD NUMBER SIX HWY", "month": "August", "hour": "4", "weather": "Clear", "light": "Dark - Not Lighted", "manner": "The First Harmful Event was Not a Collision with a Motor Vehicle in Transport"}}, {"type": "Feature", "geometry": {"type": "Point", "coordinates": [-81.51336944, 33.61554722]}, "properties": {"fatals": 1, "county": "AIKEN (3)", "road": "SR-152 COLEMAN BRIDGE RD", "month": "August", "hour": "18", "weather": "Clear", "light": "Daylight", "manner": "The First Harmful Event was Not a Collision with a Motor Vehicle in Transport"}}, {"type": "Feature", "geometry": {"type": "Point", "coordinates": [-81.10324167, 34.02450278]}, "properties": {"fatals": 1, "county": "RICHLAND (79)", "road": "I-26", "month": "August", "hour": "23", "weather": "Clear", "light": "Dark - Unknown Lighting", "manner": "The First Harmful Event was Not a Collision with a Motor Vehicle in Transport"}}, {"type": "Feature", "geometry": {"type": "Point", "coordinates": [-82.36523889, 34.88143611]}, "properties": {"fatals": 1, "county": "GREENVILLE (45)", "road": "SR-291 N PLEASANTBURG DRIVE", "month": "August", "hour": "12", "weather": "Clear", "light": "Daylight", "manner": "Angle"}}, {"type": "Feature", "geometry": {"type": "Point", "coordinates": [-80.964925, 35.06056667]}, "properties": {"fatals": 1, "county": "YORK (91)", "road": "SR-22 PLEASANT RD", "month": "August", "hour": "12", "weather": "Clear", "light": "Daylight", "manner": "Angle"}}, {"type": "Feature", "geometry": {"type": "Point", "coordinates": [-81.12803056, 34.00796944]}, "properties": {"fatals": 1, "county": "LEXINGTON (63)", "road": "US-378 SUNSET BLVD", "month": "August", "hour": "5", "weather": "Clear", "light": "Dark - Unknown Lighting", "manner": "The First Harmful Event was Not a Collision with a Motor Vehicle in Transport"}}, {"type": "Feature", "geometry": {"type": "Point", "coordinates": [-80.42747222, 34.435075]}, "properties": {"fatals": 1, "county": "KERSHAW (55)", "road": "SR-87 MILL CREEK RD", "month": "August", "hour": "12", "weather": "Clear", "light": "Daylight", "manner": "The First Harmful Event was Not a Collision with a Motor Vehicle in Transport"}}, {"type": "Feature", "geometry": {"type": "Point", "coordinates": [-80.50631944, 33.41835]}, "properties": {"fatals": 1, "county": "ORANGEBURG (75)", "road": "SR-210 VANCE RD", "month": "August", "hour": "17", "weather": "Clear", "light": "Daylight", "manner": "The First Harmful Event was Not a Collision with a Motor Vehicle in Transport"}}, {"type": "Feature", "geometry": {"type": "Point", "coordinates": [-80.887625, 32.28611111]}, "properties": {"fatals": 1, "county": "BEAUFORT (13)", "road": "US-278 FORDING ISLAND RD", "month": "August", "hour": "15", "weather": "Clear", "light": "Daylight", "manner": "Angle"}}, {"type": "Feature", "geometry": {"type": "Point", "coordinates": [-80.68697222, 33.42688611]}, "properties": {"fatals": 1, "county": "ORANGEBURG (75)", "road": "I-26", "month": "August", "hour": "2", "weather": "Clear", "light": "Dark - Not Lighted", "manner": "The First Harmful Event was Not a Collision with a Motor Vehicle in Transport"}}, {"type": "Feature", "geometry": {"type": "Point", "coordinates": [-79.87153889, 33.70816389]}, "properties": {"fatals": 1, "county": "WILLIAMSBURG (89)", "road": "SR-527 SUMTER HWY", "month": "August", "hour": "20", "weather": "Clear", "light": "Dark - Not Lighted", "manner": "Front-to-Rear"}}, {"type": "Feature", "geometry": {"type": "Point", "coordinates": [-79.74571944, 33.91623333]}, "properties": {"fatals": 1, "county": "FLORENCE (41)", "road": "US-52", "month": "August", "hour": "22", "weather": "Clear", "light": "Dark - Lighted", "manner": "The First Harmful Event was Not a Collision with a Motor Vehicle in Transport"}}, {"type": "Feature", "geometry": {"type": "Point", "coordinates": [-81.65040833, 35.11126667]}, "properties": {"fatals": 1, "county": "CHEROKEE (21)", "road": "SR-150 BOILING SPRINGS HWY", "month": "August", "hour": "21", "weather": "Clear", "light": "Dark - Unknown Lighting", "manner": "The First Harmful Event was Not a Collision with a Motor Vehicle in Transport"}}, {"type": "Feature", "geometry": {"type": "Point", "coordinates": [-80.37241111, 33.94521667]}, "properties": {"fatals": 1, "county": "SUMTER (85)", "road": "US-76 BROAD STREET", "month": "August", "hour": "23", "weather": "Clear", "light": "Dark - Unknown Lighting", "manner": "Angle"}}, {"type": "Feature", "geometry": {"type": "Point", "coordinates": [-81.09666111, 34.32080556]}, "properties": {"fatals": 1, "county": "FAIRFIELD (39)", "road": "SR-269 HWY 269", "month": "August", "hour": "22", "weather": "Clear", "light": "Dark - Not Lighted", "manner": "The First Harmful Event was Not a Collision with a Motor Vehicle in Transport"}}, {"type": "Feature", "geometry": {"type": "Point", "coordinates": [-80.28176389, 33.91650278]}, "properties": {"fatals": 1, "county": "SUMTER (85)", "road": "US-378 MYRTLE BEACH HWY", "month": "August", "hour": "1", "weather": "Rain", "light": "Dark - Not Lighted", "manner": "The First Harmful Event was Not a Collision with a Motor Vehicle in Transport"}}, {"type": "Feature", "geometry": {"type": "Point", "coordinates": [-81.25781944, 33.79569444]}, "properties": {"fatals": 1, "county": "LEXINGTON (63)", "road": "SR-625 OLD CHARLESTON RD", "month": "August", "hour": "19", "weather": "Cloudy", "light": "Daylight", "manner": "Front-to-Front"}}, {"type": "Feature", "geometry": {"type": "Point", "coordinates": [-81.98981944, 34.52571944]}, "properties": {"fatals": 1, "county": "LAURENS (59)", "road": "SR-49", "month": "August", "hour": "22", "weather": "Clear", "light": "Dark - Unknown Lighting", "manner": "The First Harmful Event was Not a Collision with a Motor Vehicle in Transport"}}, {"type": "Feature", "geometry": {"type": "Point", "coordinates": [-81.60211111, 34.32707778]}, "properties": {"fatals": 1, "county": "NEWBERRY (71)", "road": "I-26", "month": "August", "hour": "23", "weather": "Clear", "light": "Dark - Not Lighted", "manner": "The First Harmful Event was Not a Collision with a Motor Vehicle in Transport"}}, {"type": "Feature", "geometry": {"type": "Point", "coordinates": [-81.370525, 33.90839722]}, "properties": {"fatals": 1, "county": "LEXINGTON (63)", "road": "CR-NAOMI DRIVE", "month": "August", "hour": "22", "weather": "Clear", "light": "Dark - Unknown Lighting", "manner": "The First Harmful Event was Not a Collision with a Motor Vehicle in Transport"}}, {"type": "Feature", "geometry": {"type": "Point", "coordinates": [-80.08363056, 32.73188056]}, "properties": {"fatals": 1, "county": "CHARLESTON (19)", "road": "SR-1442 BROWNSWOOD RD", "month": "July", "hour": "2", "weather": "Clear", "light": "Dark - Not Lighted", "manner": "The First Harmful Event was Not a Collision with a Motor Vehicle in Transport"}}, {"type": "Feature", "geometry": {"type": "Point", "coordinates": [-82.16451111, 34.95188889]}, "properties": {"fatals": 1, "county": "SPARTANBURG (83)", "road": "SR-908 GAP CREEK RD", "month": "August", "hour": "19", "weather": "Clear", "light": "Daylight", "manner": "The First Harmful Event was Not a Collision with a Motor Vehicle in Transport"}}, {"type": "Feature", "geometry": {"type": "Point", "coordinates": [-80.12900556, 32.96543611]}, "properties": {"fatals": 1, "county": "DORCHESTER (35)", "road": "CR-WALLACE ACKERMAN DRIVE", "month": "August", "hour": "1", "weather": "Cloudy", "light": "Dark - Unknown Lighting", "manner": "The First Harmful Event was Not a Collision with a Motor Vehicle in Transport"}}, {"type": "Feature", "geometry": {"type": "Point", "coordinates": [-80.43501944, 33.38453056]}, "properties": {"fatals": 1, "county": "ORANGEBURG (75)", "road": "SR-45 BRANCHDALE HWY", "month": "August", "hour": "11", "weather": "Clear", "light": "Daylight", "manner": "The First Harmful Event was Not a Collision with a Motor Vehicle in Transport"}}, {"type": "Feature", "geometry": {"type": "Point", "coordinates": [-82.38755556, 34.72110278]}, "properties": {"fatals": 1, "county": "GREENVILLE (45)", "road": "US-25 AUGUSTA RD", "month": "August", "hour": "15", "weather": "Clear", "light": "Daylight", "manner": "Angle"}}, {"type": "Feature", "geometry": {"type": "Point", "coordinates": [-81.74297222, 33.27390278]}, "properties": {"fatals": 1, "county": "AIKEN (3)", "road": "SR-125 ATOMIC RD", "month": "August", "hour": "13", "weather": "Rain", "light": "Daylight", "manner": "Sideswipe - Opposite Direction"}}, {"type": "Feature", "geometry": {"type": "Point", "coordinates": [-81.38208889, 34.01256389]}, "properties": {"fatals": 1, "county": "LEXINGTON (63)", "road": "US-378 HWY 378", "month": "August", "hour": "12", "weather": "Clear", "light": "Daylight", "manner": "Angle"}}, {"type": "Feature", "geometry": {"type": "Point", "coordinates": [-80.34551389, 33.98966944]}, "properties": {"fatals": 1, "county": "SUMTER (85)", "road": "SR-92 QUEEN CHAPEL RD", "month": "August", "hour": "11", "weather": "Cloudy", "light": "Daylight", "manner": "The First Harmful Event was Not a Collision with a Motor Vehicle in Transport"}}, {"type": "Feature", "geometry": {"type": "Point", "coordinates": [-81.13378611, 34.77369444]}, "properties": {"fatals": 1, "county": "CHESTER (23)", "road": "SR-72 SALUDA RD", "month": "August", "hour": "21", "weather": "Clear", "light": "Dark - Lighted", "manner": "The First Harmful Event was Not a Collision with a Motor Vehicle in Transport"}}, {"type": "Feature", "geometry": {"type": "Point", "coordinates": [-81.99836667, 35.06222778]}, "properties": {"fatals": 1, "county": "SPARTANBURG (83)", "road": "SR-9 HWY 9", "month": "August", "hour": "6", "weather": "Fog, Smog, Smoke", "light": "Daylight", "manner": "Angle"}}, {"type": "Feature", "geometry": {"type": "Point", "coordinates": [-82.74413056, 34.43266111]}, "properties": {"fatals": 1, "county": "ANDERSON (7)", "road": "US-29 HWY 29", "month": "August", "hour": "18", "weather": "Clear", "light": "Daylight", "manner": "Angle"}}, {"type": "Feature", "geometry": {"type": "Point", "coordinates": [-82.36519722, 34.79885556]}, "properties": {"fatals": 1, "county": "GREENVILLE (45)", "road": "SR-107 MAULDIN RD", "month": "August", "hour": "1", "weather": "Clear", "light": "Dark - Not Lighted", "manner": "Sideswipe - Same Direction"}}, {"type": "Feature", "geometry": {"type": "Point", "coordinates": [-81.05468056, 32.26755]}, "properties": {"fatals": 1, "county": "JASPER (53)", "road": "SR-46 PLANTATION DRIVE", "month": "August", "hour": "4", "weather": "Clear", "light": "Dark - Not Lighted", "manner": "The First Harmful Event was Not a Collision with a Motor Vehicle in Transport"}}, {"type": "Feature", "geometry": {"type": "Point", "coordinates": [-80.65786389, 32.91980556]}, "properties": {"fatals": 2, "county": "COLLETON (29)", "road": "SR-64 ROBERTSON BLVD", "month": "August", "hour": "15", "weather": "Clear", "light": "Daylight", "manner": "Front-to-Front"}}, {"type": "Feature", "geometry": {"type": "Point", "coordinates": [-81.56498333, 34.65795]}, "properties": {"fatals": 1, "county": "UNION (87)", "road": "SR-132 WILLIFORD RD", "month": "August", "hour": "7", "weather": "Clear", "light": "Dawn", "manner": "The First Harmful Event was Not a Collision with a Motor Vehicle in Transport"}}, {"type": "Feature", "geometry": {"type": "Point", "coordinates": [-81.070525, 34.94513056]}, "properties": {"fatals": 1, "county": "YORK (91)", "road": "SR-5 MAIN ST W", "month": "August", "hour": "3", "weather": "Clear", "light": "Dark - Lighted", "manner": "The First Harmful Event was Not a Collision with a Motor Vehicle in Transport"}}, {"type": "Feature", "geometry": {"type": "Point", "coordinates": [-82.38858889, 35.01936944]}, "properties": {"fatals": 1, "county": "GREENVILLE (45)", "road": "SR-290 LOCUST HILL RD", "month": "August", "hour": "1", "weather": "Clear", "light": "Dark - Unknown Lighting", "manner": "The First Harmful Event was Not a Collision with a Motor Vehicle in Transport"}}, {"type": "Feature", "geometry": {"type": "Point", "coordinates": [-82.58798333, 34.78983889]}, "properties": {"fatals": 1, "county": "PICKENS (77)", "road": "SR-8 PELZER HWY", "month": "August", "hour": "16", "weather": "Clear", "light": "Daylight", "manner": "Front-to-Front"}}, {"type": "Feature", "geometry": {"type": "Point", "coordinates": [-80.25450556, 33.57841667]}, "properties": {"fatals": 1, "county": "CLARENDON (27)", "road": "SR-64 MW RICKENBAKER RD", "month": "August", "hour": "14", "weather": "Cloudy", "light": "Daylight", "manner": "Front-to-Front"}}, {"type": "Feature", "geometry": {"type": "Point", "coordinates": [-80.90355556, 33.47986389]}, "properties": {"fatals": 1, "county": "ORANGEBURG (75)", "road": "US-301 OLD EDISTO DRIVE", "month": "August", "hour": "19", "weather": "Clear", "light": "Daylight", "manner": "Front-to-Front"}}, {"type": "Feature", "geometry": {"type": "Point", "coordinates": [-80.97164444, 33.40489167]}, "properties": {"fatals": 1, "county": "ORANGEBURG (75)", "road": "US-301 BAMBERG RD", "month": "August", "hour": "6", "weather": "Fog, Smog, Smoke", "light": "Dawn", "manner": "The First Harmful Event was Not a Collision with a Motor Vehicle in Transport"}}, {"type": "Feature", "geometry": {"type": "Point", "coordinates": [-82.77555556, 34.63583333]}, "properties": {"fatals": 1, "county": "ANDERSON (7)", "road": "SR-1056 WESTINGHOUSE RD", "month": "June", "hour": "15", "weather": "Clear", "light": "Daylight", "manner": "The First Harmful Event was Not a Collision with a Motor Vehicle in Transport"}}, {"type": "Feature", "geometry": {"type": "Point", "coordinates": [-80.33149722, 33.94466111]}, "properties": {"fatals": 1, "county": "SUMTER (85)", "road": "US-378 ROBERT E GRAHAM FWY", "month": "August", "hour": "23", "weather": "Clear", "light": "Dark - Not Lighted", "manner": "The First Harmful Event was Not a Collision with a Motor Vehicle in Transport"}}, {"type": "Feature", "geometry": {"type": "Point", "coordinates": [-80.05510833, 32.70791389]}, "properties": {"fatals": 1, "county": "CHARLESTON (19)", "road": "SR-1156 PLOW GROUND RD", "month": "August", "hour": "23", "weather": "Cloudy", "light": "Dark - Not Lighted", "manner": "The First Harmful Event was Not a Collision with a Motor Vehicle in Transport"}}, {"type": "Feature", "geometry": {"type": "Point", "coordinates": [-80.24248889, 32.72663889]}, "properties": {"fatals": 1, "county": "CHARLESTON (19)", "road": "SR-165 HWY 165", "month": "August", "hour": "23", "weather": "Clear", "light": "Dark - Not Lighted", "manner": "The First Harmful Event was Not a Collision with a Motor Vehicle in Transport"}}, {"type": "Feature", "geometry": {"type": "Point", "coordinates": [-80.38176111, 32.75688056]}, "properties": {"fatals": 1, "county": "CHARLESTON (19)", "road": "SR-1845 OLD JACKSONBORO  RD", "month": "August", "hour": "5", "weather": "Rain", "light": "Dark - Lighted", "manner": "The First Harmful Event was Not a Collision with a Motor Vehicle in Transport"}}, {"type": "Feature", "geometry": {"type": "Point", "coordinates": [-80.68775556, 34.19076111]}, "properties": {"fatals": 1, "county": "KERSHAW (55)", "road": "US-601", "month": "September", "hour": "16", "weather": "Clear", "light": "Daylight", "manner": "Angle"}}, {"type": "Feature", "geometry": {"type": "Point", "coordinates": [-79.7777, 33.67951944]}, "properties": {"fatals": 1, "county": "WILLIAMSBURG (89)", "road": "SR-261 HEMINGWAY HWY", "month": "September", "hour": "1", "weather": "Clear", "light": "Dark - Unknown Lighting", "manner": "The First Harmful Event was Not a Collision with a Motor Vehicle in Transport"}}, {"type": "Feature", "geometry": {"type": "Point", "coordinates": [-80.97813889, 34.995425]}, "properties": {"fatals": 1, "county": "YORK (91)", "road": "I-77", "month": "September", "hour": "20", "weather": "Cloudy", "light": "Daylight", "manner": "The First Harmful Event was Not a Collision with a Motor Vehicle in Transport"}}, {"type": "Feature", "geometry": {"type": "Point", "coordinates": [-78.704975, 33.95569444]}, "properties": {"fatals": 1, "county": "HORRY (51)", "road": "SR-905", "month": "September", "hour": "2", "weather": "Clear", "light": "Dark - Not Lighted", "manner": "The First Harmful Event was Not a Collision with a Motor Vehicle in Transport"}}, {"type": "Feature", "geometry": {"type": "Point", "coordinates": [-82.33471389, 35.09466111]}, "properties": {"fatals": 1, "county": "GREENVILLE (45)", "road": "SR-101 HWY 101", "month": "September", "hour": "4", "weather": "Clear", "light": "Dark - Not Lighted", "manner": "The First Harmful Event was Not a Collision with a Motor Vehicle in Transport"}}, {"type": "Feature", "geometry": {"type": "Point", "coordinates": [-80.29121111, 33.19198889]}, "properties": {"fatals": 1, "county": "BERKELEY (15)", "road": "SR-27 HWY 27", "month": "September", "hour": "5", "weather": "Clear", "light": "Dark - Not Lighted", "manner": "Front-to-Front"}}, {"type": "Feature", "geometry": {"type": "Point", "coordinates": [-80.68709444, 34.19749167]}, "properties": {"fatals": 1, "county": "KERSHAW (55)", "road": "SR-133 LACHICOTTE RD", "month": "September", "hour": "18", "weather": "Clear", "light": "Daylight", "manner": "The First Harmful Event was Not a Collision with a Motor Vehicle in Transport"}}, {"type": "Feature", "geometry": {"type": "Point", "coordinates": [-79.76108889, 32.88061944]}, "properties": {"fatals": 1, "county": "CHARLESTON (19)", "road": "US-17 HWY 17", "month": "September", "hour": "19", "weather": "Clear", "light": "Dark - Lighted", "manner": "The First Harmful Event was Not a Collision with a Motor Vehicle in Transport"}}, {"type": "Feature", "geometry": {"type": "Point", "coordinates": [-80.9589, 32.23691111]}, "properties": {"fatals": 1, "county": "BEAUFORT (13)", "road": "SR-46 MAY RIVER RD", "month": "July", "hour": "14", "weather": "Clear", "light": "Daylight", "manner": "The First Harmful Event was Not a Collision with a Motor Vehicle in Transport"}}, {"type": "Feature", "geometry": {"type": "Point", "coordinates": [-82.31777778, 34.91617778]}, "properties": {"fatals": 1, "county": "GREENVILLE (45)", "road": "US-29 WADE HAMPTON BLVD", "month": "September", "hour": "20", "weather": "Clear", "light": "Dark - Lighted", "manner": "The First Harmful Event was Not a Collision with a Motor Vehicle in Transport"}}, {"type": "Feature", "geometry": {"type": "Point", "coordinates": [-81.01496111, 34.01006944]}, "properties": {"fatals": 1, "county": "RICHLAND (79)", "road": "US- 1 N MILLWOOD AVE", "month": "September", "hour": "21", "weather": "Clear", "light": "Dark - Lighted", "manner": "The First Harmful Event was Not a Collision with a Motor Vehicle in Transport"}}, {"type": "Feature", "geometry": {"type": "Point", "coordinates": [-81.81798056, 35.06633611]}, "properties": {"fatals": 1, "county": "SPARTANBURG (83)", "road": "CR- HUMPHRIES RD", "month": "September", "hour": "19", "weather": "Clear", "light": "Dusk", "manner": "Angle"}}, {"type": "Feature", "geometry": {"type": "Point", "coordinates": [-79.78128889, 34.19656111]}, "properties": {"fatals": 1, "county": "FLORENCE (41)", "road": "SR-31 W EVANS ST", "month": "September", "hour": "20", "weather": "Clear", "light": "Dark - Lighted", "manner": "The First Harmful Event was Not a Collision with a Motor Vehicle in Transport"}}, {"type": "Feature", "geometry": {"type": "Point", "coordinates": [-80.71802222, 33.92677778]}, "properties": {"fatals": 1, "county": "RICHLAND (79)", "road": "SR-962 ANTIOCH AMEZ CHURCH RD", "month": "September", "hour": "22", "weather": "Clear", "light": "Dark - Not Lighted", "manner": "The First Harmful Event was Not a Collision with a Motor Vehicle in Transport"}}, {"type": "Feature", "geometry": {"type": "Point", "coordinates": [-79.98879444, 34.34326944]}, "properties": {"fatals": 1, "county": "DARLINGTON (31)", "road": "SR-14 W BILLY FARROW HWY", "month": "September", "hour": "23", "weather": "Clear", "light": "Dark - Not Lighted", "manner": "The First Harmful Event was Not a Collision with a Motor Vehicle in Transport"}}, {"type": "Feature", "geometry": {"type": "Point", "coordinates": [-79.74748889, 33.94302222]}, "properties": {"fatals": 1, "county": "FLORENCE (41)", "road": "US-52 HWY 52", "month": "September", "hour": "7", "weather": "Clear", "light": "Daylight", "manner": "Angle"}}, {"type": "Feature", "geometry": {"type": "Point", "coordinates": [-82.41475, 34.84598889]}, "properties": {"fatals": 1, "county": "GREENVILLE (45)", "road": "US-123 S ACADEMY STREET", "month": "September", "hour": "21", "weather": "Rain", "light": "Dark - Lighted", "manner": "The First Harmful Event was Not a Collision with a Motor Vehicle in Transport"}}, {"type": "Feature", "geometry": {"type": "Point", "coordinates": [-82.44579722, 34.84721389]}, "properties": {"fatals": 1, "county": "GREENVILLE (45)", "road": "SR-124 OLD EASLEY RD", "month": "September", "hour": "22", "weather": "Clear", "light": "Dark - Not Lighted", "manner": "Front-to-Front"}}, {"type": "Feature", "geometry": {"type": "Point", "coordinates": [-82.33721111, 35.00706944]}, "properties": {"fatals": 1, "county": "GREENVILLE (45)", "road": "SR-140 KELLER RD", "month": "September", "hour": "21", "weather": "Cloudy", "light": "Dark - Not Lighted", "manner": "The First Harmful Event was Not a Collision with a Motor Vehicle in Transport"}}, {"type": "Feature", "geometry": {"type": "Point", "coordinates": [-78.76126667, 33.86312222]}, "properties": {"fatals": 1, "county": "HORRY (51)", "road": "SR-808 PINT CIRCLE", "month": "September", "hour": "7", "weather": "Clear", "light": "Dawn", "manner": "The First Harmful Event was Not a Collision with a Motor Vehicle in Transport"}}, {"type": "Feature", "geometry": {"type": "Point", "coordinates": [-81.88513889, 34.87068611]}, "properties": {"fatals": 1, "county": "SPARTANBURG (83)", "road": "SR-56 HWY 56", "month": "September", "hour": "18", "weather": "Clear", "light": "Daylight", "manner": "The First Harmful Event was Not a Collision with a Motor Vehicle in Transport"}}, {"type": "Feature", "geometry": {"type": "Point", "coordinates": [-80.94481111, 34.0761]}, "properties": {"fatals": 1, "county": "RICHLAND (79)", "road": "US-1 TWO NOTCH RD", "month": "September", "hour": "23", "weather": "Clear", "light": "Dark - Not Lighted", "manner": "The First Harmful Event was Not a Collision with a Motor Vehicle in Transport"}}, {"type": "Feature", "geometry": {"type": "Point", "coordinates": [-81.43398889, 34.98711944]}, "properties": {"fatals": 1, "county": "YORK (91)", "road": "SR-816 SMITH FORD RD", "month": "September", "hour": "17", "weather": "Clear", "light": "Daylight", "manner": "The First Harmful Event was Not a Collision with a Motor Vehicle in Transport"}}, {"type": "Feature", "geometry": {"type": "Point", "coordinates": [-81.6119, 34.37313889]}, "properties": {"fatals": 1, "county": "NEWBERRY (71)", "road": "SR-81 OLD WHITMIRE HWY", "month": "September", "hour": "19", "weather": "Clear", "light": "Dusk", "manner": "The First Harmful Event was Not a Collision with a Motor Vehicle in Transport"}}, {"type": "Feature", "geometry": {"type": "Point", "coordinates": [-79.76615, 34.19963889]}, "properties": {"fatals": 4, "county": "FLORENCE (41)", "road": "SR-354 N DARGAN STREET", "month": "September", "hour": "20", "weather": "Clear", "light": "Dark - Lighted", "manner": "The First Harmful Event was Not a Collision with a Motor Vehicle in Transport"}}, {"type": "Feature", "geometry": {"type": "Point", "coordinates": [-80.64336944, 32.95575]}, "properties": {"fatals": 1, "county": "COLLETON (29)", "road": "SR-459 INDUSTRIAL RD", "month": "September", "hour": "1", "weather": "Clear", "light": "Dark - Lighted", "manner": "The First Harmful Event was Not a Collision with a Motor Vehicle in Transport"}}, {"type": "Feature", "geometry": {"type": "Point", "coordinates": [-81.07018889, 34.08138056]}, "properties": {"fatals": 1, "county": "RICHLAND (79)", "road": "SR-215 MONTICELLO RD", "month": "September", "hour": "19", "weather": "Rain", "light": "Dark - Lighted", "manner": "Angle"}}, {"type": "Feature", "geometry": {"type": "Point", "coordinates": [-81.03661667, 34.80191389]}, "properties": {"fatals": 4, "county": "CHESTER (23)", "road": "I-77", "month": "September", "hour": "3", "weather": "Rain", "light": "Dark - Not Lighted", "manner": "Front-to-Front"}}, {"type": "Feature", "geometry": {"type": "Point", "coordinates": [-82.42836389, 34.63895556]}, "properties": {"fatals": 1, "county": "GREENVILLE (45)", "road": "SR-8 HWY 8", "month": "September", "hour": "20", "weather": "Clear", "light": "Dark - Not Lighted", "manner": "Front-to-Front"}}, {"type": "Feature", "geometry": {"type": "Point", "coordinates": [-83.05023889, 34.55255556]}, "properties": {"fatals": 1, "county": "OCONEE (73)", "road": "SR-11", "month": "September", "hour": "9", "weather": "Clear", "light": "Daylight", "manner": "Angle"}}, {"type": "Feature", "geometry": {"type": "Point", "coordinates": [-80.00911667, 33.98287222]}, "properties": {"fatals": 1, "county": "SUMTER (85)", "road": "SR-53 NARROW PAVED RD", "month": "September", "hour": "13", "weather": "Clear", "light": "Daylight", "manner": "The First Harmful Event was Not a Collision with a Motor Vehicle in Transport"}}, {"type": "Feature", "geometry": {"type": "Point", "coordinates": [-80.15189444, 33.14646111]}, "properties": {"fatals": 1, "county": "BERKELEY (15)", "road": "SR-16 COOPER STORE RD", "month": "September", "hour": "15", "weather": "Clear", "light": "Daylight", "manner": "The First Harmful Event was Not a Collision with a Motor Vehicle in Transport"}}, {"type": "Feature", "geometry": {"type": "Point", "coordinates": [-81.08833056, 34.03358056]}, "properties": {"fatals": 1, "county": "RICHLAND (79)", "road": "US-176", "month": "September", "hour": "20", "weather": "Clear", "light": "Dark - Not Lighted", "manner": "The First Harmful Event was Not a Collision with a Motor Vehicle in Transport"}}, {"type": "Feature", "geometry": {"type": "Point", "coordinates": [-79.74663889, 33.93168611]}, "properties": {"fatals": 1, "county": "FLORENCE (41)", "road": "US-52 HWY 52", "month": "September", "hour": "12", "weather": "Clear", "light": "Daylight", "manner": "Angle"}}, {"type": "Feature", "geometry": {"type": "Point", "coordinates": [-82.29495278, 34.92942778]}, "properties": {"fatals": 1, "county": "GREENVILLE (45)", "road": "US-29 WADE HAMPTON BLVD", "month": "September", "hour": "6", "weather": "Clear", "light": "Dawn", "manner": "Front-to-Front"}}, {"type": "Feature", "geometry": {"type": "Point", "coordinates": [-82.69047222, 34.66513889]}, "properties": {"fatals": 1, "county": "ANDERSON (7)", "road": "US-178 LIBERTY HWY", "month": "September", "hour": "11", "weather": "Clear", "light": "Daylight", "manner": "Front-to-Front"}}, {"type": "Feature", "geometry": {"type": "Point", "coordinates": [-80.78833611, 34.66220556]}, "properties": {"fatals": 1, "county": "LANCASTER (57)", "road": "SR-541 DOUGLAS RD", "month": "September", "hour": "15", "weather": "Clear", "light": "Daylight", "manner": "Angle"}}, {"type": "Feature", "geometry": {"type": "Point", "coordinates": [-82.37028056, 34.77319444]}, "properties": {"fatals": 1, "county": "GREENVILLE (45)", "road": "SR-1912 WHITE HORSE RD EXT", "month": "September", "hour": "16", "weather": "Clear", "light": "Daylight", "manner": "The First Harmful Event was Not a Collision with a Motor Vehicle in Transport"}}, {"type": "Feature", "geometry": {"type": "Point", "coordinates": [-81.10486944, 32.44345833]}, "properties": {"fatals": 1, "county": "JASPER (53)", "road": "US-321", "month": "September", "hour": "14", "weather": "Clear", "light": "Daylight", "manner": "Angle"}}, {"type": "Feature", "geometry": {"type": "Point", "coordinates": [-82.239975, 34.13113333]}, "properties": {"fatals": 1, "county": "GREENWOOD (47)", "road": "SR-10 MCCORMICK HWY", "month": "September", "hour": "19", "weather": "Clear", "light": "Dark - Not Lighted", "manner": "The First Harmful Event was Not a Collision with a Motor Vehicle in Transport"}}, {"type": "Feature", "geometry": {"type": "Point", "coordinates": [-82.63963056, 34.478775]}, "properties": {"fatals": 1, "county": "ANDERSON (7)", "road": "SR-141 S MCDUFFIE STREET", "month": "September", "hour": "0", "weather": "Clear", "light": "Dark - Not Lighted", "manner": "Angle"}}, {"type": "Feature", "geometry": {"type": "Point", "coordinates": [-80.54200833, 34.311575]}, "properties": {"fatals": 1, "county": "KERSHAW (55)", "road": "US-1 JEFFERSON DAVIS HWY", "month": "September", "hour": "18", "weather": "Clear", "light": "Daylight", "manner": "Front-to-Rear"}}, {"type": "Feature", "geometry": {"type": "Point", "coordinates": [-82.752575, 34.76398056]}, "properties": {"fatals": 1, "county": "PICKENS (77)", "road": "SR-93 N NORRIS DRIVE", "month": "September", "hour": "22", "weather": "Clear", "light": "Dark - Not Lighted", "manner": "The First Harmful Event was Not a Collision with a Motor Vehicle in Transport"}}, {"type": "Feature", "geometry": {"type": "Point", "coordinates": [-79.76136944, 34.1739]}, "properties": {"fatals": 1, "county": "FLORENCE (41)", "road": "SR-12 S CHURCH ST", "month": "September", "hour": "2", "weather": "Clear", "light": "Dark - Not Lighted", "manner": "The First Harmful Event was Not a Collision with a Motor Vehicle in Transport"}}, {"type": "Feature", "geometry": {"type": "Point", "coordinates": [-81.89619722, 33.43244167]}, "properties": {"fatals": 1, "county": "AIKEN (3)", "road": "SR-28  SAND BAR FERRY", "month": "September", "hour": "0", "weather": "Clear", "light": "Dark - Unknown Lighting", "manner": "The First Harmful Event was Not a Collision with a Motor Vehicle in Transport"}}, {"type": "Feature", "geometry": {"type": "Point", "coordinates": [-81.39158056, 34.74795556]}, "properties": {"fatals": 1, "county": "CHESTER (23)", "road": "SR-9 PINCKNEY RD", "month": "September", "hour": "1", "weather": "Clear", "light": "Dark - Not Lighted", "manner": "The First Harmful Event was Not a Collision with a Motor Vehicle in Transport"}}, {"type": "Feature", "geometry": {"type": "Point", "coordinates": [-81.03763889, 34.76819444]}, "properties": {"fatals": 1, "county": "CHESTER (23)", "road": "I-77", "month": "September", "hour": "2", "weather": "Clear", "light": "Dark - Not Lighted", "manner": "Front-to-Rear"}}, {"type": "Feature", "geometry": {"type": "Point", "coordinates": [-82.01671389, 34.29174444]}, "properties": {"fatals": 1, "county": "LAURENS (59)", "road": "SR-72 HWY 72", "month": "September", "hour": "17", "weather": "Clear", "light": "Daylight", "manner": "The First Harmful Event was Not a Collision with a Motor Vehicle in Transport"}}, {"type": "Feature", "geometry": {"type": "Point", "coordinates": [-81.01608889, 34.59296944]}, "properties": {"fatals": 1, "county": "CHESTER (23)", "road": "I-77", "month": "September", "hour": "23", "weather": "Clear", "light": "Dark - Not Lighted", "manner": "The First Harmful Event was Not a Collision with a Motor Vehicle in Transport"}}, {"type": "Feature", "geometry": {"type": "Point", "coordinates": [-81.21994444, 34.11668056]}, "properties": {"fatals": 2, "county": "RICHLAND (79)", "road": "SR-156 SALEM CHURCH RD", "month": "September", "hour": "2", "weather": "Clear", "light": "Dark - Not Lighted", "manner": "The First Harmful Event was Not a Collision with a Motor Vehicle in Transport"}}, {"type": "Feature", "geometry": {"type": "Point", "coordinates": [-78.90941389, 34.05391944]}, "properties": {"fatals": 1, "county": "HORRY (51)", "road": "SR-45 HWY 45", "month": "September", "hour": "18", "weather": "Clear", "light": "Daylight", "manner": "The First Harmful Event was Not a Collision with a Motor Vehicle in Transport"}}, {"type": "Feature", "geometry": {"type": "Point", "coordinates": [-81.00323611, 33.73206944]}, "properties": {"fatals": 1, "county": "LEXINGTON (63)", "road": "SR-6 SAINT MATTHEWS RD", "month": "September", "hour": "20", "weather": "Clear", "light": "Dark - Not Lighted", "manner": "The First Harmful Event was Not a Collision with a Motor Vehicle in Transport"}}, {"type": "Feature", "geometry": {"type": "Point", "coordinates": [-81.07298611, 33.98783889]}, "properties": {"fatals": 2, "county": "LEXINGTON (63)", "road": "US-1 AUGUSTA RD", "month": "September", "hour": "23", "weather": "Clear", "light": "Dark - Lighted", "manner": "Angle"}}, {"type": "Feature", "geometry": {"type": "Point", "coordinates": [-81.833325, 34.99369444]}, "properties": {"fatals": 1, "county": "SPARTANBURG (83)", "road": "US-29 E MAIN STREET", "month": "September", "hour": "0", "weather": "Clear", "light": "Dark - Not Lighted", "manner": "The First Harmful Event was Not a Collision with a Motor Vehicle in Transport"}}, {"type": "Feature", "geometry": {"type": "Point", "coordinates": [-82.68518056, 34.35411389]}, "properties": {"fatals": 1, "county": "ANDERSON (7)", "road": "SR-81 HWY 81", "month": "September", "hour": "15", "weather": "Clear", "light": "Daylight", "manner": "Angle"}}, {"type": "Feature", "geometry": {"type": "Point", "coordinates": [-81.99604722, 34.99378333]}, "properties": {"fatals": 2, "county": "SPARTANBURG (83)", "road": "I-85", "month": "September", "hour": "19", "weather": "Clear", "light": "Dusk", "manner": "The First Harmful Event was Not a Collision with a Motor Vehicle in Transport"}}, {"type": "Feature", "geometry": {"type": "Point", "coordinates": [-81.06635833, 33.81029722]}, "properties": {"fatals": 1, "county": "LEXINGTON (63)", "road": "SR-65 MACK STREET", "month": "September", "hour": "6", "weather": "Clear", "light": "Dark - Not Lighted", "manner": "The First Harmful Event was Not a Collision with a Motor Vehicle in Transport"}}, {"type": "Feature", "geometry": {"type": "Point", "coordinates": [-81.60626389, 34.33641389]}, "properties": {"fatals": 1, "county": "NEWBERRY (71)", "road": "SR-121", "month": "September", "hour": "4", "weather": "Clear", "light": "Dark - Not Lighted", "manner": "Front-to-Front"}}, {"type": "Feature", "geometry": {"type": "Point", "coordinates": [-81.18899444, 35.13218056]}, "properties": {"fatals": 1, "county": "YORK (91)", "road": "SR-422 GREEN POND RD", "month": "September", "hour": "13", "weather": "Clear", "light": "Daylight", "manner": "The First Harmful Event was Not a Collision with a Motor Vehicle in Transport"}}, {"type": "Feature", "geometry": {"type": "Point", "coordinates": [-79.79085, 33.79076944]}, "properties": {"fatals": 1, "county": "WILLIAMSBURG (89)", "road": "US-52 WILLIAMSBURG COUNTY HWY", "month": "September", "hour": "15", "weather": "Clear", "light": "Daylight", "manner": "The First Harmful Event was Not a Collision with a Motor Vehicle in Transport"}}, {"type": "Feature", "geometry": {"type": "Point", "coordinates": [-79.24301111, 33.92988889]}, "properties": {"fatals": 1, "county": "HORRY (51)", "road": "SR-99 PEE SDEE RD", "month": "September", "hour": "18", "weather": "Clear", "light": "Daylight", "manner": "The First Harmful Event was Not a Collision with a Motor Vehicle in Transport"}}, {"type": "Feature", "geometry": {"type": "Point", "coordinates": [-82.46730278, 35.04162778]}, "properties": {"fatals": 1, "county": "GREENVILLE (45)", "road": "SR-178 TALLEY BRIDGE RD", "month": "September", "hour": "20", "weather": "Clear", "light": "Dark - Not Lighted", "manner": "The First Harmful Event was Not a Collision with a Motor Vehicle in Transport"}}, {"type": "Feature", "geometry": {"type": "Point", "coordinates": [-80.29254722, 33.77761111]}, "properties": {"fatals": 1, "county": "CLARENDON (27)", "road": "SR-23 OLD GEORGETOWN RD", "month": "September", "hour": "11", "weather": "Clear", "light": "Daylight", "manner": "Angle"}}, {"type": "Feature", "geometry": {"type": "Point", "coordinates": [-80.08518889, 33.01581944]}, "properties": {"fatals": 1, "county": "BERKELEY (15)", "road": "SR-1093 CROWFIELD BLVD", "month": "September", "hour": "22", "weather": "Clear", "light": "Dark - Not Lighted", "manner": "The First Harmful Event was Not a Collision with a Motor Vehicle in Transport"}}, {"type": "Feature", "geometry": {"type": "Point", "coordinates": [-82.49875, 35.01846111]}, "properties": {"fatals": 1, "county": "GREENVILLE (45)", "road": "US-276 GEER HWY", "month": "September", "hour": "18", "weather": "Clear", "light": "Daylight", "manner": "Angle"}}, {"type": "Feature", "geometry": {"type": "Point", "coordinates": [-79.39581111, 33.5431]}, "properties": {"fatals": 1, "county": "GEORGETOWN (43)", "road": "SR-51 BROWNS FERRY RD", "month": "September", "hour": "21", "weather": "Clear", "light": "Dark - Not Lighted", "manner": "Front-to-Front"}}, {"type": "Feature", "geometry": {"type": "Point", "coordinates": [-82.104125, 34.58634444]}, "properties": {"fatals": 1, "county": "LAURENS (59)", "road": "CR-S OLD LAURENS RD", "month": "September", "hour": "0", "weather": "Clear", "light": "Dark - Not Lighted", "manner": "The First Harmful Event was Not a Collision with a Motor Vehicle in Transport"}}, {"type": "Feature", "geometry": {"type": "Point", "coordinates": [-79.952375, 33.31299444]}, "properties": {"fatals": 1, "county": "BERKELEY (15)", "road": "US-52 MAIN STREET", "month": "September", "hour": "3", "weather": "Clear", "light": "Dark - Not Lighted", "manner": "The First Harmful Event was Not a Collision with a Motor Vehicle in Transport"}}, {"type": "Feature", "geometry": {"type": "Point", "coordinates": [-82.43593611, 34.70501111]}, "properties": {"fatals": 1, "county": "GREENVILLE (45)", "road": "SR-86 BESSIE RD", "month": "September", "hour": "23", "weather": "Clear", "light": "Dark - Not Lighted", "manner": "Angle"}}, {"type": "Feature", "geometry": {"type": "Point", "coordinates": [-80.81137778, 33.59104167]}, "properties": {"fatals": 1, "county": "ORANGEBURG (75)", "road": "US-601 SAINT MATTHEWS RD", "month": "September", "hour": "4", "weather": "Clear", "light": "Dark - Not Lighted", "manner": "The First Harmful Event was Not a Collision with a Motor Vehicle in Transport"}}, {"type": "Feature", "geometry": {"type": "Point", "coordinates": [-78.99910278, 33.59573056]}, "properties": {"fatals": 1, "county": "HORRY (51)", "road": "US-17 S HWY 17 BUS", "month": "September", "hour": "21", "weather": "Clear", "light": "Dark - Lighted", "manner": "Front-to-Rear"}}, {"type": "Feature", "geometry": {"type": "Point", "coordinates": [-82.48709722, 35.00776111]}, "properties": {"fatals": 1, "county": "GREENVILLE (45)", "road": "US- 276 GEER HWY", "month": "September", "hour": "15", "weather": "Clear", "light": "Daylight", "manner": "Angle"}}, {"type": "Feature", "geometry": {"type": "Point", "coordinates": [-81.08411944, 34.04342778]}, "properties": {"fatals": 1, "county": "RICHLAND (79)", "road": "I-20", "month": "September", "hour": "16", "weather": "Clear", "light": "Daylight", "manner": "Angle"}}, {"type": "Feature", "geometry": {"type": "Point", "coordinates": [-80.36708611, 34.67391667]}, "properties": {"fatals": 1, "county": "CHESTERFIELD (25)", "road": "SR-43 PEACH ORCHARD RD", "month": "September", "hour": "13", "weather": "Clear", "light": "Daylight", "manner": "The First Harmful Event was Not a Collision with a Motor Vehicle in Transport"}}, {"type": "Feature", "geometry": {"type": "Point", "coordinates": [-80.61887778, 33.44424722]}, "properties": {"fatals": 1, "county": "ORANGEBURG (75)", "road": "US-176 OLD STATE RD", "month": "September", "hour": "21", "weather": "Clear", "light": "Dark - Not Lighted", "manner": "The First Harmful Event was Not a Collision with a Motor Vehicle in Transport"}}, {"type": "Feature", "geometry": {"type": "Point", "coordinates": [-79.15229444, 33.78411111]}, "properties": {"fatals": 1, "county": "HORRY (51)", "road": "SR-29 DONGOLA HWY", "month": "September", "hour": "17", "weather": "Clear", "light": "Daylight", "manner": "The First Harmful Event was Not a Collision with a Motor Vehicle in Transport"}}, {"type": "Feature", "geometry": {"type": "Point", "coordinates": [-80.86846111, 32.36366389]}, "properties": {"fatals": 1, "county": "BEAUFORT (13)", "road": "SR-170 OKATIE HWY", "month": "September", "hour": "12", "weather": "Cloudy", "light": "Daylight", "manner": "Angle"}}, {"type": "Feature", "geometry": {"type": "Point", "coordinates": [-81.07509722, 34.94024444]}, "properties": {"fatals": 1, "county": "YORK (91)", "road": "SR-561 MEADOW LAKES RD", "month": "September", "hour": "0", "weather": "Clear", "light": "Dark - Not Lighted", "manner": "The First Harmful Event was Not a Collision with a Motor Vehicle in Transport"}}, {"type": "Feature", "geometry": {"type": "Point", "coordinates": [-79.39822222, 34.24040278]}, "properties": {"fatals": 1, "county": "MARION (67)", "road": "US-501", "month": "September", "hour": "1", "weather": "Clear", "light": "Dark - Not Lighted", "manner": "The First Harmful Event was Not a Collision with a Motor Vehicle in Transport"}}, {"type": "Feature", "geometry": {"type": "Point", "coordinates": [-81.10358056, 33.65394444]}, "properties": {"fatals": 1, "county": "ORANGEBURG (75)", "road": "US-321 SAVANNAH HWY", "month": "September", "hour": "5", "weather": "Clear", "light": "Dark - Not Lighted", "manner": "Angle"}}, {"type": "Feature", "geometry": {"type": "Point", "coordinates": [-80.69275278, 34.73255556]}, "properties": {"fatals": 1, "county": "LANCASTER (57)", "road": "SR-9 PAGELAND HWY", "month": "September", "hour": "16", "weather": "Cloudy", "light": "Daylight", "manner": "The First Harmful Event was Not a Collision with a Motor Vehicle in Transport"}}, {"type": "Feature", "geometry": {"type": "Point", "coordinates": [-82.43307222, 34.97308611]}, "properties": {"fatals": 1, "county": "GREENVILLE (45)", "road": "US-25 N POINSETT HWY", "month": "September", "hour": "17", "weather": "Cloudy", "light": "Daylight", "manner": "Front-to-Front"}}, {"type": "Feature", "geometry": {"type": "Point", "coordinates": [-80.64928889, 32.45851111]}, "properties": {"fatals": 1, "county": "BEAUFORT (13)", "road": "CR-MARQUIS WAY", "month": "September", "hour": "7", "weather": "Cloudy", "light": "Daylight", "manner": "The First Harmful Event was Not a Collision with a Motor Vehicle in Transport"}}, {"type": "Feature", "geometry": {"type": "Point", "coordinates": [-80.9875, 33.96073056]}, "properties": {"fatals": 1, "county": "RICHLAND (79)", "road": "SR-768 SHOP RD", "month": "September", "hour": "5", "weather": "Clear", "light": "Dark - Not Lighted", "manner": "The First Harmful Event was Not a Collision with a Motor Vehicle in Transport"}}, {"type": "Feature", "geometry": {"type": "Point", "coordinates": [-81.35402222, 34.20951111]}, "properties": {"fatals": 1, "county": "NEWBERRY (71)", "road": "SR-40 RED KNOLL RD", "month": "September", "hour": "23", "weather": "Rain", "light": "Dark - Not Lighted", "manner": "The First Harmful Event was Not a Collision with a Motor Vehicle in Transport"}}, {"type": "Feature", "geometry": {"type": "Point", "coordinates": [-80.17031944, 32.97228056]}, "properties": {"fatals": 1, "county": "DORCHESTER (35)", "road": "SR-199 TROLLEY RD", "month": "September", "hour": "8", "weather": "Reported as Unknown", "light": "Dark - Unknown Lighting", "manner": "The First Harmful Event was Not a Collision with a Motor Vehicle in Transport"}}, {"type": "Feature", "geometry": {"type": "Point", "coordinates": [-81.14216111, 32.24236111]}, "properties": {"fatals": 1, "county": "JASPER (53)", "road": "I-95", "month": "August", "hour": "4", "weather": "Clear", "light": "Dark - Not Lighted", "manner": "Front-to-Rear"}}, {"type": "Feature", "geometry": {"type": "Point", "coordinates": [-79.95251111, 32.78138889]}, "properties": {"fatals": 2, "county": "CHARLESTON (19)", "road": "SR-404 CALHOUN ST", "month": "August", "hour": "16", "weather": "Clear", "light": "Daylight", "manner": "Front-to-Rear"}}, {"type": "Feature", "geometry": {"type": "Point", "coordinates": [-82.32223056, 34.41441389]}, "properties": {"fatals": 1, "county": "ABBEVILLE (1)", "road": "SR-166 DRAKE RD", "month": "August", "hour": "17", "weather": "Clear", "light": "Daylight", "manner": "The First Harmful Event was Not a Collision with a Motor Vehicle in Transport"}}, {"type": "Feature", "geometry": {"type": "Point", "coordinates": [-81.23858889, 33.92899444]}, "properties": {"fatals": 1, "county": "LEXINGTON (63)", "road": "SR-6 S LAKE DRIVE", "month": "October", "hour": "2", "weather": "Rain", "light": "Dark - Not Lighted", "manner": "Angle"}}, {"type": "Feature", "geometry": {"type": "Point", "coordinates": [-81.210025, 33.58169722]}, "properties": {"fatals": 1, "county": "ORANGEBURG (75)", "road": "SR-389 NINETY SIX RD", "month": "October", "hour": "5", "weather": "Clear", "light": "Dark - Not Lighted", "manner": "Front-to-Front"}}, {"type": "Feature", "geometry": {"type": "Point", "coordinates": [-80.29636944, 34.17240833]}, "properties": {"fatals": 1, "county": "LEE (61)", "road": "US-15", "month": "October", "hour": "23", "weather": "Clear", "light": "Dark - Not Lighted", "manner": "Front-to-Front"}}, {"type": "Feature", "geometry": {"type": "Point", "coordinates": [-79.81748056, 34.18291944]}, "properties": {"fatals": 1, "county": "FLORENCE (41)", "road": "US-76 W PALMETTO STREET", "month": "October", "hour": "19", "weather": "Clear", "light": "Dark - Lighted", "manner": "Angle"}}, {"type": "Feature", "geometry": {"type": "Point", "coordinates": [-79.49493889, 34.63901111]}, "properties": {"fatals": 1, "county": "MARLBORO (69)", "road": "SR-27 NEW BRIDGE RD", "month": "October", "hour": "1", "weather": "Clear", "light": "Dark - Not Lighted", "manner": "The First Harmful Event was Not a Collision with a Motor Vehicle in Transport"}}, {"type": "Feature", "geometry": {"type": "Point", "coordinates": [-83.23941944, 34.75671111]}, "properties": {"fatals": 1, "county": "OCONEE (73)", "road": "US-76 LONG CREEK HWY", "month": "October", "hour": "18", "weather": "Clear", "light": "Dusk", "manner": "The First Harmful Event was Not a Collision with a Motor Vehicle in Transport"}}, {"type": "Feature", "geometry": {"type": "Point", "coordinates": [-78.77676111, 34.01198056]}, "properties": {"fatals": 1, "county": "HORRY (51)", "road": "SR-9 HWY 9", "month": "October", "hour": "6", "weather": "Cloudy", "light": "Dark - Not Lighted", "manner": "Angle"}}, {"type": "Feature", "geometry": {"type": "Point", "coordinates": [-80.84214444, 33.499475]}, "properties": {"fatals": 1, "county": "ORANGEBURG (75)", "road": "US- 21 CHESTNUT ST", "month": "October", "hour": "7", "weather": "Cloudy", "light": "Daylight", "manner": "The First Harmful Event was Not a Collision with a Motor Vehicle in Transport"}}, {"type": "Feature", "geometry": {"type": "Point", "coordinates": [-81.60026389, 34.32610833]}, "properties": {"fatals": 1, "county": "NEWBERRY (71)", "road": "I-26", "month": "October", "hour": "9", "weather": "Clear", "light": "Daylight", "manner": "Sideswipe - Same Direction"}}, {"type": "Feature", "geometry": {"type": "Point", "coordinates": [-80.79865, 33.46975]}, "properties": {"fatals": 1, "county": "ORANGEBURG (75)", "road": "US-301 FIVE CHOP RD", "month": "October", "hour": "5", "weather": "Clear", "light": "Dark - Not Lighted", "manner": "Angle"}}, {"type": "Feature", "geometry": {"type": "Point", "coordinates": [-80.10233611, 34.51487222]}, "properties": {"fatals": 1, "county": "CHESTERFIELD (25)", "road": "SR-29 HARTSVILLE RUBY RD", "month": "October", "hour": "6", "weather": "Clear", "light": "Dark - Not Lighted", "manner": "Front-to-Rear"}}, {"type": "Feature", "geometry": {"type": "Point", "coordinates": [-80.11665, 33.04134722]}, "properties": {"fatals": 1, "county": "BERKELEY (15)", "road": "SR-157 ROYAL RD", "month": "October", "hour": "21", "weather": "Clear", "light": "Dark - Not Lighted", "manner": "The First Harmful Event was Not a Collision with a Motor Vehicle in Transport"}}, {"type": "Feature", "geometry": {"type": "Point", "coordinates": [-82.05906111, 34.88922222]}, "properties": {"fatals": 1, "county": "SPARTANBURG (83)", "road": "SR-296 REIDVILLE RD", "month": "October", "hour": "21", "weather": "Clear", "light": "Dark - Not Lighted", "manner": "The First Harmful Event was Not a Collision with a Motor Vehicle in Transport"}}, {"type": "Feature", "geometry": {"type": "Point", "coordinates": [-79.66200556, 33.343175]}, "properties": {"fatals": 1, "county": "GEORGETOWN (43)", "road": "US- 17 COUNTY LINE RD", "month": "October", "hour": "18", "weather": "Clear", "light": "Dusk", "manner": "The First Harmful Event was Not a Collision with a Motor Vehicle in Transport"}}, {"type": "Feature", "geometry": {"type": "Point", "coordinates": [-80.86230278, 34.17366111]}, "properties": {"fatals": 1, "county": "RICHLAND (79)", "road": "SR-955 KELLY MILL RD", "month": "October", "hour": "6", "weather": "Clear", "light": "Dark - Not Lighted", "manner": "The First Harmful Event was Not a Collision with a Motor Vehicle in Transport"}}, {"type": "Feature", "geometry": {"type": "Point", "coordinates": [-81.84254722, 35.15179444]}, "properties": {"fatals": 1, "county": "CHEROKEE (21)", "road": "SR-145 HORSE CREEK RD", "month": "October", "hour": "9", "weather": "Clear", "light": "Daylight", "manner": "The First Harmful Event was Not a Collision with a Motor Vehicle in Transport"}}, {"type": "Feature", "geometry": {"type": "Point", "coordinates": [-82.25921111, 34.94191111]}, "properties": {"fatals": 1, "county": "GREENVILLE (45)", "road": "US-29", "month": "September", "hour": "19", "weather": "Clear", "light": "Dark - Lighted", "manner": "Angle"}}, {"type": "Feature", "geometry": {"type": "Point", "coordinates": [-80.06775278, 33.12624444]}, "properties": {"fatals": 1, "county": "BERKELEY (15)", "road": "US-17 ALT", "month": "October", "hour": "20", "weather": "Clear", "light": "Dark - Lighted", "manner": "The First Harmful Event was Not a Collision with a Motor Vehicle in Transport"}}, {"type": "Feature", "geometry": {"type": "Point", "coordinates": [-80.43366944, 34.75253056]}, "properties": {"fatals": 1, "county": "CHESTERFIELD (25)", "road": "US-601 HWY 601", "month": "October", "hour": "7", "weather": "Clear", "light": "Daylight", "manner": "Sideswipe - Opposite Direction"}}, {"type": "Feature", "geometry": {"type": "Point", "coordinates": [-79.59118611, 34.31835556]}, "properties": {"fatals": 1, "county": "DILLON (33)", "road": "I-95", "month": "October", "hour": "21", "weather": "Clear", "light": "Dark - Unknown Lighting", "manner": "The First Harmful Event was Not a Collision with a Motor Vehicle in Transport"}}, {"type": "Feature", "geometry": {"type": "Point", "coordinates": [-80.74276667, 32.21558056]}, "properties": {"fatals": 1, "county": "BEAUFORT (13)", "road": "US-278 SOL BLATT JR PKWY", "month": "October", "hour": "0", "weather": "Clear", "light": "Dark - Not Lighted", "manner": "The First Harmful Event was Not a Collision with a Motor Vehicle in Transport"}}, {"type": "Feature", "geometry": {"type": "Point", "coordinates": [-80.059825, 34.39767222]}, "properties": {"fatals": 1, "county": "DARLINGTON (31)", "road": "US-15 N FIFTH ST", "month": "October", "hour": "4", "weather": "Clear", "light": "Dark - Lighted", "manner": "Front-to-Front"}}, {"type": "Feature", "geometry": {"type": "Point", "coordinates": [-78.83459444, 33.90516944]}, "properties": {"fatals": 1, "county": "HORRY (51)", "road": "SR-905 S HWY 905", "month": "October", "hour": "14", "weather": "Clear", "light": "Daylight", "manner": "Front-to-Front"}}, {"type": "Feature", "geometry": {"type": "Point", "coordinates": [-80.21803889, 32.76693056]}, "properties": {"fatals": 1, "county": "CHARLESTON (19)", "road": "SR-92 SALTERS HILL RD", "month": "October", "hour": "16", "weather": "Clear", "light": "Daylight", "manner": "The First Harmful Event was Not a Collision with a Motor Vehicle in Transport"}}, {"type": "Feature", "geometry": {"type": "Point", "coordinates": [-81.9798, 34.93563333]}, "properties": {"fatals": 1, "county": "SPARTANBURG (83)", "road": "SR-814 CAMELOT DRIVE", "month": "October", "hour": "1", "weather": "Clear", "light": "Dark - Lighted", "manner": "The First Harmful Event was Not a Collision with a Motor Vehicle in Transport"}}, {"type": "Feature", "geometry": {"type": "Point", "coordinates": [-79.13856389, 33.86618889]}, "properties": {"fatals": 1, "county": "HORRY (51)", "road": "CR-WAYSIDE RD", "month": "October", "hour": "5", "weather": "Clear", "light": "Dark - Not Lighted", "manner": "The First Harmful Event was Not a Collision with a Motor Vehicle in Transport"}}, {"type": "Feature", "geometry": {"type": "Point", "coordinates": [-82.05114444, 34.90803611]}, "properties": {"fatals": 1, "county": "SPARTANBURG (83)", "road": "SR-591 FAIRMONT AVE", "month": "October", "hour": "18", "weather": "Clear", "light": "Daylight", "manner": "The First Harmful Event was Not a Collision with a Motor Vehicle in Transport"}}, {"type": "Feature", "geometry": {"type": "Point", "coordinates": [-81.00394444, 34.54607222]}, "properties": {"fatals": 1, "county": "FAIRFIELD (39)", "road": "I-77", "month": "October", "hour": "20", "weather": "Clear", "light": "Dark - Not Lighted", "manner": "The First Harmful Event was Not a Collision with a Motor Vehicle in Transport"}}, {"type": "Feature", "geometry": {"type": "Point", "coordinates": [-80.08658889, 32.92436111]}, "properties": {"fatals": 1, "county": "DORCHESTER (35)", "road": "SR-62 ASHLEY PHOSPHATE RD", "month": "October", "hour": "23", "weather": "Clear", "light": "Dark - Unknown Lighting", "manner": "The First Harmful Event was Not a Collision with a Motor Vehicle in Transport"}}, {"type": "Feature", "geometry": {"type": "Point", "coordinates": [-80.81106111, 33.59150833]}, "properties": {"fatals": 1, "county": "ORANGEBURG (75)", "road": "US-601 SAINT MATTHEWS RD", "month": "October", "hour": "2", "weather": "Clear", "light": "Dark - Lighted", "manner": "The First Harmful Event was Not a Collision with a Motor Vehicle in Transport"}}, {"type": "Feature", "geometry": {"type": "Point", "coordinates": [-81.07365, 32.11578056]}, "properties": {"fatals": 1, "county": "JASPER (53)", "road": "US-17 SPEEDWAY BLVD", "month": "October", "hour": "5", "weather": "Clear", "light": "Dark - Not Lighted", "manner": "The First Harmful Event was Not a Collision with a Motor Vehicle in Transport"}}, {"type": "Feature", "geometry": {"type": "Point", "coordinates": [-82.69435278, 34.32125556]}, "properties": {"fatals": 1, "county": "ANDERSON (7)", "road": "CR-CEMETARY RD", "month": "October", "hour": "16", "weather": "Clear", "light": "Daylight", "manner": "Angle"}}, {"type": "Feature", "geometry": {"type": "Point", "coordinates": [-80.07214444, 32.76809444]}, "properties": {"fatals": 1, "county": "CHARLESTON (19)", "road": "SR-54 RIVER RD", "month": "October", "hour": "16", "weather": "Clear", "light": "Daylight", "manner": "The First Harmful Event was Not a Collision with a Motor Vehicle in Transport"}}, {"type": "Feature", "geometry": {"type": "Point", "coordinates": [-80.097225, 33.04111111]}, "properties": {"fatals": 1, "county": "BERKELEY (15)", "road": "SR-62 COLLEGE PARK RD", "month": "October", "hour": "19", "weather": "Clear", "light": "Dark - Not Lighted", "manner": "Angle"}}, {"type": "Feature", "geometry": {"type": "Point", "coordinates": [-81.118425, 33.49028333]}, "properties": {"fatals": 1, "county": "ORANGEBURG (75)", "road": "US-321 SAVANNAH HWY", "month": "October", "hour": "7", "weather": "Rain", "light": "Dark - Not Lighted", "manner": "Front-to-Front"}}, {"type": "Feature", "geometry": {"type": "Point", "coordinates": [-80.57466111, 33.34338056]}, "properties": {"fatals": 1, "county": "ORANGEBURG (75)", "road": "I-26", "month": "October", "hour": "12", "weather": "Clear", "light": "Daylight", "manner": "The First Harmful Event was Not a Collision with a Motor Vehicle in Transport"}}, {"type": "Feature", "geometry": {"type": "Point", "coordinates": [-82.53771111, 34.66349167]}, "properties": {"fatals": 1, "county": "ANDERSON (7)", "road": "SR-76 MIDWAY RD", "month": "October", "hour": "14", "weather": "Clear", "light": "Daylight", "manner": "The First Harmful Event was Not a Collision with a Motor Vehicle in Transport"}}, {"type": "Feature", "geometry": {"type": "Point", "coordinates": [-80.259275, 33.07763056]}, "properties": {"fatals": 1, "county": "DORCHESTER (35)", "road": "US-78 W 5TH STREET NORTH", "month": "October", "hour": "12", "weather": "Clear", "light": "Daylight", "manner": "Front-to-Front"}}, {"type": "Feature", "geometry": {"type": "Point", "coordinates": [-80.06733056, 32.81953056]}, "properties": {"fatals": 1, "county": "CHARLESTON (19)", "road": "SR-461 GLENN MCCONNELL", "month": "September", "hour": "21", "weather": "Clear", "light": "Dark - Unknown Lighting", "manner": "Angle"}}, {"type": "Feature", "geometry": {"type": "Point", "coordinates": [-80.03361944, 32.81801944]}, "properties": {"fatals": 1, "county": "CHARLESTON (19)", "road": "SR-61 ASHLEY RIVER RD", "month": "September", "hour": "22", "weather": "Clear", "light": "Dark - Not Lighted", "manner": "The First Harmful Event was Not a Collision with a Motor Vehicle in Transport"}}, {"type": "Feature", "geometry": {"type": "Point", "coordinates": [-81.13489722, 33.45246111]}, "properties": {"fatals": 1, "county": "ORANGEBURG (75)", "road": "SR-332", "month": "October", "hour": "23", "weather": "Clear", "light": "Dark - Not Lighted", "manner": "The First Harmful Event was Not a Collision with a Motor Vehicle in Transport"}}, {"type": "Feature", "geometry": {"type": "Point", "coordinates": [-80.09477222, 32.92243611]}, "properties": {"fatals": 1, "county": "DORCHESTER (35)", "road": "SR-62 ASHLEY PHOSPHATE RD", "month": "October", "hour": "20", "weather": "Clear", "light": "Dark - Lighted", "manner": "The First Harmful Event was Not a Collision with a Motor Vehicle in Transport"}}, {"type": "Feature", "geometry": {"type": "Point", "coordinates": [-81.50650556, 35.16931111]}, "properties": {"fatals": 1, "county": "CHEROKEE (21)", "road": "SR-65 HOLLY RIDGE RD", "month": "October", "hour": "6", "weather": "Clear", "light": "Dark - Not Lighted", "manner": "The First Harmful Event was Not a Collision with a Motor Vehicle in Transport"}}, {"type": "Feature", "geometry": {"type": "Point", "coordinates": [-81.58856667, 35.08088611]}, "properties": {"fatals": 1, "county": "CHEROKEE (21)", "road": "US-29 CHEOKEE AVE", "month": "October", "hour": "21", "weather": "Clear", "light": "Dark - Not Lighted", "manner": "The First Harmful Event was Not a Collision with a Motor Vehicle in Transport"}}, {"type": "Feature", "geometry": {"type": "Point", "coordinates": [-80.16759722, 34.49621111]}, "properties": {"fatals": 2, "county": "CHESTERFIELD (25)", "road": "SR-46 MIDDENDORF RD", "month": "October", "hour": "15", "weather": "Clear", "light": "Daylight", "manner": "Front-to-Front"}}, {"type": "Feature", "geometry": {"type": "Point", "coordinates": [-81.02301667, 34.03634444]}, "properties": {"fatals": 1, "county": "RICHLAND (79)", "road": "SR-555 FARROW RD", "month": "July", "hour": "20", "weather": "Clear", "light": "Dusk", "manner": "The First Harmful Event was Not a Collision with a Motor Vehicle in Transport"}}, {"type": "Feature", "geometry": {"type": "Point", "coordinates": [-80.04358056, 32.96075]}, "properties": {"fatals": 1, "county": "CHARLESTON (19)", "road": "US-52 HWY 52", "month": "October", "hour": "15", "weather": "Clear", "light": "Daylight", "manner": "Angle"}}, {"type": "Feature", "geometry": {"type": "Point", "coordinates": [-78.92118333, 33.72234444]}, "properties": {"fatals": 1, "county": "HORRY (51)", "road": "CR-RIVER OAKS DRIVE", "month": "October", "hour": "17", "weather": "Clear", "light": "Daylight", "manner": "Angle"}}, {"type": "Feature", "geometry": {"type": "Point", "coordinates": [-81.98070556, 35.1442]}, "properties": {"fatals": 1, "county": "SPARTANBURG (83)", "road": "SR-11 CHEROKEE FOOTHILLS SCENI", "month": "October", "hour": "19", "weather": "Clear", "light": "Dusk", "manner": "The First Harmful Event was Not a Collision with a Motor Vehicle in Transport"}}, {"type": "Feature", "geometry": {"type": "Point", "coordinates": [-80.47332222, 33.25568333]}, "properties": {"fatals": 1, "county": "DORCHESTER (35)", "road": "I-26", "month": "October", "hour": "22", "weather": "Clear", "light": "Dark - Not Lighted", "manner": "The First Harmful Event was Not a Collision with a Motor Vehicle in Transport"}}, {"type": "Feature", "geometry": {"type": "Point", "coordinates": [-82.39131389, 34.85506111]}, "properties": {"fatals": 1, "county": "GREENVILLE (45)", "road": "US-29 N CHURCH STREET", "month": "October", "hour": "0", "weather": "Clear", "light": "Dark - Lighted", "manner": "Angle"}}, {"type": "Feature", "geometry": {"type": "Point", "coordinates": [-81.02916944, 34.03401667]}, "properties": {"fatals": 1, "county": "RICHLAND (79)", "road": "SR-277", "month": "October", "hour": "5", "weather": "Clear", "light": "Dark - Not Lighted", "manner": "The First Harmful Event was Not a Collision with a Motor Vehicle in Transport"}}, {"type": "Feature", "geometry": {"type": "Point", "coordinates": [-80.13858333, 33.09128611]}, "properties": {"fatals": 1, "county": "BERKELEY (15)", "road": "SR-1206 NEXTON PKWY", "month": "October", "hour": "6", "weather": "Clear", "light": "Dark - Lighted", "manner": "Front-to-Front"}}, {"type": "Feature", "geometry": {"type": "Point", "coordinates": [-80.52521111, 33.97998889]}, "properties": {"fatals": 1, "county": "SUMTER (85)", "road": "SR-28 RACOON RD", "month": "October", "hour": "19", "weather": "Clear", "light": "Dark - Not Lighted", "manner": "The First Harmful Event was Not a Collision with a Motor Vehicle in Transport"}}, {"type": "Feature", "geometry": {"type": "Point", "coordinates": [-82.56850556, 34.43563889]}, "properties": {"fatals": 1, "county": "ANDERSON (7)", "road": "SR-489 PARNELL RD", "month": "October", "hour": "22", "weather": "Clear", "light": "Dark - Not Lighted", "manner": "The First Harmful Event was Not a Collision with a Motor Vehicle in Transport"}}, {"type": "Feature", "geometry": {"type": "Point", "coordinates": [-80.0474, 32.94426111]}, "properties": {"fatals": 1, "county": "CHARLESTON (19)", "road": "US-52 RIVERS AVE", "month": "October", "hour": "1", "weather": "Clear", "light": "Dark - Not Lighted", "manner": "The First Harmful Event was Not a Collision with a Motor Vehicle in Transport"}}, {"type": "Feature", "geometry": {"type": "Point", "coordinates": [-81.95433889, 34.94133056]}, "properties": {"fatals": 1, "county": "SPARTANBURG (83)", "road": "US-29 W O EZELL BLVD", "month": "October", "hour": "22", "weather": "Clear", "light": "Dark - Lighted", "manner": "The First Harmful Event was Not a Collision with a Motor Vehicle in Transport"}}, {"type": "Feature", "geometry": {"type": "Point", "coordinates": [-80.97951111, 34.94098889]}, "properties": {"fatals": 1, "county": "YORK (91)", "road": "SR-122 DAVE LYLE BLVD", "month": "October", "hour": "17", "weather": "Clear", "light": "Daylight", "manner": "The First Harmful Event was Not a Collision with a Motor Vehicle in Transport"}}, {"type": "Feature", "geometry": {"type": "Point", "coordinates": [-80.38441111, 33.96561944]}, "properties": {"fatals": 1, "county": "SUMTER (85)", "road": "US-521 CAMDEN HWY", "month": "October", "hour": "23", "weather": "Clear", "light": "Dark - Lighted", "manner": "The First Harmful Event was Not a Collision with a Motor Vehicle in Transport"}}, {"type": "Feature", "geometry": {"type": "Point", "coordinates": [-80.36431944, 33.91503889]}, "properties": {"fatals": 1, "county": "SUMTER (85)", "road": "SR-227 W OAKLAND AVE", "month": "October", "hour": "0", "weather": "Clear", "light": "Dark - Lighted", "manner": "The First Harmful Event was Not a Collision with a Motor Vehicle in Transport"}}, {"type": "Feature", "geometry": {"type": "Point", "coordinates": [-81.89116111, 34.9686]}, "properties": {"fatals": 1, "county": "SPARTANBURG (83)", "road": "US-29 E MAIN STREET", "month": "October", "hour": "19", "weather": "Clear", "light": "Dark - Lighted", "manner": "The First Harmful Event was Not a Collision with a Motor Vehicle in Transport"}}, {"type": "Feature", "geometry": {"type": "Point", "coordinates": [-78.97535556, 34.12865]}, "properties": {"fatals": 1, "county": "HORRY (51)", "road": "SR-410 GREEN SEA RD", "month": "October", "hour": "5", "weather": "Clear", "light": "Dark - Not Lighted", "manner": "The First Harmful Event was Not a Collision with a Motor Vehicle in Transport"}}, {"type": "Feature", "geometry": {"type": "Point", "coordinates": [-78.903, 33.701]}, "properties": {"fatals": 1, "county": "HORRY (51)", "road": "SR-1315 ROBERT GRISSOM PKWY", "month": "October", "hour": "19", "weather": "Clear", "light": "Dark - Lighted", "manner": "Front-to-Front"}}, {"type": "Feature", "geometry": {"type": "Point", "coordinates": [-80.73593056, 32.46693056]}, "properties": {"fatals": 1, "county": "BEAUFORT (13)", "road": "US-21 TRASK PKWY", "month": "October", "hour": "6", "weather": "Clear", "light": "Dark - Not Lighted", "manner": "Front-to-Rear"}}, {"type": "Feature", "geometry": {"type": "Point", "coordinates": [-81.76594444, 33.48417222]}, "properties": {"fatals": 1, "county": "AIKEN (3)", "road": "SR-2303 GLENWOOD DRIVE", "month": "October", "hour": "22", "weather": "Clear", "light": "Dark - Not Lighted", "manner": "The First Harmful Event was Not a Collision with a Motor Vehicle in Transport"}}, {"type": "Feature", "geometry": {"type": "Point", "coordinates": [-80.86011667, 32.68035278]}, "properties": {"fatals": 2, "county": "HAMPTON (49)", "road": "US-17 ALT", "month": "October", "hour": "19", "weather": "Clear", "light": "Dark - Not Lighted", "manner": "Front-to-Front"}}, {"type": "Feature", "geometry": {"type": "Point", "coordinates": [-82.25741111, 34.65133056]}, "properties": {"fatals": 1, "county": "GREENVILLE (45)", "road": "SR-55 FAIRVIEW RD", "month": "April", "hour": "22", "weather": "Clear", "light": "Dark - Not Lighted", "manner": "The First Harmful Event was Not a Collision with a Motor Vehicle in Transport"}}, {"type": "Feature", "geometry": {"type": "Point", "coordinates": [-79.702175, 34.28860556]}, "properties": {"fatals": 1, "county": "FLORENCE (41)", "road": "SR-327 N WILLSISTON RD", "month": "April", "hour": "8", "weather": "Rain", "light": "Daylight", "manner": "The First Harmful Event was Not a Collision with a Motor Vehicle in Transport"}}, {"type": "Feature", "geometry": {"type": "Point", "coordinates": [-80.25726111, 33.20836944]}, "properties": {"fatals": 1, "county": "BERKELEY (15)", "road": "US-176 STATE RD", "month": "September", "hour": "15", "weather": "Clear", "light": "Daylight", "manner": "Angle"}}, {"type": "Feature", "geometry": {"type": "Point", "coordinates": [-79.80565278, 34.22378611]}, "properties": {"fatals": 1, "county": "FLORENCE (41)", "road": "I-95", "month": "October", "hour": "21", "weather": "Clear", "light": "Dark - Not Lighted", "manner": "The First Harmful Event was Not a Collision with a Motor Vehicle in Transport"}}, {"type": "Feature", "geometry": {"type": "Point", "coordinates": [-82.357525, 34.86523611]}, "properties": {"fatals": 1, "county": "GREENVILLE (45)", "road": "SR-291 N PLEASANTBURG DRIVE", "month": "October", "hour": "22", "weather": "Clear", "light": "Dark - Not Lighted", "manner": "Front-to-Rear"}}, {"type": "Feature", "geometry": {"type": "Point", "coordinates": [-79.44235278, 33.27903889]}, "properties": {"fatals": 1, "county": "GEORGETOWN (43)", "road": "SR-24 POWELL RD", "month": "October", "hour": "23", "weather": "Clear", "light": "Dark - Not Lighted", "manner": "The First Harmful Event was Not a Collision with a Motor Vehicle in Transport"}}, {"type": "Feature", "geometry": {"type": "Point", "coordinates": [-80.14531111, 33.03561667]}, "properties": {"fatals": 1, "county": "BERKELEY (15)", "road": "SR-1258 FARMINGTON RD", "month": "October", "hour": "1", "weather": "Clear", "light": "Dark - Lighted", "manner": "The First Harmful Event was Not a Collision with a Motor Vehicle in Transport"}}, {"type": "Feature", "geometry": {"type": "Point", "coordinates": [-82.45311389, 34.82503333]}, "properties": {"fatals": 1, "county": "GREENVILLE (45)", "road": "SR-477 WELCOME  AVE EXT", "month": "October", "hour": "4", "weather": "Clear", "light": "Dark - Unknown Lighting", "manner": "The First Harmful Event was Not a Collision with a Motor Vehicle in Transport"}}, {"type": "Feature", "geometry": {"type": "Point", "coordinates": [-82.45576667, 34.66908889]}, "properties": {"fatals": 1, "county": "GREENVILLE (45)", "road": "SR-20 S PIEDMONT HWY", "month": "October", "hour": "17", "weather": "Clear", "light": "Daylight", "manner": "The First Harmful Event was Not a Collision with a Motor Vehicle in Transport"}}, {"type": "Feature", "geometry": {"type": "Point", "coordinates": [-79.75468889, 34.32931944]}, "properties": {"fatals": 1, "county": "DARLINGTON (31)", "road": "SR-35 S CHARLESTON RD", "month": "October", "hour": "22", "weather": "Clear", "light": "Dark - Not Lighted", "manner": "The First Harmful Event was Not a Collision with a Motor Vehicle in Transport"}}, {"type": "Feature", "geometry": {"type": "Point", "coordinates": [-80.90711111, 34.582925]}, "properties": {"fatals": 1, "county": "CHESTER (23)", "road": "US-99 CHESTER AVE", "month": "October", "hour": "23", "weather": "Clear", "light": "Dark - Unknown Lighting", "manner": "The First Harmful Event was Not a Collision with a Motor Vehicle in Transport"}}, {"type": "Feature", "geometry": {"type": "Point", "coordinates": [-81.30842222, 34.96788611]}, "properties": {"fatals": 1, "county": "YORK (91)", "road": "SR-49 SHARON RD", "month": "October", "hour": "10", "weather": "Clear", "light": "Daylight", "manner": "The First Harmful Event was Not a Collision with a Motor Vehicle in Transport"}}, {"type": "Feature", "geometry": {"type": "Point", "coordinates": [-80.64332778, 33.76000833]}, "properties": {"fatals": 1, "county": "RICHLAND (79)", "road": "US-601 MCCORDS FERRY RD", "month": "October", "hour": "11", "weather": "Clear", "light": "Daylight", "manner": "The First Harmful Event was Not a Collision with a Motor Vehicle in Transport"}}, {"type": "Feature", "geometry": {"type": "Point", "coordinates": [-82.032675, 34.90450833]}, "properties": {"fatals": 1, "county": "SPARTANBURG (83)", "road": "SR-296 REIDVILLE RD", "month": "October", "hour": "16", "weather": "Clear", "light": "Daylight", "manner": "Front-to-Front"}}, {"type": "Feature", "geometry": {"type": "Point", "coordinates": [-81.18573889, 32.675275]}, "properties": {"fatals": 1, "county": "HAMPTON (49)", "road": "US-601 SAVANNAH HWY", "month": "October", "hour": "19", "weather": "Clear", "light": "Dark - Not Lighted", "manner": "The First Harmful Event was Not a Collision with a Motor Vehicle in Transport"}}, {"type": "Feature", "geometry": {"type": "Point", "coordinates": [-82.42631111, 34.98043611]}, "properties": {"fatals": 1, "county": "GREENVILLE (45)", "road": "US-25", "month": "October", "hour": "20", "weather": "Clear", "light": "Dark - Not Lighted", "manner": "The First Harmful Event was Not a Collision with a Motor Vehicle in Transport"}}, {"type": "Feature", "geometry": {"type": "Point", "coordinates": [-82.20116111, 35.16128611]}, "properties": {"fatals": 1, "county": "SPARTANBURG (83)", "road": "SR-14 HWY 14", "month": "October", "hour": "17", "weather": "Clear", "light": "Daylight", "manner": "Front-to-Front"}}, {"type": "Feature", "geometry": {"type": "Point", "coordinates": [-81.03977222, 32.87731389]}, "properties": {"fatals": 1, "county": "HAMPTON (49)", "road": "SR-63 WALTERBORO HWY", "month": "October", "hour": "21", "weather": "Clear", "light": "Dark - Not Lighted", "manner": "The First Harmful Event was Not a Collision with a Motor Vehicle in Transport"}}, {"type": "Feature", "geometry": {"type": "Point", "coordinates": [-80.39086944, 33.13677778]}, "properties": {"fatals": 1, "county": "DORCHESTER (35)", "road": "US-76 HWY 76", "month": "October", "hour": "10", "weather": "Clear", "light": "Daylight", "manner": "Front-to-Front"}}, {"type": "Feature", "geometry": {"type": "Point", "coordinates": [-80.06641111, 32.88471111]}, "properties": {"fatals": 1, "county": "CHARLESTON (19)", "road": "SR-642 DORCHESTER RD", "month": "October", "hour": "22", "weather": "Fog, Smog, Smoke", "light": "Dark - Lighted", "manner": "The First Harmful Event was Not a Collision with a Motor Vehicle in Transport"}}, {"type": "Feature", "geometry": {"type": "Point", "coordinates": [-82.16400833, 34.70125833]}, "properties": {"fatals": 1, "county": "LAURENS (59)", "road": "SR-67 DURBIN RD", "month": "October", "hour": "23", "weather": "Clear", "light": "Dark - Unknown Lighting", "manner": "The First Harmful Event was Not a Collision with a Motor Vehicle in Transport"}}, {"type": "Feature", "geometry": {"type": "Point", "coordinates": [-79.10757778, 34.21458333]}, "properties": {"fatals": 1, "county": "HORRY (51)", "road": "SR-9 HWY 9", "month": "October", "hour": "5", "weather": "Fog, Smog, Smoke", "light": "Dark - Not Lighted", "manner": "Angle"}}, {"type": "Feature", "geometry": {"type": "Point", "coordinates": [-81.82077778, 35.04229444]}, "properties": {"fatals": 1, "county": "SPARTANBURG (83)", "road": "I-85", "month": "October", "hour": "10", "weather": "Cloudy", "light": "Daylight", "manner": "The First Harmful Event was Not a Collision with a Motor Vehicle in Transport"}}, {"type": "Feature", "geometry": {"type": "Point", "coordinates": [-82.634625, 34.76843611]}, "properties": {"fatals": 1, "county": "PICKENS (77)", "road": "CR-FINLEY RD", "month": "October", "hour": "7", "weather": "Clear", "light": "Dawn", "manner": "The First Harmful Event was Not a Collision with a Motor Vehicle in Transport"}}, {"type": "Feature", "geometry": {"type": "Point", "coordinates": [-78.72686944, 33.86116944]}, "properties": {"fatals": 1, "county": "HORRY (51)", "road": "SR-90 HWY 90", "month": "October", "hour": "20", "weather": "Clear", "light": "Dark - Not Lighted", "manner": "Angle"}}, {"type": "Feature", "geometry": {"type": "Point", "coordinates": [-81.86441111, 34.32305833]}, "properties": {"fatals": 1, "county": "LAURENS (59)", "road": "SR-560 HWY 560", "month": "October", "hour": "6", "weather": "Clear", "light": "Daylight", "manner": "The First Harmful Event was Not a Collision with a Motor Vehicle in Transport"}}, {"type": "Feature", "geometry": {"type": "Point", "coordinates": [-79.43503056, 33.61707222]}, "properties": {"fatals": 1, "county": "GEORGETOWN (43)", "road": "SR-41 COUNTY LINE RD", "month": "October", "hour": "11", "weather": "Clear", "light": "Daylight", "manner": "The First Harmful Event was Not a Collision with a Motor Vehicle in Transport"}}, {"type": "Feature", "geometry": {"type": "Point", "coordinates": [-80.23531944, 32.77868056]}, "properties": {"fatals": 1, "county": "CHARLESTON (19)", "road": "US-17 HWY 17", "month": "October", "hour": "10", "weather": "Clear", "light": "Daylight", "manner": "The First Harmful Event was Not a Collision with a Motor Vehicle in Transport"}}, {"type": "Feature", "geometry": {"type": "Point", "coordinates": [-79.39719444, 34.31444167]}, "properties": {"fatals": 1, "county": "DILLON (33)", "road": "SR-917 HWY 917", "month": "October", "hour": "14", "weather": "Cloudy", "light": "Daylight", "manner": "Front-to-Front"}}, {"type": "Feature", "geometry": {"type": "Point", "coordinates": [-79.16496111, 34.30531111]}, "properties": {"fatals": 1, "county": "DILLON (33)", "road": "SR-436 RACE TRACK RD", "month": "October", "hour": "19", "weather": "Clear", "light": "Dark - Not Lighted", "manner": "The First Harmful Event was Not a Collision with a Motor Vehicle in Transport"}}, {"type": "Feature", "geometry": {"type": "Point", "coordinates": [-81.05091111, 33.98921111]}, "properties": {"fatals": 1, "county": "LEXINGTON (63)", "road": "SR-56 ALEXANDER RD", "month": "October", "hour": "22", "weather": "Clear", "light": "Dark - Lighted", "manner": "Front-to-Front"}}, {"type": "Feature", "geometry": {"type": "Point", "coordinates": [-80.09058889, 33.03521111]}, "properties": {"fatals": 1, "county": "BERKELEY (15)", "road": "SR-62 COLLEGE PARK RD", "month": "October", "hour": "1", "weather": "Clear", "light": "Dark - Not Lighted", "manner": "The First Harmful Event was Not a Collision with a Motor Vehicle in Transport"}}, {"type": "Feature", "geometry": {"type": "Point", "coordinates": [-82.47462778, 34.84026667]}, "properties": {"fatals": 1, "county": "GREENVILLE (45)", "road": "SR-124 OLD EASLEY HWY", "month": "October", "hour": "2", "weather": "Clear", "light": "Dark - Not Lighted", "manner": "Front-to-Front"}}, {"type": "Feature", "geometry": {"type": "Point", "coordinates": [-79.94428611, 34.04118056]}, "properties": {"fatals": 1, "county": "FLORENCE (41)", "road": "SR-403 CALE YARBOROUGH HWY", "month": "October", "hour": "19", "weather": "Rain", "light": "Dark - Not Lighted", "manner": "Front-to-Front"}}, {"type": "Feature", "geometry": {"type": "Point", "coordinates": [-81.00375556, 33.96476944]}, "properties": {"fatals": 1, "county": "RICHLAND (79)", "road": "SR-48 BLUFF RD", "month": "October", "hour": "22", "weather": "Rain", "light": "Dark - Not Lighted", "manner": "The First Harmful Event was Not a Collision with a Motor Vehicle in Transport"}}, {"type": "Feature", "geometry": {"type": "Point", "coordinates": [-81.626775, 35.08122778]}, "properties": {"fatals": 1, "county": "CHEROKEE (21)", "road": "US-29 CHEROKEE AVE", "month": "October", "hour": "20", "weather": "Clear", "light": "Dark - Not Lighted", "manner": "The First Harmful Event was Not a Collision with a Motor Vehicle in Transport"}}, {"type": "Feature", "geometry": {"type": "Point", "coordinates": [-82.49511111, 34.83152222]}, "properties": {"fatals": 1, "county": "PICKENS (77)", "road": "US-123 CALHOUHN MEMORIAL HWY", "month": "October", "hour": "7", "weather": "Clear", "light": "Dawn", "manner": "The First Harmful Event was Not a Collision with a Motor Vehicle in Transport"}}, {"type": "Feature", "geometry": {"type": "Point", "coordinates": [-80.69357778, 32.9111]}, "properties": {"fatals": 2, "county": "COLLETON (29)", "road": "SR-68 HIERS CORNER RD", "month": "October", "hour": "18", "weather": "Clear", "light": "Dusk", "manner": "The First Harmful Event was Not a Collision with a Motor Vehicle in Transport"}}, {"type": "Feature", "geometry": {"type": "Point", "coordinates": [-80.71700278, 34.73173611]}, "properties": {"fatals": 1, "county": "LANCASTER (57)", "road": "SR-306 CATOE RD", "month": "October", "hour": "7", "weather": "Clear", "light": "Dawn", "manner": "The First Harmful Event was Not a Collision with a Motor Vehicle in Transport"}}, {"type": "Feature", "geometry": {"type": "Point", "coordinates": [-78.65883611, 33.90615556]}, "properties": {"fatals": 1, "county": "HORRY (51)", "road": "SR-57-HWY 57", "month": "October", "hour": "2", "weather": "Clear", "light": "Dark - Not Lighted", "manner": "Front-to-Front"}}, {"type": "Feature", "geometry": {"type": "Point", "coordinates": [-81.08169167, 32.28774444]}, "properties": {"fatals": 1, "county": "JASPER (53)", "road": "CR-CHURCH RD", "month": "October", "hour": "7", "weather": "Clear", "light": "Daylight", "manner": "The First Harmful Event was Not a Collision with a Motor Vehicle in Transport"}}, {"type": "Feature", "geometry": {"type": "Point", "coordinates": [-81.10303611, 34.02494444]}, "properties": {"fatals": 1, "county": "RICHLAND (79)", "road": "I-26", "month": "October", "hour": "23", "weather": "Cloudy", "light": "Dark - Not Lighted", "manner": "The First Harmful Event was Not a Collision with a Motor Vehicle in Transport"}}, {"type": "Feature", "geometry": {"type": "Point", "coordinates": [-82.23508056, 34.94891944]}, "properties": {"fatals": 1, "county": "GREENVILLE (45)", "road": "US-29 W WADE HAMPTON", "month": "October", "hour": "18", "weather": "Clear", "light": "Dusk", "manner": "Angle"}}, {"type": "Feature", "geometry": {"type": "Point", "coordinates": [-78.88371389, 33.75758333]}, "properties": {"fatals": 1, "county": "HORRY (51)", "road": "CR-CAROLINA FOREST BLVD", "month": "November", "hour": "6", "weather": "Fog, Smog, Smoke", "light": "Dark - Not Lighted", "manner": "The First Harmful Event was Not a Collision with a Motor Vehicle in Transport"}}, {"type": "Feature", "geometry": {"type": "Point", "coordinates": [-81.20427222, 33.90918333]}, "properties": {"fatals": 1, "county": "LEXINGTON (63)", "road": "SR-602 PLATT SPRINGS RD", "month": "November", "hour": "8", "weather": "Clear", "light": "Daylight", "manner": "Angle"}}, {"type": "Feature", "geometry": {"type": "Point", "coordinates": [-79.77412222, 33.89244167]}, "properties": {"fatals": 1, "county": "FLORENCE (41)", "road": "US-378", "month": "November", "hour": "6", "weather": "Clear", "light": "Dark - Not Lighted", "manner": "The First Harmful Event was Not a Collision with a Motor Vehicle in Transport"}}, {"type": "Feature", "geometry": {"type": "Point", "coordinates": [-81.53971944, 33.39988889]}, "properties": {"fatals": 1, "county": "AIKEN (3)", "road": "US-278 WILLISTON RD", "month": "November", "hour": "15", "weather": "Clear", "light": "Daylight", "manner": "The First Harmful Event was Not a Collision with a Motor Vehicle in Transport"}}, {"type": "Feature", "geometry": {"type": "Point", "coordinates": [-80.902075, 34.07586111]}, "properties": {"fatals": 1, "county": "RICHLAND (79)", "road": "I-20", "month": "November", "hour": "18", "weather": "Clear", "light": "Dark - Not Lighted", "manner": "Front-to-Rear"}}, {"type": "Feature", "geometry": {"type": "Point", "coordinates": [-81.65553889, 35.12016944]}, "properties": {"fatals": 1, "county": "CHEROKEE (21)", "road": "SR-150 BOILING SPRING HWY", "month": "November", "hour": "15", "weather": "Clear", "light": "Daylight", "manner": "The First Harmful Event was Not a Collision with a Motor Vehicle in Transport"}}, {"type": "Feature", "geometry": {"type": "Point", "coordinates": [-81.00166111, 34.07071111]}, "properties": {"fatals": 1, "county": "RICHLAND (79)", "road": "US-21 N MAIN ST", "month": "November", "hour": "20", "weather": "Clear", "light": "Dark - Lighted", "manner": "The First Harmful Event was Not a Collision with a Motor Vehicle in Transport"}}, {"type": "Feature", "geometry": {"type": "Point", "coordinates": [-80.86074722, 33.76660556]}, "properties": {"fatals": 1, "county": "CALHOUN (17)", "road": "SR-36 GREAT CIRCLE DRIVE", "month": "November", "hour": "10", "weather": "Clear", "light": "Daylight", "manner": "The First Harmful Event was Not a Collision with a Motor Vehicle in Transport"}}, {"type": "Feature", "geometry": {"type": "Point", "coordinates": [-78.8794, 34.13568611]}, "properties": {"fatals": 1, "county": "HORRY (51)", "road": "SR-388 SANDY BLUFF RD", "month": "November", "hour": "20", "weather": "Clear", "light": "Dark - Not Lighted", "manner": "The First Harmful Event was Not a Collision with a Motor Vehicle in Transport"}}, {"type": "Feature", "geometry": {"type": "Point", "coordinates": [-81.57496389, 33.54632778]}, "properties": {"fatals": 1, "county": "AIKEN (3)", "road": "SR-1304 HATCHAWAY BRIDGE RD", "month": "November", "hour": "22", "weather": "Clear", "light": "Dark - Not Lighted", "manner": "The First Harmful Event was Not a Collision with a Motor Vehicle in Transport"}}, {"type": "Feature", "geometry": {"type": "Point", "coordinates": [-80.26057778, 32.96605278]}, "properties": {"fatals": 2, "county": "DORCHESTER (35)", "road": "US-17 A-HWY", "month": "November", "hour": "7", "weather": "Clear", "light": "Dawn", "manner": "Angle"}}, {"type": "Feature", "geometry": {"type": "Point", "coordinates": [-80.35705, 32.93415278]}, "properties": {"fatals": 1, "county": "DORCHESTER (35)", "road": "US-17 A HWY", "month": "November", "hour": "16", "weather": "Clear", "light": "Daylight", "manner": "Front-to-Front"}}, {"type": "Feature", "geometry": {"type": "Point", "coordinates": [-82.30046389, 34.70295833]}, "properties": {"fatals": 1, "county": "GREENVILLE (45)", "road": "SR-453 ROCKY CREEK RD", "month": "November", "hour": "11", "weather": "Rain", "light": "Daylight", "manner": "Front-to-Front"}}, {"type": "Feature", "geometry": {"type": "Point", "coordinates": [-79.66375556, 33.322325]}, "properties": {"fatals": 1, "county": "GEORGETOWN (43)", "road": "US-17 COUNTY LINE RD", "month": "November", "hour": "3", "weather": "Rain", "light": "Dark - Not Lighted", "manner": "The First Harmful Event was Not a Collision with a Motor Vehicle in Transport"}}, {"type": "Feature", "geometry": {"type": "Point", "coordinates": [-80.35286111, 34.22376944]}, "properties": {"fatals": 1, "county": "LEE (61)", "road": "SR-34 CAMDEN HWY", "month": "November", "hour": "17", "weather": "Clear", "light": "Daylight", "manner": "The First Harmful Event was Not a Collision with a Motor Vehicle in Transport"}}, {"type": "Feature", "geometry": {"type": "Point", "coordinates": [-82.50622778, 34.83086944]}, "properties": {"fatals": 1, "county": "PICKENS (77)", "road": "US-123 CALHOUN MEM HWY", "month": "November", "hour": "23", "weather": "Clear", "light": "Dark - Not Lighted", "manner": "The First Harmful Event was Not a Collision with a Motor Vehicle in Transport"}}, {"type": "Feature", "geometry": {"type": "Point", "coordinates": [-81.0179, 32.3055]}, "properties": {"fatals": 1, "county": "JASPER (53)", "road": "US-278 INDEPENDENCE BLVD", "month": "November", "hour": "5", "weather": "Clear", "light": "Dark - Unknown Lighting", "manner": "The First Harmful Event was Not a Collision with a Motor Vehicle in Transport"}}, {"type": "Feature", "geometry": {"type": "Point", "coordinates": [-81.80411389, 33.54349444]}, "properties": {"fatals": 1, "county": "AIKEN (3)", "road": "SR-81 HOWLANDVILLE RD", "month": "November", "hour": "19", "weather": "Rain", "light": "Dark - Lighted", "manner": "The First Harmful Event was Not a Collision with a Motor Vehicle in Transport"}}, {"type": "Feature", "geometry": {"type": "Point", "coordinates": [-80.82311111, 34.25879167]}, "properties": {"fatals": 2, "county": "KERSHAW (55)", "road": "SR-21 SMYRNA RD", "month": "November", "hour": "19", "weather": "Clear", "light": "Dark - Not Lighted", "manner": "Angle"}}, {"type": "Feature", "geometry": {"type": "Point", "coordinates": [-80.70662778, 32.21842222]}, "properties": {"fatals": 1, "county": "BEAUFORT (13)", "road": "CR-PALMETTO PKWY", "month": "November", "hour": "23", "weather": "Clear", "light": "Dark - Not Lighted", "manner": "The First Harmful Event was Not a Collision with a Motor Vehicle in Transport"}}, {"type": "Feature", "geometry": {"type": "Point", "coordinates": [-81.25123056, 34.70290833]}, "properties": {"fatals": 1, "county": "CHESTER (23)", "road": "SR-304 MEADOWBROOK RD", "month": "November", "hour": "18", "weather": "Fog, Smog, Smoke", "light": "Dark - Not Lighted", "manner": "The First Harmful Event was Not a Collision with a Motor Vehicle in Transport"}}, {"type": "Feature", "geometry": {"type": "Point", "coordinates": [-81.89873333, 35.15360278]}, "properties": {"fatals": 1, "county": "SPARTANBURG (83)", "road": "CR-TURKEY FARM RD", "month": "November", "hour": "22", "weather": "Clear", "light": "Dark - Not Lighted", "manner": "The First Harmful Event was Not a Collision with a Motor Vehicle in Transport"}}, {"type": "Feature", "geometry": {"type": "Point", "coordinates": [-79.85642222, 34.16205278]}, "properties": {"fatals": 1, "county": "FLORENCE (41)", "road": "US-76 W PALMETTO STREET", "month": "November", "hour": "23", "weather": "Clear", "light": "Dark - Not Lighted", "manner": "The First Harmful Event was Not a Collision with a Motor Vehicle in Transport"}}, {"type": "Feature", "geometry": {"type": "Point", "coordinates": [-82.51745833, 34.66081944]}, "properties": {"fatals": 1, "county": "ANDERSON (7)", "road": "US-29 HWY 29", "month": "November", "hour": "18", "weather": "Rain", "light": "Dark - Not Lighted", "manner": "Front-to-Front"}}, {"type": "Feature", "geometry": {"type": "Point", "coordinates": [-82.41746111, 34.21138056]}, "properties": {"fatals": 1, "county": "ABBEVILLE (1)", "road": "SR-28 HWY 28", "month": "November", "hour": "7", "weather": "Clear", "light": "Daylight", "manner": "Front-to-Front"}}, {"type": "Feature", "geometry": {"type": "Point", "coordinates": [-81.98169167, 34.50468889]}, "properties": {"fatals": 1, "county": "LAURENS (59)", "road": "SR-53 FLEMING STREET EXT", "month": "November", "hour": "21", "weather": "Clear", "light": "Dark - Unknown Lighting", "manner": "The First Harmful Event was Not a Collision with a Motor Vehicle in Transport"}}, {"type": "Feature", "geometry": {"type": "Point", "coordinates": [-81.09906111, 32.25686111]}, "properties": {"fatals": 1, "county": "JASPER (53)", "road": "I-95", "month": "November", "hour": "14", "weather": "Clear", "light": "Daylight", "manner": "The First Harmful Event was Not a Collision with a Motor Vehicle in Transport"}}, {"type": "Feature", "geometry": {"type": "Point", "coordinates": [-79.55887222, 34.53734722]}, "properties": {"fatals": 1, "county": "MARLBORO (69)", "road": "SR-23 HEBRON DUNBAR RD", "month": "November", "hour": "14", "weather": "Cloudy", "light": "Daylight", "manner": "Angle"}}, {"type": "Feature", "geometry": {"type": "Point", "coordinates": [-81.18576667, 34.05380833]}, "properties": {"fatals": 1, "county": "LEXINGTON (63)", "road": "SR-107 BUSH RIVER RD", "month": "November", "hour": "16", "weather": "Rain", "light": "Daylight", "manner": "Angle"}}, {"type": "Feature", "geometry": {"type": "Point", "coordinates": [-82.43945, 34.94563333]}, "properties": {"fatals": 1, "county": "GREENVILLE (45)", "road": "US-25 N25 HWY BYPASS", "month": "November", "hour": "9", "weather": "Rain", "light": "Daylight", "manner": "Angle"}}, {"type": "Feature", "geometry": {"type": "Point", "coordinates": [-80.88163056, 33.42856111]}, "properties": {"fatals": 1, "county": "ORANGEBURG (75)", "road": "SR-39 CANNON BRIDGE RD", "month": "November", "hour": "10", "weather": "Rain", "light": "Daylight", "manner": "The First Harmful Event was Not a Collision with a Motor Vehicle in Transport"}}, {"type": "Feature", "geometry": {"type": "Point", "coordinates": [-80.60501111, 32.32711944]}, "properties": {"fatals": 1, "county": "BEAUFORT (13)", "road": "SR-77 SEASIDE RD", "month": "November", "hour": "18", "weather": "Clear", "light": "Dark - Not Lighted", "manner": "The First Harmful Event was Not a Collision with a Motor Vehicle in Transport"}}, {"type": "Feature", "geometry": {"type": "Point", "coordinates": [-78.81608056, 33.74906111]}, "properties": {"fatals": 1, "county": "HORRY (51)", "road": "US-17 HWY 17 BUSINESS", "month": "November", "hour": "16", "weather": "Clear", "light": "Daylight", "manner": "Angle"}}, {"type": "Feature", "geometry": {"type": "Point", "coordinates": [-82.45649444, 34.98701944]}, "properties": {"fatals": 1, "county": "GREENVILLE (45)", "road": "CR-ROCK QUARRY RD", "month": "November", "hour": "5", "weather": "Fog, Smog, Smoke", "light": "Dark - Not Lighted", "manner": "The First Harmful Event was Not a Collision with a Motor Vehicle in Transport"}}, {"type": "Feature", "geometry": {"type": "Point", "coordinates": [-82.90121389, 34.760625]}, "properties": {"fatals": 1, "county": "OCONEE (73)", "road": "SR-130 ROCHESTER HWY", "month": "November", "hour": "6", "weather": "Fog, Smog, Smoke", "light": "Dawn", "manner": "Front-to-Front"}}, {"type": "Feature", "geometry": {"type": "Point", "coordinates": [-81.04035, 33.71380556]}, "properties": {"fatals": 1, "county": "LEXINGTON (63)", "road": "SR-164 CALHOUN RD", "month": "November", "hour": "9", "weather": "Clear", "light": "Daylight", "manner": "The First Harmful Event was Not a Collision with a Motor Vehicle in Transport"}}, {"type": "Feature", "geometry": {"type": "Point", "coordinates": [-81.17930278, 35.07391944]}, "properties": {"fatals": 1, "county": "YORK (91)", "road": "SR-64 LINCOLN RD", "month": "November", "hour": "9", "weather": "Cloudy", "light": "Daylight", "manner": "The First Harmful Event was Not a Collision with a Motor Vehicle in Transport"}}, {"type": "Feature", "geometry": {"type": "Point", "coordinates": [-82.19887222, 34.72006111]}, "properties": {"fatals": 1, "county": "GREENVILLE (45)", "road": "SR-191 JONES MILL RD", "month": "November", "hour": "12", "weather": "Clear", "light": "Daylight", "manner": "Front-to-Front"}}, {"type": "Feature", "geometry": {"type": "Point", "coordinates": [-80.80221667, 34.11108056]}, "properties": {"fatals": 1, "county": "RICHLAND (79)", "road": "SR-12 PERCIVAL RD", "month": "November", "hour": "19", "weather": "Rain", "light": "Dark - Lighted", "manner": "Front-to-Front"}}, {"type": "Feature", "geometry": {"type": "Point", "coordinates": [-82.14562778, 34.87573889]}, "properties": {"fatals": 2, "county": "SPARTANBURG (83)", "road": "SR-101 HWY 101", "month": "November", "hour": "2", "weather": "Clear", "light": "Dark - Not Lighted", "manner": "Sideswipe - Same Direction"}}, {"type": "Feature", "geometry": {"type": "Point", "coordinates": [-81.08674444, 33.06262778]}, "properties": {"fatals": 1, "county": "BAMBERG (9)", "road": "SR-31 RIVERS BRIDGE RD", "month": "November", "hour": "4", "weather": "Clear", "light": "Dark - Not Lighted", "manner": "The First Harmful Event was Not a Collision with a Motor Vehicle in Transport"}}, {"type": "Feature", "geometry": {"type": "Point", "coordinates": [-82.76188889, 34.66553889]}, "properties": {"fatals": 1, "county": "ANDERSON (7)", "road": "SR-57 BISHOP BRANCH RD", "month": "November", "hour": "20", "weather": "Clear", "light": "Dark - Not Lighted", "manner": "The First Harmful Event was Not a Collision with a Motor Vehicle in Transport"}}, {"type": "Feature", "geometry": {"type": "Point", "coordinates": [-79.98191111, 33.2095]}, "properties": {"fatals": 1, "county": "BERKELEY (15)", "road": "US-17 N HWY 52", "month": "November", "hour": "18", "weather": "Clear", "light": "Dark - Lighted", "manner": "Angle"}}, {"type": "Feature", "geometry": {"type": "Point", "coordinates": [-80.03595, 33.0182]}, "properties": {"fatals": 1, "county": "BERKELEY (15)", "road": "US-52 NORTH GOOSE CREEK BLVD", "month": "November", "hour": "19", "weather": "Clear", "light": "Dark - Unknown Lighting", "manner": "Angle"}}, {"type": "Feature", "geometry": {"type": "Point", "coordinates": [-81.94848056, 35.000125]}, "properties": {"fatals": 1, "county": "SPARTANBURG (83)", "road": "SR-9 BOILING SPRINGS RD", "month": "November", "hour": "9", "weather": "Clear", "light": "Daylight", "manner": "The First Harmful Event was Not a Collision with a Motor Vehicle in Transport"}}, {"type": "Feature", "geometry": {"type": "Point", "coordinates": [-80.49782778, 34.23709167]}, "properties": {"fatals": 1, "county": "KERSHAW (55)", "road": "SR-34 BISHOPVILLE HWY", "month": "November", "hour": "6", "weather": "Cloudy", "light": "Dark - Not Lighted", "manner": "The First Harmful Event was Not a Collision with a Motor Vehicle in Transport"}}, {"type": "Feature", "geometry": {"type": "Point", "coordinates": [-80.74784444, 32.21540833]}, "properties": {"fatals": 1, "county": "BEAUFORT (13)", "road": "US-278 WILLIAM HILTON PKWY", "month": "November", "hour": "18", "weather": "Clear", "light": "Dark - Unknown Lighting", "manner": "The First Harmful Event was Not a Collision with a Motor Vehicle in Transport"}}, {"type": "Feature", "geometry": {"type": "Point", "coordinates": [-81.13050556, 33.53426667]}, "properties": {"fatals": 1, "county": "ORANGEBURG (75)", "road": "SR-389 NINETY SIX RD", "month": "November", "hour": "5", "weather": "Cloudy", "light": "Dark - Not Lighted", "manner": "Angle"}}, {"type": "Feature", "geometry": {"type": "Point", "coordinates": [-81.60761111, 34.71528056]}, "properties": {"fatals": 1, "county": "UNION (87)", "road": "SR-215 MAIN ST", "month": "November", "hour": "20", "weather": "Clear", "light": "Daylight", "manner": "The First Harmful Event was Not a Collision with a Motor Vehicle in Transport"}}, {"type": "Feature", "geometry": {"type": "Point", "coordinates": [-80.77603889, 32.94938056]}, "properties": {"fatals": 1, "county": "COLLETON (29)", "road": "SR-BELLS HWY", "month": "November", "hour": "12", "weather": "Clear", "light": "Daylight", "manner": "The First Harmful Event was Not a Collision with a Motor Vehicle in Transport"}}, {"type": "Feature", "geometry": {"type": "Point", "coordinates": [-81.29606944, 34.00226389]}, "properties": {"fatals": 2, "county": "LEXINGTON (63)", "road": "SR-408 OLD CHEROKEE RD", "month": "November", "hour": "21", "weather": "Clear", "light": "Dark - Not Lighted", "manner": "The First Harmful Event was Not a Collision with a Motor Vehicle in Transport"}}, {"type": "Feature", "geometry": {"type": "Point", "coordinates": [-78.95665, 33.68193056]}, "properties": {"fatals": 1, "county": "HORRY (51)", "road": "CR-FARROW PARKWAY", "month": "November", "hour": "17", "weather": "Clear", "light": "Dark - Lighted", "manner": "The First Harmful Event was Not a Collision with a Motor Vehicle in Transport"}}, {"type": "Feature", "geometry": {"type": "Point", "coordinates": [-79.73088333, 33.28154167]}, "properties": {"fatals": 2, "county": "BERKELEY (15)", "road": "US-17 N HWY 17", "month": "November", "hour": "16", "weather": "Clear", "light": "Daylight", "manner": "Front-to-Front"}}, {"type": "Feature", "geometry": {"type": "Point", "coordinates": [-79.75766389, 34.24868611]}, "properties": {"fatals": 1, "county": "DARLINGTON (31)", "road": "SR-179 E MCIVER RD", "month": "November", "hour": "2", "weather": "Clear", "light": "Dark - Not Lighted", "manner": "The First Harmful Event was Not a Collision with a Motor Vehicle in Transport"}}, {"type": "Feature", "geometry": {"type": "Point", "coordinates": [-82.80432778, 34.64666111]}, "properties": {"fatals": 1, "county": "ANDERSON (7)", "road": "US-78 HWY 76", "month": "November", "hour": "18", "weather": "Clear", "light": "Dark - Not Lighted", "manner": "Angle"}}, {"type": "Feature", "geometry": {"type": "Point", "coordinates": [-81.07876111, 33.95005]}, "properties": {"fatals": 1, "county": "LEXINGTON (63)", "road": "US-21 CHARLESTON HWY", "month": "November", "hour": "0", "weather": "Clear", "light": "Dark - Lighted", "manner": "The First Harmful Event was Not a Collision with a Motor Vehicle in Transport"}}, {"type": "Feature", "geometry": {"type": "Point", "coordinates": [-80.32728056, 32.94345]}, "properties": {"fatals": 1, "county": "DORCHESTER (35)", "road": "SR-84 CLUBHOUSE RD", "month": "November", "hour": "3", "weather": "Clear", "light": "Dark - Not Lighted", "manner": "The First Harmful Event was Not a Collision with a Motor Vehicle in Transport"}}, {"type": "Feature", "geometry": {"type": "Point", "coordinates": [-82.46636111, 34.86921111]}, "properties": {"fatals": 1, "county": "GREENVILLE (45)", "road": "US-25 WHITE HOUSE RD", "month": "November", "hour": "19", "weather": "Cloudy", "light": "Dark - Not Lighted", "manner": "The First Harmful Event was Not a Collision with a Motor Vehicle in Transport"}}, {"type": "Feature", "geometry": {"type": "Point", "coordinates": [-82.45589722, 34.85509722]}, "properties": {"fatals": 1, "county": "GREENVILLE (45)", "road": "US-25 WHITE HORSE RD", "month": "November", "hour": "19", "weather": "Clear", "light": "Dark - Unknown Lighting", "manner": "The First Harmful Event was Not a Collision with a Motor Vehicle in Transport"}}, {"type": "Feature", "geometry": {"type": "Point", "coordinates": [-80.50308889, 33.46338889]}, "properties": {"fatals": 1, "county": "ORANGEBURG (75)", "road": "US-301 FIVE CHOP RD", "month": "November", "hour": "21", "weather": "Clear", "light": "Dark - Not Lighted", "manner": "Front-to-Rear"}}, {"type": "Feature", "geometry": {"type": "Point", "coordinates": [-78.90884722, 33.90513611]}, "properties": {"fatals": 2, "county": "HORRY (51)", "road": "SR-66 HWY 66", "month": "November", "hour": "10", "weather": "Clear", "light": "Daylight", "manner": "Front-to-Rear"}}, {"type": "Feature", "geometry": {"type": "Point", "coordinates": [-81.96908056, 34.84024444]}, "properties": {"fatals": 1, "county": "SPARTANBURG (83)", "road": "US-221 HWY 221", "month": "November", "hour": "8", "weather": "Clear", "light": "Daylight", "manner": "Sideswipe - Same Direction"}}, {"type": "Feature", "geometry": {"type": "Point", "coordinates": [-80.01181111, 32.97066111]}, "properties": {"fatals": 1, "county": "BERKELEY (15)", "road": "SR-29 RED BANK RD", "month": "November", "hour": "0", "weather": "Clear", "light": "Dark - Not Lighted", "manner": "The First Harmful Event was Not a Collision with a Motor Vehicle in Transport"}}, {"type": "Feature", "geometry": {"type": "Point", "coordinates": [-79.931975, 34.204675]}, "properties": {"fatals": 1, "county": "DARLINGTON (31)", "road": "I-20", "month": "November", "hour": "20", "weather": "Clear", "light": "Dark - Not Lighted", "manner": "Angle"}}, {"type": "Feature", "geometry": {"type": "Point", "coordinates": [-80.45453889, 32.77027222]}, "properties": {"fatals": 1, "county": "COLLETON (29)", "road": "US-17", "month": "November", "hour": "5", "weather": "Clear", "light": "Dark - Not Lighted", "manner": "Front-to-Rear"}}, {"type": "Feature", "geometry": {"type": "Point", "coordinates": [-78.67413056, 33.83300833]}, "properties": {"fatals": 1, "county": "HORRY (51)", "road": "US-17", "month": "November", "hour": "17", "weather": "Cloudy", "light": "Dark - Lighted", "manner": "The First Harmful Event was Not a Collision with a Motor Vehicle in Transport"}}, {"type": "Feature", "geometry": {"type": "Point", "coordinates": [-81.94898889, 35.00127222]}, "properties": {"fatals": 1, "county": "SPARTANBURG (83)", "road": "SR-9 BOILING SPRINGS RD", "month": "November", "hour": "21", "weather": "Clear", "light": "Dark - Not Lighted", "manner": "The First Harmful Event was Not a Collision with a Motor Vehicle in Transport"}}, {"type": "Feature", "geometry": {"type": "Point", "coordinates": [-78.95093611, 33.69063611]}, "properties": {"fatals": 1, "county": "HORRY (51)", "road": "US-17", "month": "November", "hour": "3", "weather": "Clear", "light": "Dark - Not Lighted", "manner": "The First Harmful Event was Not a Collision with a Motor Vehicle in Transport"}}, {"type": "Feature", "geometry": {"type": "Point", "coordinates": [-82.42431389, 34.72468333]}, "properties": {"fatals": 1, "county": "GREENVILLE (45)", "road": "SR-106 PIEDMONT GOLF COURSE RD", "month": "November", "hour": "11", "weather": "Clear", "light": "Daylight", "manner": "The First Harmful Event was Not a Collision with a Motor Vehicle in Transport"}}, {"type": "Feature", "geometry": {"type": "Point", "coordinates": [-83.03010556, 34.71891111]}, "properties": {"fatals": 1, "county": "OCONEE (73)", "road": "SR-35 POPULAR SPRINGS RD", "month": "November", "hour": "17", "weather": "Clear", "light": "Dusk", "manner": "The First Harmful Event was Not a Collision with a Motor Vehicle in Transport"}}, {"type": "Feature", "geometry": {"type": "Point", "coordinates": [-79.53211389, 34.55971389]}, "properties": {"fatals": 1, "county": "MARLBORO (69)", "road": "SR-9 HWY 9", "month": "November", "hour": "5", "weather": "Rain", "light": "Dark - Not Lighted", "manner": "The First Harmful Event was Not a Collision with a Motor Vehicle in Transport"}}, {"type": "Feature", "geometry": {"type": "Point", "coordinates": [-81.15103056, 33.93925]}, "properties": {"fatals": 1, "county": "LEXINGTON (63)", "road": "SR-168 EMANUEL CHURCH RD", "month": "November", "hour": "20", "weather": "Clear", "light": "Dark - Lighted", "manner": "Angle"}}, {"type": "Feature", "geometry": {"type": "Point", "coordinates": [-82.66402222, 34.79318889]}, "properties": {"fatals": 1, "county": "PICKENS (77)", "road": "CR-FINANCIAL BLVD", "month": "November", "hour": "0", "weather": "Clear", "light": "Dark - Not Lighted", "manner": "The First Harmful Event was Not a Collision with a Motor Vehicle in Transport"}}, {"type": "Feature", "geometry": {"type": "Point", "coordinates": [-81.80815278, 33.85796944]}, "properties": {"fatals": 1, "county": "EDGEFIELD (37)", "road": "SR-121 HWY 121", "month": "November", "hour": "19", "weather": "Clear", "light": "Dark - Lighted", "manner": "Angle"}}, {"type": "Feature", "geometry": {"type": "Point", "coordinates": [-81.07819722, 34.24439444]}, "properties": {"fatals": 1, "county": "FAIRFIELD (39)", "road": "SR-254 CANDLEWOOD CIRCLE", "month": "November", "hour": "19", "weather": "Clear", "light": "Dark - Not Lighted", "manner": "The First Harmful Event was Not a Collision with a Motor Vehicle in Transport"}}, {"type": "Feature", "geometry": {"type": "Point", "coordinates": [-82.8338, 34.69093056]}, "properties": {"fatals": 1, "county": "PICKENS (77)", "road": "US-76 TIGER BLVD", "month": "November", "hour": "6", "weather": "Clear", "light": "Dark - Lighted", "manner": "Angle"}}, {"type": "Feature", "geometry": {"type": "Point", "coordinates": [-79.53549722, 34.63026944]}, "properties": {"fatals": 1, "county": "MARLBORO (69)", "road": "SR-381", "month": "November", "hour": "2", "weather": "Clear", "light": "Dark - Lighted", "manner": "Front-to-Front"}}, {"type": "Feature", "geometry": {"type": "Point", "coordinates": [-80.91398611, 34.13995]}, "properties": {"fatals": 1, "county": "RICHLAND (79)", "road": "SR-83 HARD SCRABBLE RD", "month": "November", "hour": "22", "weather": "Clear", "light": "Dark - Lighted", "manner": "Front-to-Rear"}}, {"type": "Feature", "geometry": {"type": "Point", "coordinates": [-79.01705, 33.58256111]}, "properties": {"fatals": 1, "county": "HORRY (51)", "road": "US-17 S HWY 17 BUS", "month": "November", "hour": "0", "weather": "Clear", "light": "Dark - Unknown Lighting", "manner": "The First Harmful Event was Not a Collision with a Motor Vehicle in Transport"}}, {"type": "Feature", "geometry": {"type": "Point", "coordinates": [-82.33828056, 34.21768056]}, "properties": {"fatals": 1, "county": "ABBEVILLE (1)", "road": "SR-75 OLD HODGES RD", "month": "December", "hour": "0", "weather": "Clear", "light": "Dark - Not Lighted", "manner": "The First Harmful Event was Not a Collision with a Motor Vehicle in Transport"}}, {"type": "Feature", "geometry": {"type": "Point", "coordinates": [-81.10376111, 34.03141944]}, "properties": {"fatals": 1, "county": "RICHLAND (79)", "road": "SR-2892 BROWNING RD", "month": "December", "hour": "7", "weather": "Clear", "light": "Daylight", "manner": "Front-to-Front"}}, {"type": "Feature", "geometry": {"type": "Point", "coordinates": [-79.42886111, 33.37982222]}, "properties": {"fatals": 1, "county": "GEORGETOWN (43)", "road": "US-17 HIGHMARKET STREET", "month": "December", "hour": "8", "weather": "Clear", "light": "Daylight", "manner": "Front-to-Rear"}}, {"type": "Feature", "geometry": {"type": "Point", "coordinates": [-81.20186944, 33.90915]}, "properties": {"fatals": 1, "county": "LEXINGTON (63)", "road": "SR-602 PLATT SPRINGS RD", "month": "December", "hour": "18", "weather": "Clear", "light": "Daylight", "manner": "The First Harmful Event was Not a Collision with a Motor Vehicle in Transport"}}, {"type": "Feature", "geometry": {"type": "Point", "coordinates": [-81.40901111, 33.53423889]}, "properties": {"fatals": 1, "county": "AIKEN (3)", "road": "SR-4 SURREY RACE RD", "month": "December", "hour": "2", "weather": "Clear", "light": "Dark - Not Lighted", "manner": "The First Harmful Event was Not a Collision with a Motor Vehicle in Transport"}}, {"type": "Feature", "geometry": {"type": "Point", "coordinates": [-78.81463611, 33.77630833]}, "properties": {"fatals": 1, "county": "HORRY (51)", "road": "SR-31 CAROLINA BAYS PKWY", "month": "December", "hour": "2", "weather": "Clear", "light": "Dark - Not Lighted", "manner": "The First Harmful Event was Not a Collision with a Motor Vehicle in Transport"}}, {"type": "Feature", "geometry": {"type": "Point", "coordinates": [-80.075425, 34.45717778]}, "properties": {"fatals": 1, "county": "DARLINGTON (31)", "road": "SR-51 OUSLEYDALE RD", "month": "December", "hour": "4", "weather": "Clear", "light": "Dark - Not Lighted", "manner": "Sideswipe - Same Direction"}}, {"type": "Feature", "geometry": {"type": "Point", "coordinates": [-81.60436944, 33.84692778]}, "properties": {"fatals": 1, "county": "AIKEN (3)", "road": "US-1 COLUMBIA HWY", "month": "December", "hour": "11", "weather": "Clear", "light": "Daylight", "manner": "The First Harmful Event was Not a Collision with a Motor Vehicle in Transport"}}, {"type": "Feature", "geometry": {"type": "Point", "coordinates": [-81.041925, 34.91283056]}, "properties": {"fatals": 1, "county": "YORK (91)", "road": "SR-344 BRICE ST", "month": "December", "hour": "0", "weather": "Rain", "light": "Dark - Not Lighted", "manner": "The First Harmful Event was Not a Collision with a Motor Vehicle in Transport"}}, {"type": "Feature", "geometry": {"type": "Point", "coordinates": [-80.97662778, 35.06350278]}, "properties": {"fatals": 1, "county": "YORK (91)", "road": "SR-460 GOLD HILL RD", "month": "December", "hour": "6", "weather": "Rain", "light": "Dawn", "manner": "Front-to-Front"}}, {"type": "Feature", "geometry": {"type": "Point", "coordinates": [-79.43307222, 34.29341389]}, "properties": {"fatals": 1, "county": "MARION (67)", "road": "US-501 HWY 501", "month": "December", "hour": "19", "weather": "Cloudy", "light": "Dark - Not Lighted", "manner": "The First Harmful Event was Not a Collision with a Motor Vehicle in Transport"}}, {"type": "Feature", "geometry": {"type": "Point", "coordinates": [-82.08731944, 34.56993889]}, "properties": {"fatals": 1, "county": "LAURENS (59)", "road": "SR-14 HWY 14", "month": "December", "hour": "6", "weather": "Fog, Smog, Smoke", "light": "Dark - Not Lighted", "manner": "Front-to-Front"}}, {"type": "Feature", "geometry": {"type": "Point", "coordinates": [-82.32658333, 34.81631667]}, "properties": {"fatals": 1, "county": "GREENVILLE (45)", "road": "I-85", "month": "December", "hour": "23", "weather": "Rain", "light": "Dark - Not Lighted", "manner": "The First Harmful Event was Not a Collision with a Motor Vehicle in Transport"}}, {"type": "Feature", "geometry": {"type": "Point", "coordinates": [-80.57900556, 34.34095]}, "properties": {"fatals": 1, "county": "KERSHAW (55)", "road": "SR-20 LOCKHART RD", "month": "December", "hour": "14", "weather": "Clear", "light": "Daylight", "manner": "Front-to-Front"}}, {"type": "Feature", "geometry": {"type": "Point", "coordinates": [-80.24461389, 32.77695]}, "properties": {"fatals": 1, "county": "CHARLESTON (19)", "road": "US-17 SAVANNAH HWY", "month": "December", "hour": "15", "weather": "Clear", "light": "Daylight", "manner": "Front-to-Front"}}, {"type": "Feature", "geometry": {"type": "Point", "coordinates": [-80.02177222, 32.90001389]}, "properties": {"fatals": 1, "county": "CHARLESTON (19)", "road": "I-26", "month": "December", "hour": "5", "weather": "Clear", "light": "Daylight", "manner": "Front-to-Rear"}}, {"type": "Feature", "geometry": {"type": "Point", "coordinates": [-79.27357778, 34.20561944]}, "properties": {"fatals": 1, "county": "MARION (67)", "road": "SR-20 W MARION STREET", "month": "December", "hour": "10", "weather": "Cloudy", "light": "Daylight", "manner": "Front-to-Front"}}, {"type": "Feature", "geometry": {"type": "Point", "coordinates": [-82.09474444, 34.703775]}, "properties": {"fatals": 1, "county": "LAURENS (59)", "road": "SR-67 ALLEN BRIDGE RD", "month": "December", "hour": "14", "weather": "Rain", "light": "Daylight", "manner": "The First Harmful Event was Not a Collision with a Motor Vehicle in Transport"}}, {"type": "Feature", "geometry": {"type": "Point", "coordinates": [-81.89455833, 34.21041389]}, "properties": {"fatals": 1, "county": "NEWBERRY (71)", "road": "SR-39", "month": "December", "hour": "20", "weather": "Rain", "light": "Dark - Not Lighted", "manner": "Front-to-Front"}}, {"type": "Feature", "geometry": {"type": "Point", "coordinates": [-79.79996944, 34.22893889]}, "properties": {"fatals": 1, "county": "FLORENCE (41)", "road": "I-95", "month": "December", "hour": "2", "weather": "Rain", "light": "Dark - Unknown Lighting", "manner": "Front-to-Front"}}, {"type": "Feature", "geometry": {"type": "Point", "coordinates": [-81.83188333, 34.64649444]}, "properties": {"fatals": 2, "county": "UNION (87)", "road": "SR-49 CROSS KEYS HWY", "month": "December", "hour": "7", "weather": "Clear", "light": "Daylight", "manner": "The First Harmful Event was Not a Collision with a Motor Vehicle in Transport"}}, {"type": "Feature", "geometry": {"type": "Point", "coordinates": [-81.12780556, 34.05338333]}, "properties": {"fatals": 1, "county": "LEXINGTON (63)", "road": "SR-1791 JAMIL RD", "month": "December", "hour": "17", "weather": "Clear", "light": "Dark - Not Lighted", "manner": "The First Harmful Event was Not a Collision with a Motor Vehicle in Transport"}}, {"type": "Feature", "geometry": {"type": "Point", "coordinates": [-82.27704167, 34.86205278]}, "properties": {"fatals": 1, "county": "GREENVILLE (45)", "road": "SR-492 PELHAM RD", "month": "December", "hour": "23", "weather": "Cloudy", "light": "Dark - Unknown Lighting", "manner": "The First Harmful Event was Not a Collision with a Motor Vehicle in Transport"}}, {"type": "Feature", "geometry": {"type": "Point", "coordinates": [-80.05125, 32.93405]}, "properties": {"fatals": 1, "county": "CHARLESTON (19)", "road": "SR-75 ASHLEY PHOSPHATE RD", "month": "December", "hour": "22", "weather": "Rain", "light": "Dark - Lighted", "manner": "The First Harmful Event was Not a Collision with a Motor Vehicle in Transport"}}, {"type": "Feature", "geometry": {"type": "Point", "coordinates": [-80.41211667, 34.77656111]}, "properties": {"fatals": 1, "county": "CHESTERFIELD (25)", "road": "SR-134 ARANT ST", "month": "December", "hour": "6", "weather": "Clear", "light": "Dark - Not Lighted", "manner": "Front-to-Rear"}}, {"type": "Feature", "geometry": {"type": "Point", "coordinates": [-80.08345, 32.98825278]}, "properties": {"fatals": 1, "county": "CHARLESTON (19)", "road": "I-26", "month": "December", "hour": "15", "weather": "Clear", "light": "Daylight", "manner": "The First Harmful Event was Not a Collision with a Motor Vehicle in Transport"}}, {"type": "Feature", "geometry": {"type": "Point", "coordinates": [-79.62701389, 33.38666944]}, "properties": {"fatals": 1, "county": "GEORGETOWN (43)", "road": "SR-41 COUNTY LINE RD", "month": "December", "hour": "17", "weather": "Clear", "light": "Dark - Unknown Lighting", "manner": "The First Harmful Event was Not a Collision with a Motor Vehicle in Transport"}}, {"type": "Feature", "geometry": {"type": "Point", "coordinates": [-80.47930833, 33.45441667]}, "properties": {"fatals": 1, "county": "ORANGEBURG (75)", "road": "I-95", "month": "March", "hour": "14", "weather": "Clear", "light": "Daylight", "manner": "The First Harmful Event was Not a Collision with a Motor Vehicle in Transport"}}, {"type": "Feature", "geometry": {"type": "Point", "coordinates": [-82.31384722, 34.52301389]}, "properties": {"fatals": 1, "county": "GREENVILLE (45)", "road": "US-25 AUGUSTA RD", "month": "December", "hour": "21", "weather": "Clear", "light": "Dark - Not Lighted", "manner": "Front-to-Front"}}, {"type": "Feature", "geometry": {"type": "Point", "coordinates": [-78.98309722, 34.04840278]}, "properties": {"fatals": 1, "county": "HORRY (51)", "road": "SR-19 HWY 19", "month": "December", "hour": "17", "weather": "Clear", "light": "Dusk", "manner": "Front-to-Rear"}}, {"type": "Feature", "geometry": {"type": "Point", "coordinates": [-82.38787778, 34.88771389]}, "properties": {"fatals": 1, "county": "GREENVILLE (45)", "road": "SR-291 N PLEASANTBURG DR", "month": "December", "hour": "20", "weather": "Clear", "light": "Dark - Unknown Lighting", "manner": "The First Harmful Event was Not a Collision with a Motor Vehicle in Transport"}}, {"type": "Feature", "geometry": {"type": "Point", "coordinates": [-80.99656944, 34.04108889]}, "properties": {"fatals": 1, "county": "RICHLAND (79)", "road": "US-1 TWO NOTCH RD", "month": "December", "hour": "21", "weather": "Clear", "light": "Dark - Lighted", "manner": "The First Harmful Event was Not a Collision with a Motor Vehicle in Transport"}}, {"type": "Feature", "geometry": {"type": "Point", "coordinates": [-79.04812222, 33.89080556]}, "properties": {"fatals": 1, "county": "HORRY (51)", "road": "US-701 HWY 701", "month": "December", "hour": "19", "weather": "Cloudy", "light": "Dark - Not Lighted", "manner": "The First Harmful Event was Not a Collision with a Motor Vehicle in Transport"}}, {"type": "Feature", "geometry": {"type": "Point", "coordinates": [-80.70845, 32.21641667]}, "properties": {"fatals": 1, "county": "BEAUFORT (13)", "road": "US-278 WILLIAM HILTON PKWY", "month": "December", "hour": "21", "weather": "Rain", "light": "Dark - Not Lighted", "manner": "The First Harmful Event was Not a Collision with a Motor Vehicle in Transport"}}, {"type": "Feature", "geometry": {"type": "Point", "coordinates": [-78.94833889, 33.69166944]}, "properties": {"fatals": 1, "county": "HORRY (51)", "road": "SR-634 FRED NASH BLVD", "month": "December", "hour": "20", "weather": "Clear", "light": "Dark - Not Lighted", "manner": "The First Harmful Event was Not a Collision with a Motor Vehicle in Transport"}}, {"type": "Feature", "geometry": {"type": "Point", "coordinates": [-78.90718056, 33.68983889]}, "properties": {"fatals": 1, "county": "HORRY (51)", "road": "SR-15 HWY 15", "month": "December", "hour": "18", "weather": "Clear", "light": "Daylight", "manner": "The First Harmful Event was Not a Collision with a Motor Vehicle in Transport"}}, {"type": "Feature", "geometry": {"type": "Point", "coordinates": [-81.77958611, 33.43976667]}, "properties": {"fatals": 1, "county": "AIKEN (3)", "road": "SR-302 SILVER BLUFF RD", "month": "December", "hour": "9", "weather": "Cloudy", "light": "Daylight", "manner": "Angle"}}, {"type": "Feature", "geometry": {"type": "Point", "coordinates": [-80.02121111, 32.97288611]}, "properties": {"fatals": 1, "county": "BERKELEY (15)", "road": "SR-29 RED BANK RD", "month": "December", "hour": "19", "weather": "Clear", "light": "Dark - Not Lighted", "manner": "The First Harmful Event was Not a Collision with a Motor Vehicle in Transport"}}, {"type": "Feature", "geometry": {"type": "Point", "coordinates": [-82.20202778, 34.67936389]}, "properties": {"fatals": 1, "county": "GREENVILLE (45)", "road": "I-385", "month": "December", "hour": "22", "weather": "Clear", "light": "Dark - Not Lighted", "manner": "The First Harmful Event was Not a Collision with a Motor Vehicle in Transport"}}, {"type": "Feature", "geometry": {"type": "Point", "coordinates": [-79.43060556, 33.62926389]}, "properties": {"fatals": 1, "county": "WILLIAMSBURG (89)", "road": "SR-41 HWY 41", "month": "December", "hour": "11", "weather": "Clear", "light": "Daylight", "manner": "Front-to-Front"}}, {"type": "Feature", "geometry": {"type": "Point", "coordinates": [-81.77533611, 33.81805278]}, "properties": {"fatals": 1, "county": "EDGEFIELD (37)", "road": "SR-57 YOUNCE POND RD", "month": "December", "hour": "23", "weather": "Clear", "light": "Dark - Not Lighted", "manner": "The First Harmful Event was Not a Collision with a Motor Vehicle in Transport"}}, {"type": "Feature", "geometry": {"type": "Point", "coordinates": [-81.98256944, 34.48458056]}, "properties": {"fatals": 1, "county": "LAURENS (59)", "road": "SR-43 E JERRY RD", "month": "December", "hour": "0", "weather": "Clear", "light": "Dark - Not Lighted", "manner": "The First Harmful Event was Not a Collision with a Motor Vehicle in Transport"}}, {"type": "Feature", "geometry": {"type": "Point", "coordinates": [-82.32336111, 34.87622222]}, "properties": {"fatals": 1, "county": "GREENVILLE (45)", "road": "SR-94 E NORTH STREET", "month": "December", "hour": "2", "weather": "Clear", "light": "Dark - Not Lighted", "manner": "The First Harmful Event was Not a Collision with a Motor Vehicle in Transport"}}, {"type": "Feature", "geometry": {"type": "Point", "coordinates": [-82.50855278, 34.45615278]}, "properties": {"fatals": 1, "county": "ANDERSON (7)", "road": "SR-252 HWY 252", "month": "December", "hour": "15", "weather": "Rain", "light": "Daylight", "manner": "Angle"}}, {"type": "Feature", "geometry": {"type": "Point", "coordinates": [-82.60441111, 34.81716111]}, "properties": {"fatals": 1, "county": "PICKENS (77)", "road": "US- 123 CALHOUN MEM HWY", "month": "December", "hour": "8", "weather": "Cloudy", "light": "Daylight", "manner": "Front-to-Front"}}, {"type": "Feature", "geometry": {"type": "Point", "coordinates": [-80.07466111, 33.21004722]}, "properties": {"fatals": 1, "county": "BERKELEY (15)", "road": "SR-6 HWY 6", "month": "December", "hour": "3", "weather": "Clear", "light": "Dark - Not Lighted", "manner": "Front-to-Front"}}, {"type": "Feature", "geometry": {"type": "Point", "coordinates": [-80.78762222, 34.69706667]}, "properties": {"fatals": 1, "county": "LANCASTER (57)", "road": "SR-12 SPRINGDALE RD", "month": "December", "hour": "1", "weather": "Clear", "light": "Dark - Not Lighted", "manner": "The First Harmful Event was Not a Collision with a Motor Vehicle in Transport"}}, {"type": "Feature", "geometry": {"type": "Point", "coordinates": [-79.79872778, 34.04750556]}, "properties": {"fatals": 1, "county": "FLORENCE (41)", "road": "US-301 OLANTA HWY", "month": "December", "hour": "18", "weather": "Clear", "light": "Dark - Not Lighted", "manner": "Angle"}}, {"type": "Feature", "geometry": {"type": "Point", "coordinates": [-81.99860556, 34.20976667]}, "properties": {"fatals": 1, "county": "GREENWOOD (47)", "road": "SR-702 HWY 702", "month": "December", "hour": "8", "weather": "Clear", "light": "Dawn", "manner": "Sideswipe - Same Direction"}}, {"type": "Feature", "geometry": {"type": "Point", "coordinates": [-80.47965833, 33.713175]}, "properties": {"fatals": 1, "county": "SUMTER (85)", "road": "SR-52 WEST AVE", "month": "December", "hour": "17", "weather": "Rain", "light": "Dark - Not Lighted", "manner": "The First Harmful Event was Not a Collision with a Motor Vehicle in Transport"}}, {"type": "Feature", "geometry": {"type": "Point", "coordinates": [-79.33423611, 34.46146944]}, "properties": {"fatals": 1, "county": "DILLON (33)", "road": "US-301 HWY 301", "month": "December", "hour": "18", "weather": "Rain", "light": "Dark - Not Lighted", "manner": "The First Harmful Event was Not a Collision with a Motor Vehicle in Transport"}}, {"type": "Feature", "geometry": {"type": "Point", "coordinates": [-79.06458611, 34.09298333]}, "properties": {"fatals": 1, "county": "HORRY (51)", "road": "SR-917 HWY 917", "month": "December", "hour": "17", "weather": "Clear", "light": "Dark - Not Lighted", "manner": "Front-to-Front"}}, {"type": "Feature", "geometry": {"type": "Point", "coordinates": [-80.18583056, 33.02378056]}, "properties": {"fatals": 1, "county": "DORCHESTER (35)", "road": "SR-65 W RICHARDSON AVE", "month": "December", "hour": "14", "weather": "Clear", "light": "Daylight", "manner": "Angle"}}, {"type": "Feature", "geometry": {"type": "Point", "coordinates": [-81.41924444, 34.83826389]}, "properties": {"fatals": 1, "county": "YORK (91)", "road": "SR-49 LOCKHART RD", "month": "December", "hour": "6", "weather": "Severe Crosswinds", "light": "Dark - Not Lighted", "manner": "The First Harmful Event was Not a Collision with a Motor Vehicle in Transport"}}, {"type": "Feature", "geometry": {"type": "Point", "coordinates": [-79.9487, 32.79316944]}, "properties": {"fatals": 1, "county": "CHARLESTON (19)", "road": "US-17 HWY 17", "month": "December", "hour": "15", "weather": "Clear", "light": "Daylight", "manner": "The First Harmful Event was Not a Collision with a Motor Vehicle in Transport"}}, {"type": "Feature", "geometry": {"type": "Point", "coordinates": [-79.7713, 33.16511944]}, "properties": {"fatals": 1, "county": "BERKELEY (15)", "road": "SR-41 HWY 41", "month": "December", "hour": "6", "weather": "Clear", "light": "Dark - Not Lighted", "manner": "The First Harmful Event was Not a Collision with a Motor Vehicle in Transport"}}, {"type": "Feature", "geometry": {"type": "Point", "coordinates": [-81.05618889, 34.13371111]}, "properties": {"fatals": 1, "county": "RICHLAND (79)", "road": "SR-330 HEYWARD BROCKINGTON RD", "month": "December", "hour": "7", "weather": "Clear", "light": "Daylight", "manner": "The First Harmful Event was Not a Collision with a Motor Vehicle in Transport"}}, {"type": "Feature", "geometry": {"type": "Point", "coordinates": [-82.17965556, 34.23652222]}, "properties": {"fatals": 1, "county": "GREENWOOD (47)", "road": "SR-254 COKESBURY RD", "month": "December", "hour": "18", "weather": "Clear", "light": "Dark - Not Lighted", "manner": "The First Harmful Event was Not a Collision with a Motor Vehicle in Transport"}}, {"type": "Feature", "geometry": {"type": "Point", "coordinates": [-80.36766111, 34.09631389]}, "properties": {"fatals": 1, "county": "LEE (61)", "road": "SR-37 REMBERT CHURCH RD", "month": "December", "hour": "15", "weather": "Clear", "light": "Daylight", "manner": "Front-to-Front"}}, {"type": "Feature", "geometry": {"type": "Point", "coordinates": [-81.62761389, 35.10003889]}, "properties": {"fatals": 1, "county": "CHEROKEE (21)", "road": "SR-18 N LIMESTONE STREET", "month": "December", "hour": "11", "weather": "Clear", "light": "Daylight", "manner": "Angle"}}, {"type": "Feature", "geometry": {"type": "Point", "coordinates": [-80.29115278, 33.12810833]}, "properties": {"fatals": 1, "county": "BERKELEY (15)", "road": "I-26", "month": "December", "hour": "0", "weather": "Clear", "light": "Dark - Unknown Lighting", "manner": "Front-to-Front"}}, {"type": "Feature", "geometry": {"type": "Point", "coordinates": [-82.70755, 34.28989167]}, "properties": {"fatals": 1, "county": "ANDERSON (7)", "road": "SR-184 ELBERTON HWY", "month": "December", "hour": "18", "weather": "Clear", "light": "Dark - Not Lighted", "manner": "The First Harmful Event was Not a Collision with a Motor Vehicle in Transport"}}, {"type": "Feature", "geometry": {"type": "Point", "coordinates": [-82.14698333, 33.63456389]}, "properties": {"fatals": 2, "county": "MCCORMICK (65)", "road": "SR-28 HWY 28", "month": "December", "hour": "18", "weather": "Clear", "light": "Dark - Not Lighted", "manner": "Front-to-Front"}}, {"type": "Feature", "geometry": {"type": "Point", "coordinates": [-79.87283056, 33.121725]}, "properties": {"fatals": 1, "county": "BERKELEY (15)", "road": "SR-402 HWY 402", "month": "December", "hour": "19", "weather": "Clear", "light": "Dark - Not Lighted", "manner": "The First Harmful Event was Not a Collision with a Motor Vehicle in Transport"}}, {"type": "Feature", "geometry": {"type": "Point", "coordinates": [-79.29792778, 34.24068889]}, "properties": {"fatals": 1, "county": "MARION (67)", "road": "SR-22 ZION RD", "month": "December", "hour": "23", "weather": "Clear", "light": "Dark - Not Lighted", "manner": "The First Harmful Event was Not a Collision with a Motor Vehicle in Transport"}}, {"type": "Feature", "geometry": {"type": "Point", "coordinates": [-79.0193, 33.58093056]}, "properties": {"fatals": 1, "county": "HORRY (51)", "road": "US-17", "month": "December", "hour": "12", "weather": "Clear", "light": "Daylight", "manner": "Angle"}}, {"type": "Feature", "geometry": {"type": "Point", "coordinates": [-82.7762, 34.44806944]}, "properties": {"fatals": 1, "county": "ANDERSON (7)", "road": "SR-238 ROBERTS CHURCH RD", "month": "December", "hour": "13", "weather": "Clear", "light": "Daylight", "manner": "The First Harmful Event was Not a Collision with a Motor Vehicle in Transport"}}, {"type": "Feature", "geometry": {"type": "Point", "coordinates": [-80.19811944, 34.34006667]}, "properties": {"fatals": 1, "county": "LEE (61)", "road": "SR-14 KELLY BRIDGE RD E", "month": "December", "hour": "14", "weather": "Clear", "light": "Daylight", "manner": "Angle"}}, {"type": "Feature", "geometry": {"type": "Point", "coordinates": [-80.48038056, 33.30668889]}, "properties": {"fatals": 1, "county": "ORANGEBURG (75)", "road": "US-15 BASS DR", "month": "December", "hour": "0", "weather": "Clear", "light": "Dark - Not Lighted", "manner": "The First Harmful Event was Not a Collision with a Motor Vehicle in Transport"}}, {"type": "Feature", "geometry": {"type": "Point", "coordinates": [-82.74938611, 34.71353056]}, "properties": {"fatals": 1, "county": "PICKENS (77)", "road": "US-123 CALHOUN MEM HWY", "month": "December", "hour": "17", "weather": "Clear", "light": "Daylight", "manner": "The First Harmful Event was Not a Collision with a Motor Vehicle in Transport"}}, {"type": "Feature", "geometry": {"type": "Point", "coordinates": [-78.98955, 33.86435]}, "properties": {"fatals": 1, "county": "HORRY (51)", "road": "SR-905 HWY 905", "month": "December", "hour": "18", "weather": "Clear", "light": "Dark - Not Lighted", "manner": "The First Harmful Event was Not a Collision with a Motor Vehicle in Transport"}}, {"type": "Feature", "geometry": {"type": "Point", "coordinates": [-81.08, 32.28443889]}, "properties": {"fatals": 2, "county": "JASPER (53)", "road": "US-17 SPEEDWAY BLVD", "month": "December", "hour": "22", "weather": "Clear", "light": "Dark - Not Lighted", "manner": "Front-to-Front"}}, {"type": "Feature", "geometry": {"type": "Point", "coordinates": [-80.73680278, 32.47146389]}, "properties": {"fatals": 1, "county": "BEAUFORT (13)", "road": "US-21 TRASK PKWY", "month": "December", "hour": "5", "weather": "Fog, Smog, Smoke", "light": "Dark - Not Lighted", "manner": "The First Harmful Event was Not a Collision with a Motor Vehicle in Transport"}}, {"type": "Feature", "geometry": {"type": "Point", "coordinates": [-80.64942778, 33.45713611]}, "properties": {"fatals": 1, "county": "ORANGEBURG (75)", "road": "US-301 FIVE CHOP RD", "month": "December", "hour": "12", "weather": "Rain", "light": "Daylight", "manner": "The First Harmful Event was Not a Collision with a Motor Vehicle in Transport"}}, {"type": "Feature", "geometry": {"type": "Point", "coordinates": [-82.23316667, 34.66217222]}, "properties": {"fatals": 1, "county": "GREENVILLE (45)", "road": "SR-154 TALL PINES RD", "month": "December", "hour": "16", "weather": "Rain", "light": "Dark - Not Lighted", "manner": "The First Harmful Event was Not a Collision with a Motor Vehicle in Transport"}}, {"type": "Feature", "geometry": {"type": "Point", "coordinates": [-80.99730556, 34.27880833]}, "properties": {"fatals": 2, "county": "FAIRFIELD (39)", "road": "I-77", "month": "December", "hour": "23", "weather": "Clear", "light": "Dark - Not Lighted", "manner": "The First Harmful Event was Not a Collision with a Motor Vehicle in Transport"}}, {"type": "Feature", "geometry": {"type": "Point", "coordinates": [-80.36891111, 33.41886944]}, "properties": {"fatals": 1, "county": "ORANGEBURG (75)", "road": "SR-6 OLD NUMBER SIX HWY", "month": "May", "hour": "7", "weather": "Clear", "light": "Daylight", "manner": "Angle"}}, {"type": "Feature", "geometry": {"type": "Point", "coordinates": [-80.69015, 32.56213889]}, "properties": {"fatals": 1, "county": "BEAUFORT (13)", "road": "SR-769 PORCHES HILL RD", "month": "June", "hour": "2", "weather": "Clear", "light": "Dark - Not Lighted", "manner": "The First Harmful Event was Not a Collision with a Motor Vehicle in Transport"}}, {"type": "Feature", "geometry": {"type": "Point", "coordinates": [-80.72402222, 32.86684444]}, "properties": {"fatals": 3, "county": "COLLETON (29)", "road": "I-95", "month": "July", "hour": "16", "weather": "Clear", "light": "Daylight", "manner": "Front-to-Rear"}}, {"type": "Feature", "geometry": {"type": "Point", "coordinates": [-80.0795, 32.98456389]}, "properties": {"fatals": 1, "county": "CHARLESTON (19)", "road": "I-26", "month": "August", "hour": "7", "weather": "Clear", "light": "Daylight", "manner": "Angle"}}, {"type": "Feature", "geometry": {"type": "Point", "coordinates": [-80.75808333, 33.46050833]}, "properties": {"fatals": 1, "county": "ORANGEBURG (75)", "road": "US-301 FIVE CHOP RD", "month": "September", "hour": "7", "weather": "Clear", "light": "Daylight", "manner": "The First Harmful Event was Not a Collision with a Motor Vehicle in Transport"}}, {"type": "Feature", "geometry": {"type": "Point", "coordinates": [-80.12490556, 33.27383611]}, "properties": {"fatals": 1, "county": "BERKELEY (15)", "road": "SR-6 HWY 6", "month": "October", "hour": "14", "weather": "Clear", "light": "Daylight", "manner": "Front-to-Front"}}, {"type": "Feature", "geometry": {"type": "Point", "coordinates": [-80.42496944, 33.33063889]}, "properties": {"fatals": 1, "county": "ORANGEBURG (75)", "road": "US-176 OLS STATE RD", "month": "October", "hour": "17", "weather": "Clear", "light": "Daylight", "manner": "Angle"}}, {"type": "Feature", "geometry": {"type": "Point", "coordinates": [-79.70161944, 33.04769167]}, "properties": {"fatals": 1, "county": "BERKELEY (15)", "road": "SR-98 HALFWAY CREEK RD", "month": "October", "hour": "7", "weather": "Clear", "light": "Daylight", "manner": "Angle"}}, {"type": "Feature", "geometry": {"type": "Point", "coordinates": [-80.91621944, 33.98018889]}, "properties": {"fatals": 1, "county": "RICHLAND (79)", "road": "SR-262 LEESBURG RD", "month": "January", "hour": "3", "weather": "Clear", "light": "Dark - Lighted", "manner": "Angle"}}, {"type": "Feature", "geometry": {"type": "Point", "coordinates": [-81.19325556, 34.99253611]}, "properties": {"fatals": 1, "county": "YORK (91)", "road": "SR-161 OLD YORK RD", "month": "January", "hour": "9", "weather": "Snow", "light": "Daylight", "manner": "The First Harmful Event was Not a Collision with a Motor Vehicle in Transport"}}, {"type": "Feature", "geometry": {"type": "Point", "coordinates": [-79.00806389, 33.80324444]}, "properties": {"fatals": 1, "county": "HORRY (51)", "road": "US-501 HWY 501", "month": "November", "hour": "1", "weather": "Clear", "light": "Dark - Not Lighted", "manner": "The First Harmful Event was Not a Collision with a Motor Vehicle in Transport"}}, {"type": "Feature", "geometry": {"type": "Point", "coordinates": [-80.90896389, 33.48047778]}, "properties": {"fatals": 1, "county": "ORANGEBURG (75)", "road": "SR-4 NEESES HWY", "month": "December", "hour": "17", "weather": "Rain", "light": "Dusk", "manner": "The First Harmful Event was Not a Collision with a Motor Vehicle in Transport"}}, {"type": "Feature", "geometry": {"type": "Point", "coordinates": [-81.94818333, 34.96620278]}, "properties": {"fatals": 1, "county": "SPARTANBURG (83)", "road": "SR-56 ASHEVILLE HWY", "month": "November", "hour": "18", "weather": "Clear", "light": "Dusk", "manner": "Angle"}}, {"type": "Feature", "geometry": {"type": "Point", "coordinates": [-81.94138056, 34.94866111]}, "properties": {"fatals": 1, "county": "SPARTANBURG (83)", "road": "CR-N FOREST STREET", "month": "December", "hour": "17", "weather": "Rain", "light": "Dark - Not Lighted", "manner": "The First Harmful Event was Not a Collision with a Motor Vehicle in Transport"}}, {"type": "Feature", "geometry": {"type": "Point", "coordinates": [-81.01065, 34.02658056]}, "properties": {"fatals": 1, "county": "RICHLAND (79)", "road": "US-1 TWO NOTCH RD", "month": "December", "hour": "21", "weather": "Clear", "light": "Dark - Lighted", "manner": "The First Harmful Event was Not a Collision with a Motor Vehicle in Transport"}}, {"type": "Feature", "geometry": {"type": "Point", "coordinates": [-82.23498889, 34.840625]}, "properties": {"fatals": 1, "county": "GREENVILLE (45)", "road": "CR-COLLINGSWORTH LANE", "month": "December", "hour": "16", "weather": "Clear", "light": "Daylight", "manner": "The First Harmful Event was Not a Collision with a Motor Vehicle in Transport"}}, {"type": "Feature", "geometry": {"type": "Point", "coordinates": [-79.95875, 32.75806944]}, "properties": {"fatals": 1, "county": "CHARLESTON (19)", "road": "SR-30 JAMES ISLAND", "month": "September", "hour": "13", "weather": "Clear", "light": "Daylight", "manner": "The First Harmful Event was Not a Collision with a Motor Vehicle in Transport"}}, {"type": "Feature", "geometry": {"type": "Point", "coordinates": [-82.22986944, 34.87538889]}, "properties": {"fatals": 1, "county": "GREENVILLE (45)", "road": "CR-CONCOURSE WAY", "month": "October", "hour": "0", "weather": "Clear", "light": "Dark - Not Lighted", "manner": "The First Harmful Event was Not a Collision with a Motor Vehicle in Transport"}}, {"type": "Feature", "geometry": {"type": "Point", "coordinates": [-81.78853056, 35.05122222]}, "properties": {"fatals": 1, "county": "CHEROKEE (21)", "road": "SR-38 CANNON CAMPGROUND RD", "month": "November", "hour": "22", "weather": "Clear", "light": "Dark - Not Lighted", "manner": "The First Harmful Event was Not a Collision with a Motor Vehicle in Transport"}}, {"type": "Feature", "geometry": {"type": "Point", "coordinates": [-81.96438889, 34.92086111]}, "properties": {"fatals": 1, "county": "SPARTANBURG (83)", "road": "SR-159", "month": "November", "hour": "1", "weather": "Clear", "light": "Dark - Not Lighted", "manner": "The First Harmful Event was Not a Collision with a Motor Vehicle in Transport"}}, {"type": "Feature", "geometry": {"type": "Point", "coordinates": [-80.30941389, 34.20396111]}, "properties": {"fatals": 1, "county": "LEE (61)", "road": "SR-29 BROWNTOWN RD", "month": "November", "hour": "19", "weather": "Clear", "light": "Dark - Unknown Lighting", "manner": "The First Harmful Event was Not a Collision with a Motor Vehicle in Transport"}}, {"type": "Feature", "geometry": {"type": "Point", "coordinates": [-78.96683056, 34.04126944]}, "properties": {"fatals": 1, "county": "HORRY (51)", "road": "SR-19 HWY 19", "month": "December", "hour": "17", "weather": "Clear", "light": "Dark - Not Lighted", "manner": "Angle"}}, {"type": "Feature", "geometry": {"type": "Point", "coordinates": [-80.60602222, 32.92503333]}, "properties": {"fatals": 1, "county": "COLLETON (29)", "road": "US-17 COTTAGEVILLE HWY", "month": "December", "hour": "18", "weather": "Clear", "light": "Dark - Not Lighted", "manner": "The First Harmful Event was Not a Collision with a Motor Vehicle in Transport"}}, {"type": "Feature", "geometry": {"type": "Point", "coordinates": [-81.78723056, 33.33477778]}, "properties": {"fatals": 1, "county": "AIKEN (3)", "road": "SR-125 ATOMIC RD", "month": "December", "hour": "8", "weather": "Clear", "light": "Dawn", "manner": "Angle"}}, {"type": "Feature", "geometry": {"type": "Point", "coordinates": [-80.39425278, 33.82707222]}, "properties": {"fatals": 1, "county": "SUMTER (85)", "road": "SR-77 BETHEL CHURCH RD", "month": "November", "hour": "17", "weather": "Clear", "light": "Dark - Unknown Lighting", "manner": "Angle"}}, {"type": "Feature", "geometry": {"type": "Point", "coordinates": [-80.20971111, 34.40477778]}, "properties": {"fatals": 1, "county": "DARLINGTON (31)", "road": "SR-85 ASHLAND RD", "month": "December", "hour": "13", "weather": "Clear", "light": "Daylight", "manner": "The First Harmful Event was Not a Collision with a Motor Vehicle in Transport"}}, {"type": "Feature", "geometry": {"type": "Point", "coordinates": [-82.31668333, 34.80925556]}, "properties": {"fatals": 1, "county": "GREENVILLE (45)", "road": "SR-107 WEST BUTLER RD", "month": "December", "hour": "17", "weather": "Clear", "light": "Dusk", "manner": "Angle"}}, {"type": "Feature", "geometry": {"type": "Point", "coordinates": [-80.35011944, 33.39271111]}, "properties": {"fatals": 1, "county": "ORANGEBURG (75)", "road": "SR-45 PORCHER AVE", "month": "November", "hour": "4", "weather": "Rain", "light": "Dark - Unknown Lighting", "manner": "The First Harmful Event was Not a Collision with a Motor Vehicle in Transport"}}, {"type": "Feature", "geometry": {"type": "Point", "coordinates": [-82.49744444, 34.61538889]}, "properties": {"fatals": 1, "county": "ANDERSON (7)", "road": "US-29 ANDERSON DR", "month": "October", "hour": "15", "weather": "Clear", "light": "Daylight", "manner": "The First Harmful Event was Not a Collision with a Motor Vehicle in Transport"}}]}