{"type": "FeatureCollection", "features": [{"type": "Feature", "geometry": {"type": "Point", "coordinates": [-96.071722, 36.057928]}, "properties": {"year": 2020, "fatalities": 1, "drunk": false, "pedestrian": false, "case_number": "400092", "date": "2020-01-01", "road": "SR-66", "county": "CREEK (37)", "weather": "Clear", "light": "Dark - Not Lighted", "manner": "The First Harmful Event was Not a Collision with a Motor Vehicle in Transport"}}, {"type": "Feature", "geometry": {"type": "Point", "coordinates": [-95.985103, 36.142864]}, "properties": {"year": 2020, "fatalities": 1, "drunk": false, "pedestrian": true, "case_number": "400003", "date": "2020-01-02", "road": "I-444", "county": "TULSA (143)", "weather": "Clear", "light": "Dark - Not Lighted", "manner": "The First Harmful Event was Not a Collision with a Motor Vehicle in Transport"}}, {"type": "Feature", "geometry": {"type": "Point", "coordinates": [-96.0247, 36.0889]}, "properties": {"year": 2020, "fatalities": 1, "drunk": false, "pedestrian": false, "case_number": "400029", "date": "2020-01-07", "road": "I-44", "county": "TULSA (143)", "weather": "Clear", "light": "Daylight", "manner": "Angle"}}, {"type": "Feature", "geometry": {"type": "Point", "coordinates": [-95.8561, 36.1336]}, "properties": {"year": 2020, "fatalities": 1, "drunk": false, "pedestrian": false, "case_number": "400002", "date": "2020-01-08", "road": "E 21ST ST SOUTH", "county": "TULSA (143)", "weather": "Clear", "light": "Daylight", "manner": "Angle"}}, {"type": "Feature", "geometry": {"type": "Point", "coordinates": [-96.0048, 36.1573]}, "properties": {"year": 2020, "fatalities": 1, "drunk": false, "pedestrian": false, "case_number": "400013", "date": "2020-01-25", "road": "US-412", "county": "TULSA (143)", "weather": "Clear", "light": "Dark - Lighted", "manner": "Front-to-Front"}}, {"type": "Feature", "geometry": {"type": "Point", "coordinates": [-96.2665, 36.1338]}, "properties": {"year": 2020, "fatalities": 1, "drunk": false, "pedestrian": false, "case_number": "400018", "date": "2020-01-28", "road": "SR-151", "county": "TULSA (143)", "weather": "Cloudy", "light": "Dawn", "manner": "Angle"}}, {"type": "Feature", "geometry": {"type": "Point", "coordinates": [-95.9955, 36.2145]}, "properties": {"year": 2020, "fatalities": 1, "drunk": true, "pedestrian": true, "case_number": "400044", "date": "2020-02-07", "road": "N MARTIN LUTHER KING BLVD", "county": "TULSA (143)", "weather": "Cloudy", "light": "Dark - Not Lighted", "manner": "The First Harmful Event was Not a Collision with a Motor Vehicle in Transport"}}, {"type": "Feature", "geometry": {"type": "Point", "coordinates": [-96.0106, 36.0889]}, "properties": {"year": 2020, "fatalities": 1, "drunk": false, "pedestrian": false, "case_number": "400047", "date": "2020-02-08", "road": "I-44", "county": "TULSA (143)", "weather": "Clear", "light": "Dusk", "manner": "Front-to-Rear"}}, {"type": "Feature", "geometry": {"type": "Point", "coordinates": [-95.8823, 36.0655]}, "properties": {"year": 2020, "fatalities": 1, "drunk": true, "pedestrian": true, "case_number": "400071", "date": "2020-02-10", "road": "WOODLAND HILLS ROAD", "county": "TULSA (143)", "weather": "Rain", "light": "Daylight", "manner": "The First Harmful Event was Not a Collision with a Motor Vehicle in Transport"}}, {"type": "Feature", "geometry": {"type": "Point", "coordinates": [-95.6638, 36.5923]}, "properties": {"year": 2020, "fatalities": 1, "drunk": false, "pedestrian": false, "case_number": "400059", "date": "2020-02-14", "road": "US-169", "county": "ROGERS (131)", "weather": "Cloudy", "light": "Daylight", "manner": "Angle"}}, {"type": "Feature", "geometry": {"type": "Point", "coordinates": [-95.9415, 36.0245]}, "properties": {"year": 2020, "fatalities": 1, "drunk": false, "pedestrian": false, "case_number": "400073", "date": "2020-02-19", "road": "CREEK TPK", "county": "TULSA (143)", "weather": "Cloudy", "light": "Daylight", "manner": "The First Harmful Event was Not a Collision with a Motor Vehicle in Transport"}}, {"type": "Feature", "geometry": {"type": "Point", "coordinates": [-95.833181, 36.075467]}, "properties": {"year": 2020, "fatalities": 1, "drunk": true, "pedestrian": false, "case_number": "400062", "date": "2020-02-20", "road": "E 61ST ST", "county": "TULSA (143)", "weather": "Cloudy", "light": "Daylight", "manner": "Angle"}}, {"type": "Feature", "geometry": {"type": "Point", "coordinates": [-95.6902, 36.1624]}, "properties": {"year": 2020, "fatalities": 1, "drunk": false, "pedestrian": false, "case_number": "400077", "date": "2020-02-29", "road": "CR-E590", "county": "ROGERS (131)", "weather": "Clear", "light": "Daylight", "manner": "Angle"}}, {"type": "Feature", "geometry": {"type": "Point", "coordinates": [-96.0513, 36.1045]}, "properties": {"year": 2020, "fatalities": 1, "drunk": false, "pedestrian": true, "case_number": "400078", "date": "2020-02-29", "road": "CR-W 41ST ST", "county": "TULSA (143)", "weather": "Clear", "light": "Dark - Not Lighted", "manner": "The First Harmful Event was Not a Collision with a Motor Vehicle in Transport"}}, {"type": "Feature", "geometry": {"type": "Point", "coordinates": [-96.008714, 36.103256]}, "properties": {"year": 2020, "fatalities": 1, "drunk": false, "pedestrian": false, "case_number": "400081", "date": "2020-03-02", "road": "US-75", "county": "TULSA (143)", "weather": "Clear", "light": "Dark - Lighted", "manner": "The First Harmful Event was Not a Collision with a Motor Vehicle in Transport"}}, {"type": "Feature", "geometry": {"type": "Point", "coordinates": [-95.2488, 35.8627]}, "properties": {"year": 2020, "fatalities": 1, "drunk": true, "pedestrian": false, "case_number": "400087", "date": "2020-03-11", "road": "SR-251A", "county": "WAGONER (145)", "weather": "Cloudy", "light": "Daylight", "manner": "The First Harmful Event was Not a Collision with a Motor Vehicle in Transport"}}, {"type": "Feature", "geometry": {"type": "Point", "coordinates": [-96.1081, 36.0753]}, "properties": {"year": 2020, "fatalities": 1, "drunk": true, "pedestrian": false, "case_number": "400088", "date": "2020-03-12", "road": "CR-W 61ST ST", "county": "CREEK (37)", "weather": "Fog, Smog, Smoke", "light": "Daylight", "manner": "The First Harmful Event was Not a Collision with a Motor Vehicle in Transport"}}, {"type": "Feature", "geometry": {"type": "Point", "coordinates": [-96.5516, 35.8017]}, "properties": {"year": 2020, "fatalities": 1, "drunk": false, "pedestrian": false, "case_number": "400090", "date": "2020-03-14", "road": "I-44", "county": "CREEK (37)", "weather": "Cloudy", "light": "Dark - Not Lighted", "manner": "Front-to-Rear"}}, {"type": "Feature", "geometry": {"type": "Point", "coordinates": [-95.8434, 36.1666]}, "properties": {"year": 2020, "fatalities": 1, "drunk": false, "pedestrian": false, "case_number": "400101", "date": "2020-03-17", "road": "I-244", "county": "TULSA (143)", "weather": "Cloudy", "light": "Daylight", "manner": "Front-to-Front"}}, {"type": "Feature", "geometry": {"type": "Point", "coordinates": [-95.980097, 36.067397]}, "properties": {"year": 2020, "fatalities": 1, "drunk": false, "pedestrian": false, "case_number": "400104", "date": "2020-03-24", "road": "RIVERSIDE DR", "county": "TULSA (143)", "weather": "Clear", "light": "Daylight", "manner": "Angle"}}, {"type": "Feature", "geometry": {"type": "Point", "coordinates": [-96.135197, 36.1253]}, "properties": {"year": 2020, "fatalities": 1, "drunk": false, "pedestrian": true, "case_number": "400112", "date": "2020-03-25", "road": "SR-51", "county": "TULSA (143)", "weather": "Clear", "light": "Dawn", "manner": "The First Harmful Event was Not a Collision with a Motor Vehicle in Transport"}}, {"type": "Feature", "geometry": {"type": "Point", "coordinates": [-95.9244, 36.293097]}, "properties": {"year": 2020, "fatalities": 1, "drunk": true, "pedestrian": false, "case_number": "400121", "date": "2020-03-28", "road": "US-75", "county": "TULSA (143)", "weather": "Clear", "light": "Daylight", "manner": "Angle"}}, {"type": "Feature", "geometry": {"type": "Point", "coordinates": [-96.334197, 36.3907]}, "properties": {"year": 2020, "fatalities": 1, "drunk": true, "pedestrian": false, "case_number": "400126", "date": "2020-03-31", "road": "SR-20", "county": "OSAGE (113)", "weather": "Clear", "light": "Daylight", "manner": "The First Harmful Event was Not a Collision with a Motor Vehicle in Transport"}}, {"type": "Feature", "geometry": {"type": "Point", "coordinates": [-96.115192, 35.988436]}, "properties": {"year": 2020, "fatalities": 1, "drunk": false, "pedestrian": true, "case_number": "400127", "date": "2020-03-31", "road": "SR-117", "county": "CREEK (37)", "weather": "Clear", "light": "Dark - Not Lighted", "manner": "The First Harmful Event was Not a Collision with a Motor Vehicle in Transport"}}, {"type": "Feature", "geometry": {"type": "Point", "coordinates": [-95.7322, 35.959097]}, "properties": {"year": 2020, "fatalities": 1, "drunk": true, "pedestrian": false, "case_number": "400133", "date": "2020-04-08", "road": "CR-E 141ST ST SO", "county": "WAGONER (145)", "weather": "Cloudy", "light": "Dark - Not Lighted", "manner": "Front-to-Front"}}, {"type": "Feature", "geometry": {"type": "Point", "coordinates": [-95.9514, 36.027597]}, "properties": {"year": 2020, "fatalities": 1, "drunk": false, "pedestrian": false, "case_number": "400151", "date": "2020-04-08", "road": "RIVERSIDE PKWY", "county": "TULSA (143)", "weather": "Clear", "light": "Daylight", "manner": "Angle"}}, {"type": "Feature", "geometry": {"type": "Point", "coordinates": [-95.8687, 36.101797]}, "properties": {"year": 2020, "fatalities": 1, "drunk": false, "pedestrian": false, "case_number": "400137", "date": "2020-04-20", "road": "US-64", "county": "TULSA (143)", "weather": "Clear", "light": "Dark - Lighted", "manner": "The First Harmful Event was Not a Collision with a Motor Vehicle in Transport"}}, {"type": "Feature", "geometry": {"type": "Point", "coordinates": [-95.977753, 36.090331]}, "properties": {"year": 2020, "fatalities": 1, "drunk": false, "pedestrian": false, "case_number": "400138", "date": "2020-04-20", "road": "S NEWPORT AVE", "county": "TULSA (143)", "weather": "Clear", "light": "Dark - Lighted", "manner": "The First Harmful Event was Not a Collision with a Motor Vehicle in Transport"}}, {"type": "Feature", "geometry": {"type": "Point", "coordinates": [-96.009261, 36.117383]}, "properties": {"year": 2020, "fatalities": 2, "drunk": false, "pedestrian": false, "case_number": "400177", "date": "2020-04-24", "road": "I-244", "county": "TULSA (143)", "weather": "Rain", "light": "Daylight", "manner": "The First Harmful Event was Not a Collision with a Motor Vehicle in Transport"}}, {"type": "Feature", "geometry": {"type": "Point", "coordinates": [-96.049242, 36.368644]}, "properties": {"year": 2020, "fatalities": 1, "drunk": false, "pedestrian": false, "case_number": "400568", "date": "2020-04-25", "road": "SR-20", "county": "OSAGE (113)", "weather": "Clear", "light": "Daylight", "manner": "Angle"}}, {"type": "Feature", "geometry": {"type": "Point", "coordinates": [-95.979797, 35.901097]}, "properties": {"year": 2020, "fatalities": 1, "drunk": false, "pedestrian": false, "case_number": "400179", "date": "2020-05-04", "road": "CR-181ST ST S", "county": "TULSA (143)", "weather": "Cloudy", "light": "Daylight", "manner": "Angle"}}, {"type": "Feature", "geometry": {"type": "Point", "coordinates": [-95.935697, 36.0899]}, "properties": {"year": 2020, "fatalities": 2, "drunk": false, "pedestrian": false, "case_number": "400164", "date": "2020-05-11", "road": "E 51ST ST", "county": "TULSA (143)", "weather": "Cloudy", "light": "Daylight", "manner": "Front-to-Front"}}, {"type": "Feature", "geometry": {"type": "Point", "coordinates": [-95.4424, 35.959]}, "properties": {"year": 2020, "fatalities": 1, "drunk": true, "pedestrian": false, "case_number": "400170", "date": "2020-05-18", "road": "SR-51", "county": "WAGONER (145)", "weather": "Clear", "light": "Dark - Not Lighted", "manner": "Angle"}}, {"type": "Feature", "geometry": {"type": "Point", "coordinates": [-95.884297, 36.092597]}, "properties": {"year": 2020, "fatalities": 1, "drunk": false, "pedestrian": false, "case_number": "400167", "date": "2020-05-22", "road": "S 83RD E AVE", "county": "TULSA (143)", "weather": "Clear", "light": "Dark - Lighted", "manner": "Angle"}}, {"type": "Feature", "geometry": {"type": "Point", "coordinates": [-95.742253, 36.089842]}, "properties": {"year": 2020, "fatalities": 1, "drunk": false, "pedestrian": false, "case_number": "400207", "date": "2020-05-22", "road": "E 51ST ST", "county": "WAGONER (145)", "weather": "Cloudy", "light": "Dark - Not Lighted", "manner": "The First Harmful Event was Not a Collision with a Motor Vehicle in Transport"}}, {"type": "Feature", "geometry": {"type": "Point", "coordinates": [-95.957997, 36.0782]}, "properties": {"year": 2020, "fatalities": 1, "drunk": true, "pedestrian": false, "case_number": "400175", "date": "2020-05-25", "road": "S LEWIS AVE", "county": "TULSA (143)", "weather": "Rain", "light": "Daylight", "manner": "Angle"}}, {"type": "Feature", "geometry": {"type": "Point", "coordinates": [-95.863297, 36.164097]}, "properties": {"year": 2020, "fatalities": 1, "drunk": false, "pedestrian": false, "case_number": "400343", "date": "2020-06-07", "road": "I-244 EXIT RAMP", "county": "TULSA (143)", "weather": "Clear", "light": "Daylight", "manner": "The First Harmful Event was Not a Collision with a Motor Vehicle in Transport"}}, {"type": "Feature", "geometry": {"type": "Point", "coordinates": [-95.733942, 36.191508]}, "properties": {"year": 2020, "fatalities": 1, "drunk": false, "pedestrian": false, "case_number": "400303", "date": "2020-06-08", "road": "E APACHE ST", "county": "ROGERS (131)", "weather": "Clear", "light": "Daylight", "manner": "Angle"}}, {"type": "Feature", "geometry": {"type": "Point", "coordinates": [-95.303794, 35.8858]}, "properties": {"year": 2020, "fatalities": 1, "drunk": true, "pedestrian": false, "case_number": "400234", "date": "2020-06-13", "road": "CR-E 100TH ST N", "county": "WAGONER (145)", "weather": "Clear", "light": "Daylight", "manner": "Front-to-Front"}}, {"type": "Feature", "geometry": {"type": "Point", "coordinates": [-95.4778, 36.321897]}, "properties": {"year": 2020, "fatalities": 1, "drunk": true, "pedestrian": false, "case_number": "400254", "date": "2020-06-13", "road": "CR-E480", "county": "ROGERS (131)", "weather": "Cloudy", "light": "Daylight", "manner": "The First Harmful Event was Not a Collision with a Motor Vehicle in Transport"}}, {"type": "Feature", "geometry": {"type": "Point", "coordinates": [-96.1196, 36.0842]}, "properties": {"year": 2020, "fatalities": 1, "drunk": false, "pedestrian": false, "case_number": "400247", "date": "2020-06-21", "road": "SR-97", "county": "TULSA (143)", "weather": "Clear", "light": "Daylight", "manner": "The First Harmful Event was Not a Collision with a Motor Vehicle in Transport"}}, {"type": "Feature", "geometry": {"type": "Point", "coordinates": [-96.391597, 36.1178]}, "properties": {"year": 2020, "fatalities": 2, "drunk": false, "pedestrian": false, "case_number": "400249", "date": "2020-06-25", "road": "SR-48", "county": "CREEK (37)", "weather": "Clear", "light": "Daylight", "manner": "Front-to-Rear"}}, {"type": "Feature", "geometry": {"type": "Point", "coordinates": [-96.012697, 36.112561]}, "properties": {"year": 2020, "fatalities": 1, "drunk": true, "pedestrian": false, "case_number": "400224", "date": "2020-06-26", "road": "I-244", "county": "TULSA (143)", "weather": "Clear", "light": "Daylight", "manner": "The First Harmful Event was Not a Collision with a Motor Vehicle in Transport"}}, {"type": "Feature", "geometry": {"type": "Point", "coordinates": [-95.8866, 36.085297]}, "properties": {"year": 2020, "fatalities": 1, "drunk": false, "pedestrian": false, "case_number": "400233", "date": "2020-06-28", "road": "S MEMORIAL DR", "county": "TULSA (143)", "weather": "Clear", "light": "Dark - Not Lighted", "manner": "The First Harmful Event was Not a Collision with a Motor Vehicle in Transport"}}, {"type": "Feature", "geometry": {"type": "Point", "coordinates": [-95.993533, 36.208403]}, "properties": {"year": 2020, "fatalities": 1, "drunk": false, "pedestrian": false, "case_number": "400251", "date": "2020-06-30", "road": "N MARTIN LUTHER KING JR BLVD", "county": "TULSA (143)", "weather": "Cloudy", "light": "Daylight", "manner": "Angle"}}, {"type": "Feature", "geometry": {"type": "Point", "coordinates": [-95.534197, 35.906197]}, "properties": {"year": 2020, "fatalities": 1, "drunk": false, "pedestrian": false, "case_number": "400257", "date": "2020-07-01", "road": "MUSKOGEE TPK", "county": "WAGONER (145)", "weather": "Cloudy", "light": "Dark - Not Lighted", "manner": "Front-to-Rear"}}, {"type": "Feature", "geometry": {"type": "Point", "coordinates": [-96.3181, 36.6484]}, "properties": {"year": 2020, "fatalities": 1, "drunk": false, "pedestrian": false, "case_number": "400282", "date": "2020-07-01", "road": "CR-NEW PRUE RD", "county": "OSAGE (113)", "weather": "Clear", "light": "Daylight", "manner": "The First Harmful Event was Not a Collision with a Motor Vehicle in Transport"}}, {"type": "Feature", "geometry": {"type": "Point", "coordinates": [-95.8588, 36.1734]}, "properties": {"year": 2020, "fatalities": 1, "drunk": false, "pedestrian": false, "case_number": "400238", "date": "2020-07-02", "road": "US-169", "county": "TULSA (143)", "weather": "Clear", "light": "Dark - Not Lighted", "manner": "The First Harmful Event was Not a Collision with a Motor Vehicle in Transport"}}, {"type": "Feature", "geometry": {"type": "Point", "coordinates": [-95.991297, 36.350997]}, "properties": {"year": 2020, "fatalities": 1, "drunk": false, "pedestrian": false, "case_number": "400330", "date": "2020-07-07", "road": "SR-11", "county": "TULSA (143)", "weather": "Clear", "light": "Dark - Lighted", "manner": "Angle"}}, {"type": "Feature", "geometry": {"type": "Point", "coordinates": [-95.445097, 36.4958]}, "properties": {"year": 2020, "fatalities": 1, "drunk": false, "pedestrian": false, "case_number": "400265", "date": "2020-07-08", "road": "CR-EW360", "county": "ROGERS (131)", "weather": "Clear", "light": "Daylight", "manner": "The First Harmful Event was Not a Collision with a Motor Vehicle in Transport"}}, {"type": "Feature", "geometry": {"type": "Point", "coordinates": [-95.876, 36.0608]}, "properties": {"year": 2020, "fatalities": 1, "drunk": false, "pedestrian": false, "case_number": "400266", "date": "2020-07-08", "road": "E 71ST ST", "county": "TULSA (143)", "weather": "Clear", "light": "Dark - Not Lighted", "manner": "Angle"}}, {"type": "Feature", "geometry": {"type": "Point", "coordinates": [-95.557297, 36.3821]}, "properties": {"year": 2020, "fatalities": 1, "drunk": false, "pedestrian": false, "case_number": "400271", "date": "2020-07-22", "road": "SR-66", "county": "ROGERS (131)", "weather": "Cloudy", "light": "Daylight", "manner": "The First Harmful Event was Not a Collision with a Motor Vehicle in Transport"}}, {"type": "Feature", "geometry": {"type": "Point", "coordinates": [-95.9204, 36.416297]}, "properties": {"year": 2020, "fatalities": 1, "drunk": false, "pedestrian": false, "case_number": "400298", "date": "2020-07-22", "road": "US-75", "county": "TULSA (143)", "weather": "Clear", "light": "Dark - Not Lighted", "manner": "Front-to-Rear"}}, {"type": "Feature", "geometry": {"type": "Point", "coordinates": [-95.825069, 36.060878]}, "properties": {"year": 2020, "fatalities": 1, "drunk": true, "pedestrian": false, "case_number": "400286", "date": "2020-07-23", "road": "W KENOSHA ST", "county": "TULSA (143)", "weather": "Clear", "light": "Dark - Lighted", "manner": "Front-to-Front"}}, {"type": "Feature", "geometry": {"type": "Point", "coordinates": [-96.0, 36.089197]}, "properties": {"year": 2020, "fatalities": 1, "drunk": false, "pedestrian": true, "case_number": "400309", "date": "2020-07-23", "road": "I-44", "county": "TULSA (143)", "weather": "Clear", "light": "Dark - Not Lighted", "manner": "The First Harmful Event was Not a Collision with a Motor Vehicle in Transport"}}, {"type": "Feature", "geometry": {"type": "Point", "coordinates": [-95.681178, 36.003242]}, "properties": {"year": 2020, "fatalities": 1, "drunk": false, "pedestrian": false, "case_number": "400443", "date": "2020-07-23", "road": "SR-51", "county": "WAGONER (145)", "weather": "Clear", "light": "Daylight", "manner": "Angle"}}, {"type": "Feature", "geometry": {"type": "Point", "coordinates": [-95.7814, 36.162397]}, "properties": {"year": 2020, "fatalities": 1, "drunk": false, "pedestrian": false, "case_number": "400305", "date": "2020-07-26", "road": "I-44", "county": "TULSA (143)", "weather": "Clear", "light": "Daylight", "manner": "Sideswipe - Same Direction"}}, {"type": "Feature", "geometry": {"type": "Point", "coordinates": [-95.668492, 35.984119]}, "properties": {"year": 2020, "fatalities": 1, "drunk": false, "pedestrian": false, "case_number": "400382", "date": "2020-07-27", "road": "SR-51", "county": "WAGONER (145)", "weather": "Clear", "light": "Dark - Not Lighted", "manner": "The First Harmful Event was Not a Collision with a Motor Vehicle in Transport"}}, {"type": "Feature", "geometry": {"type": "Point", "coordinates": [-95.704628, 36.249831]}, "properties": {"year": 2020, "fatalities": 1, "drunk": false, "pedestrian": false, "case_number": "400288", "date": "2020-07-31", "road": "SR-266", "county": "ROGERS (131)", "weather": "Clear", "light": "Daylight", "manner": "Front-to-Front"}}, {"type": "Feature", "geometry": {"type": "Point", "coordinates": [-96.369197, 35.9328]}, "properties": {"year": 2020, "fatalities": 1, "drunk": true, "pedestrian": false, "case_number": "400295", "date": "2020-08-01", "road": "CR-337TH W AVE", "county": "CREEK (37)", "weather": "Clear", "light": "Daylight", "manner": "The First Harmful Event was Not a Collision with a Motor Vehicle in Transport"}}, {"type": "Feature", "geometry": {"type": "Point", "coordinates": [-95.9876, 36.060897]}, "properties": {"year": 2020, "fatalities": 1, "drunk": false, "pedestrian": false, "case_number": "400331", "date": "2020-08-04", "road": "W 71ST ST", "county": "TULSA (143)", "weather": "Clear", "light": "Daylight", "manner": "Front-to-Front"}}, {"type": "Feature", "geometry": {"type": "Point", "coordinates": [-95.9003, 36.1407]}, "properties": {"year": 2020, "fatalities": 1, "drunk": false, "pedestrian": true, "case_number": "400297", "date": "2020-08-05", "road": "E 15TH ST", "county": "TULSA (143)", "weather": "Clear", "light": "Dark - Not Lighted", "manner": "The First Harmful Event was Not a Collision with a Motor Vehicle in Transport"}}, {"type": "Feature", "geometry": {"type": "Point", "coordinates": [-95.886519, 36.071278]}, "properties": {"year": 2020, "fatalities": 1, "drunk": false, "pedestrian": true, "case_number": "400321", "date": "2020-08-07", "road": "S MEMORIAL DR", "county": "TULSA (143)", "weather": "Clear", "light": "Dark - Lighted", "manner": "The First Harmful Event was Not a Collision with a Motor Vehicle in Transport"}}, {"type": "Feature", "geometry": {"type": "Point", "coordinates": [-95.860797, 36.161]}, "properties": {"year": 2020, "fatalities": 1, "drunk": false, "pedestrian": true, "case_number": "400328", "date": "2020-08-10", "road": "US-169", "county": "TULSA (143)", "weather": "Clear", "light": "Dark - Lighted", "manner": "The First Harmful Event was Not a Collision with a Motor Vehicle in Transport"}}, {"type": "Feature", "geometry": {"type": "Point", "coordinates": [-95.993492, 36.1816]}, "properties": {"year": 2020, "fatalities": 1, "drunk": false, "pedestrian": false, "case_number": "400339", "date": "2020-08-17", "road": "N MARTIN LUTHER KING BLVD", "county": "TULSA (143)", "weather": "Clear", "light": "Dark - Lighted", "manner": "Front-to-Front"}}, {"type": "Feature", "geometry": {"type": "Point", "coordinates": [-95.760697, 36.394397]}, "properties": {"year": 2020, "fatalities": 1, "drunk": true, "pedestrian": false, "case_number": "400358", "date": "2020-08-22", "road": "CR-430", "county": "ROGERS (131)", "weather": "Clear", "light": "Dark - Not Lighted", "manner": "The First Harmful Event was Not a Collision with a Motor Vehicle in Transport"}}, {"type": "Feature", "geometry": {"type": "Point", "coordinates": [-96.230197, 35.933797]}, "properties": {"year": 2020, "fatalities": 1, "drunk": false, "pedestrian": false, "case_number": "400360", "date": "2020-08-22", "road": "SR-66", "county": "CREEK (37)", "weather": "Clear", "light": "Daylight", "manner": "Angle"}}, {"type": "Feature", "geometry": {"type": "Point", "coordinates": [-95.489597, 36.567397]}, "properties": {"year": 2020, "fatalities": 1, "drunk": false, "pedestrian": false, "case_number": "400363", "date": "2020-08-23", "road": "SR-28", "county": "ROGERS (131)", "weather": "Clear", "light": "Daylight", "manner": "The First Harmful Event was Not a Collision with a Motor Vehicle in Transport"}}, {"type": "Feature", "geometry": {"type": "Point", "coordinates": [-95.786694, 36.321894]}, "properties": {"year": 2020, "fatalities": 1, "drunk": false, "pedestrian": false, "case_number": "400362", "date": "2020-08-26", "road": "SR-20", "county": "ROGERS (131)", "weather": "Cloudy", "light": "Daylight", "manner": "Front-to-Rear"}}, {"type": "Feature", "geometry": {"type": "Point", "coordinates": [-96.387397, 35.665197]}, "properties": {"year": 2020, "fatalities": 1, "drunk": false, "pedestrian": false, "case_number": "400365", "date": "2020-08-27", "road": "SR-48", "county": "CREEK (37)", "weather": "Cloudy", "light": "Daylight", "manner": "Angle"}}, {"type": "Feature", "geometry": {"type": "Point", "coordinates": [-95.900594, 36.160894]}, "properties": {"year": 2020, "fatalities": 1, "drunk": false, "pedestrian": true, "case_number": "400353", "date": "2020-09-01", "road": "S 68TH E AVE", "county": "TULSA (143)", "weather": "Cloudy", "light": "Dark - Not Lighted", "manner": "The First Harmful Event was Not a Collision with a Motor Vehicle in Transport"}}, {"type": "Feature", "geometry": {"type": "Point", "coordinates": [-95.993497, 36.209]}, "properties": {"year": 2020, "fatalities": 2, "drunk": false, "pedestrian": false, "case_number": "400384", "date": "2020-09-11", "road": "MARTIN LUTHER KING BLVD", "county": "TULSA (143)", "weather": "Cloudy", "light": "Dark - Lighted", "manner": "Angle"}}, {"type": "Feature", "geometry": {"type": "Point", "coordinates": [-96.150997, 36.1047]}, "properties": {"year": 2020, "fatalities": 1, "drunk": true, "pedestrian": false, "case_number": "400401", "date": "2020-09-12", "road": "CR-W 41ST ST", "county": "TULSA (143)", "weather": "Cloudy", "light": "Dark - Not Lighted", "manner": "Angle"}}, {"type": "Feature", "geometry": {"type": "Point", "coordinates": [-95.5985, 36.1623]}, "properties": {"year": 2020, "fatalities": 1, "drunk": false, "pedestrian": false, "case_number": "400402", "date": "2020-09-16", "road": "CR-E590", "county": "ROGERS (131)", "weather": "Clear", "light": "Dawn", "manner": "The First Harmful Event was Not a Collision with a Motor Vehicle in Transport"}}, {"type": "Feature", "geometry": {"type": "Point", "coordinates": [-95.8511, 36.1156]}, "properties": {"year": 2020, "fatalities": 1, "drunk": false, "pedestrian": true, "case_number": "400394", "date": "2020-09-17", "road": "S GARNETT RD", "county": "TULSA (143)", "weather": "Clear", "light": "Dark - Not Lighted", "manner": "The First Harmful Event was Not a Collision with a Motor Vehicle in Transport"}}, {"type": "Feature", "geometry": {"type": "Point", "coordinates": [-95.493797, 36.086197]}, "properties": {"year": 2020, "fatalities": 1, "drunk": true, "pedestrian": false, "case_number": "400403", "date": "2020-09-18", "road": "CR-S4220", "county": "ROGERS (131)", "weather": "Cloudy", "light": "Dark - Not Lighted", "manner": "The First Harmful Event was Not a Collision with a Motor Vehicle in Transport"}}, {"type": "Feature", "geometry": {"type": "Point", "coordinates": [-95.9582, 36.166492]}, "properties": {"year": 2020, "fatalities": 1, "drunk": true, "pedestrian": true, "case_number": "400404", "date": "2020-09-20", "road": "N LEWIS AVE", "county": "TULSA (143)", "weather": "Clear", "light": "Dark - Lighted", "manner": "The First Harmful Event was Not a Collision with a Motor Vehicle in Transport"}}, {"type": "Feature", "geometry": {"type": "Point", "coordinates": [-95.8983, 36.1608]}, "properties": {"year": 2020, "fatalities": 1, "drunk": false, "pedestrian": true, "case_number": "400387", "date": "2020-09-21", "road": "E ADMIRAL PL", "county": "TULSA (143)", "weather": "Cloudy", "light": "Dark - Lighted", "manner": "The First Harmful Event was Not a Collision with a Motor Vehicle in Transport"}}, {"type": "Feature", "geometry": {"type": "Point", "coordinates": [-95.910794, 36.118894]}, "properties": {"year": 2020, "fatalities": 1, "drunk": false, "pedestrian": true, "case_number": "400391", "date": "2020-09-21", "road": "E 31ST ST", "county": "TULSA (143)", "weather": "Cloudy", "light": "Dark - Not Lighted", "manner": "The First Harmful Event was Not a Collision with a Motor Vehicle in Transport"}}, {"type": "Feature", "geometry": {"type": "Point", "coordinates": [-95.8155, 36.176997]}, "properties": {"year": 2020, "fatalities": 1, "drunk": false, "pedestrian": false, "case_number": "400392", "date": "2020-09-27", "road": "E PINE ST", "county": "TULSA (143)", "weather": "Cloudy", "light": "Daylight", "manner": "Angle"}}, {"type": "Feature", "geometry": {"type": "Point", "coordinates": [-95.7082, 36.084497]}, "properties": {"year": 2020, "fatalities": 1, "drunk": true, "pedestrian": false, "case_number": "400397", "date": "2020-09-30", "road": "CR-S 241ST E AVE", "county": "WAGONER (145)", "weather": "Clear", "light": "Dark - Not Lighted", "manner": "The First Harmful Event was Not a Collision with a Motor Vehicle in Transport"}}, {"type": "Feature", "geometry": {"type": "Point", "coordinates": [-95.9757, 36.198997]}, "properties": {"year": 2020, "fatalities": 1, "drunk": false, "pedestrian": false, "case_number": "400415", "date": "2020-10-04", "road": "N PEORIA AVE", "county": "TULSA (143)", "weather": "Clear", "light": "Daylight", "manner": "Angle"}}, {"type": "Feature", "geometry": {"type": "Point", "coordinates": [-95.8293, 36.160697]}, "properties": {"year": 2020, "fatalities": 1, "drunk": true, "pedestrian": false, "case_number": "400458", "date": "2020-10-04", "road": "I-44", "county": "TULSA (143)", "weather": "Clear", "light": "Dark - Lighted", "manner": "The First Harmful Event was Not a Collision with a Motor Vehicle in Transport"}}, {"type": "Feature", "geometry": {"type": "Point", "coordinates": [-95.966097, 36.2351]}, "properties": {"year": 2020, "fatalities": 1, "drunk": false, "pedestrian": false, "case_number": "400408", "date": "2020-10-05", "road": "CR-E 56TH ST N", "county": "TULSA (143)", "weather": "Clear", "light": "Daylight", "manner": "Front-to-Front"}}, {"type": "Feature", "geometry": {"type": "Point", "coordinates": [-95.9671, 36.1664]}, "properties": {"year": 2020, "fatalities": 1, "drunk": false, "pedestrian": true, "case_number": "400409", "date": "2020-10-07", "road": "N UTICA AVE", "county": "TULSA (143)", "weather": "Clear", "light": "Dark - Lighted", "manner": "The First Harmful Event was Not a Collision with a Motor Vehicle in Transport"}}, {"type": "Feature", "geometry": {"type": "Point", "coordinates": [-95.403, 35.846697]}, "properties": {"year": 2020, "fatalities": 1, "drunk": true, "pedestrian": false, "case_number": "400427", "date": "2020-10-07", "road": "US-69", "county": "WAGONER (145)", "weather": "Clear", "light": "Dark - Not Lighted", "manner": "Angle"}}, {"type": "Feature", "geometry": {"type": "Point", "coordinates": [-95.774197, 36.148]}, "properties": {"year": 2020, "fatalities": 1, "drunk": true, "pedestrian": false, "case_number": "400447", "date": "2020-10-09", "road": "11TH ST", "county": "TULSA (143)", "weather": "Clear", "light": "Dark - Not Lighted", "manner": "Angle"}}, {"type": "Feature", "geometry": {"type": "Point", "coordinates": [-95.917197, 36.1188]}, "properties": {"year": 2020, "fatalities": 1, "drunk": false, "pedestrian": false, "case_number": "400416", "date": "2020-10-11", "road": "E 31ST ST N", "county": "TULSA (143)", "weather": "Cloudy", "light": "Dark - Not Lighted", "manner": "The First Harmful Event was Not a Collision with a Motor Vehicle in Transport"}}, {"type": "Feature", "geometry": {"type": "Point", "coordinates": [-95.392617, 35.944317]}, "properties": {"year": 2020, "fatalities": 1, "drunk": false, "pedestrian": false, "case_number": "400521", "date": "2020-10-13", "road": "SW 15TH ST", "county": "WAGONER (145)", "weather": "Clear", "light": "Daylight", "manner": "Angle"}}, {"type": "Feature", "geometry": {"type": "Point", "coordinates": [-95.868528, 36.064725]}, "properties": {"year": 2020, "fatalities": 1, "drunk": false, "pedestrian": false, "case_number": "400488", "date": "2020-10-20", "road": "N 97TH E AVE", "county": "TULSA (143)", "weather": "Clear", "light": "Dark - Not Lighted", "manner": "Front-to-Front"}}, {"type": "Feature", "geometry": {"type": "Point", "coordinates": [-95.924, 36.336597]}, "properties": {"year": 2020, "fatalities": 1, "drunk": false, "pedestrian": false, "case_number": "400468", "date": "2020-10-21", "road": "US-75", "county": "TULSA (143)", "weather": "Cloudy", "light": "Daylight", "manner": "Angle"}}, {"type": "Feature", "geometry": {"type": "Point", "coordinates": [-95.457897, 36.1696]}, "properties": {"year": 2020, "fatalities": 1, "drunk": false, "pedestrian": false, "case_number": "400473", "date": "2020-10-31", "road": "US-412", "county": "ROGERS (131)", "weather": "Clear", "light": "Dark - Lighted", "manner": "Angle"}}, {"type": "Feature", "geometry": {"type": "Point", "coordinates": [-95.9672, 36.159597]}, "properties": {"year": 2020, "fatalities": 1, "drunk": false, "pedestrian": false, "case_number": "400479", "date": "2020-10-31", "road": "N UTICA AVE", "county": "TULSA (143)", "weather": "Clear", "light": "Dark - Lighted", "manner": "Front-to-Rear"}}, {"type": "Feature", "geometry": {"type": "Point", "coordinates": [-95.8823, 36.0608]}, "properties": {"year": 2020, "fatalities": 1, "drunk": false, "pedestrian": false, "case_number": "400462", "date": "2020-11-01", "road": "E 71ST ST", "county": "TULSA (143)", "weather": "Clear", "light": "Daylight", "manner": "Angle"}}, {"type": "Feature", "geometry": {"type": "Point", "coordinates": [-95.860297, 36.1385]}, "properties": {"year": 2020, "fatalities": 1, "drunk": false, "pedestrian": false, "case_number": "400463", "date": "2020-11-01", "road": "US-169", "county": "TULSA (143)", "weather": "Clear", "light": "Dark - Lighted", "manner": "The First Harmful Event was Not a Collision with a Motor Vehicle in Transport"}}, {"type": "Feature", "geometry": {"type": "Point", "coordinates": [-95.9758, 36.076997]}, "properties": {"year": 2020, "fatalities": 1, "drunk": true, "pedestrian": true, "case_number": "400464", "date": "2020-11-08", "road": "S PEORIA AVE", "county": "TULSA (143)", "weather": "Clear", "light": "Dark - Lighted", "manner": "The First Harmful Event was Not a Collision with a Motor Vehicle in Transport"}}, {"type": "Feature", "geometry": {"type": "Point", "coordinates": [-96.008497, 36.037397]}, "properties": {"year": 2020, "fatalities": 1, "drunk": false, "pedestrian": true, "case_number": "400465", "date": "2020-11-09", "road": "US-75", "county": "TULSA (143)", "weather": "Clear", "light": "Dark - Not Lighted", "manner": "The First Harmful Event was Not a Collision with a Motor Vehicle in Transport"}}, {"type": "Feature", "geometry": {"type": "Point", "coordinates": [-95.617, 36.1644]}, "properties": {"year": 2020, "fatalities": 1, "drunk": false, "pedestrian": true, "case_number": "400510", "date": "2020-11-09", "road": "US-412", "county": "ROGERS (131)", "weather": "Clear", "light": "Dark - Lighted", "manner": "The First Harmful Event was Not a Collision with a Motor Vehicle in Transport"}}, {"type": "Feature", "geometry": {"type": "Point", "coordinates": [-95.8949, 36.2085]}, "properties": {"year": 2020, "fatalities": 1, "drunk": false, "pedestrian": false, "case_number": "400499", "date": "2020-11-11", "road": "E PORT RD", "county": "TULSA (143)", "weather": "Clear", "light": "Daylight", "manner": "Angle"}}, {"type": "Feature", "geometry": {"type": "Point", "coordinates": [-96.090928, 36.104597]}, "properties": {"year": 2020, "fatalities": 2, "drunk": false, "pedestrian": false, "case_number": "400530", "date": "2020-11-18", "road": "W 41ST ST", "county": "TULSA (143)", "weather": "Clear", "light": "Dusk", "manner": "The First Harmful Event was Not a Collision with a Motor Vehicle in Transport"}}, {"type": "Feature", "geometry": {"type": "Point", "coordinates": [-95.892311, 36.278564]}, "properties": {"year": 2020, "fatalities": 1, "drunk": false, "pedestrian": false, "case_number": "400574", "date": "2020-11-19", "road": "E 86TH ST N", "county": "TULSA (143)", "weather": "Clear", "light": "Daylight", "manner": "Angle"}}, {"type": "Feature", "geometry": {"type": "Point", "coordinates": [-95.855694, 36.1045]}, "properties": {"year": 2020, "fatalities": 1, "drunk": false, "pedestrian": true, "case_number": "400519", "date": "2020-11-22", "road": "E 41ST ST", "county": "TULSA (143)", "weather": "Rain", "light": "Dark - Lighted", "manner": "The First Harmful Event was Not a Collision with a Motor Vehicle in Transport"}}, {"type": "Feature", "geometry": {"type": "Point", "coordinates": [-95.930997, 35.901097]}, "properties": {"year": 2020, "fatalities": 1, "drunk": false, "pedestrian": false, "case_number": "400549", "date": "2020-12-02", "road": "CR-E 181ST ST S", "county": "TULSA (143)", "weather": "Rain", "light": "Daylight", "manner": "Angle"}}, {"type": "Feature", "geometry": {"type": "Point", "coordinates": [-95.911572, 36.017308]}, "properties": {"year": 2020, "fatalities": 1, "drunk": false, "pedestrian": false, "case_number": "400527", "date": "2020-12-06", "road": "E 101ST ST", "county": "TULSA (143)", "weather": "Clear", "light": "Dark - Not Lighted", "manner": "The First Harmful Event was Not a Collision with a Motor Vehicle in Transport"}}, {"type": "Feature", "geometry": {"type": "Point", "coordinates": [-95.975097, 36.159397]}, "properties": {"year": 2020, "fatalities": 1, "drunk": false, "pedestrian": false, "case_number": "400555", "date": "2020-12-08", "road": "I-244", "county": "TULSA (143)", "weather": "Clear", "light": "Daylight", "manner": "The First Harmful Event was Not a Collision with a Motor Vehicle in Transport"}}, {"type": "Feature", "geometry": {"type": "Point", "coordinates": [-96.045797, 36.082397]}, "properties": {"year": 2020, "fatalities": 1, "drunk": false, "pedestrian": true, "case_number": "400556", "date": "2020-12-10", "road": "I-44", "county": "TULSA (143)", "weather": "Cloudy", "light": "Daylight", "manner": "The First Harmful Event was Not a Collision with a Motor Vehicle in Transport"}}, {"type": "Feature", "geometry": {"type": "Point", "coordinates": [-96.117425, 36.108297]}, "properties": {"year": 2020, "fatalities": 1, "drunk": false, "pedestrian": false, "case_number": "400608", "date": "2020-12-11", "road": "SR-97", "county": "TULSA (143)", "weather": "Clear", "light": "Daylight", "manner": "Angle"}}, {"type": "Feature", "geometry": {"type": "Point", "coordinates": [-95.9328, 36.235197]}, "properties": {"year": 2020, "fatalities": 1, "drunk": false, "pedestrian": false, "case_number": "400601", "date": "2020-12-12", "road": "E 56TH ST N", "county": "TULSA (143)", "weather": "Cloudy", "light": "Dawn", "manner": "The First Harmful Event was Not a Collision with a Motor Vehicle in Transport"}}, {"type": "Feature", "geometry": {"type": "Point", "coordinates": [-95.899, 36.1631]}, "properties": {"year": 2020, "fatalities": 1, "drunk": false, "pedestrian": true, "case_number": "400528", "date": "2020-12-13", "road": "E EASTON ST", "county": "TULSA (143)", "weather": "Snow", "light": "Dark - Not Lighted", "manner": "The First Harmful Event was Not a Collision with a Motor Vehicle in Transport"}}, {"type": "Feature", "geometry": {"type": "Point", "coordinates": [-96.0638, 36.1524]}, "properties": {"year": 2020, "fatalities": 1, "drunk": false, "pedestrian": false, "case_number": "400561", "date": "2020-12-17", "road": "US-64", "county": "TULSA (143)", "weather": "Clear", "light": "Daylight", "manner": "The First Harmful Event was Not a Collision with a Motor Vehicle in Transport"}}, {"type": "Feature", "geometry": {"type": "Point", "coordinates": [-95.8271, 36.161497]}, "properties": {"year": 2020, "fatalities": 1, "drunk": true, "pedestrian": false, "case_number": "400564", "date": "2020-12-17", "road": "I-44", "county": "TULSA (143)", "weather": "Clear", "light": "Dark - Lighted", "manner": "The First Harmful Event was Not a Collision with a Motor Vehicle in Transport"}}, {"type": "Feature", "geometry": {"type": "Point", "coordinates": [-95.8245, 35.994397]}, "properties": {"year": 2020, "fatalities": 1, "drunk": false, "pedestrian": false, "case_number": "400595", "date": "2020-12-24", "road": "SR-364", "county": "TULSA (143)", "weather": "Cloudy", "light": "Daylight", "manner": "The First Harmful Event was Not a Collision with a Motor Vehicle in Transport"}}, {"type": "Feature", "geometry": {"type": "Point", "coordinates": [-95.367097, 36.0317]}, "properties": {"year": 2020, "fatalities": 1, "drunk": false, "pedestrian": false, "case_number": "400590", "date": "2020-12-27", "road": "US-69", "county": "WAGONER (145)", "weather": "Cloudy", "light": "Dark - Not Lighted", "manner": "Angle"}}, {"type": "Feature", "geometry": {"type": "Point", "coordinates": [-95.4882, 36.466797]}, "properties": {"year": 2020, "fatalities": 1, "drunk": true, "pedestrian": false, "case_number": "400592", "date": "2020-12-28", "road": "SR-66", "county": "ROGERS (131)", "weather": "Cloudy", "light": "Daylight", "manner": "Angle"}}, {"type": "Feature", "geometry": {"type": "Point", "coordinates": [-95.9428, 36.240997]}, "properties": {"year": 2021, "fatalities": 1, "drunk": true, "pedestrian": false, "case_number": "400002", "date": "2021-01-04", "road": "US-75", "county": "TULSA (143)", "weather": "Clear", "light": "Dark - Not Lighted", "manner": "The First Harmful Event was Not a Collision with a Motor Vehicle in Transport"}}, {"type": "Feature", "geometry": {"type": "Point", "coordinates": [-95.913394, 36.160697]}, "properties": {"year": 2021, "fatalities": 1, "drunk": false, "pedestrian": true, "case_number": "400004", "date": "2021-01-04", "road": "E ADMIRAL PL", "county": "TULSA (143)", "weather": "Clear", "light": "Dark - Lighted", "manner": "The First Harmful Event was Not a Collision with a Motor Vehicle in Transport"}}, {"type": "Feature", "geometry": {"type": "Point", "coordinates": [-95.857833, 36.089883]}, "properties": {"year": 2021, "fatalities": 1, "drunk": false, "pedestrian": false, "case_number": "400015", "date": "2021-01-14", "road": "E 51ST ST", "county": "TULSA (143)", "weather": "Clear", "light": "Daylight", "manner": "Sideswipe - Same Direction"}}, {"type": "Feature", "geometry": {"type": "Point", "coordinates": [-95.986175, 36.149425]}, "properties": {"year": 2021, "fatalities": 1, "drunk": false, "pedestrian": false, "case_number": "400010", "date": "2021-01-15", "road": "E 8TH ST", "county": "TULSA (143)", "weather": "Clear", "light": "Dark - Lighted", "manner": "Angle"}}, {"type": "Feature", "geometry": {"type": "Point", "coordinates": [-95.9243, 36.293097]}, "properties": {"year": 2021, "fatalities": 1, "drunk": false, "pedestrian": false, "case_number": "400020", "date": "2021-01-17", "road": "US-75", "county": "TULSA (143)", "weather": "Clear", "light": "Daylight", "manner": "Angle"}}, {"type": "Feature", "geometry": {"type": "Point", "coordinates": [-95.8045, 36.3892]}, "properties": {"year": 2021, "fatalities": 1, "drunk": true, "pedestrian": false, "case_number": "400030", "date": "2021-01-17", "road": "US-169", "county": "ROGERS (131)", "weather": "Clear", "light": "Dark - Not Lighted", "manner": "Front-to-Front"}}, {"type": "Feature", "geometry": {"type": "Point", "coordinates": [-96.0096, 36.1131]}, "properties": {"year": 2021, "fatalities": 1, "drunk": false, "pedestrian": false, "case_number": "400212", "date": "2021-01-19", "road": "SOUTHWEST BLVD", "county": "TULSA (143)", "weather": "Clear", "light": "Dark - Lighted", "manner": "The First Harmful Event was Not a Collision with a Motor Vehicle in Transport"}}, {"type": "Feature", "geometry": {"type": "Point", "coordinates": [-95.671392, 35.988531]}, "properties": {"year": 2021, "fatalities": 1, "drunk": false, "pedestrian": true, "case_number": "400047", "date": "2021-01-28", "road": "SR-51", "county": "WAGONER (145)", "weather": "Clear", "light": "Dark - Not Lighted", "manner": "The First Harmful Event was Not a Collision with a Motor Vehicle in Transport"}}, {"type": "Feature", "geometry": {"type": "Point", "coordinates": [-95.877097, 36.1188]}, "properties": {"year": 2021, "fatalities": 1, "drunk": false, "pedestrian": true, "case_number": "400023", "date": "2021-01-29", "road": "E 31ST ST", "county": "TULSA (143)", "weather": "Clear", "light": "Dark - Not Lighted", "manner": "The First Harmful Event was Not a Collision with a Motor Vehicle in Transport"}}, {"type": "Feature", "geometry": {"type": "Point", "coordinates": [-95.801867, 36.072886]}, "properties": {"year": 2021, "fatalities": 1, "drunk": false, "pedestrian": false, "case_number": "400045", "date": "2021-02-15", "road": "SR-51", "county": "TULSA (143)", "weather": "Clear", "light": "Dark - Lighted", "manner": "Front-to-Front"}}, {"type": "Feature", "geometry": {"type": "Point", "coordinates": [-96.000756, 36.176778]}, "properties": {"year": 2021, "fatalities": 1, "drunk": false, "pedestrian": true, "case_number": "400052", "date": "2021-02-23", "road": "LL TISDALE PKWAY", "county": "TULSA (143)", "weather": "Cloudy", "light": "Dark - Lighted", "manner": "The First Harmful Event was Not a Collision with a Motor Vehicle in Transport"}}, {"type": "Feature", "geometry": {"type": "Point", "coordinates": [-95.881378, 36.264067]}, "properties": {"year": 2021, "fatalities": 1, "drunk": false, "pedestrian": true, "case_number": "400127", "date": "2021-02-24", "road": "E 76TH ST N", "county": "TULSA (143)", "weather": "Clear", "light": "Dark - Not Lighted", "manner": "The First Harmful Event was Not a Collision with a Motor Vehicle in Transport"}}, {"type": "Feature", "geometry": {"type": "Point", "coordinates": [-95.854986, 36.133439]}, "properties": {"year": 2021, "fatalities": 2, "drunk": false, "pedestrian": false, "case_number": "400054", "date": "2021-02-25", "road": "E 21ST ST", "county": "TULSA (143)", "weather": "Cloudy", "light": "Daylight", "manner": "Angle"}}, {"type": "Feature", "geometry": {"type": "Point", "coordinates": [-95.8598, 36.0992]}, "properties": {"year": 2021, "fatalities": 1, "drunk": false, "pedestrian": true, "case_number": "400062", "date": "2021-03-02", "road": "US-169", "county": "TULSA (143)", "weather": "Clear", "light": "Dark - Lighted", "manner": "The First Harmful Event was Not a Collision with a Motor Vehicle in Transport"}}, {"type": "Feature", "geometry": {"type": "Point", "coordinates": [-95.8798, 36.160694]}, "properties": {"year": 2021, "fatalities": 1, "drunk": false, "pedestrian": true, "case_number": "400064", "date": "2021-03-03", "road": "E ADMIRAL PL", "county": "TULSA (143)", "weather": "Clear", "light": "Dark - Not Lighted", "manner": "The First Harmful Event was Not a Collision with a Motor Vehicle in Transport"}}, {"type": "Feature", "geometry": {"type": "Point", "coordinates": [-95.827161, 36.298022]}, "properties": {"year": 2021, "fatalities": 1, "drunk": false, "pedestrian": false, "case_number": "400220", "date": "2021-03-10", "road": "US-169", "county": "TULSA (143)", "weather": "Clear", "light": "Dark - Not Lighted", "manner": "The First Harmful Event was Not a Collision with a Motor Vehicle in Transport"}}, {"type": "Feature", "geometry": {"type": "Point", "coordinates": [-95.905156, 36.118842]}, "properties": {"year": 2021, "fatalities": 1, "drunk": false, "pedestrian": true, "case_number": "400073", "date": "2021-03-14", "road": "E 31ST ST", "county": "TULSA (143)", "weather": "Clear", "light": "Dark - Not Lighted", "manner": "The First Harmful Event was Not a Collision with a Motor Vehicle in Transport"}}, {"type": "Feature", "geometry": {"type": "Point", "coordinates": [-95.8602, 36.115497]}, "properties": {"year": 2021, "fatalities": 1, "drunk": false, "pedestrian": false, "case_number": "400074", "date": "2021-03-17", "road": "US-169", "county": "TULSA (143)", "weather": "Rain", "light": "Dark - Not Lighted", "manner": "The First Harmful Event was Not a Collision with a Motor Vehicle in Transport"}}, {"type": "Feature", "geometry": {"type": "Point", "coordinates": [-95.895394, 36.066494]}, "properties": {"year": 2021, "fatalities": 1, "drunk": false, "pedestrian": true, "case_number": "400082", "date": "2021-03-17", "road": "S 73RD E AVE", "county": "TULSA (143)", "weather": "Clear", "light": "Dark - Lighted", "manner": "The First Harmful Event was Not a Collision with a Motor Vehicle in Transport"}}, {"type": "Feature", "geometry": {"type": "Point", "coordinates": [-95.7013, 36.162197]}, "properties": {"year": 2021, "fatalities": 1, "drunk": false, "pedestrian": false, "case_number": "400086", "date": "2021-03-28", "road": "E ADMIRAL PL", "county": "WAGONER (145)", "weather": "Clear", "light": "Dark - Not Lighted", "manner": "The First Harmful Event was Not a Collision with a Motor Vehicle in Transport"}}, {"type": "Feature", "geometry": {"type": "Point", "coordinates": [-95.983097, 36.075297]}, "properties": {"year": 2021, "fatalities": 1, "drunk": true, "pedestrian": false, "case_number": "400094", "date": "2021-03-29", "road": "RIVERSIDE DR", "county": "TULSA (143)", "weather": "Clear", "light": "Dark - Lighted", "manner": "The First Harmful Event was Not a Collision with a Motor Vehicle in Transport"}}, {"type": "Feature", "geometry": {"type": "Point", "coordinates": [-95.558997, 36.3155]}, "properties": {"year": 2021, "fatalities": 1, "drunk": false, "pedestrian": false, "case_number": "400103", "date": "2021-04-03", "road": "I-44", "county": "ROGERS (131)", "weather": "Clear", "light": "Dark - Not Lighted", "manner": "Sideswipe - Same Direction"}}, {"type": "Feature", "geometry": {"type": "Point", "coordinates": [-95.919469, 36.365586]}, "properties": {"year": 2021, "fatalities": 1, "drunk": true, "pedestrian": false, "case_number": "400104", "date": "2021-04-03", "road": "SR-20", "county": "TULSA (143)", "weather": "Cloudy", "light": "Daylight", "manner": "Angle"}}, {"type": "Feature", "geometry": {"type": "Point", "coordinates": [-96.0018, 36.1533]}, "properties": {"year": 2021, "fatalities": 1, "drunk": false, "pedestrian": true, "case_number": "400117", "date": "2021-04-05", "road": "I-244", "county": "TULSA (143)", "weather": "Clear", "light": "Dawn", "manner": "The First Harmful Event was Not a Collision with a Motor Vehicle in Transport"}}, {"type": "Feature", "geometry": {"type": "Point", "coordinates": [-95.8865, 36.1052]}, "properties": {"year": 2021, "fatalities": 1, "drunk": false, "pedestrian": false, "case_number": "400381", "date": "2021-04-08", "road": "S MEMORIAL DR", "county": "TULSA (143)", "weather": "Clear", "light": "Dark - Lighted", "manner": "Angle"}}, {"type": "Feature", "geometry": {"type": "Point", "coordinates": [-95.9145, 36.1608]}, "properties": {"year": 2021, "fatalities": 1, "drunk": true, "pedestrian": false, "case_number": "400214", "date": "2021-04-09", "road": "E ADMIRAL PL", "county": "TULSA (143)", "weather": "Rain", "light": "Dark - Not Lighted", "manner": "The First Harmful Event was Not a Collision with a Motor Vehicle in Transport"}}, {"type": "Feature", "geometry": {"type": "Point", "coordinates": [-95.904597, 36.117497]}, "properties": {"year": 2021, "fatalities": 1, "drunk": false, "pedestrian": false, "case_number": "400105", "date": "2021-04-11", "road": "S SHERIDAN RD", "county": "TULSA (143)", "weather": "Cloudy", "light": "Dark - Not Lighted", "manner": "The First Harmful Event was Not a Collision with a Motor Vehicle in Transport"}}, {"type": "Feature", "geometry": {"type": "Point", "coordinates": [-96.475097, 35.9012]}, "properties": {"year": 2021, "fatalities": 1, "drunk": false, "pedestrian": false, "case_number": "400122", "date": "2021-04-11", "road": "SR-16", "county": "CREEK (37)", "weather": "Clear", "light": "Reported as Unknown", "manner": "The First Harmful Event was Not a Collision with a Motor Vehicle in Transport"}}, {"type": "Feature", "geometry": {"type": "Point", "coordinates": [-96.119153, 36.090161]}, "properties": {"year": 2021, "fatalities": 1, "drunk": false, "pedestrian": false, "case_number": "400118", "date": "2021-04-14", "road": "SR-97", "county": "TULSA (143)", "weather": "Clear", "light": "Daylight", "manner": "Angle"}}, {"type": "Feature", "geometry": {"type": "Point", "coordinates": [-95.726044, 36.025]}, "properties": {"year": 2021, "fatalities": 1, "drunk": false, "pedestrian": false, "case_number": "400203", "date": "2021-04-16", "road": "SR-51", "county": "WAGONER (145)", "weather": "Rain", "light": "Daylight", "manner": "Angle"}}, {"type": "Feature", "geometry": {"type": "Point", "coordinates": [-95.568397, 36.3678]}, "properties": {"year": 2021, "fatalities": 1, "drunk": true, "pedestrian": false, "case_number": "400129", "date": "2021-04-18", "road": "SR-66", "county": "ROGERS (131)", "weather": "Cloudy", "light": "Daylight", "manner": "The First Harmful Event was Not a Collision with a Motor Vehicle in Transport"}}, {"type": "Feature", "geometry": {"type": "Point", "coordinates": [-96.040197, 36.0889]}, "properties": {"year": 2021, "fatalities": 1, "drunk": true, "pedestrian": false, "case_number": "400140", "date": "2021-04-22", "road": "I-244", "county": "TULSA (143)", "weather": "Clear", "light": "Dark - Not Lighted", "manner": "The First Harmful Event was Not a Collision with a Motor Vehicle in Transport"}}, {"type": "Feature", "geometry": {"type": "Point", "coordinates": [-95.980194, 36.1527]}, "properties": {"year": 2021, "fatalities": 1, "drunk": false, "pedestrian": true, "case_number": "400151", "date": "2021-04-26", "road": "E 6TH ST", "county": "TULSA (143)", "weather": "Clear", "light": "Daylight", "manner": "The First Harmful Event was Not a Collision with a Motor Vehicle in Transport"}}, {"type": "Feature", "geometry": {"type": "Point", "coordinates": [-95.6834, 36.0208]}, "properties": {"year": 2021, "fatalities": 1, "drunk": false, "pedestrian": false, "case_number": "400168", "date": "2021-04-29", "road": "MUSKOGEE TURNPIKE", "county": "WAGONER (145)", "weather": "Clear", "light": "Daylight", "manner": "Front-to-Front"}}, {"type": "Feature", "geometry": {"type": "Point", "coordinates": [-95.8618, 36.046394]}, "properties": {"year": 2021, "fatalities": 1, "drunk": false, "pedestrian": false, "case_number": "400136", "date": "2021-05-02", "road": "E 81ST ST S", "county": "TULSA (143)", "weather": "Clear", "light": "Daylight", "manner": "Angle"}}, {"type": "Feature", "geometry": {"type": "Point", "coordinates": [-96.121858, 36.138186]}, "properties": {"year": 2021, "fatalities": 1, "drunk": false, "pedestrian": true, "case_number": "400180", "date": "2021-05-02", "road": "US-412", "county": "TULSA (143)", "weather": "Clear", "light": "Dark - Not Lighted", "manner": "The First Harmful Event was Not a Collision with a Motor Vehicle in Transport"}}, {"type": "Feature", "geometry": {"type": "Point", "coordinates": [-95.287197, 35.8793]}, "properties": {"year": 2021, "fatalities": 1, "drunk": false, "pedestrian": false, "case_number": "400145", "date": "2021-05-03", "road": "CR-WAHOO BAY", "county": "WAGONER (145)", "weather": "Cloudy", "light": "Dark - Lighted", "manner": "The First Harmful Event was Not a Collision with a Motor Vehicle in Transport"}}, {"type": "Feature", "geometry": {"type": "Point", "coordinates": [-96.224761, 36.069814]}, "properties": {"year": 2021, "fatalities": 1, "drunk": false, "pedestrian": false, "case_number": "400152", "date": "2021-05-09", "road": "CR-S 209TH W AVE", "county": "CREEK (37)", "weather": "Cloudy", "light": "Daylight", "manner": "The First Harmful Event was Not a Collision with a Motor Vehicle in Transport"}}, {"type": "Feature", "geometry": {"type": "Point", "coordinates": [-96.0064, 36.085]}, "properties": {"year": 2021, "fatalities": 1, "drunk": false, "pedestrian": true, "case_number": "400215", "date": "2021-05-09", "road": "US-75", "county": "TULSA (143)", "weather": "Clear", "light": "Dark - Not Lighted", "manner": "The First Harmful Event was Not a Collision with a Motor Vehicle in Transport"}}, {"type": "Feature", "geometry": {"type": "Point", "coordinates": [-95.9444, 36.2174]}, "properties": {"year": 2021, "fatalities": 1, "drunk": false, "pedestrian": false, "case_number": "400211", "date": "2021-05-10", "road": "US-75", "county": "TULSA (143)", "weather": "Clear", "light": "Daylight", "manner": "The First Harmful Event was Not a Collision with a Motor Vehicle in Transport"}}, {"type": "Feature", "geometry": {"type": "Point", "coordinates": [-95.9398, 36.0252]}, "properties": {"year": 2021, "fatalities": 2, "drunk": false, "pedestrian": false, "case_number": "400257", "date": "2021-05-10", "road": "CREEK TURNPIKE SR-364", "county": "TULSA (143)", "weather": "Cloudy", "light": "Dark - Lighted", "manner": "The First Harmful Event was Not a Collision with a Motor Vehicle in Transport"}}, {"type": "Feature", "geometry": {"type": "Point", "coordinates": [-95.8318, 36.1334]}, "properties": {"year": 2021, "fatalities": 1, "drunk": false, "pedestrian": true, "case_number": "400158", "date": "2021-05-13", "road": "E 21ST ST", "county": "TULSA (143)", "weather": "Clear", "light": "Dark - Not Lighted", "manner": "The First Harmful Event was Not a Collision with a Motor Vehicle in Transport"}}, {"type": "Feature", "geometry": {"type": "Point", "coordinates": [-96.003, 36.1735]}, "properties": {"year": 2021, "fatalities": 2, "drunk": false, "pedestrian": true, "case_number": "400159", "date": "2021-05-15", "road": "N NOGALES AVE", "county": "OSAGE (113)", "weather": "Clear", "light": "Dark - Not Lighted", "manner": "The First Harmful Event was Not a Collision with a Motor Vehicle in Transport"}}, {"type": "Feature", "geometry": {"type": "Point", "coordinates": [-95.888822, 36.182094]}, "properties": {"year": 2021, "fatalities": 1, "drunk": false, "pedestrian": false, "case_number": "400181", "date": "2021-05-15", "road": "SR-11", "county": "TULSA (143)", "weather": "Clear", "light": "Daylight", "manner": "The First Harmful Event was Not a Collision with a Motor Vehicle in Transport"}}, {"type": "Feature", "geometry": {"type": "Point", "coordinates": [-95.9225, 36.1916]}, "properties": {"year": 2021, "fatalities": 1, "drunk": true, "pedestrian": false, "case_number": "400182", "date": "2021-05-15", "road": "N YALE AVE", "county": "TULSA (143)", "weather": "Clear", "light": "Dark - Lighted", "manner": "Angle"}}, {"type": "Feature", "geometry": {"type": "Point", "coordinates": [-96.0171, 36.1512]}, "properties": {"year": 2021, "fatalities": 1, "drunk": false, "pedestrian": true, "case_number": "400183", "date": "2021-05-20", "road": "W CHARLES PAGE BLVD", "county": "TULSA (143)", "weather": "Cloudy", "light": "Dark - Lighted", "manner": "The First Harmful Event was Not a Collision with a Motor Vehicle in Transport"}}, {"type": "Feature", "geometry": {"type": "Point", "coordinates": [-95.5065, 35.893]}, "properties": {"year": 2021, "fatalities": 1, "drunk": false, "pedestrian": false, "case_number": "400186", "date": "2021-05-20", "road": "MUSKOGEE TURNPIKE SR-351", "county": "WAGONER (145)", "weather": "Cloudy", "light": "Daylight", "manner": "Front-to-Rear"}}, {"type": "Feature", "geometry": {"type": "Point", "coordinates": [-96.1197, 36.0481]}, "properties": {"year": 2021, "fatalities": 1, "drunk": false, "pedestrian": false, "case_number": "400175", "date": "2021-05-24", "road": "SR-97", "county": "CREEK (37)", "weather": "Rain", "light": "Daylight", "manner": "Angle"}}, {"type": "Feature", "geometry": {"type": "Point", "coordinates": [-95.958231, 36.149781]}, "properties": {"year": 2021, "fatalities": 1, "drunk": false, "pedestrian": false, "case_number": "400224", "date": "2021-05-30", "road": "S LEWIS AVE", "county": "TULSA (143)", "weather": "Clear", "light": "Daylight", "manner": "Angle"}}, {"type": "Feature", "geometry": {"type": "Point", "coordinates": [-95.9222, 36.0444]}, "properties": {"year": 2021, "fatalities": 2, "drunk": false, "pedestrian": false, "case_number": "400188", "date": "2021-06-01", "road": "S YALE AVE", "county": "TULSA (143)", "weather": "Rain", "light": "Dark - Not Lighted", "manner": "The First Harmful Event was Not a Collision with a Motor Vehicle in Transport"}}, {"type": "Feature", "geometry": {"type": "Point", "coordinates": [-95.743872, 36.055131]}, "properties": {"year": 2021, "fatalities": 2, "drunk": false, "pedestrian": false, "case_number": "400216", "date": "2021-06-01", "road": "209TH E AVE", "county": "WAGONER (145)", "weather": "Clear", "light": "Dark - Not Lighted", "manner": "Angle"}}, {"type": "Feature", "geometry": {"type": "Point", "coordinates": [-95.8909, 36.1334]}, "properties": {"year": 2021, "fatalities": 1, "drunk": false, "pedestrian": false, "case_number": "400189", "date": "2021-06-02", "road": "E 21ST ST", "county": "TULSA (143)", "weather": "Clear", "light": "Daylight", "manner": "Front-to-Front"}}, {"type": "Feature", "geometry": {"type": "Point", "coordinates": [-95.4894, 36.5149]}, "properties": {"year": 2021, "fatalities": 1, "drunk": false, "pedestrian": false, "case_number": "400225", "date": "2021-06-02", "road": "CR-NS4220", "county": "ROGERS (131)", "weather": "Cloudy", "light": "Daylight", "manner": "The First Harmful Event was Not a Collision with a Motor Vehicle in Transport"}}, {"type": "Feature", "geometry": {"type": "Point", "coordinates": [-95.977, 36.1333]}, "properties": {"year": 2021, "fatalities": 2, "drunk": false, "pedestrian": false, "case_number": "400192", "date": "2021-06-05", "road": "E 21ST ST", "county": "TULSA (143)", "weather": "Clear", "light": "Dusk", "manner": "Angle"}}, {"type": "Feature", "geometry": {"type": "Point", "coordinates": [-95.5179, 35.883]}, "properties": {"year": 2021, "fatalities": 1, "drunk": false, "pedestrian": false, "case_number": "400204", "date": "2021-06-05", "road": "CR-S 413TH E AVE", "county": "WAGONER (145)", "weather": "Cloudy", "light": "Dark - Not Lighted", "manner": "The First Harmful Event was Not a Collision with a Motor Vehicle in Transport"}}, {"type": "Feature", "geometry": {"type": "Point", "coordinates": [-96.0153, 35.8713]}, "properties": {"year": 2021, "fatalities": 1, "drunk": false, "pedestrian": false, "case_number": "400234", "date": "2021-06-05", "road": "US-75", "county": "TULSA (143)", "weather": "Cloudy", "light": "Daylight", "manner": "Angle"}}, {"type": "Feature", "geometry": {"type": "Point", "coordinates": [-95.6817, 36.1644]}, "properties": {"year": 2021, "fatalities": 1, "drunk": false, "pedestrian": false, "case_number": "400217", "date": "2021-06-06", "road": "US-412", "county": "ROGERS (131)", "weather": "Clear", "light": "Daylight", "manner": "Angle"}}, {"type": "Feature", "geometry": {"type": "Point", "coordinates": [-95.9935, 36.1713]}, "properties": {"year": 2021, "fatalities": 1, "drunk": false, "pedestrian": true, "case_number": "400246", "date": "2021-06-08", "road": "N MARTIN LUTHER KING JR BLVD", "county": "TULSA (143)", "weather": "Cloudy", "light": "Dark - Lighted", "manner": "The First Harmful Event was Not a Collision with a Motor Vehicle in Transport"}}, {"type": "Feature", "geometry": {"type": "Point", "coordinates": [-95.797331, 35.980892]}, "properties": {"year": 2021, "fatalities": 1, "drunk": false, "pedestrian": true, "case_number": "400219", "date": "2021-06-10", "road": "S ELM PL", "county": "TULSA (143)", "weather": "Cloudy", "light": "Dark - Lighted", "manner": "The First Harmful Event was Not a Collision with a Motor Vehicle in Transport"}}, {"type": "Feature", "geometry": {"type": "Point", "coordinates": [-95.8866, 36.1608]}, "properties": {"year": 2021, "fatalities": 1, "drunk": false, "pedestrian": false, "case_number": "400247", "date": "2021-06-15", "road": "N MEMORIAL DR", "county": "TULSA (143)", "weather": "Clear", "light": "Daylight", "manner": "Angle"}}, {"type": "Feature", "geometry": {"type": "Point", "coordinates": [-95.5562, 36.3164]}, "properties": {"year": 2021, "fatalities": 1, "drunk": false, "pedestrian": false, "case_number": "400313", "date": "2021-06-22", "road": "I-44", "county": "ROGERS (131)", "weather": "Clear", "light": "Daylight", "manner": "Angle"}}, {"type": "Feature", "geometry": {"type": "Point", "coordinates": [-95.927, 36.0463]}, "properties": {"year": 2021, "fatalities": 1, "drunk": false, "pedestrian": true, "case_number": "400249", "date": "2021-06-26", "road": "E 81ST ST", "county": "TULSA (143)", "weather": "Rain", "light": "Other", "manner": "The First Harmful Event was Not a Collision with a Motor Vehicle in Transport"}}, {"type": "Feature", "geometry": {"type": "Point", "coordinates": [-95.8511, 36.1364]}, "properties": {"year": 2021, "fatalities": 1, "drunk": false, "pedestrian": true, "case_number": "400686", "date": "2021-06-27", "road": "S GARNETT RD", "county": "TULSA (143)", "weather": "Clear", "light": "Dark - Not Lighted", "manner": "The First Harmful Event was Not a Collision with a Motor Vehicle in Transport"}}, {"type": "Feature", "geometry": {"type": "Point", "coordinates": [-95.7083, 36.0328]}, "properties": {"year": 2021, "fatalities": 1, "drunk": false, "pedestrian": false, "case_number": "400282", "date": "2021-06-30", "road": "MUSKOGEE TURNPIKE SR-351", "county": "WAGONER (145)", "weather": "Cloudy", "light": "Daylight", "manner": "The First Harmful Event was Not a Collision with a Motor Vehicle in Transport"}}, {"type": "Feature", "geometry": {"type": "Point", "coordinates": [-95.9436, 36.1594]}, "properties": {"year": 2021, "fatalities": 1, "drunk": true, "pedestrian": false, "case_number": "400258", "date": "2021-07-05", "road": "I-244", "county": "TULSA (143)", "weather": "Clear", "light": "Dark - Not Lighted", "manner": "The First Harmful Event was Not a Collision with a Motor Vehicle in Transport"}}, {"type": "Feature", "geometry": {"type": "Point", "coordinates": [-95.707258, 36.018656]}, "properties": {"year": 2021, "fatalities": 1, "drunk": false, "pedestrian": false, "case_number": "400382", "date": "2021-07-05", "road": "SR-51", "county": "WAGONER (145)", "weather": "Clear", "light": "Daylight", "manner": "The First Harmful Event was Not a Collision with a Motor Vehicle in Transport"}}, {"type": "Feature", "geometry": {"type": "Point", "coordinates": [-96.0006, 36.1518]}, "properties": {"year": 2021, "fatalities": 1, "drunk": false, "pedestrian": false, "case_number": "400259", "date": "2021-07-07", "road": "I-244 ON RAMP", "county": "TULSA (143)", "weather": "Cloudy", "light": "Dark - Lighted", "manner": "The First Harmful Event was Not a Collision with a Motor Vehicle in Transport"}}, {"type": "Feature", "geometry": {"type": "Point", "coordinates": [-95.7266, 36.1609]}, "properties": {"year": 2021, "fatalities": 1, "drunk": false, "pedestrian": false, "case_number": "400285", "date": "2021-07-14", "road": "E ADMIRAL PL", "county": "WAGONER (145)", "weather": "Clear", "light": "Daylight", "manner": "The First Harmful Event was Not a Collision with a Motor Vehicle in Transport"}}, {"type": "Feature", "geometry": {"type": "Point", "coordinates": [-96.1338, 36.0048]}, "properties": {"year": 2021, "fatalities": 1, "drunk": false, "pedestrian": true, "case_number": "400290", "date": "2021-07-16", "road": "I-44", "county": "CREEK (37)", "weather": "Cloudy", "light": "Dark - Lighted", "manner": "The First Harmful Event was Not a Collision with a Motor Vehicle in Transport"}}, {"type": "Feature", "geometry": {"type": "Point", "coordinates": [-95.8332, 36.119]}, "properties": {"year": 2021, "fatalities": 1, "drunk": false, "pedestrian": false, "case_number": "400288", "date": "2021-07-20", "road": "S 129TH E AVE", "county": "TULSA (143)", "weather": "Clear", "light": "Daylight", "manner": "Front-to-Front"}}, {"type": "Feature", "geometry": {"type": "Point", "coordinates": [-95.9243, 36.2935]}, "properties": {"year": 2021, "fatalities": 1, "drunk": false, "pedestrian": false, "case_number": "400293", "date": "2021-07-20", "road": "US-75", "county": "TULSA (143)", "weather": "Cloudy", "light": "Daylight", "manner": "Angle"}}, {"type": "Feature", "geometry": {"type": "Point", "coordinates": [-95.976, 35.9447]}, "properties": {"year": 2021, "fatalities": 2, "drunk": true, "pedestrian": false, "case_number": "400318", "date": "2021-07-25", "road": "SR-67 E 161T ST S", "county": "TULSA (143)", "weather": "Clear", "light": "Daylight", "manner": "Angle"}}, {"type": "Feature", "geometry": {"type": "Point", "coordinates": [-95.6725, 35.9438]}, "properties": {"year": 2021, "fatalities": 1, "drunk": false, "pedestrian": false, "case_number": "400296", "date": "2021-07-27", "road": "CR-S273RD E AVE", "county": "WAGONER (145)", "weather": "Cloudy", "light": "Dark - Not Lighted", "manner": "The First Harmful Event was Not a Collision with a Motor Vehicle in Transport"}}, {"type": "Feature", "geometry": {"type": "Point", "coordinates": [-96.207, 36.1038]}, "properties": {"year": 2021, "fatalities": 1, "drunk": false, "pedestrian": false, "case_number": "400306", "date": "2021-07-28", "road": "CR-41ST ST S", "county": "TULSA (143)", "weather": "Clear", "light": "Daylight", "manner": "The First Harmful Event was Not a Collision with a Motor Vehicle in Transport"}}, {"type": "Feature", "geometry": {"type": "Point", "coordinates": [-96.0718, 36.0887]}, "properties": {"year": 2021, "fatalities": 1, "drunk": true, "pedestrian": false, "case_number": "400332", "date": "2021-07-28", "road": "CR-W 51ST ST", "county": "TULSA (143)", "weather": "Clear", "light": "Dark - Not Lighted", "manner": "The First Harmful Event was Not a Collision with a Motor Vehicle in Transport"}}, {"type": "Feature", "geometry": {"type": "Point", "coordinates": [-95.619, 35.9848]}, "properties": {"year": 2021, "fatalities": 1, "drunk": false, "pedestrian": false, "case_number": "400387", "date": "2021-08-02", "road": "SR-351 MUSKOGEE TPK", "county": "WAGONER (145)", "weather": "Clear", "light": "Dark - Not Lighted", "manner": "The First Harmful Event was Not a Collision with a Motor Vehicle in Transport"}}, {"type": "Feature", "geometry": {"type": "Point", "coordinates": [-95.609, 35.9789]}, "properties": {"year": 2021, "fatalities": 1, "drunk": false, "pedestrian": false, "case_number": "400415", "date": "2021-08-02", "road": "SR-351 MUSKOGEE TPK", "county": "WAGONER (145)", "weather": "Clear", "light": "Dark - Not Lighted", "manner": "The First Harmful Event was Not a Collision with a Motor Vehicle in Transport"}}, {"type": "Feature", "geometry": {"type": "Point", "coordinates": [-95.9974, 36.1612]}, "properties": {"year": 2021, "fatalities": 1, "drunk": false, "pedestrian": true, "case_number": "400388", "date": "2021-08-03", "road": "I-244", "county": "TULSA (143)", "weather": "Clear", "light": "Daylight", "manner": "The First Harmful Event was Not a Collision with a Motor Vehicle in Transport"}}, {"type": "Feature", "geometry": {"type": "Point", "coordinates": [-95.779533, 36.064967]}, "properties": {"year": 2021, "fatalities": 1, "drunk": false, "pedestrian": true, "case_number": "400352", "date": "2021-08-04", "road": "SR-51", "county": "TULSA (143)", "weather": "Clear", "light": "Dark - Lighted", "manner": "Angle"}}, {"type": "Feature", "geometry": {"type": "Point", "coordinates": [-96.2171, 35.9886]}, "properties": {"year": 2021, "fatalities": 1, "drunk": false, "pedestrian": false, "case_number": "400333", "date": "2021-08-06", "road": "SR-33", "county": "CREEK (37)", "weather": "Clear", "light": "Daylight", "manner": "Front-to-Rear"}}, {"type": "Feature", "geometry": {"type": "Point", "coordinates": [-95.5819, 36.1713]}, "properties": {"year": 2021, "fatalities": 1, "drunk": false, "pedestrian": false, "case_number": "400661", "date": "2021-08-12", "road": "US-412", "county": "ROGERS (131)", "weather": "Clear", "light": "Daylight", "manner": "Angle"}}, {"type": "Feature", "geometry": {"type": "Point", "coordinates": [-95.797461, 36.057383]}, "properties": {"year": 2021, "fatalities": 1, "drunk": false, "pedestrian": false, "case_number": "400369", "date": "2021-08-18", "road": "N ELM PL", "county": "TULSA (143)", "weather": "Clear", "light": "Dark - Not Lighted", "manner": "Front-to-Front"}}, {"type": "Feature", "geometry": {"type": "Point", "coordinates": [-95.8594, 36.0353]}, "properties": {"year": 2021, "fatalities": 3, "drunk": false, "pedestrian": false, "case_number": "400390", "date": "2021-08-23", "road": "US-169", "county": "TULSA (143)", "weather": "Clear", "light": "Dark - Lighted", "manner": "Front-to-Front"}}, {"type": "Feature", "geometry": {"type": "Point", "coordinates": [-95.9112, 36.1189]}, "properties": {"year": 2021, "fatalities": 1, "drunk": false, "pedestrian": false, "case_number": "400354", "date": "2021-08-24", "road": "E 31ST ST", "county": "TULSA (143)", "weather": "Clear", "light": "Daylight", "manner": "The First Harmful Event was Not a Collision with a Motor Vehicle in Transport"}}, {"type": "Feature", "geometry": {"type": "Point", "coordinates": [-96.309, 36.643]}, "properties": {"year": 2021, "fatalities": 1, "drunk": true, "pedestrian": false, "case_number": "400355", "date": "2021-08-24", "road": "SR-11", "county": "OSAGE (113)", "weather": "Clear", "light": "Dark - Not Lighted", "manner": "The First Harmful Event was Not a Collision with a Motor Vehicle in Transport"}}, {"type": "Feature", "geometry": {"type": "Point", "coordinates": [-95.6385, 36.415]}, "properties": {"year": 2021, "fatalities": 1, "drunk": false, "pedestrian": false, "case_number": "400545", "date": "2021-08-25", "road": "SR-88", "county": "ROGERS (131)", "weather": "Clear", "light": "Daylight", "manner": "Front-to-Rear"}}, {"type": "Feature", "geometry": {"type": "Point", "coordinates": [-95.9613, 36.1852]}, "properties": {"year": 2021, "fatalities": 1, "drunk": false, "pedestrian": false, "case_number": "400357", "date": "2021-08-28", "road": "US-75", "county": "TULSA (143)", "weather": "Clear", "light": "Daylight", "manner": "The First Harmful Event was Not a Collision with a Motor Vehicle in Transport"}}, {"type": "Feature", "geometry": {"type": "Point", "coordinates": [-96.012367, 36.111369]}, "properties": {"year": 2021, "fatalities": 1, "drunk": true, "pedestrian": false, "case_number": "400393", "date": "2021-08-28", "road": "US-75", "county": "TULSA (143)", "weather": "Clear", "light": "Dark - Lighted", "manner": "Front-to-Front"}}, {"type": "Feature", "geometry": {"type": "Point", "coordinates": [-95.797358, 35.97835]}, "properties": {"year": 2021, "fatalities": 1, "drunk": false, "pedestrian": false, "case_number": "400394", "date": "2021-08-28", "road": "S ELM PL S161ST E AE", "county": "TULSA (143)", "weather": "Clear", "light": "Daylight", "manner": "Front-to-Front"}}, {"type": "Feature", "geometry": {"type": "Point", "coordinates": [-95.8685, 36.0754]}, "properties": {"year": 2021, "fatalities": 1, "drunk": false, "pedestrian": false, "case_number": "400366", "date": "2021-08-29", "road": "E 61ST ST", "county": "TULSA (143)", "weather": "Clear", "light": "Dark - Lighted", "manner": "Front-to-Front"}}, {"type": "Feature", "geometry": {"type": "Point", "coordinates": [-95.668953, 36.249447]}, "properties": {"year": 2021, "fatalities": 1, "drunk": false, "pedestrian": false, "case_number": "400598", "date": "2021-08-31", "road": "SR-266", "county": "ROGERS (131)", "weather": "Clear", "light": "Daylight", "manner": "Angle"}}, {"type": "Feature", "geometry": {"type": "Point", "coordinates": [-95.761675, 36.162]}, "properties": {"year": 2021, "fatalities": 1, "drunk": false, "pedestrian": true, "case_number": "400421", "date": "2021-09-05", "road": "N 193RD E AVE", "county": "TULSA (143)", "weather": "Clear", "light": "Dark - Lighted", "manner": "The First Harmful Event was Not a Collision with a Motor Vehicle in Transport"}}, {"type": "Feature", "geometry": {"type": "Point", "coordinates": [-95.9405, 36.1189]}, "properties": {"year": 2021, "fatalities": 1, "drunk": false, "pedestrian": false, "case_number": "400426", "date": "2021-09-17", "road": "E 31ST ST", "county": "TULSA (143)", "weather": "Clear", "light": "Daylight", "manner": "The First Harmful Event was Not a Collision with a Motor Vehicle in Transport"}}, {"type": "Feature", "geometry": {"type": "Point", "coordinates": [-96.058903, 36.071597]}, "properties": {"year": 2021, "fatalities": 1, "drunk": false, "pedestrian": false, "case_number": "400669", "date": "2021-09-19", "road": "SR-66 NEW SAPULPA RD", "county": "CREEK (37)", "weather": "Clear", "light": "Daylight", "manner": "Angle"}}, {"type": "Feature", "geometry": {"type": "Point", "coordinates": [-95.9222, 36.0975]}, "properties": {"year": 2021, "fatalities": 1, "drunk": false, "pedestrian": true, "case_number": "400423", "date": "2021-09-20", "road": "S YALE AVE", "county": "TULSA (143)", "weather": "Cloudy", "light": "Dark - Not Lighted", "manner": "The First Harmful Event was Not a Collision with a Motor Vehicle in Transport"}}, {"type": "Feature", "geometry": {"type": "Point", "coordinates": [-95.797461, 36.05955]}, "properties": {"year": 2021, "fatalities": 1, "drunk": false, "pedestrian": false, "case_number": "400466", "date": "2021-09-28", "road": "N ELM PL", "county": "TULSA (143)", "weather": "Clear", "light": "Dark - Lighted", "manner": "Angle"}}, {"type": "Feature", "geometry": {"type": "Point", "coordinates": [-95.4715, 36.294]}, "properties": {"year": 2021, "fatalities": 1, "drunk": false, "pedestrian": false, "case_number": "400475", "date": "2021-09-28", "road": "CR-S4230", "county": "ROGERS (131)", "weather": "Clear", "light": "Daylight", "manner": "The First Harmful Event was Not a Collision with a Motor Vehicle in Transport"}}, {"type": "Feature", "geometry": {"type": "Point", "coordinates": [-95.9846, 36.2205]}, "properties": {"year": 2021, "fatalities": 1, "drunk": false, "pedestrian": true, "case_number": "400441", "date": "2021-09-29", "road": "E 46TH ST N", "county": "TULSA (143)", "weather": "Clear", "light": "Dusk", "manner": "The First Harmful Event was Not a Collision with a Motor Vehicle in Transport"}}, {"type": "Feature", "geometry": {"type": "Point", "coordinates": [-95.9258, 36.1406]}, "properties": {"year": 2021, "fatalities": 1, "drunk": false, "pedestrian": true, "case_number": "400442", "date": "2021-10-03", "road": "E 15TH ST N", "county": "TULSA (143)", "weather": "Cloudy", "light": "Dark - Not Lighted", "manner": "The First Harmful Event was Not a Collision with a Motor Vehicle in Transport"}}, {"type": "Feature", "geometry": {"type": "Point", "coordinates": [-95.9671, 36.1596]}, "properties": {"year": 2021, "fatalities": 1, "drunk": false, "pedestrian": false, "case_number": "400444", "date": "2021-10-05", "road": "N UTICA AVE", "county": "TULSA (143)", "weather": "Clear", "light": "Dark - Lighted", "manner": "Angle"}}, {"type": "Feature", "geometry": {"type": "Point", "coordinates": [-95.8153, 36.1254]}, "properties": {"year": 2021, "fatalities": 1, "drunk": false, "pedestrian": false, "case_number": "400478", "date": "2021-10-07", "road": "S 145TH E AVE", "county": "TULSA (143)", "weather": "Clear", "light": "Dark - Not Lighted", "manner": "The First Harmful Event was Not a Collision with a Motor Vehicle in Transport"}}, {"type": "Feature", "geometry": {"type": "Point", "coordinates": [-95.886547, 35.963808]}, "properties": {"year": 2021, "fatalities": 1, "drunk": false, "pedestrian": false, "case_number": "400514", "date": "2021-10-10", "road": "US-64 S MEMORIAL DR", "county": "TULSA (143)", "weather": "Cloudy", "light": "Dark - Lighted", "manner": "The First Harmful Event was Not a Collision with a Motor Vehicle in Transport"}}, {"type": "Feature", "geometry": {"type": "Point", "coordinates": [-95.904553, 36.150742]}, "properties": {"year": 2021, "fatalities": 1, "drunk": false, "pedestrian": true, "case_number": "400456", "date": "2021-10-14", "road": "S SHERIDAN RD", "county": "TULSA (143)", "weather": "Clear", "light": "Dark - Lighted", "manner": "The First Harmful Event was Not a Collision with a Motor Vehicle in Transport"}}, {"type": "Feature", "geometry": {"type": "Point", "coordinates": [-95.8332, 36.1407]}, "properties": {"year": 2021, "fatalities": 1, "drunk": true, "pedestrian": true, "case_number": "400457", "date": "2021-10-16", "road": "S 129TH E AVE", "county": "TULSA (143)", "weather": "Clear", "light": "Dark - Not Lighted", "manner": "The First Harmful Event was Not a Collision with a Motor Vehicle in Transport"}}, {"type": "Feature", "geometry": {"type": "Point", "coordinates": [-96.015697, 36.156747]}, "properties": {"year": 2021, "fatalities": 1, "drunk": false, "pedestrian": true, "case_number": "400480", "date": "2021-10-17", "road": "US-64 SR-51 US-412", "county": "TULSA (143)", "weather": "Clear", "light": "Dark - Not Lighted", "manner": "The First Harmful Event was Not a Collision with a Motor Vehicle in Transport"}}, {"type": "Feature", "geometry": {"type": "Point", "coordinates": [-96.0098, 36.033]}, "properties": {"year": 2021, "fatalities": 1, "drunk": false, "pedestrian": false, "case_number": "400482", "date": "2021-10-21", "road": "US-75", "county": "TULSA (143)", "weather": "Clear", "light": "Dark - Not Lighted", "manner": "The First Harmful Event was Not a Collision with a Motor Vehicle in Transport"}}, {"type": "Feature", "geometry": {"type": "Point", "coordinates": [-96.0267, 36.0887]}, "properties": {"year": 2021, "fatalities": 1, "drunk": false, "pedestrian": false, "case_number": "400520", "date": "2021-10-22", "road": "I-44 EXIT RAMP", "county": "TULSA (143)", "weather": "Clear", "light": "Dark - Not Lighted", "manner": "The First Harmful Event was Not a Collision with a Motor Vehicle in Transport"}}, {"type": "Feature", "geometry": {"type": "Point", "coordinates": [-95.9984, 36.1609]}, "properties": {"year": 2021, "fatalities": 1, "drunk": false, "pedestrian": true, "case_number": "400483", "date": "2021-10-26", "road": "I-44 US-412", "county": "TULSA (143)", "weather": "Cloudy", "light": "Dark - Lighted", "manner": "The First Harmful Event was Not a Collision with a Motor Vehicle in Transport"}}, {"type": "Feature", "geometry": {"type": "Point", "coordinates": [-96.0725, 36.1146]}, "properties": {"year": 2021, "fatalities": 1, "drunk": false, "pedestrian": false, "case_number": "400494", "date": "2021-10-27", "road": "CR-W 34TH ST S", "county": "TULSA (143)", "weather": "Cloudy", "light": "Dark - Not Lighted", "manner": "The First Harmful Event was Not a Collision with a Motor Vehicle in Transport"}}, {"type": "Feature", "geometry": {"type": "Point", "coordinates": [-95.9915, 36.4001]}, "properties": {"year": 2021, "fatalities": 1, "drunk": false, "pedestrian": false, "case_number": "400573", "date": "2021-11-04", "road": "SR-11 N CINCINNATI AVE", "county": "TULSA (143)", "weather": "Clear", "light": "Daylight", "manner": "Front-to-Front"}}, {"type": "Feature", "geometry": {"type": "Point", "coordinates": [-95.8352, 36.0889]}, "properties": {"year": 2021, "fatalities": 3, "drunk": false, "pedestrian": false, "case_number": "400508", "date": "2021-11-06", "road": "SR-51", "county": "TULSA (143)", "weather": "Clear", "light": "Dark - Lighted", "manner": "Front-to-Front"}}, {"type": "Feature", "geometry": {"type": "Point", "coordinates": [-95.9633, 36.0608]}, "properties": {"year": 2021, "fatalities": 1, "drunk": false, "pedestrian": false, "case_number": "400510", "date": "2021-11-08", "road": "E 71ST ST", "county": "TULSA (143)", "weather": "Cloudy", "light": "Dark - Not Lighted", "manner": "Angle"}}, {"type": "Feature", "geometry": {"type": "Point", "coordinates": [-95.9581, 36.1092]}, "properties": {"year": 2021, "fatalities": 1, "drunk": false, "pedestrian": false, "case_number": "400512", "date": "2021-11-13", "road": "S LEWIS AVE", "county": "TULSA (143)", "weather": "Clear", "light": "Dark - Not Lighted", "manner": "Angle"}}, {"type": "Feature", "geometry": {"type": "Point", "coordinates": [-96.0549, 36.2628]}, "properties": {"year": 2021, "fatalities": 1, "drunk": false, "pedestrian": false, "case_number": "400560", "date": "2021-11-13", "road": "CR-N 52ND W AVE", "county": "OSAGE (113)", "weather": "Clear", "light": "Dark - Not Lighted", "manner": "Front-to-Front"}}, {"type": "Feature", "geometry": {"type": "Point", "coordinates": [-95.4714, 36.3071]}, "properties": {"year": 2021, "fatalities": 1, "drunk": false, "pedestrian": false, "case_number": "400624", "date": "2021-11-15", "road": "SR-20", "county": "ROGERS (131)", "weather": "Cloudy", "light": "Daylight", "manner": "Angle"}}, {"type": "Feature", "geometry": {"type": "Point", "coordinates": [-95.8333, 36.181]}, "properties": {"year": 2021, "fatalities": 1, "drunk": false, "pedestrian": false, "case_number": "400541", "date": "2021-11-16", "road": "N 129TH E AVE", "county": "TULSA (143)", "weather": "Clear", "light": "Daylight", "manner": "Angle"}}, {"type": "Feature", "geometry": {"type": "Point", "coordinates": [-95.9844, 36.1153]}, "properties": {"year": 2021, "fatalities": 1, "drunk": true, "pedestrian": false, "case_number": "400551", "date": "2021-11-17", "road": "RIVERSIDE DR", "county": "TULSA (143)", "weather": "Cloudy", "light": "Dark - Lighted", "manner": "The First Harmful Event was Not a Collision with a Motor Vehicle in Transport"}}, {"type": "Feature", "geometry": {"type": "Point", "coordinates": [-95.9756, 36.1442]}, "properties": {"year": 2021, "fatalities": 1, "drunk": false, "pedestrian": true, "case_number": "400583", "date": "2021-11-20", "road": "E 13TH ST", "county": "TULSA (143)", "weather": "Clear", "light": "Dark - Lighted", "manner": "The First Harmful Event was Not a Collision with a Motor Vehicle in Transport"}}, {"type": "Feature", "geometry": {"type": "Point", "coordinates": [-95.671336, 35.988481]}, "properties": {"year": 2021, "fatalities": 1, "drunk": true, "pedestrian": true, "case_number": "400687", "date": "2021-11-23", "road": "SR-51", "county": "WAGONER (145)", "weather": "Clear", "light": "Dark - Not Lighted", "manner": "The First Harmful Event was Not a Collision with a Motor Vehicle in Transport"}}, {"type": "Feature", "geometry": {"type": "Point", "coordinates": [-95.9401, 36.0547]}, "properties": {"year": 2021, "fatalities": 1, "drunk": false, "pedestrian": false, "case_number": "400557", "date": "2021-11-24", "road": "S HARVARD AVE", "county": "TULSA (143)", "weather": "Cloudy", "light": "Dark - Not Lighted", "manner": "Angle"}}, {"type": "Feature", "geometry": {"type": "Point", "coordinates": [-95.8453, 36.1045]}, "properties": {"year": 2021, "fatalities": 1, "drunk": false, "pedestrian": true, "case_number": "400544", "date": "2021-11-25", "road": "E 41ST ST", "county": "TULSA (143)", "weather": "Clear", "light": "Dark - Not Lighted", "manner": "The First Harmful Event was Not a Collision with a Motor Vehicle in Transport"}}, {"type": "Feature", "geometry": {"type": "Point", "coordinates": [-96.01, 36.0888]}, "properties": {"year": 2021, "fatalities": 1, "drunk": false, "pedestrian": false, "case_number": "400576", "date": "2021-11-30", "road": "I-44", "county": "TULSA (143)", "weather": "Cloudy", "light": "Dark - Not Lighted", "manner": "Front-to-Front"}}, {"type": "Feature", "geometry": {"type": "Point", "coordinates": [-95.886611, 35.982469]}, "properties": {"year": 2021, "fatalities": 2, "drunk": false, "pedestrian": false, "case_number": "400638", "date": "2021-11-30", "road": "US-64 S MEMORIAL DR", "county": "TULSA (143)", "weather": "Clear", "light": "Dark - Lighted", "manner": "Angle"}}, {"type": "Feature", "geometry": {"type": "Point", "coordinates": [-96.0296, 36.0754]}, "properties": {"year": 2021, "fatalities": 1, "drunk": false, "pedestrian": false, "case_number": "400561", "date": "2021-12-01", "road": "S 33RD W AVE", "county": "TULSA (143)", "weather": "Clear", "light": "Daylight", "manner": "Angle"}}, {"type": "Feature", "geometry": {"type": "Point", "coordinates": [-95.7844, 36.1627]}, "properties": {"year": 2021, "fatalities": 1, "drunk": false, "pedestrian": false, "case_number": "400596", "date": "2021-12-01", "road": "I-44", "county": "ROGERS (131)", "weather": "Clear", "light": "Dark - Lighted", "manner": "The First Harmful Event was Not a Collision with a Motor Vehicle in Transport"}}, {"type": "Feature", "geometry": {"type": "Point", "coordinates": [-95.6874, 36.0229]}, "properties": {"year": 2021, "fatalities": 1, "drunk": false, "pedestrian": false, "case_number": "400607", "date": "2021-12-01", "road": "MUSKOGEE TPK SR-351", "county": "WAGONER (145)", "weather": "Clear", "light": "Dark - Not Lighted", "manner": "The First Harmful Event was Not a Collision with a Motor Vehicle in Transport"}}, {"type": "Feature", "geometry": {"type": "Point", "coordinates": [-95.918, 36.3223]}, "properties": {"year": 2021, "fatalities": 1, "drunk": false, "pedestrian": false, "case_number": "400627", "date": "2021-12-06", "road": "CR-116TH ST N", "county": "TULSA (143)", "weather": "Clear", "light": "Daylight", "manner": "Angle"}}, {"type": "Feature", "geometry": {"type": "Point", "coordinates": [-95.8607, 36.141]}, "properties": {"year": 2021, "fatalities": 1, "drunk": false, "pedestrian": false, "case_number": "400577", "date": "2021-12-11", "road": "US-169 EXIT RAMP", "county": "TULSA (143)", "weather": "Clear", "light": "Dark - Lighted", "manner": "The First Harmful Event was Not a Collision with a Motor Vehicle in Transport"}}, {"type": "Feature", "geometry": {"type": "Point", "coordinates": [-97.0494, 36.661]}, "properties": {"year": 2021, "fatalities": 1, "drunk": false, "pedestrian": false, "case_number": "400591", "date": "2021-12-12", "road": "CR-OLD RIVER RD", "county": "OSAGE (113)", "weather": "Clear", "light": "Daylight", "manner": "The First Harmful Event was Not a Collision with a Motor Vehicle in Transport"}}, {"type": "Feature", "geometry": {"type": "Point", "coordinates": [-95.9048, 36.1473]}, "properties": {"year": 2021, "fatalities": 1, "drunk": false, "pedestrian": false, "case_number": "400692", "date": "2021-12-12", "road": "S SHERIDAN RD", "county": "TULSA (143)", "weather": "Clear", "light": "Daylight", "manner": "Sideswipe - Opposite Direction"}}, {"type": "Feature", "geometry": {"type": "Point", "coordinates": [-96.2093, 35.9886]}, "properties": {"year": 2021, "fatalities": 1, "drunk": false, "pedestrian": false, "case_number": "400641", "date": "2021-12-14", "road": "SR-33", "county": "CREEK (37)", "weather": "Cloudy", "light": "Dark - Not Lighted", "manner": "Front-to-Rear"}}, {"type": "Feature", "geometry": {"type": "Point", "coordinates": [-95.6528, 36.2513]}, "properties": {"year": 2021, "fatalities": 1, "drunk": false, "pedestrian": false, "case_number": "400595", "date": "2021-12-18", "road": "I-44 WILL ROGERS TURNPIKE", "county": "ROGERS (131)", "weather": "Clear", "light": "Dark - Not Lighted", "manner": "Angle"}}, {"type": "Feature", "geometry": {"type": "Point", "coordinates": [-95.9225, 36.204]}, "properties": {"year": 2021, "fatalities": 2, "drunk": false, "pedestrian": false, "case_number": "400621", "date": "2021-12-24", "road": "N YALE AVE", "county": "TULSA (143)", "weather": "Cloudy", "light": "Dark - Not Lighted", "manner": "Front-to-Front"}}, {"type": "Feature", "geometry": {"type": "Point", "coordinates": [-96.0296, 36.0945]}, "properties": {"year": 2021, "fatalities": 1, "drunk": false, "pedestrian": false, "case_number": "400615", "date": "2021-12-25", "road": "S 33RD W AVE", "county": "TULSA (143)", "weather": "Clear", "light": "Dark - Not Lighted", "manner": "The First Harmful Event was Not a Collision with a Motor Vehicle in Transport"}}, {"type": "Feature", "geometry": {"type": "Point", "coordinates": [-95.9243, 36.0938]}, "properties": {"year": 2021, "fatalities": 1, "drunk": false, "pedestrian": false, "case_number": "400693", "date": "2021-12-29", "road": "E SKELLY DR", "county": "TULSA (143)", "weather": "Cloudy", "light": "Dark - Not Lighted", "manner": "The First Harmful Event was Not a Collision with a Motor Vehicle in Transport"}}, {"type": "Feature", "geometry": {"type": "Point", "coordinates": [-95.750556, 36.176978]}, "properties": {"year": 2021, "fatalities": 1, "drunk": false, "pedestrian": true, "case_number": "400663", "date": "2021-12-31", "road": "SR-66", "county": "ROGERS (131)", "weather": "Rain", "light": "Dark - Not Lighted", "manner": "The First Harmful Event was Not a Collision with a Motor Vehicle in Transport"}}, {"type": "Feature", "geometry": {"type": "Point", "coordinates": [-95.7259, 36.3198]}, "properties": {"year": 2022, "fatalities": 1, "drunk": false, "pedestrian": false, "case_number": "400011", "date": "2022-01-07", "road": "SR-20", "county": "ROGERS (131)", "weather": "Clear", "light": "Daylight", "manner": "Angle"}}, {"type": "Feature", "geometry": {"type": "Point", "coordinates": [-95.869, 36.1335]}, "properties": {"year": 2022, "fatalities": 1, "drunk": false, "pedestrian": false, "case_number": "400027", "date": "2022-01-15", "road": "E 21ST ST SOUTH", "county": "TULSA (143)", "weather": "Not Reported", "light": "Dark - Lighted", "manner": "Angle"}}, {"type": "Feature", "geometry": {"type": "Point", "coordinates": [-95.9968, 36.1689]}, "properties": {"year": 2022, "fatalities": 1, "drunk": false, "pedestrian": false, "case_number": "400021", "date": "2022-01-17", "road": "N MAIN ST", "county": "TULSA (143)", "weather": "Clear", "light": "Daylight", "manner": "Angle"}}, {"type": "Feature", "geometry": {"type": "Point", "coordinates": [-96.0472, 36.1335]}, "properties": {"year": 2022, "fatalities": 1, "drunk": false, "pedestrian": false, "case_number": "400015", "date": "2022-01-22", "road": "W 21ST ST S", "county": "TULSA (143)", "weather": "Other", "light": "Dusk", "manner": "Angle"}}, {"type": "Feature", "geometry": {"type": "Point", "coordinates": [-95.3194, 36.0029]}, "properties": {"year": 2022, "fatalities": 1, "drunk": false, "pedestrian": false, "case_number": "400018", "date": "2022-01-22", "road": "CR-WHITEHORN COVE S 312 WAY", "county": "WAGONER (145)", "weather": "Clear", "light": "Daylight", "manner": "Front-to-Front"}}, {"type": "Feature", "geometry": {"type": "Point", "coordinates": [-96.3873, 36.0757]}, "properties": {"year": 2022, "fatalities": 1, "drunk": false, "pedestrian": false, "case_number": "400030", "date": "2022-01-22", "road": "SR-48", "county": "CREEK (37)", "weather": "Clear", "light": "Daylight", "manner": "Front-to-Rear"}}, {"type": "Feature", "geometry": {"type": "Point", "coordinates": [-95.9225, 36.1677]}, "properties": {"year": 2022, "fatalities": 1, "drunk": false, "pedestrian": true, "case_number": "400031", "date": "2022-01-22", "road": "N YALE AVE", "county": "TULSA (143)", "weather": "Clear", "light": "Dark - Not Lighted", "manner": "The First Harmful Event was Not a Collision with a Motor Vehicle in Transport"}}, {"type": "Feature", "geometry": {"type": "Point", "coordinates": [-96.1174, 36.1083]}, "properties": {"year": 2022, "fatalities": 1, "drunk": false, "pedestrian": false, "case_number": "400024", "date": "2022-01-24", "road": "SR-97", "county": "TULSA (143)", "weather": "Clear", "light": "Daylight", "manner": "Angle"}}, {"type": "Feature", "geometry": {"type": "Point", "coordinates": [-95.926936, 35.944517]}, "properties": {"year": 2022, "fatalities": 1, "drunk": false, "pedestrian": false, "case_number": "400424", "date": "2022-01-26", "road": "SR-67 W 151ST ST", "county": "TULSA (143)", "weather": "Cloudy", "light": "Daylight", "manner": "Angle"}}, {"type": "Feature", "geometry": {"type": "Point", "coordinates": [-95.958, 36.0795]}, "properties": {"year": 2022, "fatalities": 1, "drunk": false, "pedestrian": true, "case_number": "400023", "date": "2022-01-27", "road": "S LEWIS AVE", "county": "TULSA (143)", "weather": "Cloudy", "light": "Dark - Lighted", "manner": "The First Harmful Event was Not a Collision with a Motor Vehicle in Transport"}}, {"type": "Feature", "geometry": {"type": "Point", "coordinates": [-95.9403, 36.1224]}, "properties": {"year": 2022, "fatalities": 1, "drunk": false, "pedestrian": false, "case_number": "400058", "date": "2022-01-31", "road": "S HARVARD AVE", "county": "TULSA (143)", "weather": "Clear", "light": "Daylight", "manner": "Angle"}}, {"type": "Feature", "geometry": {"type": "Point", "coordinates": [-95.9368, 36.0319]}, "properties": {"year": 2022, "fatalities": 1, "drunk": false, "pedestrian": false, "case_number": "400061", "date": "2022-02-01", "road": "E 91ST ST S", "county": "TULSA (143)", "weather": "Cloudy", "light": "Daylight", "manner": "Sideswipe - Same Direction"}}, {"type": "Feature", "geometry": {"type": "Point", "coordinates": [-95.787736, 36.074014]}, "properties": {"year": 2022, "fatalities": 1, "drunk": false, "pedestrian": true, "case_number": "400581", "date": "2022-02-03", "road": "E ALBANY ST", "county": "TULSA (143)", "weather": "Snow", "light": "Daylight", "manner": "The First Harmful Event was Not a Collision with a Motor Vehicle in Transport"}}, {"type": "Feature", "geometry": {"type": "Point", "coordinates": [-95.9111, 36.1034]}, "properties": {"year": 2022, "fatalities": 1, "drunk": false, "pedestrian": false, "case_number": "400047", "date": "2022-02-08", "road": "I-44", "county": "TULSA (143)", "weather": "Clear", "light": "Dark - Not Lighted", "manner": "Front-to-Rear"}}, {"type": "Feature", "geometry": {"type": "Point", "coordinates": [-96.0879, 36.0322]}, "properties": {"year": 2022, "fatalities": 1, "drunk": false, "pedestrian": false, "case_number": "400066", "date": "2022-02-14", "road": "I-44", "county": "CREEK (37)", "weather": "Clear", "light": "Dawn", "manner": "The First Harmful Event was Not a Collision with a Motor Vehicle in Transport"}}, {"type": "Feature", "geometry": {"type": "Point", "coordinates": [-96.07, 36.0776]}, "properties": {"year": 2022, "fatalities": 2, "drunk": true, "pedestrian": false, "case_number": "400054", "date": "2022-02-21", "road": "CR-SOUTHWEST BLVD", "county": "TULSA (143)", "weather": "Rain", "light": "Dark - Not Lighted", "manner": "The First Harmful Event was Not a Collision with a Motor Vehicle in Transport"}}, {"type": "Feature", "geometry": {"type": "Point", "coordinates": [-96.3661, 36.6953]}, "properties": {"year": 2022, "fatalities": 1, "drunk": true, "pedestrian": false, "case_number": "400094", "date": "2022-02-21", "road": "CR-4070", "county": "OSAGE (113)", "weather": "Clear", "light": "Dark - Not Lighted", "manner": "The First Harmful Event was Not a Collision with a Motor Vehicle in Transport"}}, {"type": "Feature", "geometry": {"type": "Point", "coordinates": [-95.8594, 36.1003]}, "properties": {"year": 2022, "fatalities": 1, "drunk": false, "pedestrian": false, "case_number": "400076", "date": "2022-03-11", "road": "US-169", "county": "TULSA (143)", "weather": "Snow", "light": "Dark - Lighted", "manner": "The First Harmful Event was Not a Collision with a Motor Vehicle in Transport"}}, {"type": "Feature", "geometry": {"type": "Point", "coordinates": [-96.3233, 35.8932]}, "properties": {"year": 2022, "fatalities": 1, "drunk": false, "pedestrian": true, "case_number": "400069", "date": "2022-03-12", "road": "I-44 TURNER TURNPIKE", "county": "CREEK (37)", "weather": "Clear", "light": "Dark - Not Lighted", "manner": "The First Harmful Event was Not a Collision with a Motor Vehicle in Transport"}}, {"type": "Feature", "geometry": {"type": "Point", "coordinates": [-96.372989, 36.405375]}, "properties": {"year": 2022, "fatalities": 1, "drunk": false, "pedestrian": false, "case_number": "400164", "date": "2022-03-12", "road": "SR-20", "county": "OSAGE (113)", "weather": "Clear", "light": "Daylight", "manner": "The First Harmful Event was Not a Collision with a Motor Vehicle in Transport"}}, {"type": "Feature", "geometry": {"type": "Point", "coordinates": [-95.8502, 36.1189]}, "properties": {"year": 2022, "fatalities": 1, "drunk": false, "pedestrian": true, "case_number": "400078", "date": "2022-03-15", "road": "E 31ST ST S", "county": "TULSA (143)", "weather": "Clear", "light": "Dark - Lighted", "manner": "The First Harmful Event was Not a Collision with a Motor Vehicle in Transport"}}, {"type": "Feature", "geometry": {"type": "Point", "coordinates": [-95.8646, 36.1323]}, "properties": {"year": 2022, "fatalities": 1, "drunk": false, "pedestrian": true, "case_number": "400083", "date": "2022-03-18", "road": "S 101ST E AVE", "county": "TULSA (143)", "weather": "Clear", "light": "Dark - Lighted", "manner": "The First Harmful Event was Not a Collision with a Motor Vehicle in Transport"}}, {"type": "Feature", "geometry": {"type": "Point", "coordinates": [-96.1482, 36.0022]}, "properties": {"year": 2022, "fatalities": 1, "drunk": false, "pedestrian": false, "case_number": "400075", "date": "2022-03-20", "road": "I-44", "county": "CREEK (37)", "weather": "Clear", "light": "Daylight", "manner": "The First Harmful Event was Not a Collision with a Motor Vehicle in Transport"}}, {"type": "Feature", "geometry": {"type": "Point", "coordinates": [-95.9492, 36.322]}, "properties": {"year": 2022, "fatalities": 1, "drunk": false, "pedestrian": false, "case_number": "400085", "date": "2022-03-23", "road": "CR-116TH ST N", "county": "TULSA (143)", "weather": "Cloudy", "light": "Daylight", "manner": "The First Harmful Event was Not a Collision with a Motor Vehicle in Transport"}}, {"type": "Feature", "geometry": {"type": "Point", "coordinates": [-95.8571, 36.1479]}, "properties": {"year": 2022, "fatalities": 1, "drunk": true, "pedestrian": true, "case_number": "400092", "date": "2022-03-26", "road": "E 11TH ST", "county": "TULSA (143)", "weather": "Clear", "light": "Dark - Not Lighted", "manner": "The First Harmful Event was Not a Collision with a Motor Vehicle in Transport"}}, {"type": "Feature", "geometry": {"type": "Point", "coordinates": [-95.958258, 36.147928]}, "properties": {"year": 2022, "fatalities": 1, "drunk": false, "pedestrian": false, "case_number": "400106", "date": "2022-03-26", "road": "S LEWIS AVE", "county": "TULSA (143)", "weather": "Clear", "light": "Dark - Lighted", "manner": "Front-to-Rear"}}, {"type": "Feature", "geometry": {"type": "Point", "coordinates": [-95.991811, 36.296706]}, "properties": {"year": 2022, "fatalities": 1, "drunk": false, "pedestrian": false, "case_number": "400619", "date": "2022-03-27", "road": "SR-11 E MAIN ST", "county": "TULSA (143)", "weather": "Clear", "light": "Dark - Lighted", "manner": "The First Harmful Event was Not a Collision with a Motor Vehicle in Transport"}}, {"type": "Feature", "geometry": {"type": "Point", "coordinates": [-95.8539, 36.1045]}, "properties": {"year": 2022, "fatalities": 1, "drunk": false, "pedestrian": true, "case_number": "400103", "date": "2022-03-28", "road": "E 41ST ST", "county": "TULSA (143)", "weather": "Clear", "light": "Dark - Not Lighted", "manner": "The First Harmful Event was Not a Collision with a Motor Vehicle in Transport"}}, {"type": "Feature", "geometry": {"type": "Point", "coordinates": [-95.646525, 36.270403]}, "properties": {"year": 2022, "fatalities": 1, "drunk": false, "pedestrian": false, "case_number": "400620", "date": "2022-03-28", "road": "SR-66", "county": "ROGERS (131)", "weather": "Clear", "light": "Daylight", "manner": "The First Harmful Event was Not a Collision with a Motor Vehicle in Transport"}}, {"type": "Feature", "geometry": {"type": "Point", "coordinates": [-95.9197, 36.0608]}, "properties": {"year": 2022, "fatalities": 1, "drunk": false, "pedestrian": false, "case_number": "400150", "date": "2022-04-05", "road": "E 71ST ST", "county": "TULSA (143)", "weather": "Clear", "light": "Dark - Lighted", "manner": "Front-to-Rear"}}, {"type": "Feature", "geometry": {"type": "Point", "coordinates": [-95.9613, 36.1849]}, "properties": {"year": 2022, "fatalities": 1, "drunk": false, "pedestrian": false, "case_number": "400107", "date": "2022-04-06", "road": "US-75", "county": "TULSA (143)", "weather": "Clear", "light": "Dark - Lighted", "manner": "The First Harmful Event was Not a Collision with a Motor Vehicle in Transport"}}, {"type": "Feature", "geometry": {"type": "Point", "coordinates": [-95.4413, 36.3073]}, "properties": {"year": 2022, "fatalities": 1, "drunk": false, "pedestrian": true, "case_number": "400120", "date": "2022-04-18", "road": "SR-20", "county": "ROGERS (131)", "weather": "Clear", "light": "Daylight", "manner": "The First Harmful Event was Not a Collision with a Motor Vehicle in Transport"}}, {"type": "Feature", "geometry": {"type": "Point", "coordinates": [-95.7983, 35.9208]}, "properties": {"year": 2022, "fatalities": 2, "drunk": false, "pedestrian": false, "case_number": "400122", "date": "2022-04-19", "road": "US-64 E 167TH ST S", "county": "TULSA (143)", "weather": "Cloudy", "light": "Daylight", "manner": "Angle"}}, {"type": "Feature", "geometry": {"type": "Point", "coordinates": [-95.9674, 36.2205]}, "properties": {"year": 2022, "fatalities": 1, "drunk": false, "pedestrian": false, "case_number": "400121", "date": "2022-04-20", "road": "E 46TH ST N", "county": "TULSA (143)", "weather": "Rain", "light": "Daylight", "manner": "Angle"}}, {"type": "Feature", "geometry": {"type": "Point", "coordinates": [-95.3539, 36.0172]}, "properties": {"year": 2022, "fatalities": 1, "drunk": false, "pedestrian": true, "case_number": "400145", "date": "2022-04-23", "road": "CR-E690", "county": "WAGONER (145)", "weather": "Clear", "light": "Dark - Not Lighted", "manner": "The First Harmful Event was Not a Collision with a Motor Vehicle in Transport"}}, {"type": "Feature", "geometry": {"type": "Point", "coordinates": [-95.5423, 36.3654]}, "properties": {"year": 2022, "fatalities": 1, "drunk": false, "pedestrian": false, "case_number": "400132", "date": "2022-04-26", "road": "CR-E450", "county": "ROGERS (131)", "weather": "Cloudy", "light": "Daylight", "manner": "The First Harmful Event was Not a Collision with a Motor Vehicle in Transport"}}, {"type": "Feature", "geometry": {"type": "Point", "coordinates": [-95.8517, 35.9934]}, "properties": {"year": 2022, "fatalities": 1, "drunk": false, "pedestrian": false, "case_number": "400124", "date": "2022-05-01", "road": "S GARNETT RD", "county": "TULSA (143)", "weather": "Clear", "light": "Dark - Not Lighted", "manner": "The First Harmful Event was Not a Collision with a Motor Vehicle in Transport"}}, {"type": "Feature", "geometry": {"type": "Point", "coordinates": [-95.622, 35.987]}, "properties": {"year": 2022, "fatalities": 1, "drunk": false, "pedestrian": false, "case_number": "400126", "date": "2022-05-01", "road": "MUSKOGEE TURNPIKE", "county": "WAGONER (145)", "weather": "Clear", "light": "Dark - Not Lighted", "manner": "Front-to-Rear"}}, {"type": "Feature", "geometry": {"type": "Point", "coordinates": [-96.2312, 36.0303]}, "properties": {"year": 2022, "fatalities": 1, "drunk": true, "pedestrian": false, "case_number": "400136", "date": "2022-05-01", "road": "CR-W CEDAR LN", "county": "CREEK (37)", "weather": "Cloudy", "light": "Daylight", "manner": "The First Harmful Event was Not a Collision with a Motor Vehicle in Transport"}}, {"type": "Feature", "geometry": {"type": "Point", "coordinates": [-95.986928, 36.161056]}, "properties": {"year": 2022, "fatalities": 1, "drunk": false, "pedestrian": false, "case_number": "400152", "date": "2022-05-01", "road": "I-244", "county": "TULSA (143)", "weather": "Clear", "light": "Dark - Lighted", "manner": "Front-to-Front"}}, {"type": "Feature", "geometry": {"type": "Point", "coordinates": [-95.949128, 36.090306]}, "properties": {"year": 2022, "fatalities": 1, "drunk": false, "pedestrian": true, "case_number": "400140", "date": "2022-05-05", "road": "I-44", "county": "TULSA (143)", "weather": "Rain", "light": "Dark - Lighted", "manner": "The First Harmful Event was Not a Collision with a Motor Vehicle in Transport"}}, {"type": "Feature", "geometry": {"type": "Point", "coordinates": [-96.0405, 36.0883]}, "properties": {"year": 2022, "fatalities": 1, "drunk": false, "pedestrian": false, "case_number": "400147", "date": "2022-05-07", "road": "I-44", "county": "TULSA (143)", "weather": "Clear", "light": "Dark - Lighted", "manner": "Front-to-Front"}}, {"type": "Feature", "geometry": {"type": "Point", "coordinates": [-96.1716, 36.4832]}, "properties": {"year": 2022, "fatalities": 1, "drunk": false, "pedestrian": false, "case_number": "400205", "date": "2022-05-11", "road": "CR-2130", "county": "OSAGE (113)", "weather": "Clear", "light": "Daylight", "manner": "The First Harmful Event was Not a Collision with a Motor Vehicle in Transport"}}, {"type": "Feature", "geometry": {"type": "Point", "coordinates": [-96.0027, 36.1479]}, "properties": {"year": 2022, "fatalities": 1, "drunk": false, "pedestrian": false, "case_number": "400160", "date": "2022-05-12", "road": "I-244", "county": "TULSA (143)", "weather": "Clear", "light": "Daylight", "manner": "Front-to-Rear"}}, {"type": "Feature", "geometry": {"type": "Point", "coordinates": [-95.819661, 36.335442]}, "properties": {"year": 2022, "fatalities": 1, "drunk": false, "pedestrian": false, "case_number": "400571", "date": "2022-05-12", "road": "US-169 RAMP", "county": "TULSA (143)", "weather": "Clear", "light": "Daylight", "manner": "The First Harmful Event was Not a Collision with a Motor Vehicle in Transport"}}, {"type": "Feature", "geometry": {"type": "Point", "coordinates": [-95.8989, 36.1552]}, "properties": {"year": 2022, "fatalities": 1, "drunk": false, "pedestrian": true, "case_number": "400142", "date": "2022-05-14", "road": "E 4TH PL", "county": "TULSA (143)", "weather": "Clear", "light": "Daylight", "manner": "The First Harmful Event was Not a Collision with a Motor Vehicle in Transport"}}, {"type": "Feature", "geometry": {"type": "Point", "coordinates": [-95.8335, 36.1581]}, "properties": {"year": 2022, "fatalities": 1, "drunk": false, "pedestrian": false, "case_number": "400216", "date": "2022-05-15", "road": "I-44", "county": "TULSA (143)", "weather": "Clear", "light": "Dark - Lighted", "manner": "Angle"}}, {"type": "Feature", "geometry": {"type": "Point", "coordinates": [-95.7082, 36.0899]}, "properties": {"year": 2022, "fatalities": 1, "drunk": false, "pedestrian": false, "case_number": "400186", "date": "2022-05-19", "road": "CR-E 51ST ST", "county": "WAGONER (145)", "weather": "Clear", "light": "Daylight", "manner": "Angle"}}, {"type": "Feature", "geometry": {"type": "Point", "coordinates": [-95.4029, 35.8467]}, "properties": {"year": 2022, "fatalities": 1, "drunk": false, "pedestrian": false, "case_number": "400490", "date": "2022-05-20", "road": "US-69", "county": "WAGONER (145)", "weather": "Clear", "light": "Daylight", "manner": "Angle"}}, {"type": "Feature", "geometry": {"type": "Point", "coordinates": [-96.118858, 35.977133]}, "properties": {"year": 2022, "fatalities": 1, "drunk": false, "pedestrian": false, "case_number": "400590", "date": "2022-05-20", "road": "S HICKORY ST", "county": "CREEK (37)", "weather": "Clear", "light": "Daylight", "manner": "Angle"}}, {"type": "Feature", "geometry": {"type": "Point", "coordinates": [-95.860914, 36.168439]}, "properties": {"year": 2022, "fatalities": 1, "drunk": false, "pedestrian": false, "case_number": "400157", "date": "2022-05-21", "road": "US-169 RAMP", "county": "TULSA (143)", "weather": "Cloudy", "light": "Dark - Lighted", "manner": "Front-to-Rear"}}, {"type": "Feature", "geometry": {"type": "Point", "coordinates": [-95.815183, 36.068289]}, "properties": {"year": 2022, "fatalities": 1, "drunk": false, "pedestrian": false, "case_number": "400591", "date": "2022-05-22", "road": "N ASPEN AVE", "county": "TULSA (143)", "weather": "Cloudy", "light": "Daylight", "manner": "The First Harmful Event was Not a Collision with a Motor Vehicle in Transport"}}, {"type": "Feature", "geometry": {"type": "Point", "coordinates": [-95.5831, 36.171]}, "properties": {"year": 2022, "fatalities": 1, "drunk": false, "pedestrian": false, "case_number": "400174", "date": "2022-05-27", "road": "US-412", "county": "ROGERS (131)", "weather": "Clear", "light": "Daylight", "manner": "Angle"}}, {"type": "Feature", "geometry": {"type": "Point", "coordinates": [-96.129492, 35.988261]}, "properties": {"year": 2022, "fatalities": 1, "drunk": false, "pedestrian": true, "case_number": "400592", "date": "2022-05-27", "road": "SR-117 W TAFT", "county": "CREEK (37)", "weather": "Clear", "light": "Dark - Not Lighted", "manner": "The First Harmful Event was Not a Collision with a Motor Vehicle in Transport"}}, {"type": "Feature", "geometry": {"type": "Point", "coordinates": [-95.9045, 36.1228]}, "properties": {"year": 2022, "fatalities": 1, "drunk": false, "pedestrian": false, "case_number": "400176", "date": "2022-06-01", "road": "S SHERIDAN RD", "county": "TULSA (143)", "weather": "Clear", "light": "Dark - Lighted", "manner": "Angle"}}, {"type": "Feature", "geometry": {"type": "Point", "coordinates": [-96.2799, 35.9252]}, "properties": {"year": 2022, "fatalities": 2, "drunk": false, "pedestrian": true, "case_number": "400203", "date": "2022-06-02", "road": "I-44 TURNER TURNPIKE", "county": "CREEK (37)", "weather": "Cloudy", "light": "Daylight", "manner": "The First Harmful Event was Not a Collision with a Motor Vehicle in Transport"}}, {"type": "Feature", "geometry": {"type": "Point", "coordinates": [-97.0404, 36.6694]}, "properties": {"year": 2022, "fatalities": 1, "drunk": false, "pedestrian": false, "case_number": "400210", "date": "2022-06-02", "road": "CR-CITY VIEW RD", "county": "OSAGE (113)", "weather": "Clear", "light": "Dark - Not Lighted", "manner": "The First Harmful Event was Not a Collision with a Motor Vehicle in Transport"}}, {"type": "Feature", "geometry": {"type": "Point", "coordinates": [-95.7325, 36.1569]}, "properties": {"year": 2022, "fatalities": 1, "drunk": false, "pedestrian": true, "case_number": "400179", "date": "2022-06-04", "road": "SR-364 CREEK TURNPIKE", "county": "WAGONER (145)", "weather": "Cloudy", "light": "Dark - Not Lighted", "manner": "The First Harmful Event was Not a Collision with a Motor Vehicle in Transport"}}, {"type": "Feature", "geometry": {"type": "Point", "coordinates": [-95.8392, 36.0013]}, "properties": {"year": 2022, "fatalities": 1, "drunk": false, "pedestrian": false, "case_number": "400217", "date": "2022-06-05", "road": "SR-364 CREEK TPK", "county": "TULSA (143)", "weather": "Rain", "light": "Daylight", "manner": "The First Harmful Event was Not a Collision with a Motor Vehicle in Transport"}}, {"type": "Feature", "geometry": {"type": "Point", "coordinates": [-96.0269, 36.0114]}, "properties": {"year": 2022, "fatalities": 1, "drunk": false, "pedestrian": false, "case_number": "400211", "date": "2022-06-12", "road": "CR-S 33RD W AVE", "county": "TULSA (143)", "weather": "Clear", "light": "Daylight", "manner": "The First Harmful Event was Not a Collision with a Motor Vehicle in Transport"}}, {"type": "Feature", "geometry": {"type": "Point", "coordinates": [-95.632711, 36.321886]}, "properties": {"year": 2022, "fatalities": 1, "drunk": false, "pedestrian": false, "case_number": "400652", "date": "2022-06-19", "road": "BLUE STARR DR", "county": "ROGERS (131)", "weather": "Not Reported", "light": "Not Reported", "manner": "The First Harmful Event was Not a Collision with a Motor Vehicle in Transport"}}, {"type": "Feature", "geometry": {"type": "Point", "coordinates": [-95.8881, 36.0899]}, "properties": {"year": 2022, "fatalities": 1, "drunk": true, "pedestrian": false, "case_number": "400215", "date": "2022-06-20", "road": "E 51ST ST", "county": "TULSA (143)", "weather": "Clear", "light": "Dark - Lighted", "manner": "The First Harmful Event was Not a Collision with a Motor Vehicle in Transport"}}, {"type": "Feature", "geometry": {"type": "Point", "coordinates": [-95.985794, 36.1219]}, "properties": {"year": 2022, "fatalities": 1, "drunk": false, "pedestrian": true, "case_number": "400233", "date": "2022-06-25", "road": "RIVERSIDE DR", "county": "TULSA (143)", "weather": "Clear", "light": "Dark - Not Lighted", "manner": "The First Harmful Event was Not a Collision with a Motor Vehicle in Transport"}}, {"type": "Feature", "geometry": {"type": "Point", "coordinates": [-96.0204, 36.2037]}, "properties": {"year": 2022, "fatalities": 1, "drunk": false, "pedestrian": false, "case_number": "400236", "date": "2022-07-02", "road": "CR-W 35TH PL N", "county": "OSAGE (113)", "weather": "Clear", "light": "Dark - Not Lighted", "manner": "The First Harmful Event was Not a Collision with a Motor Vehicle in Transport"}}, {"type": "Feature", "geometry": {"type": "Point", "coordinates": [-95.9723, 36.1591]}, "properties": {"year": 2022, "fatalities": 1, "drunk": false, "pedestrian": true, "case_number": "400243", "date": "2022-07-03", "road": "I-244", "county": "TULSA (143)", "weather": "Clear", "light": "Dusk", "manner": "The First Harmful Event was Not a Collision with a Motor Vehicle in Transport"}}, {"type": "Feature", "geometry": {"type": "Point", "coordinates": [-96.4586, 35.799]}, "properties": {"year": 2022, "fatalities": 1, "drunk": false, "pedestrian": false, "case_number": "400246", "date": "2022-07-06", "road": "CR-W 251ST ST S", "county": "CREEK (37)", "weather": "Clear", "light": "Daylight", "manner": "Angle"}}, {"type": "Feature", "geometry": {"type": "Point", "coordinates": [-95.8518, 36.21]}, "properties": {"year": 2022, "fatalities": 1, "drunk": false, "pedestrian": false, "case_number": "400256", "date": "2022-07-07", "road": "US-169", "county": "TULSA (143)", "weather": "Clear", "light": "Dark - Not Lighted", "manner": "Front-to-Rear"}}, {"type": "Feature", "geometry": {"type": "Point", "coordinates": [-95.879222, 36.002825]}, "properties": {"year": 2022, "fatalities": 1, "drunk": false, "pedestrian": false, "case_number": "400557", "date": "2022-07-11", "road": "E 111TH ST S", "county": "TULSA (143)", "weather": "Cloudy", "light": "Daylight", "manner": "Sideswipe - Same Direction"}}, {"type": "Feature", "geometry": {"type": "Point", "coordinates": [-95.976, 36.1917]}, "properties": {"year": 2022, "fatalities": 1, "drunk": false, "pedestrian": false, "case_number": "400263", "date": "2022-07-21", "road": "N PEORIA AVE", "county": "TULSA (143)", "weather": "Clear", "light": "Daylight", "manner": "Front-to-Rear"}}, {"type": "Feature", "geometry": {"type": "Point", "coordinates": [-95.376147, 35.957864]}, "properties": {"year": 2022, "fatalities": 1, "drunk": false, "pedestrian": false, "case_number": "400634", "date": "2022-07-22", "road": "S CASAVER AVE", "county": "WAGONER (145)", "weather": "Clear", "light": "Daylight", "manner": "The First Harmful Event was Not a Collision with a Motor Vehicle in Transport"}}, {"type": "Feature", "geometry": {"type": "Point", "coordinates": [-95.9339, 36.2495]}, "properties": {"year": 2022, "fatalities": 1, "drunk": false, "pedestrian": false, "case_number": "400280", "date": "2022-07-24", "road": "US-75 EXIT RAMP", "county": "TULSA (143)", "weather": "Cloudy", "light": "Daylight", "manner": "Angle"}}, {"type": "Feature", "geometry": {"type": "Point", "coordinates": [-95.9833, 36.2205]}, "properties": {"year": 2022, "fatalities": 1, "drunk": false, "pedestrian": false, "case_number": "400268", "date": "2022-07-28", "road": "E 46TH ST N", "county": "TULSA (143)", "weather": "Rain", "light": "Dark - Lighted", "manner": "Angle"}}, {"type": "Feature", "geometry": {"type": "Point", "coordinates": [-95.975975, 35.961625]}, "properties": {"year": 2022, "fatalities": 1, "drunk": false, "pedestrian": false, "case_number": "400329", "date": "2022-07-30", "road": "S PEORIA AVE", "county": "TULSA (143)", "weather": "Clear", "light": "Daylight", "manner": "Angle"}}, {"type": "Feature", "geometry": {"type": "Point", "coordinates": [-95.8598, 36.1224]}, "properties": {"year": 2022, "fatalities": 1, "drunk": false, "pedestrian": false, "case_number": "400284", "date": "2022-08-02", "road": "US-169", "county": "TULSA (143)", "weather": "Clear", "light": "Daylight", "manner": "Rear-to-Side"}}, {"type": "Feature", "geometry": {"type": "Point", "coordinates": [-95.8867, 36.0914]}, "properties": {"year": 2022, "fatalities": 1, "drunk": false, "pedestrian": true, "case_number": "400286", "date": "2022-08-04", "road": "S MEMORIAL DR", "county": "TULSA (143)", "weather": "Clear", "light": "Dark - Lighted", "manner": "The First Harmful Event was Not a Collision with a Motor Vehicle in Transport"}}, {"type": "Feature", "geometry": {"type": "Point", "coordinates": [-95.7975, 36.1479]}, "properties": {"year": 2022, "fatalities": 1, "drunk": false, "pedestrian": false, "case_number": "400287", "date": "2022-08-05", "road": "E 11TH ST", "county": "TULSA (143)", "weather": "Clear", "light": "Daylight", "manner": "Angle"}}, {"type": "Feature", "geometry": {"type": "Point", "coordinates": [-95.864289, 36.031839]}, "properties": {"year": 2022, "fatalities": 1, "drunk": true, "pedestrian": true, "case_number": "400302", "date": "2022-08-07", "road": "E 91ST ST", "county": "TULSA (143)", "weather": "Clear", "light": "Dark - Lighted", "manner": "The First Harmful Event was Not a Collision with a Motor Vehicle in Transport"}}, {"type": "Feature", "geometry": {"type": "Point", "coordinates": [-95.8496, 36.1469]}, "properties": {"year": 2022, "fatalities": 1, "drunk": false, "pedestrian": false, "case_number": "400421", "date": "2022-08-09", "road": "I-44", "county": "TULSA (143)", "weather": "Clear", "light": "Daylight", "manner": "The First Harmful Event was Not a Collision with a Motor Vehicle in Transport"}}, {"type": "Feature", "geometry": {"type": "Point", "coordinates": [-95.975883, 36.184358]}, "properties": {"year": 2022, "fatalities": 1, "drunk": false, "pedestrian": true, "case_number": "400306", "date": "2022-08-11", "road": "N PEORIA AVE", "county": "TULSA (143)", "weather": "Clear", "light": "Daylight", "manner": "The First Harmful Event was Not a Collision with a Motor Vehicle in Transport"}}, {"type": "Feature", "geometry": {"type": "Point", "coordinates": [-95.8847, 36.171]}, "properties": {"year": 2022, "fatalities": 1, "drunk": false, "pedestrian": false, "case_number": "400318", "date": "2022-08-11", "road": "SR-11", "county": "TULSA (143)", "weather": "Clear", "light": "Daylight", "manner": "Front-to-Rear"}}, {"type": "Feature", "geometry": {"type": "Point", "coordinates": [-95.706072, 36.437853]}, "properties": {"year": 2022, "fatalities": 1, "drunk": false, "pedestrian": false, "case_number": "400635", "date": "2022-08-11", "road": "SR-88", "county": "ROGERS (131)", "weather": "Clear", "light": "Daylight", "manner": "The First Harmful Event was Not a Collision with a Motor Vehicle in Transport"}}, {"type": "Feature", "geometry": {"type": "Point", "coordinates": [-96.0535, 36.1582]}, "properties": {"year": 2022, "fatalities": 1, "drunk": false, "pedestrian": false, "case_number": "400298", "date": "2022-08-12", "road": "US-64", "county": "TULSA (143)", "weather": "Clear", "light": "Daylight", "manner": "The First Harmful Event was Not a Collision with a Motor Vehicle in Transport"}}, {"type": "Feature", "geometry": {"type": "Point", "coordinates": [-96.6897, 36.6875]}, "properties": {"year": 2022, "fatalities": 1, "drunk": false, "pedestrian": false, "case_number": "400314", "date": "2022-08-19", "road": "US-60", "county": "OSAGE (113)", "weather": "Clear", "light": "Daylight", "manner": "Angle"}}, {"type": "Feature", "geometry": {"type": "Point", "coordinates": [-95.5141, 36.1703]}, "properties": {"year": 2022, "fatalities": 1, "drunk": false, "pedestrian": false, "case_number": "400365", "date": "2022-08-25", "road": "US-412", "county": "ROGERS (131)", "weather": "Clear", "light": "Daylight", "manner": "Sideswipe - Same Direction"}}, {"type": "Feature", "geometry": {"type": "Point", "coordinates": [-96.070533, 35.98845]}, "properties": {"year": 2022, "fatalities": 1, "drunk": false, "pedestrian": false, "case_number": "400372", "date": "2022-08-25", "road": "SR-117 E TAFT AVE", "county": "CREEK (37)", "weather": "Clear", "light": "Daylight", "manner": "Front-to-Front"}}, {"type": "Feature", "geometry": {"type": "Point", "coordinates": [-95.403, 35.8584]}, "properties": {"year": 2022, "fatalities": 1, "drunk": false, "pedestrian": false, "case_number": "400343", "date": "2022-08-30", "road": "US-69", "county": "WAGONER (145)", "weather": "Clear", "light": "Daylight", "manner": "The First Harmful Event was Not a Collision with a Motor Vehicle in Transport"}}, {"type": "Feature", "geometry": {"type": "Point", "coordinates": [-96.2645, 36.3731]}, "properties": {"year": 2022, "fatalities": 3, "drunk": false, "pedestrian": false, "case_number": "400351", "date": "2022-09-01", "road": "SR-20", "county": "OSAGE (113)", "weather": "Clear", "light": "Dark - Lighted", "manner": "Front-to-Front"}}, {"type": "Feature", "geometry": {"type": "Point", "coordinates": [-95.888642, 36.133511]}, "properties": {"year": 2022, "fatalities": 1, "drunk": true, "pedestrian": true, "case_number": "400348", "date": "2022-09-03", "road": "E 21ST ST", "county": "TULSA (143)", "weather": "Clear", "light": "Dark - Not Lighted", "manner": "The First Harmful Event was Not a Collision with a Motor Vehicle in Transport"}}, {"type": "Feature", "geometry": {"type": "Point", "coordinates": [-95.8688, 36.1708]}, "properties": {"year": 2022, "fatalities": 1, "drunk": false, "pedestrian": true, "case_number": "400349", "date": "2022-09-03", "road": "N MINGO RD", "county": "TULSA (143)", "weather": "Clear", "light": "Daylight", "manner": "The First Harmful Event was Not a Collision with a Motor Vehicle in Transport"}}, {"type": "Feature", "geometry": {"type": "Point", "coordinates": [-96.3874, 35.6666]}, "properties": {"year": 2022, "fatalities": 2, "drunk": false, "pedestrian": false, "case_number": "400356", "date": "2022-09-08", "road": "SR-48", "county": "CREEK (37)", "weather": "Clear", "light": "Daylight", "manner": "The First Harmful Event was Not a Collision with a Motor Vehicle in Transport"}}, {"type": "Feature", "geometry": {"type": "Point", "coordinates": [-95.8511, 36.1488]}, "properties": {"year": 2022, "fatalities": 1, "drunk": false, "pedestrian": true, "case_number": "400350", "date": "2022-09-11", "road": "S GARNETT RD", "county": "TULSA (143)", "weather": "Clear", "light": "Dark - Not Lighted", "manner": "The First Harmful Event was Not a Collision with a Motor Vehicle in Transport"}}, {"type": "Feature", "geometry": {"type": "Point", "coordinates": [-95.960156, 36.046344]}, "properties": {"year": 2022, "fatalities": 1, "drunk": false, "pedestrian": true, "case_number": "400491", "date": "2022-09-12", "road": "E 81ST ST", "county": "TULSA (143)", "weather": "Clear", "light": "Daylight", "manner": "The First Harmful Event was Not a Collision with a Motor Vehicle in Transport"}}, {"type": "Feature", "geometry": {"type": "Point", "coordinates": [-95.383817, 35.944308]}, "properties": {"year": 2022, "fatalities": 1, "drunk": false, "pedestrian": false, "case_number": "400637", "date": "2022-09-14", "road": "SW 15TH ST", "county": "WAGONER (145)", "weather": "Clear", "light": "Daylight", "manner": "Angle"}}, {"type": "Feature", "geometry": {"type": "Point", "coordinates": [-96.095303, 36.144381]}, "properties": {"year": 2022, "fatalities": 3, "drunk": false, "pedestrian": false, "case_number": "400575", "date": "2022-09-15", "road": "E SAND SPRINGS PARK RD", "county": "TULSA (143)", "weather": "Clear", "light": "Daylight", "manner": "The First Harmful Event was Not a Collision with a Motor Vehicle in Transport"}}, {"type": "Feature", "geometry": {"type": "Point", "coordinates": [-96.3016, 35.9883]}, "properties": {"year": 2022, "fatalities": 1, "drunk": false, "pedestrian": false, "case_number": "400389", "date": "2022-09-19", "road": "SR-33", "county": "CREEK (37)", "weather": "Clear", "light": "Dark - Not Lighted", "manner": "The First Harmful Event was Not a Collision with a Motor Vehicle in Transport"}}, {"type": "Feature", "geometry": {"type": "Point", "coordinates": [-95.9045, 36.1668]}, "properties": {"year": 2022, "fatalities": 1, "drunk": false, "pedestrian": false, "case_number": "400564", "date": "2022-09-19", "road": "N SHERIDAN RD", "county": "TULSA (143)", "weather": "Clear", "light": "Daylight", "manner": "The First Harmful Event was Not a Collision with a Motor Vehicle in Transport"}}, {"type": "Feature", "geometry": {"type": "Point", "coordinates": [-96.013928, 36.089817]}, "properties": {"year": 2022, "fatalities": 1, "drunk": false, "pedestrian": false, "case_number": "400398", "date": "2022-09-20", "road": "W 51ST ST", "county": "TULSA (143)", "weather": "Clear", "light": "Daylight", "manner": "Angle"}}, {"type": "Feature", "geometry": {"type": "Point", "coordinates": [-95.5117, 36.1226]}, "properties": {"year": 2022, "fatalities": 1, "drunk": false, "pedestrian": false, "case_number": "400438", "date": "2022-09-21", "road": "CR-NS4210", "county": "ROGERS (131)", "weather": "Clear", "light": "Daylight", "manner": "The First Harmful Event was Not a Collision with a Motor Vehicle in Transport"}}, {"type": "Feature", "geometry": {"type": "Point", "coordinates": [-95.9582, 36.2205]}, "properties": {"year": 2022, "fatalities": 1, "drunk": false, "pedestrian": false, "case_number": "400408", "date": "2022-09-26", "road": "N LEWIS AVE", "county": "TULSA (143)", "weather": "Clear", "light": "Daylight", "manner": "Angle"}}, {"type": "Feature", "geometry": {"type": "Point", "coordinates": [-95.8949, 35.9011]}, "properties": {"year": 2022, "fatalities": 1, "drunk": false, "pedestrian": false, "case_number": "400381", "date": "2022-09-27", "road": "CR-181ST ST S", "county": "TULSA (143)", "weather": "Clear", "light": "Daylight", "manner": "The First Harmful Event was Not a Collision with a Motor Vehicle in Transport"}}, {"type": "Feature", "geometry": {"type": "Point", "coordinates": [-95.5322, 36.1342]}, "properties": {"year": 2022, "fatalities": 1, "drunk": false, "pedestrian": false, "case_number": "400384", "date": "2022-09-27", "road": "CR-S4200", "county": "ROGERS (131)", "weather": "Clear", "light": "Dark - Not Lighted", "manner": "The First Harmful Event was Not a Collision with a Motor Vehicle in Transport"}}, {"type": "Feature", "geometry": {"type": "Point", "coordinates": [-95.9019, 36.1914]}, "properties": {"year": 2022, "fatalities": 1, "drunk": false, "pedestrian": false, "case_number": "400409", "date": "2022-09-27", "road": "E APACHE ST", "county": "TULSA (143)", "weather": "Clear", "light": "Dark - Not Lighted", "manner": "The First Harmful Event was Not a Collision with a Motor Vehicle in Transport"}}, {"type": "Feature", "geometry": {"type": "Point", "coordinates": [-95.4938, 36.0322]}, "properties": {"year": 2022, "fatalities": 1, "drunk": false, "pedestrian": false, "case_number": "400405", "date": "2022-09-28", "road": "CR-220", "county": "WAGONER (145)", "weather": "Clear", "light": "Daylight", "manner": "The First Harmful Event was Not a Collision with a Motor Vehicle in Transport"}}, {"type": "Feature", "geometry": {"type": "Point", "coordinates": [-95.92245, 36.060767]}, "properties": {"year": 2022, "fatalities": 1, "drunk": true, "pedestrian": false, "case_number": "400567", "date": "2022-09-28", "road": "E 71ST ST", "county": "TULSA (143)", "weather": "Clear", "light": "Dark - Lighted", "manner": "Front-to-Rear"}}, {"type": "Feature", "geometry": {"type": "Point", "coordinates": [-96.3533, 35.8685]}, "properties": {"year": 2022, "fatalities": 1, "drunk": false, "pedestrian": true, "case_number": "400411", "date": "2022-09-29", "road": "I-44", "county": "CREEK (37)", "weather": "Clear", "light": "Daylight", "manner": "The First Harmful Event was Not a Collision with a Motor Vehicle in Transport"}}, {"type": "Feature", "geometry": {"type": "Point", "coordinates": [-95.8681, 36.1648]}, "properties": {"year": 2022, "fatalities": 1, "drunk": true, "pedestrian": true, "case_number": "400468", "date": "2022-10-02", "road": "I-244", "county": "TULSA (143)", "weather": "Clear", "light": "Daylight", "manner": "Sideswipe - Same Direction"}}, {"type": "Feature", "geometry": {"type": "Point", "coordinates": [-96.0199, 36.1766]}, "properties": {"year": 2022, "fatalities": 1, "drunk": false, "pedestrian": false, "case_number": "400422", "date": "2022-10-03", "road": "W PINE ST", "county": "OSAGE (113)", "weather": "Clear", "light": "Daylight", "manner": "The First Harmful Event was Not a Collision with a Motor Vehicle in Transport"}}, {"type": "Feature", "geometry": {"type": "Point", "coordinates": [-95.9135, 36.1608]}, "properties": {"year": 2022, "fatalities": 1, "drunk": true, "pedestrian": false, "case_number": "400426", "date": "2022-10-04", "road": "N HUDSON AVE", "county": "TULSA (143)", "weather": "Clear", "light": "Daylight", "manner": "Angle"}}, {"type": "Feature", "geometry": {"type": "Point", "coordinates": [-95.5296, 36.1145]}, "properties": {"year": 2022, "fatalities": 1, "drunk": false, "pedestrian": false, "case_number": "400428", "date": "2022-10-06", "road": "CR-S4200", "county": "ROGERS (131)", "weather": "Clear", "light": "Dark - Not Lighted", "manner": "The First Harmful Event was Not a Collision with a Motor Vehicle in Transport"}}, {"type": "Feature", "geometry": {"type": "Point", "coordinates": [-95.8674, 36.1771]}, "properties": {"year": 2022, "fatalities": 1, "drunk": false, "pedestrian": true, "case_number": "400429", "date": "2022-10-06", "road": "E PINE ST", "county": "TULSA (143)", "weather": "Clear", "light": "Dark - Not Lighted", "manner": "The First Harmful Event was Not a Collision with a Motor Vehicle in Transport"}}, {"type": "Feature", "geometry": {"type": "Point", "coordinates": [-95.957208, 36.090575]}, "properties": {"year": 2022, "fatalities": 1, "drunk": false, "pedestrian": false, "case_number": "400430", "date": "2022-10-08", "road": "I-44", "county": "TULSA (143)", "weather": "Clear", "light": "Daylight", "manner": "The First Harmful Event was Not a Collision with a Motor Vehicle in Transport"}}, {"type": "Feature", "geometry": {"type": "Point", "coordinates": [-96.1194, 36.0465]}, "properties": {"year": 2022, "fatalities": 1, "drunk": false, "pedestrian": false, "case_number": "400450", "date": "2022-10-10", "road": "SR-97", "county": "CREEK (37)", "weather": "Clear", "light": "Daylight", "manner": "Angle"}}, {"type": "Feature", "geometry": {"type": "Point", "coordinates": [-95.958197, 36.220853]}, "properties": {"year": 2022, "fatalities": 1, "drunk": true, "pedestrian": true, "case_number": "400436", "date": "2022-10-14", "road": "N LEWIS AVE", "county": "TULSA (143)", "weather": "Clear", "light": "Dark - Not Lighted", "manner": "The First Harmful Event was Not a Collision with a Motor Vehicle in Transport"}}, {"type": "Feature", "geometry": {"type": "Point", "coordinates": [-95.8512, 36.1075]}, "properties": {"year": 2022, "fatalities": 1, "drunk": false, "pedestrian": false, "case_number": "400456", "date": "2022-10-14", "road": "S GARNETT RD", "county": "TULSA (143)", "weather": "Clear", "light": "Daylight", "manner": "Angle"}}, {"type": "Feature", "geometry": {"type": "Point", "coordinates": [-95.5544, 36.2334]}, "properties": {"year": 2022, "fatalities": 1, "drunk": false, "pedestrian": false, "case_number": "400442", "date": "2022-10-15", "road": "SR-88", "county": "ROGERS (131)", "weather": "Clear", "light": "Dawn", "manner": "Angle"}}, {"type": "Feature", "geometry": {"type": "Point", "coordinates": [-95.4939, 36.0886]}, "properties": {"year": 2022, "fatalities": 1, "drunk": false, "pedestrian": false, "case_number": "400458", "date": "2022-10-15", "road": "CR-4220", "county": "ROGERS (131)", "weather": "Clear", "light": "Daylight", "manner": "The First Harmful Event was Not a Collision with a Motor Vehicle in Transport"}}, {"type": "Feature", "geometry": {"type": "Point", "coordinates": [-96.011661, 36.108411]}, "properties": {"year": 2022, "fatalities": 1, "drunk": true, "pedestrian": false, "case_number": "400568", "date": "2022-10-23", "road": "S UNION PL", "county": "TULSA (143)", "weather": "Clear", "light": "Dark - Not Lighted", "manner": "The First Harmful Event was Not a Collision with a Motor Vehicle in Transport"}}, {"type": "Feature", "geometry": {"type": "Point", "coordinates": [-95.864, 36.1365]}, "properties": {"year": 2022, "fatalities": 1, "drunk": false, "pedestrian": true, "case_number": "400464", "date": "2022-10-25", "road": "I-44", "county": "TULSA (143)", "weather": "Clear", "light": "Dark - Lighted", "manner": "The First Harmful Event was Not a Collision with a Motor Vehicle in Transport"}}, {"type": "Feature", "geometry": {"type": "Point", "coordinates": [-95.815342, 36.102475]}, "properties": {"year": 2022, "fatalities": 1, "drunk": false, "pedestrian": false, "case_number": "400500", "date": "2022-11-07", "road": "S 145TH E AVE", "county": "TULSA (143)", "weather": "Cloudy", "light": "Dark - Not Lighted", "manner": "Front-to-Front"}}, {"type": "Feature", "geometry": {"type": "Point", "coordinates": [-96.0198, 36.1874]}, "properties": {"year": 2022, "fatalities": 1, "drunk": false, "pedestrian": false, "case_number": "400501", "date": "2022-11-09", "road": "N GILCREASE MUSEUM RD", "county": "OSAGE (113)", "weather": "Cloudy", "light": "Dusk", "manner": "Angle"}}, {"type": "Feature", "geometry": {"type": "Point", "coordinates": [-95.833089, 36.060914]}, "properties": {"year": 2022, "fatalities": 1, "drunk": true, "pedestrian": false, "case_number": "400479", "date": "2022-11-10", "road": "W KENOSHA ST", "county": "TULSA (143)", "weather": "Rain", "light": "Dark - Lighted", "manner": "Front-to-Front"}}, {"type": "Feature", "geometry": {"type": "Point", "coordinates": [-95.993856, 36.018339]}, "properties": {"year": 2022, "fatalities": 1, "drunk": false, "pedestrian": false, "case_number": "400633", "date": "2022-11-12", "road": "ELWOOD AVE", "county": "TULSA (143)", "weather": "Clear", "light": "Dusk", "manner": "Front-to-Front"}}, {"type": "Feature", "geometry": {"type": "Point", "coordinates": [-95.8017, 35.9209]}, "properties": {"year": 2022, "fatalities": 1, "drunk": false, "pedestrian": false, "case_number": "400505", "date": "2022-11-13", "road": "US-64 E 167TH ST S", "county": "TULSA (143)", "weather": "Clear", "light": "Dark - Not Lighted", "manner": "The First Harmful Event was Not a Collision with a Motor Vehicle in Transport"}}, {"type": "Feature", "geometry": {"type": "Point", "coordinates": [-96.226, 36.1537]}, "properties": {"year": 2022, "fatalities": 1, "drunk": false, "pedestrian": true, "case_number": "400481", "date": "2022-11-14", "road": "CR-S 209TH W AVE", "county": "TULSA (143)", "weather": "Cloudy", "light": "Dark - Not Lighted", "manner": "The First Harmful Event was Not a Collision with a Motor Vehicle in Transport"}}, {"type": "Feature", "geometry": {"type": "Point", "coordinates": [-96.0167, 36.0099]}, "properties": {"year": 2022, "fatalities": 1, "drunk": false, "pedestrian": false, "case_number": "400485", "date": "2022-11-17", "road": "SR-364 CREEK TPK", "county": "TULSA (143)", "weather": "Clear", "light": "Dark - Lighted", "manner": "The First Harmful Event was Not a Collision with a Motor Vehicle in Transport"}}, {"type": "Feature", "geometry": {"type": "Point", "coordinates": [-95.8866, 36.1702]}, "properties": {"year": 2022, "fatalities": 1, "drunk": false, "pedestrian": true, "case_number": "400506", "date": "2022-11-17", "road": "N MEMORIAL DR", "county": "TULSA (143)", "weather": "Clear", "light": "Dark - Not Lighted", "manner": "The First Harmful Event was Not a Collision with a Motor Vehicle in Transport"}}, {"type": "Feature", "geometry": {"type": "Point", "coordinates": [-95.2878, 36.0025]}, "properties": {"year": 2022, "fatalities": 1, "drunk": false, "pedestrian": false, "case_number": "400488", "date": "2022-11-20", "road": "CR-700", "county": "WAGONER (145)", "weather": "Clear", "light": "Daylight", "manner": "Angle"}}, {"type": "Feature", "geometry": {"type": "Point", "coordinates": [-95.973194, 36.060594]}, "properties": {"year": 2022, "fatalities": 1, "drunk": true, "pedestrian": false, "case_number": "400514", "date": "2022-11-25", "road": "E 71ST ST", "county": "TULSA (143)", "weather": "Clear", "light": "Dark - Lighted", "manner": "Front-to-Rear"}}, {"type": "Feature", "geometry": {"type": "Point", "coordinates": [-95.3953, 35.9263]}, "properties": {"year": 2022, "fatalities": 1, "drunk": false, "pedestrian": true, "case_number": "400517", "date": "2022-11-26", "road": "US-69", "county": "WAGONER (145)", "weather": "Rain", "light": "Dark - Not Lighted", "manner": "The First Harmful Event was Not a Collision with a Motor Vehicle in Transport"}}, {"type": "Feature", "geometry": {"type": "Point", "coordinates": [-96.094967, 36.020733]}, "properties": {"year": 2022, "fatalities": 1, "drunk": false, "pedestrian": false, "case_number": "400498", "date": "2022-11-27", "road": "SR-66 NEW SAPULPA RD", "county": "CREEK (37)", "weather": "Clear", "light": "Daylight", "manner": "The First Harmful Event was Not a Collision with a Motor Vehicle in Transport"}}, {"type": "Feature", "geometry": {"type": "Point", "coordinates": [-95.8971, 36.0899]}, "properties": {"year": 2022, "fatalities": 1, "drunk": false, "pedestrian": false, "case_number": "400510", "date": "2022-11-29", "road": "E 51ST ST", "county": "TULSA (143)", "weather": "Clear", "light": "Dark - Lighted", "manner": "The First Harmful Event was Not a Collision with a Motor Vehicle in Transport"}}, {"type": "Feature", "geometry": {"type": "Point", "coordinates": [-96.5386, 35.8064]}, "properties": {"year": 2022, "fatalities": 2, "drunk": false, "pedestrian": false, "case_number": "400522", "date": "2022-11-30", "road": "I-44", "county": "CREEK (37)", "weather": "Clear", "light": "Dark - Lighted", "manner": "Angle"}}, {"type": "Feature", "geometry": {"type": "Point", "coordinates": [-95.403, 35.8585]}, "properties": {"year": 2022, "fatalities": 1, "drunk": false, "pedestrian": false, "case_number": "400533", "date": "2022-12-12", "road": "US-69", "county": "WAGONER (145)", "weather": "Rain", "light": "Dark - Not Lighted", "manner": "The First Harmful Event was Not a Collision with a Motor Vehicle in Transport"}}, {"type": "Feature", "geometry": {"type": "Point", "coordinates": [-96.3624, 36.5031]}, "properties": {"year": 2022, "fatalities": 1, "drunk": false, "pedestrian": false, "case_number": "400535", "date": "2022-12-14", "road": "SR-99", "county": "OSAGE (113)", "weather": "Clear", "light": "Daylight", "manner": "Front-to-Front"}}, {"type": "Feature", "geometry": {"type": "Point", "coordinates": [-95.89, 35.8722]}, "properties": {"year": 2022, "fatalities": 1, "drunk": false, "pedestrian": false, "case_number": "400536", "date": "2022-12-15", "road": "CR-MEMORIAL DR CR-N400", "county": "TULSA (143)", "weather": "Clear", "light": "Dark - Lighted", "manner": "The First Harmful Event was Not a Collision with a Motor Vehicle in Transport"}}, {"type": "Feature", "geometry": {"type": "Point", "coordinates": [-96.1009, 36.0749]}, "properties": {"year": 2022, "fatalities": 1, "drunk": false, "pedestrian": false, "case_number": "400550", "date": "2022-12-19", "road": "CR-S 97TH W AVE", "county": "CREEK (37)", "weather": "Cloudy", "light": "Dark - Not Lighted", "manner": "The First Harmful Event was Not a Collision with a Motor Vehicle in Transport"}}, {"type": "Feature", "geometry": {"type": "Point", "coordinates": [-95.7216, 36.214]}, "properties": {"year": 2022, "fatalities": 1, "drunk": false, "pedestrian": false, "case_number": "400556", "date": "2022-12-24", "road": "SR-66", "county": "ROGERS (131)", "weather": "Clear", "light": "Dark - Not Lighted", "manner": "The First Harmful Event was Not a Collision with a Motor Vehicle in Transport"}}, {"type": "Feature", "geometry": {"type": "Point", "coordinates": [-95.8864, 36.0583]}, "properties": {"year": 2022, "fatalities": 1, "drunk": false, "pedestrian": false, "case_number": "400559", "date": "2022-12-29", "road": "S MEMORIAL DR", "county": "TULSA (143)", "weather": "Clear", "light": "Dark - Lighted", "manner": "The First Harmful Event was Not a Collision with a Motor Vehicle in Transport"}}, {"type": "Feature", "geometry": {"type": "Point", "coordinates": [-95.86, 36.1643]}, "properties": {"year": 2022, "fatalities": 1, "drunk": false, "pedestrian": false, "case_number": "400563", "date": "2022-12-31", "road": "US-169 EXIT RAMP", "county": "TULSA (143)", "weather": "Clear", "light": "Daylight", "manner": "Front-to-Rear"}}]}