{
  "type": "FeatureCollection",
  "metadata": {
    "source": "GSP_RoadwayIncidents ArcGIS Feature Service",
    "bounding_box": {
      "xmin": -82.45,
      "ymin": 34.78,
      "xmax": -82.28,
      "ymax": 34.9
    },
    "cell_size_degrees": 0.002,
    "min_crashes_per_cell": 10,
    "total_crashes": 87649,
    "years": [
      2014,
      2015,
      2016,
      2017,
      2018,
      2019,
      2020,
      2021,
      2022,
      2023,
      2024
    ],
    "num_years": 11,
    "severity_breakdown": {
      "pdo": 67885,
      "injury": 19470,
      "fatal": 294,
      "unknown": 0
    },
    "pedestrian_total": 539
  },
  "features": [
    {
      "type": "Feature",
      "properties": {
        "crashes": 604,
        "injury": 120,
        "fatal": 0,
        "pedestrian": 1,
        "density": 54.9
      },
      "geometry": {
        "type": "Point",
        "coordinates": [
          -82.315,
          34.839
        ]
      }
    },
    {
      "type": "Feature",
      "properties": {
        "crashes": 584,
        "injury": 104,
        "fatal": 0,
        "pedestrian": 0,
        "density": 53.1
      },
      "geometry": {
        "type": "Point",
        "coordinates": [
          -82.317,
          34.837
        ]
      }
    },
    {
      "type": "Feature",
      "properties": {
        "crashes": 583,
        "injury": 102,
        "fatal": 0,
        "pedestrian": 1,
        "density": 53.0
      },
      "geometry": {
        "type": "Point",
        "coordinates": [
          -82.359,
          34.869
        ]
      }
    },
    {
      "type": "Feature",
      "properties": {
        "crashes": 576,
        "injury": 93,
        "fatal": 0,
        "pedestrian": 0,
        "density": 52.4
      },
      "geometry": {
        "type": "Point",
        "coordinates": [
          -82.303,
          34.829
        ]
      }
    },
    {
      "type": "Feature",
      "properties": {
        "crashes": 531,
        "injury": 57,
        "fatal": 0,
        "pedestrian": 0,
        "density": 48.3
      },
      "geometry": {
        "type": "Point",
        "coordinates": [
          -82.293,
          34.825
        ]
      }
    },
    {
      "type": "Feature",
      "properties": {
        "crashes": 498,
        "injury": 87,
        "fatal": 0,
        "pedestrian": 1,
        "density": 45.3
      },
      "geometry": {
        "type": "Point",
        "coordinates": [
          -82.313,
          34.841
        ]
      }
    },
    {
      "type": "Feature",
      "properties": {
        "crashes": 492,
        "injury": 115,
        "fatal": 0,
        "pedestrian": 0,
        "density": 44.7
      },
      "geometry": {
        "type": "Point",
        "coordinates": [
          -82.385,
          34.855
        ]
      }
    },
    {
      "type": "Feature",
      "properties": {
        "crashes": 473,
        "injury": 80,
        "fatal": 1,
        "pedestrian": 1,
        "density": 43.0
      },
      "geometry": {
        "type": "Point",
        "coordinates": [
          -82.335,
          34.853
        ]
      }
    },
    {
      "type": "Feature",
      "properties": {
        "crashes": 453,
        "injury": 113,
        "fatal": 1,
        "pedestrian": 4,
        "density": 41.2
      },
      "geometry": {
        "type": "Point",
        "coordinates": [
          -82.441,
          34.815
        ]
      }
    },
    {
      "type": "Feature",
      "properties": {
        "crashes": 451,
        "injury": 93,
        "fatal": 0,
        "pedestrian": 1,
        "density": 41.0
      },
      "geometry": {
        "type": "Point",
        "coordinates": [
          -82.335,
          34.857
        ]
      }
    },
    {
      "type": "Feature",
      "properties": {
        "crashes": 439,
        "injury": 80,
        "fatal": 0,
        "pedestrian": 0,
        "density": 39.9
      },
      "geometry": {
        "type": "Point",
        "coordinates": [
          -82.335,
          34.855
        ]
      }
    },
    {
      "type": "Feature",
      "properties": {
        "crashes": 438,
        "injury": 59,
        "fatal": 0,
        "pedestrian": 2,
        "density": 39.8
      },
      "geometry": {
        "type": "Point",
        "coordinates": [
          -82.407,
          34.891
        ]
      }
    },
    {
      "type": "Feature",
      "properties": {
        "crashes": 430,
        "injury": 53,
        "fatal": 0,
        "pedestrian": 0,
        "density": 39.1
      },
      "geometry": {
        "type": "Point",
        "coordinates": [
          -82.285,
          34.821
        ]
      }
    },
    {
      "type": "Feature",
      "properties": {
        "crashes": 409,
        "injury": 56,
        "fatal": 0,
        "pedestrian": 2,
        "density": 37.2
      },
      "geometry": {
        "type": "Point",
        "coordinates": [
          -82.395,
          34.853
        ]
      }
    },
    {
      "type": "Feature",
      "properties": {
        "crashes": 407,
        "injury": 56,
        "fatal": 0,
        "pedestrian": 0,
        "density": 37.0
      },
      "geometry": {
        "type": "Point",
        "coordinates": [
          -82.295,
          34.825
        ]
      }
    },
    {
      "type": "Feature",
      "properties": {
        "crashes": 404,
        "injury": 89,
        "fatal": 0,
        "pedestrian": 1,
        "density": 36.7
      },
      "geometry": {
        "type": "Point",
        "coordinates": [
          -82.395,
          34.825
        ]
      }
    },
    {
      "type": "Feature",
      "properties": {
        "crashes": 396,
        "injury": 59,
        "fatal": 1,
        "pedestrian": 0,
        "density": 36.0
      },
      "geometry": {
        "type": "Point",
        "coordinates": [
          -82.359,
          34.879
        ]
      }
    },
    {
      "type": "Feature",
      "properties": {
        "crashes": 376,
        "injury": 62,
        "fatal": 0,
        "pedestrian": 0,
        "density": 34.2
      },
      "geometry": {
        "type": "Point",
        "coordinates": [
          -82.329,
          34.873
        ]
      }
    },
    {
      "type": "Feature",
      "properties": {
        "crashes": 376,
        "injury": 57,
        "fatal": 0,
        "pedestrian": 1,
        "density": 34.2
      },
      "geometry": {
        "type": "Point",
        "coordinates": [
          -82.373,
          34.889
        ]
      }
    },
    {
      "type": "Feature",
      "properties": {
        "crashes": 374,
        "injury": 62,
        "fatal": 0,
        "pedestrian": 0,
        "density": 34.0
      },
      "geometry": {
        "type": "Point",
        "coordinates": [
          -82.291,
          34.823
        ]
      }
    },
    {
      "type": "Feature",
      "properties": {
        "crashes": 366,
        "injury": 91,
        "fatal": 0,
        "pedestrian": 0,
        "density": 33.3
      },
      "geometry": {
        "type": "Point",
        "coordinates": [
          -82.357,
          34.861
        ]
      }
    },
    {
      "type": "Feature",
      "properties": {
        "crashes": 365,
        "injury": 61,
        "fatal": 0,
        "pedestrian": 0,
        "density": 33.2
      },
      "geometry": {
        "type": "Point",
        "coordinates": [
          -82.335,
          34.859
        ]
      }
    },
    {
      "type": "Feature",
      "properties": {
        "crashes": 364,
        "injury": 66,
        "fatal": 0,
        "pedestrian": 0,
        "density": 33.1
      },
      "geometry": {
        "type": "Point",
        "coordinates": [
          -82.407,
          34.861
        ]
      }
    },
    {
      "type": "Feature",
      "properties": {
        "crashes": 355,
        "injury": 91,
        "fatal": 0,
        "pedestrian": 4,
        "density": 32.3
      },
      "geometry": {
        "type": "Point",
        "coordinates": [
          -82.401,
          34.855
        ]
      }
    },
    {
      "type": "Feature",
      "properties": {
        "crashes": 353,
        "injury": 64,
        "fatal": 0,
        "pedestrian": 0,
        "density": 32.1
      },
      "geometry": {
        "type": "Point",
        "coordinates": [
          -82.341,
          34.819
        ]
      }
    },
    {
      "type": "Feature",
      "properties": {
        "crashes": 352,
        "injury": 62,
        "fatal": 0,
        "pedestrian": 0,
        "density": 32.0
      },
      "geometry": {
        "type": "Point",
        "coordinates": [
          -82.337,
          34.849
        ]
      }
    },
    {
      "type": "Feature",
      "properties": {
        "crashes": 343,
        "injury": 65,
        "fatal": 0,
        "pedestrian": 0,
        "density": 31.2
      },
      "geometry": {
        "type": "Point",
        "coordinates": [
          -82.361,
          34.879
        ]
      }
    },
    {
      "type": "Feature",
      "properties": {
        "crashes": 340,
        "injury": 98,
        "fatal": 0,
        "pedestrian": 0,
        "density": 30.9
      },
      "geometry": {
        "type": "Point",
        "coordinates": [
          -82.425,
          34.799
        ]
      }
    },
    {
      "type": "Feature",
      "properties": {
        "crashes": 322,
        "injury": 48,
        "fatal": 0,
        "pedestrian": 0,
        "density": 29.3
      },
      "geometry": {
        "type": "Point",
        "coordinates": [
          -82.349,
          34.833
        ]
      }
    },
    {
      "type": "Feature",
      "properties": {
        "crashes": 317,
        "injury": 58,
        "fatal": 0,
        "pedestrian": 0,
        "density": 28.8
      },
      "geometry": {
        "type": "Point",
        "coordinates": [
          -82.287,
          34.839
        ]
      }
    },
    {
      "type": "Feature",
      "properties": {
        "crashes": 310,
        "injury": 52,
        "fatal": 1,
        "pedestrian": 0,
        "density": 28.2
      },
      "geometry": {
        "type": "Point",
        "coordinates": [
          -82.391,
          34.855
        ]
      }
    },
    {
      "type": "Feature",
      "properties": {
        "crashes": 310,
        "injury": 84,
        "fatal": 0,
        "pedestrian": 4,
        "density": 28.2
      },
      "geometry": {
        "type": "Point",
        "coordinates": [
          -82.405,
          34.863
        ]
      }
    },
    {
      "type": "Feature",
      "properties": {
        "crashes": 308,
        "injury": 70,
        "fatal": 1,
        "pedestrian": 4,
        "density": 28.0
      },
      "geometry": {
        "type": "Point",
        "coordinates": [
          -82.441,
          34.835
        ]
      }
    },
    {
      "type": "Feature",
      "properties": {
        "crashes": 307,
        "injury": 65,
        "fatal": 1,
        "pedestrian": 0,
        "density": 27.9
      },
      "geometry": {
        "type": "Point",
        "coordinates": [
          -82.425,
          34.801
        ]
      }
    },
    {
      "type": "Feature",
      "properties": {
        "crashes": 303,
        "injury": 107,
        "fatal": 1,
        "pedestrian": 1,
        "density": 27.5
      },
      "geometry": {
        "type": "Point",
        "coordinates": [
          -82.419,
          34.795
        ]
      }
    },
    {
      "type": "Feature",
      "properties": {
        "crashes": 302,
        "injury": 51,
        "fatal": 0,
        "pedestrian": 2,
        "density": 27.5
      },
      "geometry": {
        "type": "Point",
        "coordinates": [
          -82.305,
          34.831
        ]
      }
    },
    {
      "type": "Feature",
      "properties": {
        "crashes": 290,
        "injury": 34,
        "fatal": 0,
        "pedestrian": 2,
        "density": 26.4
      },
      "geometry": {
        "type": "Point",
        "coordinates": [
          -82.397,
          34.853
        ]
      }
    },
    {
      "type": "Feature",
      "properties": {
        "crashes": 281,
        "injury": 67,
        "fatal": 1,
        "pedestrian": 0,
        "density": 25.5
      },
      "geometry": {
        "type": "Point",
        "coordinates": [
          -82.395,
          34.851
        ]
      }
    },
    {
      "type": "Feature",
      "properties": {
        "crashes": 279,
        "injury": 73,
        "fatal": 1,
        "pedestrian": 3,
        "density": 25.4
      },
      "geometry": {
        "type": "Point",
        "coordinates": [
          -82.355,
          34.885
        ]
      }
    },
    {
      "type": "Feature",
      "properties": {
        "crashes": 277,
        "injury": 52,
        "fatal": 1,
        "pedestrian": 0,
        "density": 25.2
      },
      "geometry": {
        "type": "Point",
        "coordinates": [
          -82.305,
          34.829
        ]
      }
    },
    {
      "type": "Feature",
      "properties": {
        "crashes": 276,
        "injury": 48,
        "fatal": 0,
        "pedestrian": 0,
        "density": 25.1
      },
      "geometry": {
        "type": "Point",
        "coordinates": [
          -82.357,
          34.855
        ]
      }
    },
    {
      "type": "Feature",
      "properties": {
        "crashes": 271,
        "injury": 47,
        "fatal": 1,
        "pedestrian": 0,
        "density": 24.6
      },
      "geometry": {
        "type": "Point",
        "coordinates": [
          -82.285,
          34.841
        ]
      }
    },
    {
      "type": "Feature",
      "properties": {
        "crashes": 269,
        "injury": 42,
        "fatal": 1,
        "pedestrian": 0,
        "density": 24.5
      },
      "geometry": {
        "type": "Point",
        "coordinates": [
          -82.295,
          34.835
        ]
      }
    },
    {
      "type": "Feature",
      "properties": {
        "crashes": 267,
        "injury": 44,
        "fatal": 0,
        "pedestrian": 0,
        "density": 24.3
      },
      "geometry": {
        "type": "Point",
        "coordinates": [
          -82.293,
          34.829
        ]
      }
    },
    {
      "type": "Feature",
      "properties": {
        "crashes": 267,
        "injury": 60,
        "fatal": 0,
        "pedestrian": 0,
        "density": 24.3
      },
      "geometry": {
        "type": "Point",
        "coordinates": [
          -82.395,
          34.849
        ]
      }
    },
    {
      "type": "Feature",
      "properties": {
        "crashes": 266,
        "injury": 28,
        "fatal": 0,
        "pedestrian": 4,
        "density": 24.2
      },
      "geometry": {
        "type": "Point",
        "coordinates": [
          -82.399,
          34.853
        ]
      }
    },
    {
      "type": "Feature",
      "properties": {
        "crashes": 265,
        "injury": 40,
        "fatal": 0,
        "pedestrian": 0,
        "density": 24.1
      },
      "geometry": {
        "type": "Point",
        "coordinates": [
          -82.299,
          34.827
        ]
      }
    },
    {
      "type": "Feature",
      "properties": {
        "crashes": 265,
        "injury": 66,
        "fatal": 0,
        "pedestrian": 2,
        "density": 24.1
      },
      "geometry": {
        "type": "Point",
        "coordinates": [
          -82.429,
          34.871
        ]
      }
    },
    {
      "type": "Feature",
      "properties": {
        "crashes": 261,
        "injury": 46,
        "fatal": 1,
        "pedestrian": 1,
        "density": 23.7
      },
      "geometry": {
        "type": "Point",
        "coordinates": [
          -82.359,
          34.881
        ]
      }
    },
    {
      "type": "Feature",
      "properties": {
        "crashes": 257,
        "injury": 24,
        "fatal": 1,
        "pedestrian": 0,
        "density": 23.4
      },
      "geometry": {
        "type": "Point",
        "coordinates": [
          -82.405,
          34.891
        ]
      }
    },
    {
      "type": "Feature",
      "properties": {
        "crashes": 243,
        "injury": 50,
        "fatal": 2,
        "pedestrian": 1,
        "density": 22.1
      },
      "geometry": {
        "type": "Point",
        "coordinates": [
          -82.383,
          34.853
        ]
      }
    },
    {
      "type": "Feature",
      "properties": {
        "crashes": 240,
        "injury": 71,
        "fatal": 0,
        "pedestrian": 0,
        "density": 21.8
      },
      "geometry": {
        "type": "Point",
        "coordinates": [
          -82.369,
          34.831
        ]
      }
    },
    {
      "type": "Feature",
      "properties": {
        "crashes": 238,
        "injury": 75,
        "fatal": 0,
        "pedestrian": 2,
        "density": 21.6
      },
      "geometry": {
        "type": "Point",
        "coordinates": [
          -82.433,
          34.865
        ]
      }
    },
    {
      "type": "Feature",
      "properties": {
        "crashes": 233,
        "injury": 56,
        "fatal": 4,
        "pedestrian": 6,
        "density": 21.2
      },
      "geometry": {
        "type": "Point",
        "coordinates": [
          -82.375,
          34.803
        ]
      }
    },
    {
      "type": "Feature",
      "properties": {
        "crashes": 230,
        "injury": 24,
        "fatal": 0,
        "pedestrian": 0,
        "density": 20.9
      },
      "geometry": {
        "type": "Point",
        "coordinates": [
          -82.289,
          34.837
        ]
      }
    },
    {
      "type": "Feature",
      "properties": {
        "crashes": 229,
        "injury": 64,
        "fatal": 0,
        "pedestrian": 0,
        "density": 20.8
      },
      "geometry": {
        "type": "Point",
        "coordinates": [
          -82.395,
          34.861
        ]
      }
    },
    {
      "type": "Feature",
      "properties": {
        "crashes": 228,
        "injury": 58,
        "fatal": 0,
        "pedestrian": 1,
        "density": 20.7
      },
      "geometry": {
        "type": "Point",
        "coordinates": [
          -82.363,
          34.843
        ]
      }
    },
    {
      "type": "Feature",
      "properties": {
        "crashes": 226,
        "injury": 71,
        "fatal": 0,
        "pedestrian": 1,
        "density": 20.5
      },
      "geometry": {
        "type": "Point",
        "coordinates": [
          -82.419,
          34.845
        ]
      }
    },
    {
      "type": "Feature",
      "properties": {
        "crashes": 224,
        "injury": 55,
        "fatal": 1,
        "pedestrian": 0,
        "density": 20.4
      },
      "geometry": {
        "type": "Point",
        "coordinates": [
          -82.415,
          34.821
        ]
      }
    },
    {
      "type": "Feature",
      "properties": {
        "crashes": 221,
        "injury": 44,
        "fatal": 0,
        "pedestrian": 1,
        "density": 20.1
      },
      "geometry": {
        "type": "Point",
        "coordinates": [
          -82.301,
          34.827
        ]
      }
    },
    {
      "type": "Feature",
      "properties": {
        "crashes": 220,
        "injury": 24,
        "fatal": 0,
        "pedestrian": 0,
        "density": 20.0
      },
      "geometry": {
        "type": "Point",
        "coordinates": [
          -82.289,
          34.823
        ]
      }
    },
    {
      "type": "Feature",
      "properties": {
        "crashes": 220,
        "injury": 47,
        "fatal": 1,
        "pedestrian": 1,
        "density": 20.0
      },
      "geometry": {
        "type": "Point",
        "coordinates": [
          -82.379,
          34.851
        ]
      }
    },
    {
      "type": "Feature",
      "properties": {
        "crashes": 220,
        "injury": 30,
        "fatal": 0,
        "pedestrian": 0,
        "density": 20.0
      },
      "geometry": {
        "type": "Point",
        "coordinates": [
          -82.403,
          34.891
        ]
      }
    },
    {
      "type": "Feature",
      "properties": {
        "crashes": 219,
        "injury": 37,
        "fatal": 1,
        "pedestrian": 1,
        "density": 19.9
      },
      "geometry": {
        "type": "Point",
        "coordinates": [
          -82.357,
          34.869
        ]
      }
    },
    {
      "type": "Feature",
      "properties": {
        "crashes": 216,
        "injury": 62,
        "fatal": 1,
        "pedestrian": 0,
        "density": 19.6
      },
      "geometry": {
        "type": "Point",
        "coordinates": [
          -82.323,
          34.857
        ]
      }
    },
    {
      "type": "Feature",
      "properties": {
        "crashes": 216,
        "injury": 53,
        "fatal": 0,
        "pedestrian": 0,
        "density": 19.6
      },
      "geometry": {
        "type": "Point",
        "coordinates": [
          -82.357,
          34.867
        ]
      }
    },
    {
      "type": "Feature",
      "properties": {
        "crashes": 210,
        "injury": 47,
        "fatal": 0,
        "pedestrian": 2,
        "density": 19.1
      },
      "geometry": {
        "type": "Point",
        "coordinates": [
          -82.405,
          34.859
        ]
      }
    },
    {
      "type": "Feature",
      "properties": {
        "crashes": 207,
        "injury": 33,
        "fatal": 1,
        "pedestrian": 0,
        "density": 18.8
      },
      "geometry": {
        "type": "Point",
        "coordinates": [
          -82.283,
          34.821
        ]
      }
    },
    {
      "type": "Feature",
      "properties": {
        "crashes": 206,
        "injury": 40,
        "fatal": 0,
        "pedestrian": 4,
        "density": 18.7
      },
      "geometry": {
        "type": "Point",
        "coordinates": [
          -82.431,
          34.871
        ]
      }
    },
    {
      "type": "Feature",
      "properties": {
        "crashes": 205,
        "injury": 35,
        "fatal": 0,
        "pedestrian": 0,
        "density": 18.6
      },
      "geometry": {
        "type": "Point",
        "coordinates": [
          -82.333,
          34.811
        ]
      }
    },
    {
      "type": "Feature",
      "properties": {
        "crashes": 204,
        "injury": 19,
        "fatal": 0,
        "pedestrian": 0,
        "density": 18.5
      },
      "geometry": {
        "type": "Point",
        "coordinates": [
          -82.289,
          34.893
        ]
      }
    },
    {
      "type": "Feature",
      "properties": {
        "crashes": 203,
        "injury": 54,
        "fatal": 0,
        "pedestrian": 3,
        "density": 18.5
      },
      "geometry": {
        "type": "Point",
        "coordinates": [
          -82.403,
          34.851
        ]
      }
    },
    {
      "type": "Feature",
      "properties": {
        "crashes": 202,
        "injury": 42,
        "fatal": 2,
        "pedestrian": 0,
        "density": 18.4
      },
      "geometry": {
        "type": "Point",
        "coordinates": [
          -82.339,
          34.813
        ]
      }
    },
    {
      "type": "Feature",
      "properties": {
        "crashes": 201,
        "injury": 31,
        "fatal": 0,
        "pedestrian": 2,
        "density": 18.3
      },
      "geometry": {
        "type": "Point",
        "coordinates": [
          -82.281,
          34.821
        ]
      }
    },
    {
      "type": "Feature",
      "properties": {
        "crashes": 201,
        "injury": 34,
        "fatal": 0,
        "pedestrian": 0,
        "density": 18.3
      },
      "geometry": {
        "type": "Point",
        "coordinates": [
          -82.289,
          34.839
        ]
      }
    },
    {
      "type": "Feature",
      "properties": {
        "crashes": 196,
        "injury": 54,
        "fatal": 0,
        "pedestrian": 0,
        "density": 17.8
      },
      "geometry": {
        "type": "Point",
        "coordinates": [
          -82.417,
          34.817
        ]
      }
    },
    {
      "type": "Feature",
      "properties": {
        "crashes": 195,
        "injury": 53,
        "fatal": 1,
        "pedestrian": 0,
        "density": 17.7
      },
      "geometry": {
        "type": "Point",
        "coordinates": [
          -82.379,
          34.797
        ]
      }
    },
    {
      "type": "Feature",
      "properties": {
        "crashes": 195,
        "injury": 35,
        "fatal": 0,
        "pedestrian": 0,
        "density": 17.7
      },
      "geometry": {
        "type": "Point",
        "coordinates": [
          -82.333,
          34.809
        ]
      }
    },
    {
      "type": "Feature",
      "properties": {
        "crashes": 195,
        "injury": 28,
        "fatal": 0,
        "pedestrian": 0,
        "density": 17.7
      },
      "geometry": {
        "type": "Point",
        "coordinates": [
          -82.389,
          34.861
        ]
      }
    },
    {
      "type": "Feature",
      "properties": {
        "crashes": 195,
        "injury": 43,
        "fatal": 0,
        "pedestrian": 0,
        "density": 17.7
      },
      "geometry": {
        "type": "Point",
        "coordinates": [
          -82.357,
          34.863
        ]
      }
    },
    {
      "type": "Feature",
      "properties": {
        "crashes": 193,
        "injury": 46,
        "fatal": 0,
        "pedestrian": 0,
        "density": 17.5
      },
      "geometry": {
        "type": "Point",
        "coordinates": [
          -82.349,
          34.831
        ]
      }
    },
    {
      "type": "Feature",
      "properties": {
        "crashes": 190,
        "injury": 42,
        "fatal": 0,
        "pedestrian": 0,
        "density": 17.3
      },
      "geometry": {
        "type": "Point",
        "coordinates": [
          -82.379,
          34.807
        ]
      }
    },
    {
      "type": "Feature",
      "properties": {
        "crashes": 189,
        "injury": 33,
        "fatal": 0,
        "pedestrian": 0,
        "density": 17.2
      },
      "geometry": {
        "type": "Point",
        "coordinates": [
          -82.429,
          34.801
        ]
      }
    },
    {
      "type": "Feature",
      "properties": {
        "crashes": 189,
        "injury": 46,
        "fatal": 2,
        "pedestrian": 5,
        "density": 17.2
      },
      "geometry": {
        "type": "Point",
        "coordinates": [
          -82.405,
          34.867
        ]
      }
    },
    {
      "type": "Feature",
      "properties": {
        "crashes": 188,
        "injury": 44,
        "fatal": 0,
        "pedestrian": 0,
        "density": 17.1
      },
      "geometry": {
        "type": "Point",
        "coordinates": [
          -82.363,
          34.879
        ]
      }
    },
    {
      "type": "Feature",
      "properties": {
        "crashes": 186,
        "injury": 35,
        "fatal": 0,
        "pedestrian": 0,
        "density": 16.9
      },
      "geometry": {
        "type": "Point",
        "coordinates": [
          -82.315,
          34.837
        ]
      }
    },
    {
      "type": "Feature",
      "properties": {
        "crashes": 186,
        "injury": 41,
        "fatal": 0,
        "pedestrian": 1,
        "density": 16.9
      },
      "geometry": {
        "type": "Point",
        "coordinates": [
          -82.365,
          34.841
        ]
      }
    },
    {
      "type": "Feature",
      "properties": {
        "crashes": 186,
        "injury": 37,
        "fatal": 2,
        "pedestrian": 5,
        "density": 16.9
      },
      "geometry": {
        "type": "Point",
        "coordinates": [
          -82.413,
          34.865
        ]
      }
    },
    {
      "type": "Feature",
      "properties": {
        "crashes": 186,
        "injury": 59,
        "fatal": 1,
        "pedestrian": 0,
        "density": 16.9
      },
      "geometry": {
        "type": "Point",
        "coordinates": [
          -82.391,
          34.887
        ]
      }
    },
    {
      "type": "Feature",
      "properties": {
        "crashes": 184,
        "injury": 45,
        "fatal": 0,
        "pedestrian": 0,
        "density": 16.7
      },
      "geometry": {
        "type": "Point",
        "coordinates": [
          -82.357,
          34.839
        ]
      }
    },
    {
      "type": "Feature",
      "properties": {
        "crashes": 183,
        "injury": 47,
        "fatal": 0,
        "pedestrian": 2,
        "density": 16.6
      },
      "geometry": {
        "type": "Point",
        "coordinates": [
          -82.417,
          34.869
        ]
      }
    },
    {
      "type": "Feature",
      "properties": {
        "crashes": 181,
        "injury": 34,
        "fatal": 0,
        "pedestrian": 0,
        "density": 16.5
      },
      "geometry": {
        "type": "Point",
        "coordinates": [
          -82.347,
          34.831
        ]
      }
    },
    {
      "type": "Feature",
      "properties": {
        "crashes": 180,
        "injury": 39,
        "fatal": 0,
        "pedestrian": 1,
        "density": 16.4
      },
      "geometry": {
        "type": "Point",
        "coordinates": [
          -82.337,
          34.851
        ]
      }
    },
    {
      "type": "Feature",
      "properties": {
        "crashes": 179,
        "injury": 31,
        "fatal": 2,
        "pedestrian": 0,
        "density": 16.3
      },
      "geometry": {
        "type": "Point",
        "coordinates": [
          -82.337,
          34.813
        ]
      }
    },
    {
      "type": "Feature",
      "properties": {
        "crashes": 179,
        "injury": 48,
        "fatal": 1,
        "pedestrian": 1,
        "density": 16.3
      },
      "geometry": {
        "type": "Point",
        "coordinates": [
          -82.405,
          34.833
        ]
      }
    },
    {
      "type": "Feature",
      "properties": {
        "crashes": 179,
        "injury": 30,
        "fatal": 1,
        "pedestrian": 0,
        "density": 16.3
      },
      "geometry": {
        "type": "Point",
        "coordinates": [
          -82.297,
          34.833
        ]
      }
    },
    {
      "type": "Feature",
      "properties": {
        "crashes": 179,
        "injury": 33,
        "fatal": 0,
        "pedestrian": 1,
        "density": 16.3
      },
      "geometry": {
        "type": "Point",
        "coordinates": [
          -82.401,
          34.853
        ]
      }
    },
    {
      "type": "Feature",
      "properties": {
        "crashes": 179,
        "injury": 42,
        "fatal": 0,
        "pedestrian": 0,
        "density": 16.3
      },
      "geometry": {
        "type": "Point",
        "coordinates": [
          -82.355,
          34.869
        ]
      }
    },
    {
      "type": "Feature",
      "properties": {
        "crashes": 176,
        "injury": 33,
        "fatal": 1,
        "pedestrian": 0,
        "density": 16.0
      },
      "geometry": {
        "type": "Point",
        "coordinates": [
          -82.307,
          34.831
        ]
      }
    },
    {
      "type": "Feature",
      "properties": {
        "crashes": 175,
        "injury": 23,
        "fatal": 0,
        "pedestrian": 0,
        "density": 15.9
      },
      "geometry": {
        "type": "Point",
        "coordinates": [
          -82.281,
          34.837
        ]
      }
    },
    {
      "type": "Feature",
      "properties": {
        "crashes": 174,
        "injury": 38,
        "fatal": 3,
        "pedestrian": 1,
        "density": 15.8
      },
      "geometry": {
        "type": "Point",
        "coordinates": [
          -82.431,
          34.837
        ]
      }
    },
    {
      "type": "Feature",
      "properties": {
        "crashes": 173,
        "injury": 45,
        "fatal": 3,
        "pedestrian": 5,
        "density": 15.7
      },
      "geometry": {
        "type": "Point",
        "coordinates": [
          -82.345,
          34.893
        ]
      }
    },
    {
      "type": "Feature",
      "properties": {
        "crashes": 170,
        "injury": 27,
        "fatal": 0,
        "pedestrian": 3,
        "density": 15.5
      },
      "geometry": {
        "type": "Point",
        "coordinates": [
          -82.397,
          34.851
        ]
      }
    },
    {
      "type": "Feature",
      "properties": {
        "crashes": 170,
        "injury": 28,
        "fatal": 0,
        "pedestrian": 3,
        "density": 15.5
      },
      "geometry": {
        "type": "Point",
        "coordinates": [
          -82.411,
          34.847
        ]
      }
    },
    {
      "type": "Feature",
      "properties": {
        "crashes": 169,
        "injury": 33,
        "fatal": 0,
        "pedestrian": 0,
        "density": 15.4
      },
      "geometry": {
        "type": "Point",
        "coordinates": [
          -82.287,
          34.823
        ]
      }
    },
    {
      "type": "Feature",
      "properties": {
        "crashes": 169,
        "injury": 23,
        "fatal": 1,
        "pedestrian": 4,
        "density": 15.4
      },
      "geometry": {
        "type": "Point",
        "coordinates": [
          -82.399,
          34.851
        ]
      }
    },
    {
      "type": "Feature",
      "properties": {
        "crashes": 169,
        "injury": 36,
        "fatal": 0,
        "pedestrian": 1,
        "density": 15.4
      },
      "geometry": {
        "type": "Point",
        "coordinates": [
          -82.399,
          34.855
        ]
      }
    },
    {
      "type": "Feature",
      "properties": {
        "crashes": 166,
        "injury": 34,
        "fatal": 0,
        "pedestrian": 1,
        "density": 15.1
      },
      "geometry": {
        "type": "Point",
        "coordinates": [
          -82.403,
          34.857
        ]
      }
    },
    {
      "type": "Feature",
      "properties": {
        "crashes": 165,
        "injury": 48,
        "fatal": 1,
        "pedestrian": 1,
        "density": 15.0
      },
      "geometry": {
        "type": "Point",
        "coordinates": [
          -82.447,
          34.825
        ]
      }
    },
    {
      "type": "Feature",
      "properties": {
        "crashes": 164,
        "injury": 42,
        "fatal": 0,
        "pedestrian": 0,
        "density": 14.9
      },
      "geometry": {
        "type": "Point",
        "coordinates": [
          -82.377,
          34.787
        ]
      }
    },
    {
      "type": "Feature",
      "properties": {
        "crashes": 164,
        "injury": 39,
        "fatal": 0,
        "pedestrian": 0,
        "density": 14.9
      },
      "geometry": {
        "type": "Point",
        "coordinates": [
          -82.361,
          34.841
        ]
      }
    },
    {
      "type": "Feature",
      "properties": {
        "crashes": 162,
        "injury": 54,
        "fatal": 1,
        "pedestrian": 1,
        "density": 14.7
      },
      "geometry": {
        "type": "Point",
        "coordinates": [
          -82.431,
          34.823
        ]
      }
    },
    {
      "type": "Feature",
      "properties": {
        "crashes": 157,
        "injury": 35,
        "fatal": 2,
        "pedestrian": 2,
        "density": 14.3
      },
      "geometry": {
        "type": "Point",
        "coordinates": [
          -82.357,
          34.865
        ]
      }
    },
    {
      "type": "Feature",
      "properties": {
        "crashes": 157,
        "injury": 52,
        "fatal": 0,
        "pedestrian": 0,
        "density": 14.3
      },
      "geometry": {
        "type": "Point",
        "coordinates": [
          -82.421,
          34.871
        ]
      }
    },
    {
      "type": "Feature",
      "properties": {
        "crashes": 156,
        "injury": 29,
        "fatal": 0,
        "pedestrian": 0,
        "density": 14.2
      },
      "geometry": {
        "type": "Point",
        "coordinates": [
          -82.293,
          34.827
        ]
      }
    },
    {
      "type": "Feature",
      "properties": {
        "crashes": 155,
        "injury": 37,
        "fatal": 0,
        "pedestrian": 0,
        "density": 14.1
      },
      "geometry": {
        "type": "Point",
        "coordinates": [
          -82.391,
          34.851
        ]
      }
    },
    {
      "type": "Feature",
      "properties": {
        "crashes": 155,
        "injury": 28,
        "fatal": 1,
        "pedestrian": 3,
        "density": 14.1
      },
      "geometry": {
        "type": "Point",
        "coordinates": [
          -82.405,
          34.889
        ]
      }
    },
    {
      "type": "Feature",
      "properties": {
        "crashes": 154,
        "injury": 37,
        "fatal": 0,
        "pedestrian": 0,
        "density": 14.0
      },
      "geometry": {
        "type": "Point",
        "coordinates": [
          -82.281,
          34.845
        ]
      }
    },
    {
      "type": "Feature",
      "properties": {
        "crashes": 151,
        "injury": 26,
        "fatal": 0,
        "pedestrian": 0,
        "density": 13.7
      },
      "geometry": {
        "type": "Point",
        "coordinates": [
          -82.309,
          34.833
        ]
      }
    },
    {
      "type": "Feature",
      "properties": {
        "crashes": 151,
        "injury": 36,
        "fatal": 0,
        "pedestrian": 0,
        "density": 13.7
      },
      "geometry": {
        "type": "Point",
        "coordinates": [
          -82.363,
          34.841
        ]
      }
    },
    {
      "type": "Feature",
      "properties": {
        "crashes": 149,
        "injury": 52,
        "fatal": 0,
        "pedestrian": 0,
        "density": 13.5
      },
      "geometry": {
        "type": "Point",
        "coordinates": [
          -82.367,
          34.835
        ]
      }
    },
    {
      "type": "Feature",
      "properties": {
        "crashes": 149,
        "injury": 38,
        "fatal": 0,
        "pedestrian": 0,
        "density": 13.5
      },
      "geometry": {
        "type": "Point",
        "coordinates": [
          -82.353,
          34.835
        ]
      }
    },
    {
      "type": "Feature",
      "properties": {
        "crashes": 147,
        "injury": 34,
        "fatal": 2,
        "pedestrian": 2,
        "density": 13.4
      },
      "geometry": {
        "type": "Point",
        "coordinates": [
          -82.341,
          34.897
        ]
      }
    },
    {
      "type": "Feature",
      "properties": {
        "crashes": 146,
        "injury": 33,
        "fatal": 1,
        "pedestrian": 0,
        "density": 13.3
      },
      "geometry": {
        "type": "Point",
        "coordinates": [
          -82.439,
          34.811
        ]
      }
    },
    {
      "type": "Feature",
      "properties": {
        "crashes": 146,
        "injury": 28,
        "fatal": 0,
        "pedestrian": 0,
        "density": 13.3
      },
      "geometry": {
        "type": "Point",
        "coordinates": [
          -82.309,
          34.825
        ]
      }
    },
    {
      "type": "Feature",
      "properties": {
        "crashes": 146,
        "injury": 22,
        "fatal": 0,
        "pedestrian": 0,
        "density": 13.3
      },
      "geometry": {
        "type": "Point",
        "coordinates": [
          -82.293,
          34.835
        ]
      }
    },
    {
      "type": "Feature",
      "properties": {
        "crashes": 146,
        "injury": 28,
        "fatal": 0,
        "pedestrian": 0,
        "density": 13.3
      },
      "geometry": {
        "type": "Point",
        "coordinates": [
          -82.309,
          34.837
        ]
      }
    },
    {
      "type": "Feature",
      "properties": {
        "crashes": 146,
        "injury": 25,
        "fatal": 0,
        "pedestrian": 2,
        "density": 13.3
      },
      "geometry": {
        "type": "Point",
        "coordinates": [
          -82.295,
          34.893
        ]
      }
    },
    {
      "type": "Feature",
      "properties": {
        "crashes": 143,
        "injury": 34,
        "fatal": 1,
        "pedestrian": 2,
        "density": 13.0
      },
      "geometry": {
        "type": "Point",
        "coordinates": [
          -82.365,
          34.845
        ]
      }
    },
    {
      "type": "Feature",
      "properties": {
        "crashes": 143,
        "injury": 24,
        "fatal": 0,
        "pedestrian": 1,
        "density": 13.0
      },
      "geometry": {
        "type": "Point",
        "coordinates": [
          -82.399,
          34.849
        ]
      }
    },
    {
      "type": "Feature",
      "properties": {
        "crashes": 143,
        "injury": 40,
        "fatal": 1,
        "pedestrian": 0,
        "density": 13.0
      },
      "geometry": {
        "type": "Point",
        "coordinates": [
          -82.399,
          34.889
        ]
      }
    },
    {
      "type": "Feature",
      "properties": {
        "crashes": 142,
        "injury": 32,
        "fatal": 1,
        "pedestrian": 1,
        "density": 12.9
      },
      "geometry": {
        "type": "Point",
        "coordinates": [
          -82.291,
          34.817
        ]
      }
    },
    {
      "type": "Feature",
      "properties": {
        "crashes": 139,
        "injury": 38,
        "fatal": 1,
        "pedestrian": 0,
        "density": 12.6
      },
      "geometry": {
        "type": "Point",
        "coordinates": [
          -82.427,
          34.801
        ]
      }
    },
    {
      "type": "Feature",
      "properties": {
        "crashes": 139,
        "injury": 34,
        "fatal": 0,
        "pedestrian": 0,
        "density": 12.6
      },
      "geometry": {
        "type": "Point",
        "coordinates": [
          -82.427,
          34.819
        ]
      }
    },
    {
      "type": "Feature",
      "properties": {
        "crashes": 138,
        "injury": 21,
        "fatal": 0,
        "pedestrian": 0,
        "density": 12.5
      },
      "geometry": {
        "type": "Point",
        "coordinates": [
          -82.407,
          34.893
        ]
      }
    },
    {
      "type": "Feature",
      "properties": {
        "crashes": 137,
        "injury": 45,
        "fatal": 2,
        "pedestrian": 6,
        "density": 12.5
      },
      "geometry": {
        "type": "Point",
        "coordinates": [
          -82.377,
          34.791
        ]
      }
    },
    {
      "type": "Feature",
      "properties": {
        "crashes": 137,
        "injury": 22,
        "fatal": 0,
        "pedestrian": 0,
        "density": 12.5
      },
      "geometry": {
        "type": "Point",
        "coordinates": [
          -82.359,
          34.877
        ]
      }
    },
    {
      "type": "Feature",
      "properties": {
        "crashes": 137,
        "injury": 38,
        "fatal": 1,
        "pedestrian": 2,
        "density": 12.5
      },
      "geometry": {
        "type": "Point",
        "coordinates": [
          -82.413,
          34.899
        ]
      }
    },
    {
      "type": "Feature",
      "properties": {
        "crashes": 136,
        "injury": 16,
        "fatal": 1,
        "pedestrian": 0,
        "density": 12.4
      },
      "geometry": {
        "type": "Point",
        "coordinates": [
          -82.333,
          34.815
        ]
      }
    },
    {
      "type": "Feature",
      "properties": {
        "crashes": 135,
        "injury": 35,
        "fatal": 0,
        "pedestrian": 0,
        "density": 12.3
      },
      "geometry": {
        "type": "Point",
        "coordinates": [
          -82.375,
          34.805
        ]
      }
    },
    {
      "type": "Feature",
      "properties": {
        "crashes": 134,
        "injury": 32,
        "fatal": 2,
        "pedestrian": 1,
        "density": 12.2
      },
      "geometry": {
        "type": "Point",
        "coordinates": [
          -82.417,
          34.791
        ]
      }
    },
    {
      "type": "Feature",
      "properties": {
        "crashes": 134,
        "injury": 26,
        "fatal": 1,
        "pedestrian": 0,
        "density": 12.2
      },
      "geometry": {
        "type": "Point",
        "coordinates": [
          -82.303,
          34.887
        ]
      }
    },
    {
      "type": "Feature",
      "properties": {
        "crashes": 133,
        "injury": 19,
        "fatal": 0,
        "pedestrian": 0,
        "density": 12.1
      },
      "geometry": {
        "type": "Point",
        "coordinates": [
          -82.291,
          34.837
        ]
      }
    },
    {
      "type": "Feature",
      "properties": {
        "crashes": 133,
        "injury": 24,
        "fatal": 0,
        "pedestrian": 0,
        "density": 12.1
      },
      "geometry": {
        "type": "Point",
        "coordinates": [
          -82.357,
          34.857
        ]
      }
    },
    {
      "type": "Feature",
      "properties": {
        "crashes": 132,
        "injury": 33,
        "fatal": 0,
        "pedestrian": 2,
        "density": 12.0
      },
      "geometry": {
        "type": "Point",
        "coordinates": [
          -82.439,
          34.835
        ]
      }
    },
    {
      "type": "Feature",
      "properties": {
        "crashes": 131,
        "injury": 36,
        "fatal": 0,
        "pedestrian": 1,
        "density": 11.9
      },
      "geometry": {
        "type": "Point",
        "coordinates": [
          -82.343,
          34.811
        ]
      }
    },
    {
      "type": "Feature",
      "properties": {
        "crashes": 131,
        "injury": 18,
        "fatal": 0,
        "pedestrian": 0,
        "density": 11.9
      },
      "geometry": {
        "type": "Point",
        "coordinates": [
          -82.297,
          34.825
        ]
      }
    },
    {
      "type": "Feature",
      "properties": {
        "crashes": 130,
        "injury": 21,
        "fatal": 0,
        "pedestrian": 0,
        "density": 11.8
      },
      "geometry": {
        "type": "Point",
        "coordinates": [
          -82.335,
          34.813
        ]
      }
    },
    {
      "type": "Feature",
      "properties": {
        "crashes": 130,
        "injury": 28,
        "fatal": 0,
        "pedestrian": 0,
        "density": 11.8
      },
      "geometry": {
        "type": "Point",
        "coordinates": [
          -82.375,
          34.889
        ]
      }
    },
    {
      "type": "Feature",
      "properties": {
        "crashes": 128,
        "injury": 21,
        "fatal": 0,
        "pedestrian": 2,
        "density": 11.6
      },
      "geometry": {
        "type": "Point",
        "coordinates": [
          -82.405,
          34.869
        ]
      }
    },
    {
      "type": "Feature",
      "properties": {
        "crashes": 128,
        "injury": 24,
        "fatal": 0,
        "pedestrian": 0,
        "density": 11.6
      },
      "geometry": {
        "type": "Point",
        "coordinates": [
          -82.371,
          34.799
        ]
      }
    },
    {
      "type": "Feature",
      "properties": {
        "crashes": 128,
        "injury": 29,
        "fatal": 1,
        "pedestrian": 0,
        "density": 11.6
      },
      "geometry": {
        "type": "Point",
        "coordinates": [
          -82.417,
          34.889
        ]
      }
    },
    {
      "type": "Feature",
      "properties": {
        "crashes": 127,
        "injury": 28,
        "fatal": 0,
        "pedestrian": 0,
        "density": 11.5
      },
      "geometry": {
        "type": "Point",
        "coordinates": [
          -82.283,
          34.807
        ]
      }
    },
    {
      "type": "Feature",
      "properties": {
        "crashes": 127,
        "injury": 34,
        "fatal": 0,
        "pedestrian": 1,
        "density": 11.5
      },
      "geometry": {
        "type": "Point",
        "coordinates": [
          -82.381,
          34.831
        ]
      }
    },
    {
      "type": "Feature",
      "properties": {
        "crashes": 126,
        "injury": 38,
        "fatal": 0,
        "pedestrian": 0,
        "density": 11.5
      },
      "geometry": {
        "type": "Point",
        "coordinates": [
          -82.449,
          34.851
        ]
      }
    },
    {
      "type": "Feature",
      "properties": {
        "crashes": 126,
        "injury": 34,
        "fatal": 3,
        "pedestrian": 3,
        "density": 11.5
      },
      "geometry": {
        "type": "Point",
        "coordinates": [
          -82.445,
          34.855
        ]
      }
    },
    {
      "type": "Feature",
      "properties": {
        "crashes": 125,
        "injury": 30,
        "fatal": 0,
        "pedestrian": 0,
        "density": 11.4
      },
      "geometry": {
        "type": "Point",
        "coordinates": [
          -82.387,
          34.853
        ]
      }
    },
    {
      "type": "Feature",
      "properties": {
        "crashes": 125,
        "injury": 34,
        "fatal": 0,
        "pedestrian": 1,
        "density": 11.4
      },
      "geometry": {
        "type": "Point",
        "coordinates": [
          -82.383,
          34.811
        ]
      }
    },
    {
      "type": "Feature",
      "properties": {
        "crashes": 121,
        "injury": 23,
        "fatal": 0,
        "pedestrian": 0,
        "density": 11.0
      },
      "geometry": {
        "type": "Point",
        "coordinates": [
          -82.369,
          34.801
        ]
      }
    },
    {
      "type": "Feature",
      "properties": {
        "crashes": 121,
        "injury": 31,
        "fatal": 0,
        "pedestrian": 0,
        "density": 11.0
      },
      "geometry": {
        "type": "Point",
        "coordinates": [
          -82.403,
          34.831
        ]
      }
    },
    {
      "type": "Feature",
      "properties": {
        "crashes": 120,
        "injury": 25,
        "fatal": 0,
        "pedestrian": 0,
        "density": 10.9
      },
      "geometry": {
        "type": "Point",
        "coordinates": [
          -82.283,
          34.805
        ]
      }
    },
    {
      "type": "Feature",
      "properties": {
        "crashes": 120,
        "injury": 26,
        "fatal": 0,
        "pedestrian": 3,
        "density": 10.9
      },
      "geometry": {
        "type": "Point",
        "coordinates": [
          -82.397,
          34.849
        ]
      }
    },
    {
      "type": "Feature",
      "properties": {
        "crashes": 120,
        "injury": 35,
        "fatal": 0,
        "pedestrian": 2,
        "density": 10.9
      },
      "geometry": {
        "type": "Point",
        "coordinates": [
          -82.359,
          34.851
        ]
      }
    },
    {
      "type": "Feature",
      "properties": {
        "crashes": 119,
        "injury": 31,
        "fatal": 0,
        "pedestrian": 0,
        "density": 10.8
      },
      "geometry": {
        "type": "Point",
        "coordinates": [
          -82.403,
          34.793
        ]
      }
    },
    {
      "type": "Feature",
      "properties": {
        "crashes": 119,
        "injury": 22,
        "fatal": 0,
        "pedestrian": 0,
        "density": 10.8
      },
      "geometry": {
        "type": "Point",
        "coordinates": [
          -82.339,
          34.815
        ]
      }
    },
    {
      "type": "Feature",
      "properties": {
        "crashes": 119,
        "injury": 36,
        "fatal": 1,
        "pedestrian": 0,
        "density": 10.8
      },
      "geometry": {
        "type": "Point",
        "coordinates": [
          -82.357,
          34.859
        ]
      }
    },
    {
      "type": "Feature",
      "properties": {
        "crashes": 118,
        "injury": 23,
        "fatal": 0,
        "pedestrian": 0,
        "density": 10.7
      },
      "geometry": {
        "type": "Point",
        "coordinates": [
          -82.295,
          34.831
        ]
      }
    },
    {
      "type": "Feature",
      "properties": {
        "crashes": 116,
        "injury": 38,
        "fatal": 0,
        "pedestrian": 0,
        "density": 10.5
      },
      "geometry": {
        "type": "Point",
        "coordinates": [
          -82.369,
          34.821
        ]
      }
    },
    {
      "type": "Feature",
      "properties": {
        "crashes": 116,
        "injury": 26,
        "fatal": 0,
        "pedestrian": 0,
        "density": 10.5
      },
      "geometry": {
        "type": "Point",
        "coordinates": [
          -82.361,
          34.843
        ]
      }
    },
    {
      "type": "Feature",
      "properties": {
        "crashes": 115,
        "injury": 33,
        "fatal": 0,
        "pedestrian": 0,
        "density": 10.5
      },
      "geometry": {
        "type": "Point",
        "coordinates": [
          -82.415,
          34.787
        ]
      }
    },
    {
      "type": "Feature",
      "properties": {
        "crashes": 115,
        "injury": 23,
        "fatal": 0,
        "pedestrian": 0,
        "density": 10.5
      },
      "geometry": {
        "type": "Point",
        "coordinates": [
          -82.369,
          34.799
        ]
      }
    },
    {
      "type": "Feature",
      "properties": {
        "crashes": 115,
        "injury": 18,
        "fatal": 0,
        "pedestrian": 3,
        "density": 10.5
      },
      "geometry": {
        "type": "Point",
        "coordinates": [
          -82.407,
          34.841
        ]
      }
    },
    {
      "type": "Feature",
      "properties": {
        "crashes": 114,
        "injury": 29,
        "fatal": 0,
        "pedestrian": 1,
        "density": 10.4
      },
      "geometry": {
        "type": "Point",
        "coordinates": [
          -82.359,
          34.873
        ]
      }
    },
    {
      "type": "Feature",
      "properties": {
        "crashes": 113,
        "injury": 32,
        "fatal": 1,
        "pedestrian": 2,
        "density": 10.3
      },
      "geometry": {
        "type": "Point",
        "coordinates": [
          -82.397,
          34.857
        ]
      }
    },
    {
      "type": "Feature",
      "properties": {
        "crashes": 112,
        "injury": 20,
        "fatal": 0,
        "pedestrian": 0,
        "density": 10.2
      },
      "geometry": {
        "type": "Point",
        "coordinates": [
          -82.307,
          34.835
        ]
      }
    },
    {
      "type": "Feature",
      "properties": {
        "crashes": 112,
        "injury": 18,
        "fatal": 0,
        "pedestrian": 0,
        "density": 10.2
      },
      "geometry": {
        "type": "Point",
        "coordinates": [
          -82.387,
          34.859
        ]
      }
    },
    {
      "type": "Feature",
      "properties": {
        "crashes": 111,
        "injury": 21,
        "fatal": 0,
        "pedestrian": 0,
        "density": 10.1
      },
      "geometry": {
        "type": "Point",
        "coordinates": [
          -82.393,
          34.823
        ]
      }
    },
    {
      "type": "Feature",
      "properties": {
        "crashes": 111,
        "injury": 26,
        "fatal": 0,
        "pedestrian": 0,
        "density": 10.1
      },
      "geometry": {
        "type": "Point",
        "coordinates": [
          -82.301,
          34.829
        ]
      }
    },
    {
      "type": "Feature",
      "properties": {
        "crashes": 111,
        "injury": 36,
        "fatal": 0,
        "pedestrian": 0,
        "density": 10.1
      },
      "geometry": {
        "type": "Point",
        "coordinates": [
          -82.361,
          34.847
        ]
      }
    },
    {
      "type": "Feature",
      "properties": {
        "crashes": 111,
        "injury": 23,
        "fatal": 0,
        "pedestrian": 0,
        "density": 10.1
      },
      "geometry": {
        "type": "Point",
        "coordinates": [
          -82.353,
          34.885
        ]
      }
    },
    {
      "type": "Feature",
      "properties": {
        "crashes": 110,
        "injury": 25,
        "fatal": 0,
        "pedestrian": 4,
        "density": 10.0
      },
      "geometry": {
        "type": "Point",
        "coordinates": [
          -82.407,
          34.837
        ]
      }
    },
    {
      "type": "Feature",
      "properties": {
        "crashes": 110,
        "injury": 21,
        "fatal": 0,
        "pedestrian": 0,
        "density": 10.0
      },
      "geometry": {
        "type": "Point",
        "coordinates": [
          -82.325,
          34.847
        ]
      }
    },
    {
      "type": "Feature",
      "properties": {
        "crashes": 109,
        "injury": 29,
        "fatal": 0,
        "pedestrian": 0,
        "density": 9.9
      },
      "geometry": {
        "type": "Point",
        "coordinates": [
          -82.339,
          34.849
        ]
      }
    },
    {
      "type": "Feature",
      "properties": {
        "crashes": 109,
        "injury": 25,
        "fatal": 0,
        "pedestrian": 2,
        "density": 9.9
      },
      "geometry": {
        "type": "Point",
        "coordinates": [
          -82.401,
          34.851
        ]
      }
    },
    {
      "type": "Feature",
      "properties": {
        "crashes": 108,
        "injury": 20,
        "fatal": 0,
        "pedestrian": 0,
        "density": 9.8
      },
      "geometry": {
        "type": "Point",
        "coordinates": [
          -82.447,
          34.831
        ]
      }
    },
    {
      "type": "Feature",
      "properties": {
        "crashes": 107,
        "injury": 28,
        "fatal": 0,
        "pedestrian": 0,
        "density": 9.7
      },
      "geometry": {
        "type": "Point",
        "coordinates": [
          -82.347,
          34.829
        ]
      }
    },
    {
      "type": "Feature",
      "properties": {
        "crashes": 107,
        "injury": 23,
        "fatal": 1,
        "pedestrian": 3,
        "density": 9.7
      },
      "geometry": {
        "type": "Point",
        "coordinates": [
          -82.405,
          34.881
        ]
      }
    },
    {
      "type": "Feature",
      "properties": {
        "crashes": 106,
        "injury": 22,
        "fatal": 0,
        "pedestrian": 0,
        "density": 9.6
      },
      "geometry": {
        "type": "Point",
        "coordinates": [
          -82.393,
          34.861
        ]
      }
    },
    {
      "type": "Feature",
      "properties": {
        "crashes": 106,
        "injury": 22,
        "fatal": 0,
        "pedestrian": 1,
        "density": 9.6
      },
      "geometry": {
        "type": "Point",
        "coordinates": [
          -82.287,
          34.893
        ]
      }
    },
    {
      "type": "Feature",
      "properties": {
        "crashes": 105,
        "injury": 17,
        "fatal": 1,
        "pedestrian": 2,
        "density": 9.5
      },
      "geometry": {
        "type": "Point",
        "coordinates": [
          -82.375,
          34.781
        ]
      }
    },
    {
      "type": "Feature",
      "properties": {
        "crashes": 105,
        "injury": 24,
        "fatal": 0,
        "pedestrian": 2,
        "density": 9.5
      },
      "geometry": {
        "type": "Point",
        "coordinates": [
          -82.377,
          34.789
        ]
      }
    },
    {
      "type": "Feature",
      "properties": {
        "crashes": 104,
        "injury": 20,
        "fatal": 0,
        "pedestrian": 0,
        "density": 9.5
      },
      "geometry": {
        "type": "Point",
        "coordinates": [
          -82.405,
          34.847
        ]
      }
    },
    {
      "type": "Feature",
      "properties": {
        "crashes": 103,
        "injury": 29,
        "fatal": 0,
        "pedestrian": 1,
        "density": 9.4
      },
      "geometry": {
        "type": "Point",
        "coordinates": [
          -82.381,
          34.793
        ]
      }
    },
    {
      "type": "Feature",
      "properties": {
        "crashes": 103,
        "injury": 25,
        "fatal": 0,
        "pedestrian": 1,
        "density": 9.4
      },
      "geometry": {
        "type": "Point",
        "coordinates": [
          -82.363,
          34.799
        ]
      }
    },
    {
      "type": "Feature",
      "properties": {
        "crashes": 103,
        "injury": 18,
        "fatal": 1,
        "pedestrian": 2,
        "density": 9.4
      },
      "geometry": {
        "type": "Point",
        "coordinates": [
          -82.313,
          34.835
        ]
      }
    },
    {
      "type": "Feature",
      "properties": {
        "crashes": 102,
        "injury": 31,
        "fatal": 1,
        "pedestrian": 1,
        "density": 9.3
      },
      "geometry": {
        "type": "Point",
        "coordinates": [
          -82.411,
          34.785
        ]
      }
    },
    {
      "type": "Feature",
      "properties": {
        "crashes": 102,
        "injury": 26,
        "fatal": 0,
        "pedestrian": 0,
        "density": 9.3
      },
      "geometry": {
        "type": "Point",
        "coordinates": [
          -82.397,
          34.861
        ]
      }
    },
    {
      "type": "Feature",
      "properties": {
        "crashes": 100,
        "injury": 25,
        "fatal": 1,
        "pedestrian": 2,
        "density": 9.1
      },
      "geometry": {
        "type": "Point",
        "coordinates": [
          -82.387,
          34.819
        ]
      }
    },
    {
      "type": "Feature",
      "properties": {
        "crashes": 100,
        "injury": 39,
        "fatal": 1,
        "pedestrian": 2,
        "density": 9.1
      },
      "geometry": {
        "type": "Point",
        "coordinates": [
          -82.427,
          34.841
        ]
      }
    },
    {
      "type": "Feature",
      "properties": {
        "crashes": 99,
        "injury": 24,
        "fatal": 0,
        "pedestrian": 2,
        "density": 9.0
      },
      "geometry": {
        "type": "Point",
        "coordinates": [
          -82.429,
          34.839
        ]
      }
    },
    {
      "type": "Feature",
      "properties": {
        "crashes": 99,
        "injury": 39,
        "fatal": 2,
        "pedestrian": 4,
        "density": 9.0
      },
      "geometry": {
        "type": "Point",
        "coordinates": [
          -82.449,
          34.849
        ]
      }
    },
    {
      "type": "Feature",
      "properties": {
        "crashes": 98,
        "injury": 15,
        "fatal": 0,
        "pedestrian": 0,
        "density": 8.9
      },
      "geometry": {
        "type": "Point",
        "coordinates": [
          -82.399,
          34.839
        ]
      }
    },
    {
      "type": "Feature",
      "properties": {
        "crashes": 98,
        "injury": 12,
        "fatal": 0,
        "pedestrian": 0,
        "density": 8.9
      },
      "geometry": {
        "type": "Point",
        "coordinates": [
          -82.373,
          34.887
        ]
      }
    },
    {
      "type": "Feature",
      "properties": {
        "crashes": 97,
        "injury": 20,
        "fatal": 0,
        "pedestrian": 0,
        "density": 8.8
      },
      "geometry": {
        "type": "Point",
        "coordinates": [
          -82.329,
          34.849
        ]
      }
    },
    {
      "type": "Feature",
      "properties": {
        "crashes": 97,
        "injury": 23,
        "fatal": 0,
        "pedestrian": 0,
        "density": 8.8
      },
      "geometry": {
        "type": "Point",
        "coordinates": [
          -82.321,
          34.855
        ]
      }
    },
    {
      "type": "Feature",
      "properties": {
        "crashes": 96,
        "injury": 15,
        "fatal": 0,
        "pedestrian": 0,
        "density": 8.7
      },
      "geometry": {
        "type": "Point",
        "coordinates": [
          -82.335,
          34.811
        ]
      }
    },
    {
      "type": "Feature",
      "properties": {
        "crashes": 96,
        "injury": 26,
        "fatal": 0,
        "pedestrian": 2,
        "density": 8.7
      },
      "geometry": {
        "type": "Point",
        "coordinates": [
          -82.445,
          34.821
        ]
      }
    },
    {
      "type": "Feature",
      "properties": {
        "crashes": 96,
        "injury": 31,
        "fatal": 1,
        "pedestrian": 0,
        "density": 8.7
      },
      "geometry": {
        "type": "Point",
        "coordinates": [
          -82.403,
          34.863
        ]
      }
    },
    {
      "type": "Feature",
      "properties": {
        "crashes": 96,
        "injury": 17,
        "fatal": 0,
        "pedestrian": 0,
        "density": 8.7
      },
      "geometry": {
        "type": "Point",
        "coordinates": [
          -82.291,
          34.895
        ]
      }
    },
    {
      "type": "Feature",
      "properties": {
        "crashes": 95,
        "injury": 30,
        "fatal": 1,
        "pedestrian": 1,
        "density": 8.6
      },
      "geometry": {
        "type": "Point",
        "coordinates": [
          -82.377,
          34.799
        ]
      }
    },
    {
      "type": "Feature",
      "properties": {
        "crashes": 95,
        "injury": 27,
        "fatal": 1,
        "pedestrian": 0,
        "density": 8.6
      },
      "geometry": {
        "type": "Point",
        "coordinates": [
          -82.331,
          34.809
        ]
      }
    },
    {
      "type": "Feature",
      "properties": {
        "crashes": 95,
        "injury": 36,
        "fatal": 0,
        "pedestrian": 1,
        "density": 8.6
      },
      "geometry": {
        "type": "Point",
        "coordinates": [
          -82.415,
          34.819
        ]
      }
    },
    {
      "type": "Feature",
      "properties": {
        "crashes": 95,
        "injury": 17,
        "fatal": 0,
        "pedestrian": 0,
        "density": 8.6
      },
      "geometry": {
        "type": "Point",
        "coordinates": [
          -82.403,
          34.833
        ]
      }
    },
    {
      "type": "Feature",
      "properties": {
        "crashes": 95,
        "injury": 38,
        "fatal": 0,
        "pedestrian": 0,
        "density": 8.6
      },
      "geometry": {
        "type": "Point",
        "coordinates": [
          -82.439,
          34.861
        ]
      }
    },
    {
      "type": "Feature",
      "properties": {
        "crashes": 94,
        "injury": 14,
        "fatal": 1,
        "pedestrian": 1,
        "density": 8.5
      },
      "geometry": {
        "type": "Point",
        "coordinates": [
          -82.371,
          34.801
        ]
      }
    },
    {
      "type": "Feature",
      "properties": {
        "crashes": 94,
        "injury": 20,
        "fatal": 0,
        "pedestrian": 0,
        "density": 8.5
      },
      "geometry": {
        "type": "Point",
        "coordinates": [
          -82.399,
          34.829
        ]
      }
    },
    {
      "type": "Feature",
      "properties": {
        "crashes": 94,
        "injury": 15,
        "fatal": 1,
        "pedestrian": 0,
        "density": 8.5
      },
      "geometry": {
        "type": "Point",
        "coordinates": [
          -82.301,
          34.831
        ]
      }
    },
    {
      "type": "Feature",
      "properties": {
        "crashes": 94,
        "injury": 20,
        "fatal": 0,
        "pedestrian": 0,
        "density": 8.5
      },
      "geometry": {
        "type": "Point",
        "coordinates": [
          -82.385,
          34.859
        ]
      }
    },
    {
      "type": "Feature",
      "properties": {
        "crashes": 93,
        "injury": 30,
        "fatal": 0,
        "pedestrian": 0,
        "density": 8.5
      },
      "geometry": {
        "type": "Point",
        "coordinates": [
          -82.309,
          34.845
        ]
      }
    },
    {
      "type": "Feature",
      "properties": {
        "crashes": 93,
        "injury": 24,
        "fatal": 0,
        "pedestrian": 1,
        "density": 8.5
      },
      "geometry": {
        "type": "Point",
        "coordinates": [
          -82.401,
          34.863
        ]
      }
    },
    {
      "type": "Feature",
      "properties": {
        "crashes": 93,
        "injury": 24,
        "fatal": 1,
        "pedestrian": 1,
        "density": 8.5
      },
      "geometry": {
        "type": "Point",
        "coordinates": [
          -82.423,
          34.885
        ]
      }
    },
    {
      "type": "Feature",
      "properties": {
        "crashes": 92,
        "injury": 21,
        "fatal": 0,
        "pedestrian": 0,
        "density": 8.4
      },
      "geometry": {
        "type": "Point",
        "coordinates": [
          -82.355,
          34.803
        ]
      }
    },
    {
      "type": "Feature",
      "properties": {
        "crashes": 92,
        "injury": 14,
        "fatal": 0,
        "pedestrian": 0,
        "density": 8.4
      },
      "geometry": {
        "type": "Point",
        "coordinates": [
          -82.317,
          34.819
        ]
      }
    },
    {
      "type": "Feature",
      "properties": {
        "crashes": 92,
        "injury": 15,
        "fatal": 0,
        "pedestrian": 0,
        "density": 8.4
      },
      "geometry": {
        "type": "Point",
        "coordinates": [
          -82.393,
          34.853
        ]
      }
    },
    {
      "type": "Feature",
      "properties": {
        "crashes": 92,
        "injury": 21,
        "fatal": 2,
        "pedestrian": 0,
        "density": 8.4
      },
      "geometry": {
        "type": "Point",
        "coordinates": [
          -82.319,
          34.877
        ]
      }
    },
    {
      "type": "Feature",
      "properties": {
        "crashes": 91,
        "injury": 26,
        "fatal": 0,
        "pedestrian": 0,
        "density": 8.3
      },
      "geometry": {
        "type": "Point",
        "coordinates": [
          -82.399,
          34.827
        ]
      }
    },
    {
      "type": "Feature",
      "properties": {
        "crashes": 91,
        "injury": 24,
        "fatal": 0,
        "pedestrian": 0,
        "density": 8.3
      },
      "geometry": {
        "type": "Point",
        "coordinates": [
          -82.283,
          34.863
        ]
      }
    },
    {
      "type": "Feature",
      "properties": {
        "crashes": 91,
        "injury": 23,
        "fatal": 0,
        "pedestrian": 0,
        "density": 8.3
      },
      "geometry": {
        "type": "Point",
        "coordinates": [
          -82.339,
          34.899
        ]
      }
    },
    {
      "type": "Feature",
      "properties": {
        "crashes": 91,
        "injury": 20,
        "fatal": 0,
        "pedestrian": 1,
        "density": 8.3
      },
      "geometry": {
        "type": "Point",
        "coordinates": [
          -82.289,
          34.899
        ]
      }
    },
    {
      "type": "Feature",
      "properties": {
        "crashes": 90,
        "injury": 21,
        "fatal": 0,
        "pedestrian": 0,
        "density": 8.2
      },
      "geometry": {
        "type": "Point",
        "coordinates": [
          -82.393,
          34.825
        ]
      }
    },
    {
      "type": "Feature",
      "properties": {
        "crashes": 90,
        "injury": 20,
        "fatal": 0,
        "pedestrian": 0,
        "density": 8.2
      },
      "geometry": {
        "type": "Point",
        "coordinates": [
          -82.305,
          34.835
        ]
      }
    },
    {
      "type": "Feature",
      "properties": {
        "crashes": 90,
        "injury": 13,
        "fatal": 0,
        "pedestrian": 1,
        "density": 8.2
      },
      "geometry": {
        "type": "Point",
        "coordinates": [
          -82.405,
          34.845
        ]
      }
    },
    {
      "type": "Feature",
      "properties": {
        "crashes": 90,
        "injury": 25,
        "fatal": 0,
        "pedestrian": 4,
        "density": 8.2
      },
      "geometry": {
        "type": "Point",
        "coordinates": [
          -82.429,
          34.847
        ]
      }
    },
    {
      "type": "Feature",
      "properties": {
        "crashes": 90,
        "injury": 27,
        "fatal": 0,
        "pedestrian": 1,
        "density": 8.2
      },
      "geometry": {
        "type": "Point",
        "coordinates": [
          -82.427,
          34.863
        ]
      }
    },
    {
      "type": "Feature",
      "properties": {
        "crashes": 89,
        "injury": 19,
        "fatal": 0,
        "pedestrian": 0,
        "density": 8.1
      },
      "geometry": {
        "type": "Point",
        "coordinates": [
          -82.311,
          34.825
        ]
      }
    },
    {
      "type": "Feature",
      "properties": {
        "crashes": 89,
        "injury": 25,
        "fatal": 0,
        "pedestrian": 0,
        "density": 8.1
      },
      "geometry": {
        "type": "Point",
        "coordinates": [
          -82.283,
          34.877
        ]
      }
    },
    {
      "type": "Feature",
      "properties": {
        "crashes": 88,
        "injury": 11,
        "fatal": 0,
        "pedestrian": 0,
        "density": 8.0
      },
      "geometry": {
        "type": "Point",
        "coordinates": [
          -82.281,
          34.847
        ]
      }
    },
    {
      "type": "Feature",
      "properties": {
        "crashes": 88,
        "injury": 24,
        "fatal": 0,
        "pedestrian": 1,
        "density": 8.0
      },
      "geometry": {
        "type": "Point",
        "coordinates": [
          -82.385,
          34.863
        ]
      }
    },
    {
      "type": "Feature",
      "properties": {
        "crashes": 87,
        "injury": 19,
        "fatal": 0,
        "pedestrian": 0,
        "density": 7.9
      },
      "geometry": {
        "type": "Point",
        "coordinates": [
          -82.335,
          34.815
        ]
      }
    },
    {
      "type": "Feature",
      "properties": {
        "crashes": 86,
        "injury": 19,
        "fatal": 0,
        "pedestrian": 0,
        "density": 7.8
      },
      "geometry": {
        "type": "Point",
        "coordinates": [
          -82.305,
          34.827
        ]
      }
    },
    {
      "type": "Feature",
      "properties": {
        "crashes": 86,
        "injury": 24,
        "fatal": 0,
        "pedestrian": 0,
        "density": 7.8
      },
      "geometry": {
        "type": "Point",
        "coordinates": [
          -82.299,
          34.831
        ]
      }
    },
    {
      "type": "Feature",
      "properties": {
        "crashes": 86,
        "injury": 17,
        "fatal": 0,
        "pedestrian": 0,
        "density": 7.8
      },
      "geometry": {
        "type": "Point",
        "coordinates": [
          -82.385,
          34.857
        ]
      }
    },
    {
      "type": "Feature",
      "properties": {
        "crashes": 85,
        "injury": 19,
        "fatal": 0,
        "pedestrian": 1,
        "density": 7.7
      },
      "geometry": {
        "type": "Point",
        "coordinates": [
          -82.399,
          34.841
        ]
      }
    },
    {
      "type": "Feature",
      "properties": {
        "crashes": 85,
        "injury": 27,
        "fatal": 0,
        "pedestrian": 0,
        "density": 7.7
      },
      "geometry": {
        "type": "Point",
        "coordinates": [
          -82.361,
          34.849
        ]
      }
    },
    {
      "type": "Feature",
      "properties": {
        "crashes": 85,
        "injury": 14,
        "fatal": 0,
        "pedestrian": 0,
        "density": 7.7
      },
      "geometry": {
        "type": "Point",
        "coordinates": [
          -82.325,
          34.857
        ]
      }
    },
    {
      "type": "Feature",
      "properties": {
        "crashes": 84,
        "injury": 31,
        "fatal": 0,
        "pedestrian": 0,
        "density": 7.6
      },
      "geometry": {
        "type": "Point",
        "coordinates": [
          -82.345,
          34.835
        ]
      }
    },
    {
      "type": "Feature",
      "properties": {
        "crashes": 84,
        "injury": 15,
        "fatal": 1,
        "pedestrian": 1,
        "density": 7.6
      },
      "geometry": {
        "type": "Point",
        "coordinates": [
          -82.433,
          34.837
        ]
      }
    },
    {
      "type": "Feature",
      "properties": {
        "crashes": 84,
        "injury": 18,
        "fatal": 0,
        "pedestrian": 0,
        "density": 7.6
      },
      "geometry": {
        "type": "Point",
        "coordinates": [
          -82.311,
          34.837
        ]
      }
    },
    {
      "type": "Feature",
      "properties": {
        "crashes": 84,
        "injury": 18,
        "fatal": 0,
        "pedestrian": 1,
        "density": 7.6
      },
      "geometry": {
        "type": "Point",
        "coordinates": [
          -82.405,
          34.887
        ]
      }
    },
    {
      "type": "Feature",
      "properties": {
        "crashes": 83,
        "injury": 27,
        "fatal": 1,
        "pedestrian": 2,
        "density": 7.5
      },
      "geometry": {
        "type": "Point",
        "coordinates": [
          -82.377,
          34.801
        ]
      }
    },
    {
      "type": "Feature",
      "properties": {
        "crashes": 83,
        "injury": 19,
        "fatal": 1,
        "pedestrian": 1,
        "density": 7.5
      },
      "geometry": {
        "type": "Point",
        "coordinates": [
          -82.433,
          34.805
        ]
      }
    },
    {
      "type": "Feature",
      "properties": {
        "crashes": 83,
        "injury": 20,
        "fatal": 0,
        "pedestrian": 0,
        "density": 7.5
      },
      "geometry": {
        "type": "Point",
        "coordinates": [
          -82.405,
          34.831
        ]
      }
    },
    {
      "type": "Feature",
      "properties": {
        "crashes": 83,
        "injury": 30,
        "fatal": 0,
        "pedestrian": 2,
        "density": 7.5
      },
      "geometry": {
        "type": "Point",
        "coordinates": [
          -82.437,
          34.835
        ]
      }
    },
    {
      "type": "Feature",
      "properties": {
        "crashes": 83,
        "injury": 27,
        "fatal": 1,
        "pedestrian": 8,
        "density": 7.5
      },
      "geometry": {
        "type": "Point",
        "coordinates": [
          -82.403,
          34.849
        ]
      }
    },
    {
      "type": "Feature",
      "properties": {
        "crashes": 83,
        "injury": 19,
        "fatal": 0,
        "pedestrian": 0,
        "density": 7.5
      },
      "geometry": {
        "type": "Point",
        "coordinates": [
          -82.351,
          34.859
        ]
      }
    },
    {
      "type": "Feature",
      "properties": {
        "crashes": 82,
        "injury": 15,
        "fatal": 0,
        "pedestrian": 0,
        "density": 7.5
      },
      "geometry": {
        "type": "Point",
        "coordinates": [
          -82.429,
          34.803
        ]
      }
    },
    {
      "type": "Feature",
      "properties": {
        "crashes": 82,
        "injury": 23,
        "fatal": 0,
        "pedestrian": 0,
        "density": 7.5
      },
      "geometry": {
        "type": "Point",
        "coordinates": [
          -82.303,
          34.835
        ]
      }
    },
    {
      "type": "Feature",
      "properties": {
        "crashes": 82,
        "injury": 32,
        "fatal": 3,
        "pedestrian": 4,
        "density": 7.5
      },
      "geometry": {
        "type": "Point",
        "coordinates": [
          -82.445,
          34.839
        ]
      }
    },
    {
      "type": "Feature",
      "properties": {
        "crashes": 82,
        "injury": 13,
        "fatal": 0,
        "pedestrian": 0,
        "density": 7.5
      },
      "geometry": {
        "type": "Point",
        "coordinates": [
          -82.389,
          34.853
        ]
      }
    },
    {
      "type": "Feature",
      "properties": {
        "crashes": 81,
        "injury": 15,
        "fatal": 0,
        "pedestrian": 0,
        "density": 7.4
      },
      "geometry": {
        "type": "Point",
        "coordinates": [
          -82.369,
          34.833
        ]
      }
    },
    {
      "type": "Feature",
      "properties": {
        "crashes": 81,
        "injury": 25,
        "fatal": 0,
        "pedestrian": 1,
        "density": 7.4
      },
      "geometry": {
        "type": "Point",
        "coordinates": [
          -82.365,
          34.839
        ]
      }
    },
    {
      "type": "Feature",
      "properties": {
        "crashes": 81,
        "injury": 23,
        "fatal": 1,
        "pedestrian": 4,
        "density": 7.4
      },
      "geometry": {
        "type": "Point",
        "coordinates": [
          -82.405,
          34.861
        ]
      }
    },
    {
      "type": "Feature",
      "properties": {
        "crashes": 81,
        "injury": 17,
        "fatal": 0,
        "pedestrian": 0,
        "density": 7.4
      },
      "geometry": {
        "type": "Point",
        "coordinates": [
          -82.359,
          34.871
        ]
      }
    },
    {
      "type": "Feature",
      "properties": {
        "crashes": 80,
        "injury": 12,
        "fatal": 0,
        "pedestrian": 0,
        "density": 7.3
      },
      "geometry": {
        "type": "Point",
        "coordinates": [
          -82.437,
          34.791
        ]
      }
    },
    {
      "type": "Feature",
      "properties": {
        "crashes": 80,
        "injury": 24,
        "fatal": 0,
        "pedestrian": 0,
        "density": 7.3
      },
      "geometry": {
        "type": "Point",
        "coordinates": [
          -82.405,
          34.835
        ]
      }
    },
    {
      "type": "Feature",
      "properties": {
        "crashes": 80,
        "injury": 18,
        "fatal": 0,
        "pedestrian": 0,
        "density": 7.3
      },
      "geometry": {
        "type": "Point",
        "coordinates": [
          -82.359,
          34.841
        ]
      }
    },
    {
      "type": "Feature",
      "properties": {
        "crashes": 80,
        "injury": 26,
        "fatal": 0,
        "pedestrian": 0,
        "density": 7.3
      },
      "geometry": {
        "type": "Point",
        "coordinates": [
          -82.407,
          34.847
        ]
      }
    },
    {
      "type": "Feature",
      "properties": {
        "crashes": 80,
        "injury": 8,
        "fatal": 0,
        "pedestrian": 1,
        "density": 7.3
      },
      "geometry": {
        "type": "Point",
        "coordinates": [
          -82.391,
          34.853
        ]
      }
    },
    {
      "type": "Feature",
      "properties": {
        "crashes": 80,
        "injury": 12,
        "fatal": 0,
        "pedestrian": 0,
        "density": 7.3
      },
      "geometry": {
        "type": "Point",
        "coordinates": [
          -82.331,
          34.853
        ]
      }
    },
    {
      "type": "Feature",
      "properties": {
        "crashes": 80,
        "injury": 27,
        "fatal": 0,
        "pedestrian": 3,
        "density": 7.3
      },
      "geometry": {
        "type": "Point",
        "coordinates": [
          -82.449,
          34.853
        ]
      }
    },
    {
      "type": "Feature",
      "properties": {
        "crashes": 80,
        "injury": 16,
        "fatal": 0,
        "pedestrian": 0,
        "density": 7.3
      },
      "geometry": {
        "type": "Point",
        "coordinates": [
          -82.285,
          34.893
        ]
      }
    },
    {
      "type": "Feature",
      "properties": {
        "crashes": 80,
        "injury": 16,
        "fatal": 1,
        "pedestrian": 1,
        "density": 7.3
      },
      "geometry": {
        "type": "Point",
        "coordinates": [
          -82.365,
          34.897
        ]
      }
    },
    {
      "type": "Feature",
      "properties": {
        "crashes": 79,
        "injury": 24,
        "fatal": 0,
        "pedestrian": 1,
        "density": 7.2
      },
      "geometry": {
        "type": "Point",
        "coordinates": [
          -82.415,
          34.789
        ]
      }
    },
    {
      "type": "Feature",
      "properties": {
        "crashes": 79,
        "injury": 13,
        "fatal": 0,
        "pedestrian": 0,
        "density": 7.2
      },
      "geometry": {
        "type": "Point",
        "coordinates": [
          -82.321,
          34.819
        ]
      }
    },
    {
      "type": "Feature",
      "properties": {
        "crashes": 79,
        "injury": 17,
        "fatal": 0,
        "pedestrian": 0,
        "density": 7.2
      },
      "geometry": {
        "type": "Point",
        "coordinates": [
          -82.445,
          34.819
        ]
      }
    },
    {
      "type": "Feature",
      "properties": {
        "crashes": 79,
        "injury": 18,
        "fatal": 0,
        "pedestrian": 0,
        "density": 7.2
      },
      "geometry": {
        "type": "Point",
        "coordinates": [
          -82.345,
          34.825
        ]
      }
    },
    {
      "type": "Feature",
      "properties": {
        "crashes": 79,
        "injury": 20,
        "fatal": 0,
        "pedestrian": 0,
        "density": 7.2
      },
      "geometry": {
        "type": "Point",
        "coordinates": [
          -82.329,
          34.851
        ]
      }
    },
    {
      "type": "Feature",
      "properties": {
        "crashes": 79,
        "injury": 13,
        "fatal": 0,
        "pedestrian": 0,
        "density": 7.2
      },
      "geometry": {
        "type": "Point",
        "coordinates": [
          -82.359,
          34.875
        ]
      }
    },
    {
      "type": "Feature",
      "properties": {
        "crashes": 79,
        "injury": 14,
        "fatal": 0,
        "pedestrian": 0,
        "density": 7.2
      },
      "geometry": {
        "type": "Point",
        "coordinates": [
          -82.291,
          34.893
        ]
      }
    },
    {
      "type": "Feature",
      "properties": {
        "crashes": 78,
        "injury": 16,
        "fatal": 0,
        "pedestrian": 0,
        "density": 7.1
      },
      "geometry": {
        "type": "Point",
        "coordinates": [
          -82.307,
          34.827
        ]
      }
    },
    {
      "type": "Feature",
      "properties": {
        "crashes": 78,
        "injury": 14,
        "fatal": 0,
        "pedestrian": 0,
        "density": 7.1
      },
      "geometry": {
        "type": "Point",
        "coordinates": [
          -82.371,
          34.831
        ]
      }
    },
    {
      "type": "Feature",
      "properties": {
        "crashes": 78,
        "injury": 27,
        "fatal": 1,
        "pedestrian": 1,
        "density": 7.1
      },
      "geometry": {
        "type": "Point",
        "coordinates": [
          -82.445,
          34.835
        ]
      }
    },
    {
      "type": "Feature",
      "properties": {
        "crashes": 78,
        "injury": 19,
        "fatal": 1,
        "pedestrian": 0,
        "density": 7.1
      },
      "geometry": {
        "type": "Point",
        "coordinates": [
          -82.355,
          34.857
        ]
      }
    },
    {
      "type": "Feature",
      "properties": {
        "crashes": 77,
        "injury": 16,
        "fatal": 0,
        "pedestrian": 1,
        "density": 7.0
      },
      "geometry": {
        "type": "Point",
        "coordinates": [
          -82.447,
          34.829
        ]
      }
    },
    {
      "type": "Feature",
      "properties": {
        "crashes": 76,
        "injury": 8,
        "fatal": 0,
        "pedestrian": 0,
        "density": 6.9
      },
      "geometry": {
        "type": "Point",
        "coordinates": [
          -82.397,
          34.827
        ]
      }
    },
    {
      "type": "Feature",
      "properties": {
        "crashes": 76,
        "injury": 13,
        "fatal": 1,
        "pedestrian": 1,
        "density": 6.9
      },
      "geometry": {
        "type": "Point",
        "coordinates": [
          -82.445,
          34.787
        ]
      }
    },
    {
      "type": "Feature",
      "properties": {
        "crashes": 76,
        "injury": 18,
        "fatal": 0,
        "pedestrian": 1,
        "density": 6.9
      },
      "geometry": {
        "type": "Point",
        "coordinates": [
          -82.419,
          34.793
        ]
      }
    },
    {
      "type": "Feature",
      "properties": {
        "crashes": 76,
        "injury": 10,
        "fatal": 0,
        "pedestrian": 0,
        "density": 6.9
      },
      "geometry": {
        "type": "Point",
        "coordinates": [
          -82.417,
          34.823
        ]
      }
    },
    {
      "type": "Feature",
      "properties": {
        "crashes": 76,
        "injury": 15,
        "fatal": 0,
        "pedestrian": 0,
        "density": 6.9
      },
      "geometry": {
        "type": "Point",
        "coordinates": [
          -82.409,
          34.893
        ]
      }
    },
    {
      "type": "Feature",
      "properties": {
        "crashes": 75,
        "injury": 20,
        "fatal": 1,
        "pedestrian": 1,
        "density": 6.8
      },
      "geometry": {
        "type": "Point",
        "coordinates": [
          -82.433,
          34.807
        ]
      }
    },
    {
      "type": "Feature",
      "properties": {
        "crashes": 75,
        "injury": 13,
        "fatal": 0,
        "pedestrian": 0,
        "density": 6.8
      },
      "geometry": {
        "type": "Point",
        "coordinates": [
          -82.391,
          34.823
        ]
      }
    },
    {
      "type": "Feature",
      "properties": {
        "crashes": 75,
        "injury": 20,
        "fatal": 0,
        "pedestrian": 1,
        "density": 6.8
      },
      "geometry": {
        "type": "Point",
        "coordinates": [
          -82.401,
          34.829
        ]
      }
    },
    {
      "type": "Feature",
      "properties": {
        "crashes": 75,
        "injury": 17,
        "fatal": 0,
        "pedestrian": 0,
        "density": 6.8
      },
      "geometry": {
        "type": "Point",
        "coordinates": [
          -82.295,
          34.833
        ]
      }
    },
    {
      "type": "Feature",
      "properties": {
        "crashes": 75,
        "injury": 21,
        "fatal": 0,
        "pedestrian": 0,
        "density": 6.8
      },
      "geometry": {
        "type": "Point",
        "coordinates": [
          -82.317,
          34.839
        ]
      }
    },
    {
      "type": "Feature",
      "properties": {
        "crashes": 75,
        "injury": 23,
        "fatal": 0,
        "pedestrian": 1,
        "density": 6.8
      },
      "geometry": {
        "type": "Point",
        "coordinates": [
          -82.409,
          34.843
        ]
      }
    },
    {
      "type": "Feature",
      "properties": {
        "crashes": 75,
        "injury": 20,
        "fatal": 0,
        "pedestrian": 0,
        "density": 6.8
      },
      "geometry": {
        "type": "Point",
        "coordinates": [
          -82.343,
          34.845
        ]
      }
    },
    {
      "type": "Feature",
      "properties": {
        "crashes": 75,
        "injury": 25,
        "fatal": 3,
        "pedestrian": 2,
        "density": 6.8
      },
      "geometry": {
        "type": "Point",
        "coordinates": [
          -82.447,
          34.847
        ]
      }
    },
    {
      "type": "Feature",
      "properties": {
        "crashes": 75,
        "injury": 23,
        "fatal": 1,
        "pedestrian": 3,
        "density": 6.8
      },
      "geometry": {
        "type": "Point",
        "coordinates": [
          -82.435,
          34.871
        ]
      }
    },
    {
      "type": "Feature",
      "properties": {
        "crashes": 74,
        "injury": 14,
        "fatal": 0,
        "pedestrian": 0,
        "density": 6.7
      },
      "geometry": {
        "type": "Point",
        "coordinates": [
          -82.291,
          34.819
        ]
      }
    },
    {
      "type": "Feature",
      "properties": {
        "crashes": 74,
        "injury": 14,
        "fatal": 1,
        "pedestrian": 0,
        "density": 6.7
      },
      "geometry": {
        "type": "Point",
        "coordinates": [
          -82.295,
          34.829
        ]
      }
    },
    {
      "type": "Feature",
      "properties": {
        "crashes": 74,
        "injury": 20,
        "fatal": 0,
        "pedestrian": 1,
        "density": 6.7
      },
      "geometry": {
        "type": "Point",
        "coordinates": [
          -82.405,
          34.837
        ]
      }
    },
    {
      "type": "Feature",
      "properties": {
        "crashes": 74,
        "injury": 12,
        "fatal": 0,
        "pedestrian": 0,
        "density": 6.7
      },
      "geometry": {
        "type": "Point",
        "coordinates": [
          -82.283,
          34.843
        ]
      }
    },
    {
      "type": "Feature",
      "properties": {
        "crashes": 74,
        "injury": 20,
        "fatal": 0,
        "pedestrian": 0,
        "density": 6.7
      },
      "geometry": {
        "type": "Point",
        "coordinates": [
          -82.347,
          34.891
        ]
      }
    },
    {
      "type": "Feature",
      "properties": {
        "crashes": 73,
        "injury": 9,
        "fatal": 0,
        "pedestrian": 0,
        "density": 6.6
      },
      "geometry": {
        "type": "Point",
        "coordinates": [
          -82.377,
          34.797
        ]
      }
    },
    {
      "type": "Feature",
      "properties": {
        "crashes": 73,
        "injury": 24,
        "fatal": 1,
        "pedestrian": 1,
        "density": 6.6
      },
      "geometry": {
        "type": "Point",
        "coordinates": [
          -82.427,
          34.839
        ]
      }
    },
    {
      "type": "Feature",
      "properties": {
        "crashes": 73,
        "injury": 11,
        "fatal": 0,
        "pedestrian": 0,
        "density": 6.6
      },
      "geometry": {
        "type": "Point",
        "coordinates": [
          -82.293,
          34.893
        ]
      }
    },
    {
      "type": "Feature",
      "properties": {
        "crashes": 72,
        "injury": 12,
        "fatal": 0,
        "pedestrian": 0,
        "density": 6.5
      },
      "geometry": {
        "type": "Point",
        "coordinates": [
          -82.317,
          34.821
        ]
      }
    },
    {
      "type": "Feature",
      "properties": {
        "crashes": 72,
        "injury": 26,
        "fatal": 1,
        "pedestrian": 1,
        "density": 6.5
      },
      "geometry": {
        "type": "Point",
        "coordinates": [
          -82.445,
          34.841
        ]
      }
    },
    {
      "type": "Feature",
      "properties": {
        "crashes": 72,
        "injury": 14,
        "fatal": 0,
        "pedestrian": 2,
        "density": 6.5
      },
      "geometry": {
        "type": "Point",
        "coordinates": [
          -82.447,
          34.845
        ]
      }
    },
    {
      "type": "Feature",
      "properties": {
        "crashes": 72,
        "injury": 20,
        "fatal": 0,
        "pedestrian": 0,
        "density": 6.5
      },
      "geometry": {
        "type": "Point",
        "coordinates": [
          -82.397,
          34.847
        ]
      }
    },
    {
      "type": "Feature",
      "properties": {
        "crashes": 72,
        "injury": 13,
        "fatal": 0,
        "pedestrian": 0,
        "density": 6.5
      },
      "geometry": {
        "type": "Point",
        "coordinates": [
          -82.391,
          34.861
        ]
      }
    },
    {
      "type": "Feature",
      "properties": {
        "crashes": 72,
        "injury": 28,
        "fatal": 0,
        "pedestrian": 0,
        "density": 6.5
      },
      "geometry": {
        "type": "Point",
        "coordinates": [
          -82.439,
          34.869
        ]
      }
    },
    {
      "type": "Feature",
      "properties": {
        "crashes": 72,
        "injury": 11,
        "fatal": 0,
        "pedestrian": 0,
        "density": 6.5
      },
      "geometry": {
        "type": "Point",
        "coordinates": [
          -82.329,
          34.875
        ]
      }
    },
    {
      "type": "Feature",
      "properties": {
        "crashes": 71,
        "injury": 16,
        "fatal": 0,
        "pedestrian": 0,
        "density": 6.5
      },
      "geometry": {
        "type": "Point",
        "coordinates": [
          -82.365,
          34.877
        ]
      }
    },
    {
      "type": "Feature",
      "properties": {
        "crashes": 71,
        "injury": 12,
        "fatal": 0,
        "pedestrian": 0,
        "density": 6.5
      },
      "geometry": {
        "type": "Point",
        "coordinates": [
          -82.281,
          34.791
        ]
      }
    },
    {
      "type": "Feature",
      "properties": {
        "crashes": 71,
        "injury": 11,
        "fatal": 0,
        "pedestrian": 0,
        "density": 6.5
      },
      "geometry": {
        "type": "Point",
        "coordinates": [
          -82.319,
          34.843
        ]
      }
    },
    {
      "type": "Feature",
      "properties": {
        "crashes": 71,
        "injury": 17,
        "fatal": 0,
        "pedestrian": 0,
        "density": 6.5
      },
      "geometry": {
        "type": "Point",
        "coordinates": [
          -82.415,
          34.899
        ]
      }
    },
    {
      "type": "Feature",
      "properties": {
        "crashes": 70,
        "injury": 15,
        "fatal": 0,
        "pedestrian": 1,
        "density": 6.4
      },
      "geometry": {
        "type": "Point",
        "coordinates": [
          -82.401,
          34.849
        ]
      }
    },
    {
      "type": "Feature",
      "properties": {
        "crashes": 70,
        "injury": 19,
        "fatal": 1,
        "pedestrian": 0,
        "density": 6.4
      },
      "geometry": {
        "type": "Point",
        "coordinates": [
          -82.401,
          34.793
        ]
      }
    },
    {
      "type": "Feature",
      "properties": {
        "crashes": 70,
        "injury": 11,
        "fatal": 0,
        "pedestrian": 0,
        "density": 6.4
      },
      "geometry": {
        "type": "Point",
        "coordinates": [
          -82.363,
          34.801
        ]
      }
    },
    {
      "type": "Feature",
      "properties": {
        "crashes": 70,
        "injury": 15,
        "fatal": 0,
        "pedestrian": 0,
        "density": 6.4
      },
      "geometry": {
        "type": "Point",
        "coordinates": [
          -82.443,
          34.817
        ]
      }
    },
    {
      "type": "Feature",
      "properties": {
        "crashes": 70,
        "injury": 18,
        "fatal": 0,
        "pedestrian": 0,
        "density": 6.4
      },
      "geometry": {
        "type": "Point",
        "coordinates": [
          -82.313,
          34.839
        ]
      }
    },
    {
      "type": "Feature",
      "properties": {
        "crashes": 70,
        "injury": 15,
        "fatal": 0,
        "pedestrian": 0,
        "density": 6.4
      },
      "geometry": {
        "type": "Point",
        "coordinates": [
          -82.425,
          34.871
        ]
      }
    },
    {
      "type": "Feature",
      "properties": {
        "crashes": 69,
        "injury": 17,
        "fatal": 0,
        "pedestrian": 0,
        "density": 6.3
      },
      "geometry": {
        "type": "Point",
        "coordinates": [
          -82.413,
          34.857
        ]
      }
    },
    {
      "type": "Feature",
      "properties": {
        "crashes": 69,
        "injury": 13,
        "fatal": 0,
        "pedestrian": 0,
        "density": 6.3
      },
      "geometry": {
        "type": "Point",
        "coordinates": [
          -82.291,
          34.821
        ]
      }
    },
    {
      "type": "Feature",
      "properties": {
        "crashes": 69,
        "injury": 21,
        "fatal": 0,
        "pedestrian": 0,
        "density": 6.3
      },
      "geometry": {
        "type": "Point",
        "coordinates": [
          -82.341,
          34.821
        ]
      }
    },
    {
      "type": "Feature",
      "properties": {
        "crashes": 69,
        "injury": 13,
        "fatal": 1,
        "pedestrian": 0,
        "density": 6.3
      },
      "geometry": {
        "type": "Point",
        "coordinates": [
          -82.435,
          34.829
        ]
      }
    },
    {
      "type": "Feature",
      "properties": {
        "crashes": 69,
        "injury": 15,
        "fatal": 0,
        "pedestrian": 0,
        "density": 6.3
      },
      "geometry": {
        "type": "Point",
        "coordinates": [
          -82.299,
          34.833
        ]
      }
    },
    {
      "type": "Feature",
      "properties": {
        "crashes": 69,
        "injury": 24,
        "fatal": 0,
        "pedestrian": 1,
        "density": 6.3
      },
      "geometry": {
        "type": "Point",
        "coordinates": [
          -82.367,
          34.837
        ]
      }
    },
    {
      "type": "Feature",
      "properties": {
        "crashes": 69,
        "injury": 9,
        "fatal": 0,
        "pedestrian": 0,
        "density": 6.3
      },
      "geometry": {
        "type": "Point",
        "coordinates": [
          -82.357,
          34.853
        ]
      }
    },
    {
      "type": "Feature",
      "properties": {
        "crashes": 69,
        "injury": 10,
        "fatal": 0,
        "pedestrian": 0,
        "density": 6.3
      },
      "geometry": {
        "type": "Point",
        "coordinates": [
          -82.337,
          34.859
        ]
      }
    },
    {
      "type": "Feature",
      "properties": {
        "crashes": 69,
        "injury": 26,
        "fatal": 0,
        "pedestrian": 0,
        "density": 6.3
      },
      "geometry": {
        "type": "Point",
        "coordinates": [
          -82.347,
          34.865
        ]
      }
    },
    {
      "type": "Feature",
      "properties": {
        "crashes": 68,
        "injury": 15,
        "fatal": 0,
        "pedestrian": 0,
        "density": 6.2
      },
      "geometry": {
        "type": "Point",
        "coordinates": [
          -82.381,
          34.795
        ]
      }
    },
    {
      "type": "Feature",
      "properties": {
        "crashes": 68,
        "injury": 23,
        "fatal": 0,
        "pedestrian": 0,
        "density": 6.2
      },
      "geometry": {
        "type": "Point",
        "coordinates": [
          -82.359,
          34.797
        ]
      }
    },
    {
      "type": "Feature",
      "properties": {
        "crashes": 68,
        "injury": 17,
        "fatal": 0,
        "pedestrian": 0,
        "density": 6.2
      },
      "geometry": {
        "type": "Point",
        "coordinates": [
          -82.353,
          34.803
        ]
      }
    },
    {
      "type": "Feature",
      "properties": {
        "crashes": 68,
        "injury": 13,
        "fatal": 0,
        "pedestrian": 0,
        "density": 6.2
      },
      "geometry": {
        "type": "Point",
        "coordinates": [
          -82.341,
          34.813
        ]
      }
    },
    {
      "type": "Feature",
      "properties": {
        "crashes": 68,
        "injury": 22,
        "fatal": 0,
        "pedestrian": 0,
        "density": 6.2
      },
      "geometry": {
        "type": "Point",
        "coordinates": [
          -82.371,
          34.829
        ]
      }
    },
    {
      "type": "Feature",
      "properties": {
        "crashes": 68,
        "injury": 9,
        "fatal": 1,
        "pedestrian": 0,
        "density": 6.2
      },
      "geometry": {
        "type": "Point",
        "coordinates": [
          -82.355,
          34.837
        ]
      }
    },
    {
      "type": "Feature",
      "properties": {
        "crashes": 68,
        "injury": 17,
        "fatal": 0,
        "pedestrian": 1,
        "density": 6.2
      },
      "geometry": {
        "type": "Point",
        "coordinates": [
          -82.373,
          34.871
        ]
      }
    },
    {
      "type": "Feature",
      "properties": {
        "crashes": 68,
        "injury": 11,
        "fatal": 2,
        "pedestrian": 2,
        "density": 6.2
      },
      "geometry": {
        "type": "Point",
        "coordinates": [
          -82.343,
          34.895
        ]
      }
    },
    {
      "type": "Feature",
      "properties": {
        "crashes": 67,
        "injury": 16,
        "fatal": 1,
        "pedestrian": 1,
        "density": 6.1
      },
      "geometry": {
        "type": "Point",
        "coordinates": [
          -82.431,
          34.805
        ]
      }
    },
    {
      "type": "Feature",
      "properties": {
        "crashes": 67,
        "injury": 12,
        "fatal": 0,
        "pedestrian": 0,
        "density": 6.1
      },
      "geometry": {
        "type": "Point",
        "coordinates": [
          -82.339,
          34.819
        ]
      }
    },
    {
      "type": "Feature",
      "properties": {
        "crashes": 67,
        "injury": 10,
        "fatal": 0,
        "pedestrian": 0,
        "density": 6.1
      },
      "geometry": {
        "type": "Point",
        "coordinates": [
          -82.407,
          34.839
        ]
      }
    },
    {
      "type": "Feature",
      "properties": {
        "crashes": 67,
        "injury": 20,
        "fatal": 0,
        "pedestrian": 0,
        "density": 6.1
      },
      "geometry": {
        "type": "Point",
        "coordinates": [
          -82.423,
          34.843
        ]
      }
    },
    {
      "type": "Feature",
      "properties": {
        "crashes": 67,
        "injury": 18,
        "fatal": 0,
        "pedestrian": 0,
        "density": 6.1
      },
      "geometry": {
        "type": "Point",
        "coordinates": [
          -82.333,
          34.865
        ]
      }
    },
    {
      "type": "Feature",
      "properties": {
        "crashes": 67,
        "injury": 20,
        "fatal": 1,
        "pedestrian": 2,
        "density": 6.1
      },
      "geometry": {
        "type": "Point",
        "coordinates": [
          -82.393,
          34.887
        ]
      }
    },
    {
      "type": "Feature",
      "properties": {
        "crashes": 66,
        "injury": 14,
        "fatal": 0,
        "pedestrian": 0,
        "density": 6.0
      },
      "geometry": {
        "type": "Point",
        "coordinates": [
          -82.317,
          34.799
        ]
      }
    },
    {
      "type": "Feature",
      "properties": {
        "crashes": 66,
        "injury": 15,
        "fatal": 0,
        "pedestrian": 0,
        "density": 6.0
      },
      "geometry": {
        "type": "Point",
        "coordinates": [
          -82.329,
          34.815
        ]
      }
    },
    {
      "type": "Feature",
      "properties": {
        "crashes": 66,
        "injury": 21,
        "fatal": 0,
        "pedestrian": 0,
        "density": 6.0
      },
      "geometry": {
        "type": "Point",
        "coordinates": [
          -82.419,
          34.819
        ]
      }
    },
    {
      "type": "Feature",
      "properties": {
        "crashes": 66,
        "injury": 20,
        "fatal": 0,
        "pedestrian": 0,
        "density": 6.0
      },
      "geometry": {
        "type": "Point",
        "coordinates": [
          -82.405,
          34.875
        ]
      }
    },
    {
      "type": "Feature",
      "properties": {
        "crashes": 65,
        "injury": 10,
        "fatal": 0,
        "pedestrian": 0,
        "density": 5.9
      },
      "geometry": {
        "type": "Point",
        "coordinates": [
          -82.389,
          34.849
        ]
      }
    },
    {
      "type": "Feature",
      "properties": {
        "crashes": 64,
        "injury": 14,
        "fatal": 0,
        "pedestrian": 0,
        "density": 5.8
      },
      "geometry": {
        "type": "Point",
        "coordinates": [
          -82.389,
          34.795
        ]
      }
    },
    {
      "type": "Feature",
      "properties": {
        "crashes": 64,
        "injury": 14,
        "fatal": 0,
        "pedestrian": 0,
        "density": 5.8
      },
      "geometry": {
        "type": "Point",
        "coordinates": [
          -82.365,
          34.801
        ]
      }
    },
    {
      "type": "Feature",
      "properties": {
        "crashes": 64,
        "injury": 12,
        "fatal": 2,
        "pedestrian": 0,
        "density": 5.8
      },
      "geometry": {
        "type": "Point",
        "coordinates": [
          -82.327,
          34.817
        ]
      }
    },
    {
      "type": "Feature",
      "properties": {
        "crashes": 64,
        "injury": 20,
        "fatal": 0,
        "pedestrian": 3,
        "density": 5.8
      },
      "geometry": {
        "type": "Point",
        "coordinates": [
          -82.441,
          34.817
        ]
      }
    },
    {
      "type": "Feature",
      "properties": {
        "crashes": 64,
        "injury": 20,
        "fatal": 1,
        "pedestrian": 0,
        "density": 5.8
      },
      "geometry": {
        "type": "Point",
        "coordinates": [
          -82.389,
          34.821
        ]
      }
    },
    {
      "type": "Feature",
      "properties": {
        "crashes": 64,
        "injury": 15,
        "fatal": 0,
        "pedestrian": 0,
        "density": 5.8
      },
      "geometry": {
        "type": "Point",
        "coordinates": [
          -82.395,
          34.823
        ]
      }
    },
    {
      "type": "Feature",
      "properties": {
        "crashes": 64,
        "injury": 19,
        "fatal": 0,
        "pedestrian": 0,
        "density": 5.8
      },
      "geometry": {
        "type": "Point",
        "coordinates": [
          -82.307,
          34.837
        ]
      }
    },
    {
      "type": "Feature",
      "properties": {
        "crashes": 64,
        "injury": 11,
        "fatal": 0,
        "pedestrian": 2,
        "density": 5.8
      },
      "geometry": {
        "type": "Point",
        "coordinates": [
          -82.405,
          34.843
        ]
      }
    },
    {
      "type": "Feature",
      "properties": {
        "crashes": 64,
        "injury": 21,
        "fatal": 0,
        "pedestrian": 0,
        "density": 5.8
      },
      "geometry": {
        "type": "Point",
        "coordinates": [
          -82.325,
          34.851
        ]
      }
    },
    {
      "type": "Feature",
      "properties": {
        "crashes": 64,
        "injury": 22,
        "fatal": 1,
        "pedestrian": 1,
        "density": 5.8
      },
      "geometry": {
        "type": "Point",
        "coordinates": [
          -82.429,
          34.875
        ]
      }
    },
    {
      "type": "Feature",
      "properties": {
        "crashes": 63,
        "injury": 8,
        "fatal": 0,
        "pedestrian": 0,
        "density": 5.7
      },
      "geometry": {
        "type": "Point",
        "coordinates": [
          -82.431,
          34.791
        ]
      }
    },
    {
      "type": "Feature",
      "properties": {
        "crashes": 63,
        "injury": 19,
        "fatal": 1,
        "pedestrian": 0,
        "density": 5.7
      },
      "geometry": {
        "type": "Point",
        "coordinates": [
          -82.421,
          34.817
        ]
      }
    },
    {
      "type": "Feature",
      "properties": {
        "crashes": 63,
        "injury": 19,
        "fatal": 0,
        "pedestrian": 0,
        "density": 5.7
      },
      "geometry": {
        "type": "Point",
        "coordinates": [
          -82.323,
          34.817
        ]
      }
    },
    {
      "type": "Feature",
      "properties": {
        "crashes": 63,
        "injury": 10,
        "fatal": 0,
        "pedestrian": 0,
        "density": 5.7
      },
      "geometry": {
        "type": "Point",
        "coordinates": [
          -82.319,
          34.819
        ]
      }
    },
    {
      "type": "Feature",
      "properties": {
        "crashes": 63,
        "injury": 10,
        "fatal": 0,
        "pedestrian": 0,
        "density": 5.7
      },
      "geometry": {
        "type": "Point",
        "coordinates": [
          -82.313,
          34.823
        ]
      }
    },
    {
      "type": "Feature",
      "properties": {
        "crashes": 63,
        "injury": 19,
        "fatal": 0,
        "pedestrian": 0,
        "density": 5.7
      },
      "geometry": {
        "type": "Point",
        "coordinates": [
          -82.347,
          34.827
        ]
      }
    },
    {
      "type": "Feature",
      "properties": {
        "crashes": 63,
        "injury": 13,
        "fatal": 0,
        "pedestrian": 0,
        "density": 5.7
      },
      "geometry": {
        "type": "Point",
        "coordinates": [
          -82.301,
          34.835
        ]
      }
    },
    {
      "type": "Feature",
      "properties": {
        "crashes": 63,
        "injury": 16,
        "fatal": 0,
        "pedestrian": 0,
        "density": 5.7
      },
      "geometry": {
        "type": "Point",
        "coordinates": [
          -82.425,
          34.843
        ]
      }
    },
    {
      "type": "Feature",
      "properties": {
        "crashes": 63,
        "injury": 17,
        "fatal": 0,
        "pedestrian": 3,
        "density": 5.7
      },
      "geometry": {
        "type": "Point",
        "coordinates": [
          -82.401,
          34.847
        ]
      }
    },
    {
      "type": "Feature",
      "properties": {
        "crashes": 62,
        "injury": 9,
        "fatal": 0,
        "pedestrian": 0,
        "density": 5.6
      },
      "geometry": {
        "type": "Point",
        "coordinates": [
          -82.373,
          34.799
        ]
      }
    },
    {
      "type": "Feature",
      "properties": {
        "crashes": 62,
        "injury": 9,
        "fatal": 0,
        "pedestrian": 1,
        "density": 5.6
      },
      "geometry": {
        "type": "Point",
        "coordinates": [
          -82.367,
          34.799
        ]
      }
    },
    {
      "type": "Feature",
      "properties": {
        "crashes": 62,
        "injury": 19,
        "fatal": 0,
        "pedestrian": 0,
        "density": 5.6
      },
      "geometry": {
        "type": "Point",
        "coordinates": [
          -82.443,
          34.819
        ]
      }
    },
    {
      "type": "Feature",
      "properties": {
        "crashes": 62,
        "injury": 13,
        "fatal": 0,
        "pedestrian": 0,
        "density": 5.6
      },
      "geometry": {
        "type": "Point",
        "coordinates": [
          -82.389,
          34.827
        ]
      }
    },
    {
      "type": "Feature",
      "properties": {
        "crashes": 62,
        "injury": 10,
        "fatal": 0,
        "pedestrian": 0,
        "density": 5.6
      },
      "geometry": {
        "type": "Point",
        "coordinates": [
          -82.317,
          34.835
        ]
      }
    },
    {
      "type": "Feature",
      "properties": {
        "crashes": 62,
        "injury": 11,
        "fatal": 0,
        "pedestrian": 1,
        "density": 5.6
      },
      "geometry": {
        "type": "Point",
        "coordinates": [
          -82.393,
          34.851
        ]
      }
    },
    {
      "type": "Feature",
      "properties": {
        "crashes": 62,
        "injury": 19,
        "fatal": 0,
        "pedestrian": 0,
        "density": 5.6
      },
      "geometry": {
        "type": "Point",
        "coordinates": [
          -82.389,
          34.857
        ]
      }
    },
    {
      "type": "Feature",
      "properties": {
        "crashes": 62,
        "injury": 16,
        "fatal": 0,
        "pedestrian": 1,
        "density": 5.6
      },
      "geometry": {
        "type": "Point",
        "coordinates": [
          -82.349,
          34.867
        ]
      }
    },
    {
      "type": "Feature",
      "properties": {
        "crashes": 62,
        "injury": 20,
        "fatal": 1,
        "pedestrian": 2,
        "density": 5.6
      },
      "geometry": {
        "type": "Point",
        "coordinates": [
          -82.437,
          34.873
        ]
      }
    },
    {
      "type": "Feature",
      "properties": {
        "crashes": 62,
        "injury": 13,
        "fatal": 1,
        "pedestrian": 0,
        "density": 5.6
      },
      "geometry": {
        "type": "Point",
        "coordinates": [
          -82.339,
          34.897
        ]
      }
    },
    {
      "type": "Feature",
      "properties": {
        "crashes": 61,
        "injury": 18,
        "fatal": 2,
        "pedestrian": 0,
        "density": 5.5
      },
      "geometry": {
        "type": "Point",
        "coordinates": [
          -82.281,
          34.785
        ]
      }
    },
    {
      "type": "Feature",
      "properties": {
        "crashes": 61,
        "injury": 20,
        "fatal": 0,
        "pedestrian": 0,
        "density": 5.5
      },
      "geometry": {
        "type": "Point",
        "coordinates": [
          -82.425,
          34.791
        ]
      }
    },
    {
      "type": "Feature",
      "properties": {
        "crashes": 61,
        "injury": 7,
        "fatal": 0,
        "pedestrian": 0,
        "density": 5.5
      },
      "geometry": {
        "type": "Point",
        "coordinates": [
          -82.433,
          34.791
        ]
      }
    },
    {
      "type": "Feature",
      "properties": {
        "crashes": 61,
        "injury": 13,
        "fatal": 0,
        "pedestrian": 0,
        "density": 5.5
      },
      "geometry": {
        "type": "Point",
        "coordinates": [
          -82.429,
          34.791
        ]
      }
    },
    {
      "type": "Feature",
      "properties": {
        "crashes": 61,
        "injury": 19,
        "fatal": 0,
        "pedestrian": 0,
        "density": 5.5
      },
      "geometry": {
        "type": "Point",
        "coordinates": [
          -82.287,
          34.793
        ]
      }
    },
    {
      "type": "Feature",
      "properties": {
        "crashes": 61,
        "injury": 23,
        "fatal": 0,
        "pedestrian": 0,
        "density": 5.5
      },
      "geometry": {
        "type": "Point",
        "coordinates": [
          -82.413,
          34.839
        ]
      }
    },
    {
      "type": "Feature",
      "properties": {
        "crashes": 61,
        "injury": 17,
        "fatal": 0,
        "pedestrian": 0,
        "density": 5.5
      },
      "geometry": {
        "type": "Point",
        "coordinates": [
          -82.323,
          34.847
        ]
      }
    },
    {
      "type": "Feature",
      "properties": {
        "crashes": 61,
        "injury": 16,
        "fatal": 0,
        "pedestrian": 0,
        "density": 5.5
      },
      "geometry": {
        "type": "Point",
        "coordinates": [
          -82.431,
          34.849
        ]
      }
    },
    {
      "type": "Feature",
      "properties": {
        "crashes": 61,
        "injury": 11,
        "fatal": 0,
        "pedestrian": 0,
        "density": 5.5
      },
      "geometry": {
        "type": "Point",
        "coordinates": [
          -82.359,
          34.849
        ]
      }
    },
    {
      "type": "Feature",
      "properties": {
        "crashes": 61,
        "injury": 24,
        "fatal": 0,
        "pedestrian": 0,
        "density": 5.5
      },
      "geometry": {
        "type": "Point",
        "coordinates": [
          -82.339,
          34.859
        ]
      }
    },
    {
      "type": "Feature",
      "properties": {
        "crashes": 61,
        "injury": 15,
        "fatal": 0,
        "pedestrian": 0,
        "density": 5.5
      },
      "geometry": {
        "type": "Point",
        "coordinates": [
          -82.379,
          34.867
        ]
      }
    },
    {
      "type": "Feature",
      "properties": {
        "crashes": 61,
        "injury": 19,
        "fatal": 0,
        "pedestrian": 0,
        "density": 5.5
      },
      "geometry": {
        "type": "Point",
        "coordinates": [
          -82.423,
          34.883
        ]
      }
    },
    {
      "type": "Feature",
      "properties": {
        "crashes": 60,
        "injury": 16,
        "fatal": 0,
        "pedestrian": 0,
        "density": 5.5
      },
      "geometry": {
        "type": "Point",
        "coordinates": [
          -82.345,
          34.809
        ]
      }
    },
    {
      "type": "Feature",
      "properties": {
        "crashes": 60,
        "injury": 6,
        "fatal": 0,
        "pedestrian": 0,
        "density": 5.5
      },
      "geometry": {
        "type": "Point",
        "coordinates": [
          -82.287,
          34.811
        ]
      }
    },
    {
      "type": "Feature",
      "properties": {
        "crashes": 60,
        "injury": 10,
        "fatal": 0,
        "pedestrian": 0,
        "density": 5.5
      },
      "geometry": {
        "type": "Point",
        "coordinates": [
          -82.331,
          34.815
        ]
      }
    },
    {
      "type": "Feature",
      "properties": {
        "crashes": 60,
        "injury": 9,
        "fatal": 1,
        "pedestrian": 0,
        "density": 5.5
      },
      "geometry": {
        "type": "Point",
        "coordinates": [
          -82.293,
          34.843
        ]
      }
    },
    {
      "type": "Feature",
      "properties": {
        "crashes": 60,
        "injury": 29,
        "fatal": 2,
        "pedestrian": 4,
        "density": 5.5
      },
      "geometry": {
        "type": "Point",
        "coordinates": [
          -82.447,
          34.855
        ]
      }
    },
    {
      "type": "Feature",
      "properties": {
        "crashes": 59,
        "injury": 14,
        "fatal": 0,
        "pedestrian": 1,
        "density": 5.4
      },
      "geometry": {
        "type": "Point",
        "coordinates": [
          -82.377,
          34.785
        ]
      }
    },
    {
      "type": "Feature",
      "properties": {
        "crashes": 59,
        "injury": 13,
        "fatal": 0,
        "pedestrian": 0,
        "density": 5.4
      },
      "geometry": {
        "type": "Point",
        "coordinates": [
          -82.297,
          34.785
        ]
      }
    },
    {
      "type": "Feature",
      "properties": {
        "crashes": 59,
        "injury": 23,
        "fatal": 1,
        "pedestrian": 1,
        "density": 5.4
      },
      "geometry": {
        "type": "Point",
        "coordinates": [
          -82.435,
          34.837
        ]
      }
    },
    {
      "type": "Feature",
      "properties": {
        "crashes": 59,
        "injury": 18,
        "fatal": 0,
        "pedestrian": 0,
        "density": 5.4
      },
      "geometry": {
        "type": "Point",
        "coordinates": [
          -82.341,
          34.845
        ]
      }
    },
    {
      "type": "Feature",
      "properties": {
        "crashes": 58,
        "injury": 16,
        "fatal": 1,
        "pedestrian": 0,
        "density": 5.3
      },
      "geometry": {
        "type": "Point",
        "coordinates": [
          -82.329,
          34.843
        ]
      }
    },
    {
      "type": "Feature",
      "properties": {
        "crashes": 58,
        "injury": 8,
        "fatal": 0,
        "pedestrian": 0,
        "density": 5.3
      },
      "geometry": {
        "type": "Point",
        "coordinates": [
          -82.361,
          34.801
        ]
      }
    },
    {
      "type": "Feature",
      "properties": {
        "crashes": 58,
        "injury": 14,
        "fatal": 3,
        "pedestrian": 5,
        "density": 5.3
      },
      "geometry": {
        "type": "Point",
        "coordinates": [
          -82.417,
          34.821
        ]
      }
    },
    {
      "type": "Feature",
      "properties": {
        "crashes": 58,
        "injury": 16,
        "fatal": 0,
        "pedestrian": 1,
        "density": 5.3
      },
      "geometry": {
        "type": "Point",
        "coordinates": [
          -82.421,
          34.845
        ]
      }
    },
    {
      "type": "Feature",
      "properties": {
        "crashes": 58,
        "injury": 12,
        "fatal": 1,
        "pedestrian": 0,
        "density": 5.3
      },
      "geometry": {
        "type": "Point",
        "coordinates": [
          -82.409,
          34.895
        ]
      }
    },
    {
      "type": "Feature",
      "properties": {
        "crashes": 58,
        "injury": 8,
        "fatal": 0,
        "pedestrian": 0,
        "density": 5.3
      },
      "geometry": {
        "type": "Point",
        "coordinates": [
          -82.413,
          34.897
        ]
      }
    },
    {
      "type": "Feature",
      "properties": {
        "crashes": 57,
        "injury": 15,
        "fatal": 0,
        "pedestrian": 0,
        "density": 5.2
      },
      "geometry": {
        "type": "Point",
        "coordinates": [
          -82.301,
          34.781
        ]
      }
    },
    {
      "type": "Feature",
      "properties": {
        "crashes": 57,
        "injury": 12,
        "fatal": 0,
        "pedestrian": 1,
        "density": 5.2
      },
      "geometry": {
        "type": "Point",
        "coordinates": [
          -82.421,
          34.791
        ]
      }
    },
    {
      "type": "Feature",
      "properties": {
        "crashes": 57,
        "injury": 17,
        "fatal": 0,
        "pedestrian": 0,
        "density": 5.2
      },
      "geometry": {
        "type": "Point",
        "coordinates": [
          -82.353,
          34.793
        ]
      }
    },
    {
      "type": "Feature",
      "properties": {
        "crashes": 57,
        "injury": 14,
        "fatal": 0,
        "pedestrian": 0,
        "density": 5.2
      },
      "geometry": {
        "type": "Point",
        "coordinates": [
          -82.423,
          34.799
        ]
      }
    },
    {
      "type": "Feature",
      "properties": {
        "crashes": 57,
        "injury": 13,
        "fatal": 0,
        "pedestrian": 0,
        "density": 5.2
      },
      "geometry": {
        "type": "Point",
        "coordinates": [
          -82.281,
          34.809
        ]
      }
    },
    {
      "type": "Feature",
      "properties": {
        "crashes": 57,
        "injury": 18,
        "fatal": 0,
        "pedestrian": 2,
        "density": 5.2
      },
      "geometry": {
        "type": "Point",
        "coordinates": [
          -82.409,
          34.827
        ]
      }
    },
    {
      "type": "Feature",
      "properties": {
        "crashes": 57,
        "injury": 16,
        "fatal": 0,
        "pedestrian": 0,
        "density": 5.2
      },
      "geometry": {
        "type": "Point",
        "coordinates": [
          -82.425,
          34.841
        ]
      }
    },
    {
      "type": "Feature",
      "properties": {
        "crashes": 57,
        "injury": 14,
        "fatal": 1,
        "pedestrian": 0,
        "density": 5.2
      },
      "geometry": {
        "type": "Point",
        "coordinates": [
          -82.415,
          34.845
        ]
      }
    },
    {
      "type": "Feature",
      "properties": {
        "crashes": 57,
        "injury": 10,
        "fatal": 1,
        "pedestrian": 0,
        "density": 5.2
      },
      "geometry": {
        "type": "Point",
        "coordinates": [
          -82.329,
          34.871
        ]
      }
    },
    {
      "type": "Feature",
      "properties": {
        "crashes": 57,
        "injury": 12,
        "fatal": 1,
        "pedestrian": 0,
        "density": 5.2
      },
      "geometry": {
        "type": "Point",
        "coordinates": [
          -82.355,
          34.883
        ]
      }
    },
    {
      "type": "Feature",
      "properties": {
        "crashes": 56,
        "injury": 15,
        "fatal": 0,
        "pedestrian": 0,
        "density": 5.1
      },
      "geometry": {
        "type": "Point",
        "coordinates": [
          -82.311,
          34.781
        ]
      }
    },
    {
      "type": "Feature",
      "properties": {
        "crashes": 56,
        "injury": 15,
        "fatal": 0,
        "pedestrian": 0,
        "density": 5.1
      },
      "geometry": {
        "type": "Point",
        "coordinates": [
          -82.319,
          34.803
        ]
      }
    },
    {
      "type": "Feature",
      "properties": {
        "crashes": 56,
        "injury": 15,
        "fatal": 0,
        "pedestrian": 1,
        "density": 5.1
      },
      "geometry": {
        "type": "Point",
        "coordinates": [
          -82.431,
          34.803
        ]
      }
    },
    {
      "type": "Feature",
      "properties": {
        "crashes": 56,
        "injury": 12,
        "fatal": 0,
        "pedestrian": 0,
        "density": 5.1
      },
      "geometry": {
        "type": "Point",
        "coordinates": [
          -82.339,
          34.805
        ]
      }
    },
    {
      "type": "Feature",
      "properties": {
        "crashes": 56,
        "injury": 16,
        "fatal": 0,
        "pedestrian": 0,
        "density": 5.1
      },
      "geometry": {
        "type": "Point",
        "coordinates": [
          -82.369,
          34.847
        ]
      }
    },
    {
      "type": "Feature",
      "properties": {
        "crashes": 56,
        "injury": 22,
        "fatal": 0,
        "pedestrian": 3,
        "density": 5.1
      },
      "geometry": {
        "type": "Point",
        "coordinates": [
          -82.433,
          34.895
        ]
      }
    },
    {
      "type": "Feature",
      "properties": {
        "crashes": 56,
        "injury": 13,
        "fatal": 1,
        "pedestrian": 0,
        "density": 5.1
      },
      "geometry": {
        "type": "Point",
        "coordinates": [
          -82.369,
          34.895
        ]
      }
    },
    {
      "type": "Feature",
      "properties": {
        "crashes": 55,
        "injury": 15,
        "fatal": 1,
        "pedestrian": 1,
        "density": 5.0
      },
      "geometry": {
        "type": "Point",
        "coordinates": [
          -82.385,
          34.795
        ]
      }
    },
    {
      "type": "Feature",
      "properties": {
        "crashes": 55,
        "injury": 16,
        "fatal": 0,
        "pedestrian": 1,
        "density": 5.0
      },
      "geometry": {
        "type": "Point",
        "coordinates": [
          -82.447,
          34.823
        ]
      }
    },
    {
      "type": "Feature",
      "properties": {
        "crashes": 55,
        "injury": 23,
        "fatal": 0,
        "pedestrian": 0,
        "density": 5.0
      },
      "geometry": {
        "type": "Point",
        "coordinates": [
          -82.437,
          34.829
        ]
      }
    },
    {
      "type": "Feature",
      "properties": {
        "crashes": 55,
        "injury": 14,
        "fatal": 0,
        "pedestrian": 0,
        "density": 5.0
      },
      "geometry": {
        "type": "Point",
        "coordinates": [
          -82.401,
          34.839
        ]
      }
    },
    {
      "type": "Feature",
      "properties": {
        "crashes": 55,
        "injury": 13,
        "fatal": 0,
        "pedestrian": 0,
        "density": 5.0
      },
      "geometry": {
        "type": "Point",
        "coordinates": [
          -82.327,
          34.853
        ]
      }
    },
    {
      "type": "Feature",
      "properties": {
        "crashes": 55,
        "injury": 18,
        "fatal": 0,
        "pedestrian": 0,
        "density": 5.0
      },
      "geometry": {
        "type": "Point",
        "coordinates": [
          -82.427,
          34.859
        ]
      }
    },
    {
      "type": "Feature",
      "properties": {
        "crashes": 55,
        "injury": 11,
        "fatal": 0,
        "pedestrian": 0,
        "density": 5.0
      },
      "geometry": {
        "type": "Point",
        "coordinates": [
          -82.405,
          34.877
        ]
      }
    },
    {
      "type": "Feature",
      "properties": {
        "crashes": 55,
        "injury": 12,
        "fatal": 0,
        "pedestrian": 1,
        "density": 5.0
      },
      "geometry": {
        "type": "Point",
        "coordinates": [
          -82.371,
          34.887
        ]
      }
    },
    {
      "type": "Feature",
      "properties": {
        "crashes": 55,
        "injury": 10,
        "fatal": 0,
        "pedestrian": 0,
        "density": 5.0
      },
      "geometry": {
        "type": "Point",
        "coordinates": [
          -82.337,
          34.899
        ]
      }
    },
    {
      "type": "Feature",
      "properties": {
        "crashes": 54,
        "injury": 8,
        "fatal": 0,
        "pedestrian": 0,
        "density": 4.9
      },
      "geometry": {
        "type": "Point",
        "coordinates": [
          -82.417,
          34.789
        ]
      }
    },
    {
      "type": "Feature",
      "properties": {
        "crashes": 54,
        "injury": 7,
        "fatal": 1,
        "pedestrian": 0,
        "density": 4.9
      },
      "geometry": {
        "type": "Point",
        "coordinates": [
          -82.291,
          34.825
        ]
      }
    },
    {
      "type": "Feature",
      "properties": {
        "crashes": 54,
        "injury": 14,
        "fatal": 0,
        "pedestrian": 0,
        "density": 4.9
      },
      "geometry": {
        "type": "Point",
        "coordinates": [
          -82.373,
          34.831
        ]
      }
    },
    {
      "type": "Feature",
      "properties": {
        "crashes": 54,
        "injury": 14,
        "fatal": 0,
        "pedestrian": 0,
        "density": 4.9
      },
      "geometry": {
        "type": "Point",
        "coordinates": [
          -82.421,
          34.843
        ]
      }
    },
    {
      "type": "Feature",
      "properties": {
        "crashes": 54,
        "injury": 19,
        "fatal": 0,
        "pedestrian": 0,
        "density": 4.9
      },
      "geometry": {
        "type": "Point",
        "coordinates": [
          -82.415,
          34.847
        ]
      }
    },
    {
      "type": "Feature",
      "properties": {
        "crashes": 54,
        "injury": 11,
        "fatal": 0,
        "pedestrian": 2,
        "density": 4.9
      },
      "geometry": {
        "type": "Point",
        "coordinates": [
          -82.405,
          34.865
        ]
      }
    },
    {
      "type": "Feature",
      "properties": {
        "crashes": 54,
        "injury": 13,
        "fatal": 0,
        "pedestrian": 0,
        "density": 4.9
      },
      "geometry": {
        "type": "Point",
        "coordinates": [
          -82.369,
          34.873
        ]
      }
    },
    {
      "type": "Feature",
      "properties": {
        "crashes": 53,
        "injury": 15,
        "fatal": 0,
        "pedestrian": 1,
        "density": 4.8
      },
      "geometry": {
        "type": "Point",
        "coordinates": [
          -82.407,
          34.785
        ]
      }
    },
    {
      "type": "Feature",
      "properties": {
        "crashes": 53,
        "injury": 16,
        "fatal": 0,
        "pedestrian": 0,
        "density": 4.8
      },
      "geometry": {
        "type": "Point",
        "coordinates": [
          -82.351,
          34.785
        ]
      }
    },
    {
      "type": "Feature",
      "properties": {
        "crashes": 53,
        "injury": 5,
        "fatal": 2,
        "pedestrian": 3,
        "density": 4.8
      },
      "geometry": {
        "type": "Point",
        "coordinates": [
          -82.373,
          34.803
        ]
      }
    },
    {
      "type": "Feature",
      "properties": {
        "crashes": 53,
        "injury": 23,
        "fatal": 1,
        "pedestrian": 0,
        "density": 4.8
      },
      "geometry": {
        "type": "Point",
        "coordinates": [
          -82.323,
          34.827
        ]
      }
    },
    {
      "type": "Feature",
      "properties": {
        "crashes": 53,
        "injury": 8,
        "fatal": 0,
        "pedestrian": 1,
        "density": 4.8
      },
      "geometry": {
        "type": "Point",
        "coordinates": [
          -82.403,
          34.845
        ]
      }
    },
    {
      "type": "Feature",
      "properties": {
        "crashes": 53,
        "injury": 12,
        "fatal": 1,
        "pedestrian": 0,
        "density": 4.8
      },
      "geometry": {
        "type": "Point",
        "coordinates": [
          -82.405,
          34.879
        ]
      }
    },
    {
      "type": "Feature",
      "properties": {
        "crashes": 53,
        "injury": 10,
        "fatal": 0,
        "pedestrian": 0,
        "density": 4.8
      },
      "geometry": {
        "type": "Point",
        "coordinates": [
          -82.445,
          34.893
        ]
      }
    },
    {
      "type": "Feature",
      "properties": {
        "crashes": 52,
        "injury": 7,
        "fatal": 0,
        "pedestrian": 0,
        "density": 4.7
      },
      "geometry": {
        "type": "Point",
        "coordinates": [
          -82.449,
          34.785
        ]
      }
    },
    {
      "type": "Feature",
      "properties": {
        "crashes": 52,
        "injury": 15,
        "fatal": 0,
        "pedestrian": 0,
        "density": 4.7
      },
      "geometry": {
        "type": "Point",
        "coordinates": [
          -82.419,
          34.813
        ]
      }
    },
    {
      "type": "Feature",
      "properties": {
        "crashes": 52,
        "injury": 19,
        "fatal": 0,
        "pedestrian": 3,
        "density": 4.7
      },
      "geometry": {
        "type": "Point",
        "coordinates": [
          -82.425,
          34.819
        ]
      }
    },
    {
      "type": "Feature",
      "properties": {
        "crashes": 52,
        "injury": 14,
        "fatal": 1,
        "pedestrian": 1,
        "density": 4.7
      },
      "geometry": {
        "type": "Point",
        "coordinates": [
          -82.311,
          34.835
        ]
      }
    },
    {
      "type": "Feature",
      "properties": {
        "crashes": 52,
        "injury": 19,
        "fatal": 0,
        "pedestrian": 0,
        "density": 4.7
      },
      "geometry": {
        "type": "Point",
        "coordinates": [
          -82.343,
          34.839
        ]
      }
    },
    {
      "type": "Feature",
      "properties": {
        "crashes": 52,
        "injury": 11,
        "fatal": 1,
        "pedestrian": 0,
        "density": 4.7
      },
      "geometry": {
        "type": "Point",
        "coordinates": [
          -82.321,
          34.845
        ]
      }
    },
    {
      "type": "Feature",
      "properties": {
        "crashes": 52,
        "injury": 10,
        "fatal": 0,
        "pedestrian": 1,
        "density": 4.7
      },
      "geometry": {
        "type": "Point",
        "coordinates": [
          -82.417,
          34.845
        ]
      }
    },
    {
      "type": "Feature",
      "properties": {
        "crashes": 52,
        "injury": 12,
        "fatal": 0,
        "pedestrian": 0,
        "density": 4.7
      },
      "geometry": {
        "type": "Point",
        "coordinates": [
          -82.301,
          34.857
        ]
      }
    },
    {
      "type": "Feature",
      "properties": {
        "crashes": 52,
        "injury": 14,
        "fatal": 1,
        "pedestrian": 0,
        "density": 4.7
      },
      "geometry": {
        "type": "Point",
        "coordinates": [
          -82.367,
          34.897
        ]
      }
    },
    {
      "type": "Feature",
      "properties": {
        "crashes": 51,
        "injury": 15,
        "fatal": 1,
        "pedestrian": 1,
        "density": 4.6
      },
      "geometry": {
        "type": "Point",
        "coordinates": [
          -82.311,
          34.783
        ]
      }
    },
    {
      "type": "Feature",
      "properties": {
        "crashes": 51,
        "injury": 11,
        "fatal": 2,
        "pedestrian": 0,
        "density": 4.6
      },
      "geometry": {
        "type": "Point",
        "coordinates": [
          -82.447,
          34.787
        ]
      }
    },
    {
      "type": "Feature",
      "properties": {
        "crashes": 51,
        "injury": 15,
        "fatal": 0,
        "pedestrian": 0,
        "density": 4.6
      },
      "geometry": {
        "type": "Point",
        "coordinates": [
          -82.437,
          34.837
        ]
      }
    },
    {
      "type": "Feature",
      "properties": {
        "crashes": 51,
        "injury": 15,
        "fatal": 0,
        "pedestrian": 0,
        "density": 4.6
      },
      "geometry": {
        "type": "Point",
        "coordinates": [
          -82.327,
          34.849
        ]
      }
    },
    {
      "type": "Feature",
      "properties": {
        "crashes": 51,
        "injury": 18,
        "fatal": 0,
        "pedestrian": 0,
        "density": 4.6
      },
      "geometry": {
        "type": "Point",
        "coordinates": [
          -82.411,
          34.863
        ]
      }
    },
    {
      "type": "Feature",
      "properties": {
        "crashes": 51,
        "injury": 20,
        "fatal": 0,
        "pedestrian": 0,
        "density": 4.6
      },
      "geometry": {
        "type": "Point",
        "coordinates": [
          -82.409,
          34.863
        ]
      }
    },
    {
      "type": "Feature",
      "properties": {
        "crashes": 51,
        "injury": 18,
        "fatal": 0,
        "pedestrian": 0,
        "density": 4.6
      },
      "geometry": {
        "type": "Point",
        "coordinates": [
          -82.381,
          34.865
        ]
      }
    },
    {
      "type": "Feature",
      "properties": {
        "crashes": 51,
        "injury": 6,
        "fatal": 0,
        "pedestrian": 0,
        "density": 4.6
      },
      "geometry": {
        "type": "Point",
        "coordinates": [
          -82.283,
          34.871
        ]
      }
    },
    {
      "type": "Feature",
      "properties": {
        "crashes": 51,
        "injury": 9,
        "fatal": 0,
        "pedestrian": 0,
        "density": 4.6
      },
      "geometry": {
        "type": "Point",
        "coordinates": [
          -82.401,
          34.891
        ]
      }
    },
    {
      "type": "Feature",
      "properties": {
        "crashes": 51,
        "injury": 9,
        "fatal": 0,
        "pedestrian": 0,
        "density": 4.6
      },
      "geometry": {
        "type": "Point",
        "coordinates": [
          -82.411,
          34.891
        ]
      }
    },
    {
      "type": "Feature",
      "properties": {
        "crashes": 51,
        "injury": 15,
        "fatal": 1,
        "pedestrian": 0,
        "density": 4.6
      },
      "geometry": {
        "type": "Point",
        "coordinates": [
          -82.399,
          34.893
        ]
      }
    },
    {
      "type": "Feature",
      "properties": {
        "crashes": 50,
        "injury": 14,
        "fatal": 0,
        "pedestrian": 0,
        "density": 4.5
      },
      "geometry": {
        "type": "Point",
        "coordinates": [
          -82.379,
          34.789
        ]
      }
    },
    {
      "type": "Feature",
      "properties": {
        "crashes": 50,
        "injury": 9,
        "fatal": 0,
        "pedestrian": 0,
        "density": 4.5
      },
      "geometry": {
        "type": "Point",
        "coordinates": [
          -82.427,
          34.791
        ]
      }
    },
    {
      "type": "Feature",
      "properties": {
        "crashes": 50,
        "injury": 18,
        "fatal": 0,
        "pedestrian": 1,
        "density": 4.5
      },
      "geometry": {
        "type": "Point",
        "coordinates": [
          -82.379,
          34.801
        ]
      }
    },
    {
      "type": "Feature",
      "properties": {
        "crashes": 50,
        "injury": 15,
        "fatal": 0,
        "pedestrian": 0,
        "density": 4.5
      },
      "geometry": {
        "type": "Point",
        "coordinates": [
          -82.381,
          34.809
        ]
      }
    },
    {
      "type": "Feature",
      "properties": {
        "crashes": 50,
        "injury": 17,
        "fatal": 0,
        "pedestrian": 0,
        "density": 4.5
      },
      "geometry": {
        "type": "Point",
        "coordinates": [
          -82.421,
          34.809
        ]
      }
    },
    {
      "type": "Feature",
      "properties": {
        "crashes": 50,
        "injury": 17,
        "fatal": 0,
        "pedestrian": 0,
        "density": 4.5
      },
      "geometry": {
        "type": "Point",
        "coordinates": [
          -82.369,
          34.811
        ]
      }
    },
    {
      "type": "Feature",
      "properties": {
        "crashes": 50,
        "injury": 15,
        "fatal": 1,
        "pedestrian": 1,
        "density": 4.5
      },
      "geometry": {
        "type": "Point",
        "coordinates": [
          -82.403,
          34.819
        ]
      }
    },
    {
      "type": "Feature",
      "properties": {
        "crashes": 50,
        "injury": 22,
        "fatal": 0,
        "pedestrian": 0,
        "density": 4.5
      },
      "geometry": {
        "type": "Point",
        "coordinates": [
          -82.423,
          34.845
        ]
      }
    },
    {
      "type": "Feature",
      "properties": {
        "crashes": 50,
        "injury": 5,
        "fatal": 0,
        "pedestrian": 2,
        "density": 4.5
      },
      "geometry": {
        "type": "Point",
        "coordinates": [
          -82.399,
          34.847
        ]
      }
    },
    {
      "type": "Feature",
      "properties": {
        "crashes": 50,
        "injury": 19,
        "fatal": 0,
        "pedestrian": 0,
        "density": 4.5
      },
      "geometry": {
        "type": "Point",
        "coordinates": [
          -82.381,
          34.851
        ]
      }
    },
    {
      "type": "Feature",
      "properties": {
        "crashes": 50,
        "injury": 12,
        "fatal": 0,
        "pedestrian": 0,
        "density": 4.5
      },
      "geometry": {
        "type": "Point",
        "coordinates": [
          -82.405,
          34.853
        ]
      }
    },
    {
      "type": "Feature",
      "properties": {
        "crashes": 50,
        "injury": 15,
        "fatal": 0,
        "pedestrian": 0,
        "density": 4.5
      },
      "geometry": {
        "type": "Point",
        "coordinates": [
          -82.395,
          34.859
        ]
      }
    },
    {
      "type": "Feature",
      "properties": {
        "crashes": 50,
        "injury": 16,
        "fatal": 1,
        "pedestrian": 0,
        "density": 4.5
      },
      "geometry": {
        "type": "Point",
        "coordinates": [
          -82.433,
          34.867
        ]
      }
    },
    {
      "type": "Feature",
      "properties": {
        "crashes": 50,
        "injury": 11,
        "fatal": 3,
        "pedestrian": 6,
        "density": 4.5
      },
      "geometry": {
        "type": "Point",
        "coordinates": [
          -82.357,
          34.883
        ]
      }
    },
    {
      "type": "Feature",
      "properties": {
        "crashes": 49,
        "injury": 12,
        "fatal": 2,
        "pedestrian": 1,
        "density": 4.5
      },
      "geometry": {
        "type": "Point",
        "coordinates": [
          -82.437,
          34.811
        ]
      }
    },
    {
      "type": "Feature",
      "properties": {
        "crashes": 49,
        "injury": 10,
        "fatal": 1,
        "pedestrian": 0,
        "density": 4.5
      },
      "geometry": {
        "type": "Point",
        "coordinates": [
          -82.317,
          34.833
        ]
      }
    },
    {
      "type": "Feature",
      "properties": {
        "crashes": 49,
        "injury": 9,
        "fatal": 0,
        "pedestrian": 0,
        "density": 4.5
      },
      "geometry": {
        "type": "Point",
        "coordinates": [
          -82.351,
          34.835
        ]
      }
    },
    {
      "type": "Feature",
      "properties": {
        "crashes": 49,
        "injury": 23,
        "fatal": 0,
        "pedestrian": 1,
        "density": 4.5
      },
      "geometry": {
        "type": "Point",
        "coordinates": [
          -82.411,
          34.837
        ]
      }
    },
    {
      "type": "Feature",
      "properties": {
        "crashes": 49,
        "injury": 8,
        "fatal": 0,
        "pedestrian": 0,
        "density": 4.5
      },
      "geometry": {
        "type": "Point",
        "coordinates": [
          -82.405,
          34.841
        ]
      }
    },
    {
      "type": "Feature",
      "properties": {
        "crashes": 49,
        "injury": 8,
        "fatal": 0,
        "pedestrian": 1,
        "density": 4.5
      },
      "geometry": {
        "type": "Point",
        "coordinates": [
          -82.317,
          34.843
        ]
      }
    },
    {
      "type": "Feature",
      "properties": {
        "crashes": 49,
        "injury": 8,
        "fatal": 0,
        "pedestrian": 0,
        "density": 4.5
      },
      "geometry": {
        "type": "Point",
        "coordinates": [
          -82.339,
          34.847
        ]
      }
    },
    {
      "type": "Feature",
      "properties": {
        "crashes": 49,
        "injury": 10,
        "fatal": 0,
        "pedestrian": 2,
        "density": 4.5
      },
      "geometry": {
        "type": "Point",
        "coordinates": [
          -82.397,
          34.855
        ]
      }
    },
    {
      "type": "Feature",
      "properties": {
        "crashes": 49,
        "injury": 16,
        "fatal": 0,
        "pedestrian": 0,
        "density": 4.5
      },
      "geometry": {
        "type": "Point",
        "coordinates": [
          -82.441,
          34.871
        ]
      }
    },
    {
      "type": "Feature",
      "properties": {
        "crashes": 49,
        "injury": 18,
        "fatal": 0,
        "pedestrian": 0,
        "density": 4.5
      },
      "geometry": {
        "type": "Point",
        "coordinates": [
          -82.363,
          34.881
        ]
      }
    },
    {
      "type": "Feature",
      "properties": {
        "crashes": 48,
        "injury": 8,
        "fatal": 0,
        "pedestrian": 0,
        "density": 4.4
      },
      "geometry": {
        "type": "Point",
        "coordinates": [
          -82.391,
          34.795
        ]
      }
    },
    {
      "type": "Feature",
      "properties": {
        "crashes": 48,
        "injury": 12,
        "fatal": 0,
        "pedestrian": 0,
        "density": 4.4
      },
      "geometry": {
        "type": "Point",
        "coordinates": [
          -82.367,
          34.801
        ]
      }
    },
    {
      "type": "Feature",
      "properties": {
        "crashes": 48,
        "injury": 15,
        "fatal": 0,
        "pedestrian": 1,
        "density": 4.4
      },
      "geometry": {
        "type": "Point",
        "coordinates": [
          -82.381,
          34.807
        ]
      }
    },
    {
      "type": "Feature",
      "properties": {
        "crashes": 48,
        "injury": 10,
        "fatal": 0,
        "pedestrian": 0,
        "density": 4.4
      },
      "geometry": {
        "type": "Point",
        "coordinates": [
          -82.327,
          34.847
        ]
      }
    },
    {
      "type": "Feature",
      "properties": {
        "crashes": 48,
        "injury": 10,
        "fatal": 0,
        "pedestrian": 0,
        "density": 4.4
      },
      "geometry": {
        "type": "Point",
        "coordinates": [
          -82.447,
          34.849
        ]
      }
    },
    {
      "type": "Feature",
      "properties": {
        "crashes": 48,
        "injury": 14,
        "fatal": 0,
        "pedestrian": 0,
        "density": 4.4
      },
      "geometry": {
        "type": "Point",
        "coordinates": [
          -82.353,
          34.869
        ]
      }
    },
    {
      "type": "Feature",
      "properties": {
        "crashes": 48,
        "injury": 17,
        "fatal": 1,
        "pedestrian": 0,
        "density": 4.4
      },
      "geometry": {
        "type": "Point",
        "coordinates": [
          -82.439,
          34.873
        ]
      }
    },
    {
      "type": "Feature",
      "properties": {
        "crashes": 48,
        "injury": 13,
        "fatal": 0,
        "pedestrian": 0,
        "density": 4.4
      },
      "geometry": {
        "type": "Point",
        "coordinates": [
          -82.375,
          34.891
        ]
      }
    },
    {
      "type": "Feature",
      "properties": {
        "crashes": 47,
        "injury": 13,
        "fatal": 0,
        "pedestrian": 0,
        "density": 4.3
      },
      "geometry": {
        "type": "Point",
        "coordinates": [
          -82.337,
          34.821
        ]
      }
    },
    {
      "type": "Feature",
      "properties": {
        "crashes": 47,
        "injury": 14,
        "fatal": 1,
        "pedestrian": 0,
        "density": 4.3
      },
      "geometry": {
        "type": "Point",
        "coordinates": [
          -82.447,
          34.833
        ]
      }
    },
    {
      "type": "Feature",
      "properties": {
        "crashes": 47,
        "injury": 11,
        "fatal": 0,
        "pedestrian": 0,
        "density": 4.3
      },
      "geometry": {
        "type": "Point",
        "coordinates": [
          -82.287,
          34.837
        ]
      }
    },
    {
      "type": "Feature",
      "properties": {
        "crashes": 47,
        "injury": 14,
        "fatal": 0,
        "pedestrian": 1,
        "density": 4.3
      },
      "geometry": {
        "type": "Point",
        "coordinates": [
          -82.413,
          34.843
        ]
      }
    },
    {
      "type": "Feature",
      "properties": {
        "crashes": 47,
        "injury": 11,
        "fatal": 0,
        "pedestrian": 1,
        "density": 4.3
      },
      "geometry": {
        "type": "Point",
        "coordinates": [
          -82.327,
          34.873
        ]
      }
    },
    {
      "type": "Feature",
      "properties": {
        "crashes": 47,
        "injury": 5,
        "fatal": 0,
        "pedestrian": 1,
        "density": 4.3
      },
      "geometry": {
        "type": "Point",
        "coordinates": [
          -82.357,
          34.889
        ]
      }
    },
    {
      "type": "Feature",
      "properties": {
        "crashes": 46,
        "injury": 8,
        "fatal": 0,
        "pedestrian": 0,
        "density": 4.2
      },
      "geometry": {
        "type": "Point",
        "coordinates": [
          -82.441,
          34.813
        ]
      }
    },
    {
      "type": "Feature",
      "properties": {
        "crashes": 46,
        "injury": 15,
        "fatal": 1,
        "pedestrian": 0,
        "density": 4.2
      },
      "geometry": {
        "type": "Point",
        "coordinates": [
          -82.397,
          34.821
        ]
      }
    },
    {
      "type": "Feature",
      "properties": {
        "crashes": 46,
        "injury": 13,
        "fatal": 0,
        "pedestrian": 0,
        "density": 4.2
      },
      "geometry": {
        "type": "Point",
        "coordinates": [
          -82.401,
          34.837
        ]
      }
    },
    {
      "type": "Feature",
      "properties": {
        "crashes": 46,
        "injury": 11,
        "fatal": 0,
        "pedestrian": 3,
        "density": 4.2
      },
      "geometry": {
        "type": "Point",
        "coordinates": [
          -82.409,
          34.841
        ]
      }
    },
    {
      "type": "Feature",
      "properties": {
        "crashes": 46,
        "injury": 12,
        "fatal": 0,
        "pedestrian": 0,
        "density": 4.2
      },
      "geometry": {
        "type": "Point",
        "coordinates": [
          -82.383,
          34.849
        ]
      }
    },
    {
      "type": "Feature",
      "properties": {
        "crashes": 46,
        "injury": 16,
        "fatal": 0,
        "pedestrian": 0,
        "density": 4.2
      },
      "geometry": {
        "type": "Point",
        "coordinates": [
          -82.343,
          34.857
        ]
      }
    },
    {
      "type": "Feature",
      "properties": {
        "crashes": 46,
        "injury": 9,
        "fatal": 1,
        "pedestrian": 0,
        "density": 4.2
      },
      "geometry": {
        "type": "Point",
        "coordinates": [
          -82.353,
          34.859
        ]
      }
    },
    {
      "type": "Feature",
      "properties": {
        "crashes": 46,
        "injury": 7,
        "fatal": 0,
        "pedestrian": 0,
        "density": 4.2
      },
      "geometry": {
        "type": "Point",
        "coordinates": [
          -82.377,
          34.885
        ]
      }
    },
    {
      "type": "Feature",
      "properties": {
        "crashes": 45,
        "injury": 7,
        "fatal": 0,
        "pedestrian": 0,
        "density": 4.1
      },
      "geometry": {
        "type": "Point",
        "coordinates": [
          -82.423,
          34.791
        ]
      }
    },
    {
      "type": "Feature",
      "properties": {
        "crashes": 45,
        "injury": 12,
        "fatal": 0,
        "pedestrian": 0,
        "density": 4.1
      },
      "geometry": {
        "type": "Point",
        "coordinates": [
          -82.339,
          34.817
        ]
      }
    },
    {
      "type": "Feature",
      "properties": {
        "crashes": 45,
        "injury": 13,
        "fatal": 0,
        "pedestrian": 0,
        "density": 4.1
      },
      "geometry": {
        "type": "Point",
        "coordinates": [
          -82.329,
          34.837
        ]
      }
    },
    {
      "type": "Feature",
      "properties": {
        "crashes": 45,
        "injury": 14,
        "fatal": 0,
        "pedestrian": 0,
        "density": 4.1
      },
      "geometry": {
        "type": "Point",
        "coordinates": [
          -82.347,
          34.859
        ]
      }
    },
    {
      "type": "Feature",
      "properties": {
        "crashes": 45,
        "injury": 10,
        "fatal": 0,
        "pedestrian": 0,
        "density": 4.1
      },
      "geometry": {
        "type": "Point",
        "coordinates": [
          -82.335,
          34.861
        ]
      }
    },
    {
      "type": "Feature",
      "properties": {
        "crashes": 45,
        "injury": 8,
        "fatal": 1,
        "pedestrian": 1,
        "density": 4.1
      },
      "geometry": {
        "type": "Point",
        "coordinates": [
          -82.415,
          34.877
        ]
      }
    },
    {
      "type": "Feature",
      "properties": {
        "crashes": 45,
        "injury": 10,
        "fatal": 0,
        "pedestrian": 0,
        "density": 4.1
      },
      "geometry": {
        "type": "Point",
        "coordinates": [
          -82.329,
          34.877
        ]
      }
    },
    {
      "type": "Feature",
      "properties": {
        "crashes": 45,
        "injury": 7,
        "fatal": 0,
        "pedestrian": 0,
        "density": 4.1
      },
      "geometry": {
        "type": "Point",
        "coordinates": [
          -82.389,
          34.881
        ]
      }
    },
    {
      "type": "Feature",
      "properties": {
        "crashes": 44,
        "injury": 12,
        "fatal": 1,
        "pedestrian": 2,
        "density": 4.0
      },
      "geometry": {
        "type": "Point",
        "coordinates": [
          -82.397,
          34.781
        ]
      }
    },
    {
      "type": "Feature",
      "properties": {
        "crashes": 44,
        "injury": 8,
        "fatal": 0,
        "pedestrian": 0,
        "density": 4.0
      },
      "geometry": {
        "type": "Point",
        "coordinates": [
          -82.287,
          34.821
        ]
      }
    },
    {
      "type": "Feature",
      "properties": {
        "crashes": 44,
        "injury": 4,
        "fatal": 0,
        "pedestrian": 0,
        "density": 4.0
      },
      "geometry": {
        "type": "Point",
        "coordinates": [
          -82.315,
          34.841
        ]
      }
    },
    {
      "type": "Feature",
      "properties": {
        "crashes": 44,
        "injury": 6,
        "fatal": 0,
        "pedestrian": 0,
        "density": 4.0
      },
      "geometry": {
        "type": "Point",
        "coordinates": [
          -82.283,
          34.841
        ]
      }
    },
    {
      "type": "Feature",
      "properties": {
        "crashes": 44,
        "injury": 9,
        "fatal": 0,
        "pedestrian": 0,
        "density": 4.0
      },
      "geometry": {
        "type": "Point",
        "coordinates": [
          -82.445,
          34.843
        ]
      }
    },
    {
      "type": "Feature",
      "properties": {
        "crashes": 44,
        "injury": 8,
        "fatal": 0,
        "pedestrian": 0,
        "density": 4.0
      },
      "geometry": {
        "type": "Point",
        "coordinates": [
          -82.325,
          34.855
        ]
      }
    },
    {
      "type": "Feature",
      "properties": {
        "crashes": 44,
        "injury": 12,
        "fatal": 0,
        "pedestrian": 0,
        "density": 4.0
      },
      "geometry": {
        "type": "Point",
        "coordinates": [
          -82.399,
          34.857
        ]
      }
    },
    {
      "type": "Feature",
      "properties": {
        "crashes": 44,
        "injury": 9,
        "fatal": 0,
        "pedestrian": 0,
        "density": 4.0
      },
      "geometry": {
        "type": "Point",
        "coordinates": [
          -82.293,
          34.859
        ]
      }
    },
    {
      "type": "Feature",
      "properties": {
        "crashes": 44,
        "injury": 12,
        "fatal": 0,
        "pedestrian": 0,
        "density": 4.0
      },
      "geometry": {
        "type": "Point",
        "coordinates": [
          -82.359,
          34.867
        ]
      }
    },
    {
      "type": "Feature",
      "properties": {
        "crashes": 44,
        "injury": 14,
        "fatal": 0,
        "pedestrian": 1,
        "density": 4.0
      },
      "geometry": {
        "type": "Point",
        "coordinates": [
          -82.415,
          34.875
        ]
      }
    },
    {
      "type": "Feature",
      "properties": {
        "crashes": 44,
        "injury": 8,
        "fatal": 0,
        "pedestrian": 0,
        "density": 4.0
      },
      "geometry": {
        "type": "Point",
        "coordinates": [
          -82.297,
          34.891
        ]
      }
    },
    {
      "type": "Feature",
      "properties": {
        "crashes": 43,
        "injury": 12,
        "fatal": 1,
        "pedestrian": 2,
        "density": 3.9
      },
      "geometry": {
        "type": "Point",
        "coordinates": [
          -82.379,
          34.799
        ]
      }
    },
    {
      "type": "Feature",
      "properties": {
        "crashes": 43,
        "injury": 13,
        "fatal": 0,
        "pedestrian": 1,
        "density": 3.9
      },
      "geometry": {
        "type": "Point",
        "coordinates": [
          -82.359,
          34.803
        ]
      }
    },
    {
      "type": "Feature",
      "properties": {
        "crashes": 43,
        "injury": 8,
        "fatal": 1,
        "pedestrian": 1,
        "density": 3.9
      },
      "geometry": {
        "type": "Point",
        "coordinates": [
          -82.435,
          34.807
        ]
      }
    },
    {
      "type": "Feature",
      "properties": {
        "crashes": 43,
        "injury": 6,
        "fatal": 0,
        "pedestrian": 0,
        "density": 3.9
      },
      "geometry": {
        "type": "Point",
        "coordinates": [
          -82.325,
          34.817
        ]
      }
    },
    {
      "type": "Feature",
      "properties": {
        "crashes": 43,
        "injury": 12,
        "fatal": 1,
        "pedestrian": 0,
        "density": 3.9
      },
      "geometry": {
        "type": "Point",
        "coordinates": [
          -82.411,
          34.841
        ]
      }
    },
    {
      "type": "Feature",
      "properties": {
        "crashes": 43,
        "injury": 11,
        "fatal": 0,
        "pedestrian": 0,
        "density": 3.9
      },
      "geometry": {
        "type": "Point",
        "coordinates": [
          -82.335,
          34.863
        ]
      }
    },
    {
      "type": "Feature",
      "properties": {
        "crashes": 43,
        "injury": 9,
        "fatal": 0,
        "pedestrian": 0,
        "density": 3.9
      },
      "geometry": {
        "type": "Point",
        "coordinates": [
          -82.337,
          34.873
        ]
      }
    },
    {
      "type": "Feature",
      "properties": {
        "crashes": 43,
        "injury": 7,
        "fatal": 0,
        "pedestrian": 0,
        "density": 3.9
      },
      "geometry": {
        "type": "Point",
        "coordinates": [
          -82.353,
          34.887
        ]
      }
    },
    {
      "type": "Feature",
      "properties": {
        "crashes": 43,
        "injury": 13,
        "fatal": 0,
        "pedestrian": 2,
        "density": 3.9
      },
      "geometry": {
        "type": "Point",
        "coordinates": [
          -82.351,
          34.887
        ]
      }
    },
    {
      "type": "Feature",
      "properties": {
        "crashes": 42,
        "injury": 10,
        "fatal": 0,
        "pedestrian": 0,
        "density": 3.8
      },
      "geometry": {
        "type": "Point",
        "coordinates": [
          -82.441,
          34.789
        ]
      }
    },
    {
      "type": "Feature",
      "properties": {
        "crashes": 42,
        "injury": 9,
        "fatal": 0,
        "pedestrian": 0,
        "density": 3.8
      },
      "geometry": {
        "type": "Point",
        "coordinates": [
          -82.349,
          34.805
        ]
      }
    },
    {
      "type": "Feature",
      "properties": {
        "crashes": 42,
        "injury": 4,
        "fatal": 0,
        "pedestrian": 0,
        "density": 3.8
      },
      "geometry": {
        "type": "Point",
        "coordinates": [
          -82.289,
          34.815
        ]
      }
    },
    {
      "type": "Feature",
      "properties": {
        "crashes": 42,
        "injury": 14,
        "fatal": 0,
        "pedestrian": 0,
        "density": 3.8
      },
      "geometry": {
        "type": "Point",
        "coordinates": [
          -82.369,
          34.827
        ]
      }
    },
    {
      "type": "Feature",
      "properties": {
        "crashes": 42,
        "injury": 7,
        "fatal": 0,
        "pedestrian": 0,
        "density": 3.8
      },
      "geometry": {
        "type": "Point",
        "coordinates": [
          -82.285,
          34.837
        ]
      }
    },
    {
      "type": "Feature",
      "properties": {
        "crashes": 42,
        "injury": 10,
        "fatal": 0,
        "pedestrian": 0,
        "density": 3.8
      },
      "geometry": {
        "type": "Point",
        "coordinates": [
          -82.343,
          34.843
        ]
      }
    },
    {
      "type": "Feature",
      "properties": {
        "crashes": 42,
        "injury": 12,
        "fatal": 0,
        "pedestrian": 0,
        "density": 3.8
      },
      "geometry": {
        "type": "Point",
        "coordinates": [
          -82.431,
          34.847
        ]
      }
    },
    {
      "type": "Feature",
      "properties": {
        "crashes": 42,
        "injury": 15,
        "fatal": 0,
        "pedestrian": 0,
        "density": 3.8
      },
      "geometry": {
        "type": "Point",
        "coordinates": [
          -82.319,
          34.853
        ]
      }
    },
    {
      "type": "Feature",
      "properties": {
        "crashes": 42,
        "injury": 8,
        "fatal": 0,
        "pedestrian": 0,
        "density": 3.8
      },
      "geometry": {
        "type": "Point",
        "coordinates": [
          -82.383,
          34.855
        ]
      }
    },
    {
      "type": "Feature",
      "properties": {
        "crashes": 42,
        "injury": 10,
        "fatal": 0,
        "pedestrian": 1,
        "density": 3.8
      },
      "geometry": {
        "type": "Point",
        "coordinates": [
          -82.415,
          34.879
        ]
      }
    },
    {
      "type": "Feature",
      "properties": {
        "crashes": 42,
        "injury": 16,
        "fatal": 0,
        "pedestrian": 2,
        "density": 3.8
      },
      "geometry": {
        "type": "Point",
        "coordinates": [
          -82.427,
          34.879
        ]
      }
    },
    {
      "type": "Feature",
      "properties": {
        "crashes": 42,
        "injury": 10,
        "fatal": 0,
        "pedestrian": 0,
        "density": 3.8
      },
      "geometry": {
        "type": "Point",
        "coordinates": [
          -82.417,
          34.881
        ]
      }
    },
    {
      "type": "Feature",
      "properties": {
        "crashes": 42,
        "injury": 6,
        "fatal": 0,
        "pedestrian": 0,
        "density": 3.8
      },
      "geometry": {
        "type": "Point",
        "coordinates": [
          -82.415,
          34.891
        ]
      }
    },
    {
      "type": "Feature",
      "properties": {
        "crashes": 41,
        "injury": 8,
        "fatal": 0,
        "pedestrian": 0,
        "density": 3.7
      },
      "geometry": {
        "type": "Point",
        "coordinates": [
          -82.417,
          34.793
        ]
      }
    },
    {
      "type": "Feature",
      "properties": {
        "crashes": 41,
        "injury": 6,
        "fatal": 1,
        "pedestrian": 2,
        "density": 3.7
      },
      "geometry": {
        "type": "Point",
        "coordinates": [
          -82.421,
          34.797
        ]
      }
    },
    {
      "type": "Feature",
      "properties": {
        "crashes": 41,
        "injury": 11,
        "fatal": 0,
        "pedestrian": 0,
        "density": 3.7
      },
      "geometry": {
        "type": "Point",
        "coordinates": [
          -82.281,
          34.801
        ]
      }
    },
    {
      "type": "Feature",
      "properties": {
        "crashes": 41,
        "injury": 11,
        "fatal": 0,
        "pedestrian": 0,
        "density": 3.7
      },
      "geometry": {
        "type": "Point",
        "coordinates": [
          -82.321,
          34.803
        ]
      }
    },
    {
      "type": "Feature",
      "properties": {
        "crashes": 41,
        "injury": 9,
        "fatal": 0,
        "pedestrian": 0,
        "density": 3.7
      },
      "geometry": {
        "type": "Point",
        "coordinates": [
          -82.423,
          34.807
        ]
      }
    },
    {
      "type": "Feature",
      "properties": {
        "crashes": 41,
        "injury": 7,
        "fatal": 0,
        "pedestrian": 0,
        "density": 3.7
      },
      "geometry": {
        "type": "Point",
        "coordinates": [
          -82.437,
          34.809
        ]
      }
    },
    {
      "type": "Feature",
      "properties": {
        "crashes": 41,
        "injury": 11,
        "fatal": 2,
        "pedestrian": 3,
        "density": 3.7
      },
      "geometry": {
        "type": "Point",
        "coordinates": [
          -82.431,
          34.825
        ]
      }
    },
    {
      "type": "Feature",
      "properties": {
        "crashes": 41,
        "injury": 8,
        "fatal": 0,
        "pedestrian": 0,
        "density": 3.7
      },
      "geometry": {
        "type": "Point",
        "coordinates": [
          -82.379,
          34.853
        ]
      }
    },
    {
      "type": "Feature",
      "properties": {
        "crashes": 41,
        "injury": 13,
        "fatal": 0,
        "pedestrian": 0,
        "density": 3.7
      },
      "geometry": {
        "type": "Point",
        "coordinates": [
          -82.341,
          34.857
        ]
      }
    },
    {
      "type": "Feature",
      "properties": {
        "crashes": 41,
        "injury": 10,
        "fatal": 0,
        "pedestrian": 0,
        "density": 3.7
      },
      "geometry": {
        "type": "Point",
        "coordinates": [
          -82.429,
          34.877
        ]
      }
    },
    {
      "type": "Feature",
      "properties": {
        "crashes": 41,
        "injury": 10,
        "fatal": 1,
        "pedestrian": 0,
        "density": 3.7
      },
      "geometry": {
        "type": "Point",
        "coordinates": [
          -82.365,
          34.881
        ]
      }
    },
    {
      "type": "Feature",
      "properties": {
        "crashes": 40,
        "injury": 5,
        "fatal": 0,
        "pedestrian": 0,
        "density": 3.6
      },
      "geometry": {
        "type": "Point",
        "coordinates": [
          -82.431,
          34.801
        ]
      }
    },
    {
      "type": "Feature",
      "properties": {
        "crashes": 40,
        "injury": 3,
        "fatal": 0,
        "pedestrian": 0,
        "density": 3.6
      },
      "geometry": {
        "type": "Point",
        "coordinates": [
          -82.357,
          34.803
        ]
      }
    },
    {
      "type": "Feature",
      "properties": {
        "crashes": 40,
        "injury": 8,
        "fatal": 0,
        "pedestrian": 0,
        "density": 3.6
      },
      "geometry": {
        "type": "Point",
        "coordinates": [
          -82.337,
          34.815
        ]
      }
    },
    {
      "type": "Feature",
      "properties": {
        "crashes": 40,
        "injury": 9,
        "fatal": 1,
        "pedestrian": 0,
        "density": 3.6
      },
      "geometry": {
        "type": "Point",
        "coordinates": [
          -82.429,
          34.821
        ]
      }
    },
    {
      "type": "Feature",
      "properties": {
        "crashes": 40,
        "injury": 14,
        "fatal": 0,
        "pedestrian": 0,
        "density": 3.6
      },
      "geometry": {
        "type": "Point",
        "coordinates": [
          -82.407,
          34.829
        ]
      }
    },
    {
      "type": "Feature",
      "properties": {
        "crashes": 40,
        "injury": 15,
        "fatal": 0,
        "pedestrian": 0,
        "density": 3.6
      },
      "geometry": {
        "type": "Point",
        "coordinates": [
          -82.415,
          34.843
        ]
      }
    },
    {
      "type": "Feature",
      "properties": {
        "crashes": 40,
        "injury": 13,
        "fatal": 0,
        "pedestrian": 0,
        "density": 3.6
      },
      "geometry": {
        "type": "Point",
        "coordinates": [
          -82.397,
          34.845
        ]
      }
    },
    {
      "type": "Feature",
      "properties": {
        "crashes": 40,
        "injury": 6,
        "fatal": 0,
        "pedestrian": 0,
        "density": 3.6
      },
      "geometry": {
        "type": "Point",
        "coordinates": [
          -82.301,
          34.847
        ]
      }
    },
    {
      "type": "Feature",
      "properties": {
        "crashes": 40,
        "injury": 9,
        "fatal": 0,
        "pedestrian": 0,
        "density": 3.6
      },
      "geometry": {
        "type": "Point",
        "coordinates": [
          -82.363,
          34.855
        ]
      }
    },
    {
      "type": "Feature",
      "properties": {
        "crashes": 40,
        "injury": 3,
        "fatal": 0,
        "pedestrian": 0,
        "density": 3.6
      },
      "geometry": {
        "type": "Point",
        "coordinates": [
          -82.359,
          34.887
        ]
      }
    },
    {
      "type": "Feature",
      "properties": {
        "crashes": 40,
        "injury": 9,
        "fatal": 0,
        "pedestrian": 1,
        "density": 3.6
      },
      "geometry": {
        "type": "Point",
        "coordinates": [
          -82.303,
          34.895
        ]
      }
    },
    {
      "type": "Feature",
      "properties": {
        "crashes": 40,
        "injury": 4,
        "fatal": 1,
        "pedestrian": 0,
        "density": 3.6
      },
      "geometry": {
        "type": "Point",
        "coordinates": [
          -82.345,
          34.897
        ]
      }
    },
    {
      "type": "Feature",
      "properties": {
        "crashes": 39,
        "injury": 11,
        "fatal": 0,
        "pedestrian": 0,
        "density": 3.5
      },
      "geometry": {
        "type": "Point",
        "coordinates": [
          -82.281,
          34.783
        ]
      }
    },
    {
      "type": "Feature",
      "properties": {
        "crashes": 39,
        "injury": 6,
        "fatal": 0,
        "pedestrian": 0,
        "density": 3.5
      },
      "geometry": {
        "type": "Point",
        "coordinates": [
          -82.419,
          34.791
        ]
      }
    },
    {
      "type": "Feature",
      "properties": {
        "crashes": 39,
        "injury": 8,
        "fatal": 0,
        "pedestrian": 0,
        "density": 3.5
      },
      "geometry": {
        "type": "Point",
        "coordinates": [
          -82.407,
          34.793
        ]
      }
    },
    {
      "type": "Feature",
      "properties": {
        "crashes": 39,
        "injury": 10,
        "fatal": 0,
        "pedestrian": 0,
        "density": 3.5
      },
      "geometry": {
        "type": "Point",
        "coordinates": [
          -82.399,
          34.793
        ]
      }
    },
    {
      "type": "Feature",
      "properties": {
        "crashes": 39,
        "injury": 8,
        "fatal": 0,
        "pedestrian": 0,
        "density": 3.5
      },
      "geometry": {
        "type": "Point",
        "coordinates": [
          -82.419,
          34.817
        ]
      }
    },
    {
      "type": "Feature",
      "properties": {
        "crashes": 39,
        "injury": 12,
        "fatal": 0,
        "pedestrian": 0,
        "density": 3.5
      },
      "geometry": {
        "type": "Point",
        "coordinates": [
          -82.369,
          34.823
        ]
      }
    },
    {
      "type": "Feature",
      "properties": {
        "crashes": 39,
        "injury": 12,
        "fatal": 0,
        "pedestrian": 0,
        "density": 3.5
      },
      "geometry": {
        "type": "Point",
        "coordinates": [
          -82.433,
          34.827
        ]
      }
    },
    {
      "type": "Feature",
      "properties": {
        "crashes": 39,
        "injury": 14,
        "fatal": 0,
        "pedestrian": 1,
        "density": 3.5
      },
      "geometry": {
        "type": "Point",
        "coordinates": [
          -82.367,
          34.845
        ]
      }
    },
    {
      "type": "Feature",
      "properties": {
        "crashes": 39,
        "injury": 16,
        "fatal": 0,
        "pedestrian": 0,
        "density": 3.5
      },
      "geometry": {
        "type": "Point",
        "coordinates": [
          -82.443,
          34.857
        ]
      }
    },
    {
      "type": "Feature",
      "properties": {
        "crashes": 39,
        "injury": 8,
        "fatal": 0,
        "pedestrian": 0,
        "density": 3.5
      },
      "geometry": {
        "type": "Point",
        "coordinates": [
          -82.389,
          34.859
        ]
      }
    },
    {
      "type": "Feature",
      "properties": {
        "crashes": 39,
        "injury": 17,
        "fatal": 0,
        "pedestrian": 1,
        "density": 3.5
      },
      "geometry": {
        "type": "Point",
        "coordinates": [
          -82.351,
          34.867
        ]
      }
    },
    {
      "type": "Feature",
      "properties": {
        "crashes": 39,
        "injury": 10,
        "fatal": 0,
        "pedestrian": 0,
        "density": 3.5
      },
      "geometry": {
        "type": "Point",
        "coordinates": [
          -82.401,
          34.889
        ]
      }
    },
    {
      "type": "Feature",
      "properties": {
        "crashes": 38,
        "injury": 8,
        "fatal": 1,
        "pedestrian": 1,
        "density": 3.5
      },
      "geometry": {
        "type": "Point",
        "coordinates": [
          -82.377,
          34.781
        ]
      }
    },
    {
      "type": "Feature",
      "properties": {
        "crashes": 38,
        "injury": 6,
        "fatal": 0,
        "pedestrian": 1,
        "density": 3.5
      },
      "geometry": {
        "type": "Point",
        "coordinates": [
          -82.313,
          34.783
        ]
      }
    },
    {
      "type": "Feature",
      "properties": {
        "crashes": 38,
        "injury": 7,
        "fatal": 0,
        "pedestrian": 0,
        "density": 3.5
      },
      "geometry": {
        "type": "Point",
        "coordinates": [
          -82.375,
          34.797
        ]
      }
    },
    {
      "type": "Feature",
      "properties": {
        "crashes": 38,
        "injury": 7,
        "fatal": 1,
        "pedestrian": 0,
        "density": 3.5
      },
      "geometry": {
        "type": "Point",
        "coordinates": [
          -82.317,
          34.801
        ]
      }
    },
    {
      "type": "Feature",
      "properties": {
        "crashes": 38,
        "injury": 13,
        "fatal": 0,
        "pedestrian": 0,
        "density": 3.5
      },
      "geometry": {
        "type": "Point",
        "coordinates": [
          -82.439,
          34.817
        ]
      }
    },
    {
      "type": "Feature",
      "properties": {
        "crashes": 38,
        "injury": 7,
        "fatal": 0,
        "pedestrian": 1,
        "density": 3.5
      },
      "geometry": {
        "type": "Point",
        "coordinates": [
          -82.297,
          34.845
        ]
      }
    },
    {
      "type": "Feature",
      "properties": {
        "crashes": 38,
        "injury": 13,
        "fatal": 0,
        "pedestrian": 0,
        "density": 3.5
      },
      "geometry": {
        "type": "Point",
        "coordinates": [
          -82.359,
          34.853
        ]
      }
    },
    {
      "type": "Feature",
      "properties": {
        "crashes": 38,
        "injury": 9,
        "fatal": 0,
        "pedestrian": 0,
        "density": 3.5
      },
      "geometry": {
        "type": "Point",
        "coordinates": [
          -82.337,
          34.855
        ]
      }
    },
    {
      "type": "Feature",
      "properties": {
        "crashes": 38,
        "injury": 12,
        "fatal": 0,
        "pedestrian": 2,
        "density": 3.5
      },
      "geometry": {
        "type": "Point",
        "coordinates": [
          -82.417,
          34.871
        ]
      }
    },
    {
      "type": "Feature",
      "properties": {
        "crashes": 38,
        "injury": 10,
        "fatal": 1,
        "pedestrian": 2,
        "density": 3.5
      },
      "geometry": {
        "type": "Point",
        "coordinates": [
          -82.427,
          34.871
        ]
      }
    },
    {
      "type": "Feature",
      "properties": {
        "crashes": 38,
        "injury": 9,
        "fatal": 0,
        "pedestrian": 0,
        "density": 3.5
      },
      "geometry": {
        "type": "Point",
        "coordinates": [
          -82.363,
          34.877
        ]
      }
    },
    {
      "type": "Feature",
      "properties": {
        "crashes": 38,
        "injury": 7,
        "fatal": 0,
        "pedestrian": 0,
        "density": 3.5
      },
      "geometry": {
        "type": "Point",
        "coordinates": [
          -82.329,
          34.893
        ]
      }
    },
    {
      "type": "Feature",
      "properties": {
        "crashes": 37,
        "injury": 8,
        "fatal": 1,
        "pedestrian": 0,
        "density": 3.4
      },
      "geometry": {
        "type": "Point",
        "coordinates": [
          -82.365,
          34.799
        ]
      }
    },
    {
      "type": "Feature",
      "properties": {
        "crashes": 37,
        "injury": 12,
        "fatal": 0,
        "pedestrian": 0,
        "density": 3.4
      },
      "geometry": {
        "type": "Point",
        "coordinates": [
          -82.411,
          34.817
        ]
      }
    },
    {
      "type": "Feature",
      "properties": {
        "crashes": 37,
        "injury": 9,
        "fatal": 0,
        "pedestrian": 0,
        "density": 3.4
      },
      "geometry": {
        "type": "Point",
        "coordinates": [
          -82.317,
          34.841
        ]
      }
    },
    {
      "type": "Feature",
      "properties": {
        "crashes": 37,
        "injury": 9,
        "fatal": 1,
        "pedestrian": 0,
        "density": 3.4
      },
      "geometry": {
        "type": "Point",
        "coordinates": [
          -82.373,
          34.853
        ]
      }
    },
    {
      "type": "Feature",
      "properties": {
        "crashes": 37,
        "injury": 9,
        "fatal": 0,
        "pedestrian": 0,
        "density": 3.4
      },
      "geometry": {
        "type": "Point",
        "coordinates": [
          -82.385,
          34.853
        ]
      }
    },
    {
      "type": "Feature",
      "properties": {
        "crashes": 37,
        "injury": 5,
        "fatal": 0,
        "pedestrian": 0,
        "density": 3.4
      },
      "geometry": {
        "type": "Point",
        "coordinates": [
          -82.403,
          34.855
        ]
      }
    },
    {
      "type": "Feature",
      "properties": {
        "crashes": 37,
        "injury": 10,
        "fatal": 0,
        "pedestrian": 0,
        "density": 3.4
      },
      "geometry": {
        "type": "Point",
        "coordinates": [
          -82.331,
          34.873
        ]
      }
    },
    {
      "type": "Feature",
      "properties": {
        "crashes": 36,
        "injury": 7,
        "fatal": 0,
        "pedestrian": 0,
        "density": 3.3
      },
      "geometry": {
        "type": "Point",
        "coordinates": [
          -82.333,
          34.847
        ]
      }
    },
    {
      "type": "Feature",
      "properties": {
        "crashes": 36,
        "injury": 6,
        "fatal": 0,
        "pedestrian": 0,
        "density": 3.3
      },
      "geometry": {
        "type": "Point",
        "coordinates": [
          -82.443,
          34.789
        ]
      }
    },
    {
      "type": "Feature",
      "properties": {
        "crashes": 36,
        "injury": 4,
        "fatal": 0,
        "pedestrian": 0,
        "density": 3.3
      },
      "geometry": {
        "type": "Point",
        "coordinates": [
          -82.413,
          34.791
        ]
      }
    },
    {
      "type": "Feature",
      "properties": {
        "crashes": 36,
        "injury": 4,
        "fatal": 0,
        "pedestrian": 0,
        "density": 3.3
      },
      "geometry": {
        "type": "Point",
        "coordinates": [
          -82.435,
          34.791
        ]
      }
    },
    {
      "type": "Feature",
      "properties": {
        "crashes": 36,
        "injury": 10,
        "fatal": 0,
        "pedestrian": 0,
        "density": 3.3
      },
      "geometry": {
        "type": "Point",
        "coordinates": [
          -82.365,
          34.819
        ]
      }
    },
    {
      "type": "Feature",
      "properties": {
        "crashes": 36,
        "injury": 12,
        "fatal": 0,
        "pedestrian": 0,
        "density": 3.3
      },
      "geometry": {
        "type": "Point",
        "coordinates": [
          -82.309,
          34.827
        ]
      }
    },
    {
      "type": "Feature",
      "properties": {
        "crashes": 36,
        "injury": 6,
        "fatal": 0,
        "pedestrian": 0,
        "density": 3.3
      },
      "geometry": {
        "type": "Point",
        "coordinates": [
          -82.293,
          34.833
        ]
      }
    },
    {
      "type": "Feature",
      "properties": {
        "crashes": 36,
        "injury": 14,
        "fatal": 0,
        "pedestrian": 0,
        "density": 3.3
      },
      "geometry": {
        "type": "Point",
        "coordinates": [
          -82.419,
          34.833
        ]
      }
    },
    {
      "type": "Feature",
      "properties": {
        "crashes": 36,
        "injury": 5,
        "fatal": 1,
        "pedestrian": 0,
        "density": 3.3
      },
      "geometry": {
        "type": "Point",
        "coordinates": [
          -82.347,
          34.835
        ]
      }
    },
    {
      "type": "Feature",
      "properties": {
        "crashes": 36,
        "injury": 9,
        "fatal": 0,
        "pedestrian": 0,
        "density": 3.3
      },
      "geometry": {
        "type": "Point",
        "coordinates": [
          -82.445,
          34.845
        ]
      }
    },
    {
      "type": "Feature",
      "properties": {
        "crashes": 36,
        "injury": 8,
        "fatal": 0,
        "pedestrian": 0,
        "density": 3.3
      },
      "geometry": {
        "type": "Point",
        "coordinates": [
          -82.397,
          34.859
        ]
      }
    },
    {
      "type": "Feature",
      "properties": {
        "crashes": 36,
        "injury": 9,
        "fatal": 0,
        "pedestrian": 0,
        "density": 3.3
      },
      "geometry": {
        "type": "Point",
        "coordinates": [
          -82.327,
          34.871
        ]
      }
    },
    {
      "type": "Feature",
      "properties": {
        "crashes": 36,
        "injury": 8,
        "fatal": 0,
        "pedestrian": 1,
        "density": 3.3
      },
      "geometry": {
        "type": "Point",
        "coordinates": [
          -82.355,
          34.895
        ]
      }
    },
    {
      "type": "Feature",
      "properties": {
        "crashes": 36,
        "injury": 8,
        "fatal": 0,
        "pedestrian": 1,
        "density": 3.3
      },
      "geometry": {
        "type": "Point",
        "coordinates": [
          -82.311,
          34.895
        ]
      }
    },
    {
      "type": "Feature",
      "properties": {
        "crashes": 35,
        "injury": 4,
        "fatal": 0,
        "pedestrian": 0,
        "density": 3.2
      },
      "geometry": {
        "type": "Point",
        "coordinates": [
          -82.415,
          34.791
        ]
      }
    },
    {
      "type": "Feature",
      "properties": {
        "crashes": 35,
        "injury": 9,
        "fatal": 0,
        "pedestrian": 0,
        "density": 3.2
      },
      "geometry": {
        "type": "Point",
        "coordinates": [
          -82.373,
          34.797
        ]
      }
    },
    {
      "type": "Feature",
      "properties": {
        "crashes": 35,
        "injury": 10,
        "fatal": 1,
        "pedestrian": 1,
        "density": 3.2
      },
      "geometry": {
        "type": "Point",
        "coordinates": [
          -82.423,
          34.805
        ]
      }
    },
    {
      "type": "Feature",
      "properties": {
        "crashes": 35,
        "injury": 7,
        "fatal": 0,
        "pedestrian": 0,
        "density": 3.2
      },
      "geometry": {
        "type": "Point",
        "coordinates": [
          -82.347,
          34.807
        ]
      }
    },
    {
      "type": "Feature",
      "properties": {
        "crashes": 35,
        "injury": 11,
        "fatal": 0,
        "pedestrian": 0,
        "density": 3.2
      },
      "geometry": {
        "type": "Point",
        "coordinates": [
          -82.445,
          34.833
        ]
      }
    },
    {
      "type": "Feature",
      "properties": {
        "crashes": 35,
        "injury": 5,
        "fatal": 0,
        "pedestrian": 1,
        "density": 3.2
      },
      "geometry": {
        "type": "Point",
        "coordinates": [
          -82.401,
          34.845
        ]
      }
    },
    {
      "type": "Feature",
      "properties": {
        "crashes": 35,
        "injury": 10,
        "fatal": 0,
        "pedestrian": 0,
        "density": 3.2
      },
      "geometry": {
        "type": "Point",
        "coordinates": [
          -82.339,
          34.855
        ]
      }
    },
    {
      "type": "Feature",
      "properties": {
        "crashes": 35,
        "injury": 10,
        "fatal": 0,
        "pedestrian": 0,
        "density": 3.2
      },
      "geometry": {
        "type": "Point",
        "coordinates": [
          -82.367,
          34.875
        ]
      }
    },
    {
      "type": "Feature",
      "properties": {
        "crashes": 35,
        "injury": 6,
        "fatal": 0,
        "pedestrian": 0,
        "density": 3.2
      },
      "geometry": {
        "type": "Point",
        "coordinates": [
          -82.365,
          34.875
        ]
      }
    },
    {
      "type": "Feature",
      "properties": {
        "crashes": 35,
        "injury": 11,
        "fatal": 0,
        "pedestrian": 0,
        "density": 3.2
      },
      "geometry": {
        "type": "Point",
        "coordinates": [
          -82.429,
          34.879
        ]
      }
    },
    {
      "type": "Feature",
      "properties": {
        "crashes": 35,
        "injury": 14,
        "fatal": 0,
        "pedestrian": 0,
        "density": 3.2
      },
      "geometry": {
        "type": "Point",
        "coordinates": [
          -82.381,
          34.891
        ]
      }
    },
    {
      "type": "Feature",
      "properties": {
        "crashes": 34,
        "injury": 5,
        "fatal": 1,
        "pedestrian": 1,
        "density": 3.1
      },
      "geometry": {
        "type": "Point",
        "coordinates": [
          -82.397,
          34.793
        ]
      }
    },
    {
      "type": "Feature",
      "properties": {
        "crashes": 34,
        "injury": 12,
        "fatal": 0,
        "pedestrian": 0,
        "density": 3.1
      },
      "geometry": {
        "type": "Point",
        "coordinates": [
          -82.387,
          34.795
        ]
      }
    },
    {
      "type": "Feature",
      "properties": {
        "crashes": 34,
        "injury": 11,
        "fatal": 0,
        "pedestrian": 1,
        "density": 3.1
      },
      "geometry": {
        "type": "Point",
        "coordinates": [
          -82.435,
          34.809
        ]
      }
    },
    {
      "type": "Feature",
      "properties": {
        "crashes": 34,
        "injury": 5,
        "fatal": 0,
        "pedestrian": 0,
        "density": 3.1
      },
      "geometry": {
        "type": "Point",
        "coordinates": [
          -82.285,
          34.809
        ]
      }
    },
    {
      "type": "Feature",
      "properties": {
        "crashes": 34,
        "injury": 13,
        "fatal": 0,
        "pedestrian": 0,
        "density": 3.1
      },
      "geometry": {
        "type": "Point",
        "coordinates": [
          -82.383,
          34.813
        ]
      }
    },
    {
      "type": "Feature",
      "properties": {
        "crashes": 34,
        "injury": 3,
        "fatal": 0,
        "pedestrian": 0,
        "density": 3.1
      },
      "geometry": {
        "type": "Point",
        "coordinates": [
          -82.323,
          34.813
        ]
      }
    },
    {
      "type": "Feature",
      "properties": {
        "crashes": 34,
        "injury": 14,
        "fatal": 0,
        "pedestrian": 0,
        "density": 3.1
      },
      "geometry": {
        "type": "Point",
        "coordinates": [
          -82.437,
          34.819
        ]
      }
    },
    {
      "type": "Feature",
      "properties": {
        "crashes": 34,
        "injury": 12,
        "fatal": 1,
        "pedestrian": 1,
        "density": 3.1
      },
      "geometry": {
        "type": "Point",
        "coordinates": [
          -82.425,
          34.829
        ]
      }
    },
    {
      "type": "Feature",
      "properties": {
        "crashes": 34,
        "injury": 9,
        "fatal": 1,
        "pedestrian": 2,
        "density": 3.1
      },
      "geometry": {
        "type": "Point",
        "coordinates": [
          -82.445,
          34.837
        ]
      }
    },
    {
      "type": "Feature",
      "properties": {
        "crashes": 34,
        "injury": 9,
        "fatal": 0,
        "pedestrian": 1,
        "density": 3.1
      },
      "geometry": {
        "type": "Point",
        "coordinates": [
          -82.413,
          34.847
        ]
      }
    },
    {
      "type": "Feature",
      "properties": {
        "crashes": 34,
        "injury": 6,
        "fatal": 0,
        "pedestrian": 0,
        "density": 3.1
      },
      "geometry": {
        "type": "Point",
        "coordinates": [
          -82.375,
          34.853
        ]
      }
    },
    {
      "type": "Feature",
      "properties": {
        "crashes": 34,
        "injury": 5,
        "fatal": 0,
        "pedestrian": 1,
        "density": 3.1
      },
      "geometry": {
        "type": "Point",
        "coordinates": [
          -82.355,
          34.855
        ]
      }
    },
    {
      "type": "Feature",
      "properties": {
        "crashes": 34,
        "injury": 9,
        "fatal": 0,
        "pedestrian": 0,
        "density": 3.1
      },
      "geometry": {
        "type": "Point",
        "coordinates": [
          -82.375,
          34.861
        ]
      }
    },
    {
      "type": "Feature",
      "properties": {
        "crashes": 34,
        "injury": 11,
        "fatal": 1,
        "pedestrian": 2,
        "density": 3.1
      },
      "geometry": {
        "type": "Point",
        "coordinates": [
          -82.429,
          34.873
        ]
      }
    },
    {
      "type": "Feature",
      "properties": {
        "crashes": 34,
        "injury": 6,
        "fatal": 1,
        "pedestrian": 0,
        "density": 3.1
      },
      "geometry": {
        "type": "Point",
        "coordinates": [
          -82.309,
          34.873
        ]
      }
    },
    {
      "type": "Feature",
      "properties": {
        "crashes": 34,
        "injury": 4,
        "fatal": 2,
        "pedestrian": 1,
        "density": 3.1
      },
      "geometry": {
        "type": "Point",
        "coordinates": [
          -82.325,
          34.875
        ]
      }
    },
    {
      "type": "Feature",
      "properties": {
        "crashes": 34,
        "injury": 10,
        "fatal": 1,
        "pedestrian": 1,
        "density": 3.1
      },
      "geometry": {
        "type": "Point",
        "coordinates": [
          -82.383,
          34.889
        ]
      }
    },
    {
      "type": "Feature",
      "properties": {
        "crashes": 33,
        "injury": 9,
        "fatal": 0,
        "pedestrian": 0,
        "density": 3.0
      },
      "geometry": {
        "type": "Point",
        "coordinates": [
          -82.329,
          34.807
        ]
      }
    },
    {
      "type": "Feature",
      "properties": {
        "crashes": 33,
        "injury": 12,
        "fatal": 0,
        "pedestrian": 0,
        "density": 3.0
      },
      "geometry": {
        "type": "Point",
        "coordinates": [
          -82.415,
          34.817
        ]
      }
    },
    {
      "type": "Feature",
      "properties": {
        "crashes": 33,
        "injury": 9,
        "fatal": 0,
        "pedestrian": 0,
        "density": 3.0
      },
      "geometry": {
        "type": "Point",
        "coordinates": [
          -82.325,
          34.837
        ]
      }
    },
    {
      "type": "Feature",
      "properties": {
        "crashes": 33,
        "injury": 14,
        "fatal": 0,
        "pedestrian": 0,
        "density": 3.0
      },
      "geometry": {
        "type": "Point",
        "coordinates": [
          -82.417,
          34.843
        ]
      }
    },
    {
      "type": "Feature",
      "properties": {
        "crashes": 33,
        "injury": 8,
        "fatal": 0,
        "pedestrian": 0,
        "density": 3.0
      },
      "geometry": {
        "type": "Point",
        "coordinates": [
          -82.439,
          34.847
        ]
      }
    },
    {
      "type": "Feature",
      "properties": {
        "crashes": 33,
        "injury": 7,
        "fatal": 0,
        "pedestrian": 0,
        "density": 3.0
      },
      "geometry": {
        "type": "Point",
        "coordinates": [
          -82.325,
          34.849
        ]
      }
    },
    {
      "type": "Feature",
      "properties": {
        "crashes": 33,
        "injury": 5,
        "fatal": 0,
        "pedestrian": 0,
        "density": 3.0
      },
      "geometry": {
        "type": "Point",
        "coordinates": [
          -82.389,
          34.851
        ]
      }
    },
    {
      "type": "Feature",
      "properties": {
        "crashes": 33,
        "injury": 8,
        "fatal": 1,
        "pedestrian": 0,
        "density": 3.0
      },
      "geometry": {
        "type": "Point",
        "coordinates": [
          -82.349,
          34.859
        ]
      }
    },
    {
      "type": "Feature",
      "properties": {
        "crashes": 33,
        "injury": 10,
        "fatal": 0,
        "pedestrian": 0,
        "density": 3.0
      },
      "geometry": {
        "type": "Point",
        "coordinates": [
          -82.341,
          34.863
        ]
      }
    },
    {
      "type": "Feature",
      "properties": {
        "crashes": 33,
        "injury": 11,
        "fatal": 0,
        "pedestrian": 2,
        "density": 3.0
      },
      "geometry": {
        "type": "Point",
        "coordinates": [
          -82.445,
          34.877
        ]
      }
    },
    {
      "type": "Feature",
      "properties": {
        "crashes": 32,
        "injury": 8,
        "fatal": 0,
        "pedestrian": 0,
        "density": 2.9
      },
      "geometry": {
        "type": "Point",
        "coordinates": [
          -82.395,
          34.857
        ]
      }
    },
    {
      "type": "Feature",
      "properties": {
        "crashes": 32,
        "injury": 6,
        "fatal": 1,
        "pedestrian": 0,
        "density": 2.9
      },
      "geometry": {
        "type": "Point",
        "coordinates": [
          -82.313,
          34.785
        ]
      }
    },
    {
      "type": "Feature",
      "properties": {
        "crashes": 32,
        "injury": 8,
        "fatal": 0,
        "pedestrian": 0,
        "density": 2.9
      },
      "geometry": {
        "type": "Point",
        "coordinates": [
          -82.313,
          34.789
        ]
      }
    },
    {
      "type": "Feature",
      "properties": {
        "crashes": 32,
        "injury": 7,
        "fatal": 0,
        "pedestrian": 0,
        "density": 2.9
      },
      "geometry": {
        "type": "Point",
        "coordinates": [
          -82.343,
          34.823
        ]
      }
    },
    {
      "type": "Feature",
      "properties": {
        "crashes": 32,
        "injury": 9,
        "fatal": 1,
        "pedestrian": 1,
        "density": 2.9
      },
      "geometry": {
        "type": "Point",
        "coordinates": [
          -82.413,
          34.823
        ]
      }
    },
    {
      "type": "Feature",
      "properties": {
        "crashes": 32,
        "injury": 16,
        "fatal": 0,
        "pedestrian": 0,
        "density": 2.9
      },
      "geometry": {
        "type": "Point",
        "coordinates": [
          -82.413,
          34.825
        ]
      }
    },
    {
      "type": "Feature",
      "properties": {
        "crashes": 32,
        "injury": 6,
        "fatal": 0,
        "pedestrian": 0,
        "density": 2.9
      },
      "geometry": {
        "type": "Point",
        "coordinates": [
          -82.385,
          34.829
        ]
      }
    },
    {
      "type": "Feature",
      "properties": {
        "crashes": 32,
        "injury": 8,
        "fatal": 0,
        "pedestrian": 1,
        "density": 2.9
      },
      "geometry": {
        "type": "Point",
        "coordinates": [
          -82.393,
          34.841
        ]
      }
    },
    {
      "type": "Feature",
      "properties": {
        "crashes": 32,
        "injury": 7,
        "fatal": 0,
        "pedestrian": 0,
        "density": 2.9
      },
      "geometry": {
        "type": "Point",
        "coordinates": [
          -82.313,
          34.843
        ]
      }
    },
    {
      "type": "Feature",
      "properties": {
        "crashes": 32,
        "injury": 8,
        "fatal": 0,
        "pedestrian": 0,
        "density": 2.9
      },
      "geometry": {
        "type": "Point",
        "coordinates": [
          -82.335,
          34.847
        ]
      }
    },
    {
      "type": "Feature",
      "properties": {
        "crashes": 32,
        "injury": 8,
        "fatal": 0,
        "pedestrian": 0,
        "density": 2.9
      },
      "geometry": {
        "type": "Point",
        "coordinates": [
          -82.393,
          34.849
        ]
      }
    },
    {
      "type": "Feature",
      "properties": {
        "crashes": 32,
        "injury": 6,
        "fatal": 0,
        "pedestrian": 0,
        "density": 2.9
      },
      "geometry": {
        "type": "Point",
        "coordinates": [
          -82.313,
          34.855
        ]
      }
    },
    {
      "type": "Feature",
      "properties": {
        "crashes": 32,
        "injury": 8,
        "fatal": 0,
        "pedestrian": 0,
        "density": 2.9
      },
      "geometry": {
        "type": "Point",
        "coordinates": [
          -82.409,
          34.867
        ]
      }
    },
    {
      "type": "Feature",
      "properties": {
        "crashes": 32,
        "injury": 8,
        "fatal": 1,
        "pedestrian": 1,
        "density": 2.9
      },
      "geometry": {
        "type": "Point",
        "coordinates": [
          -82.405,
          34.871
        ]
      }
    },
    {
      "type": "Feature",
      "properties": {
        "crashes": 32,
        "injury": 6,
        "fatal": 0,
        "pedestrian": 0,
        "density": 2.9
      },
      "geometry": {
        "type": "Point",
        "coordinates": [
          -82.431,
          34.875
        ]
      }
    },
    {
      "type": "Feature",
      "properties": {
        "crashes": 32,
        "injury": 11,
        "fatal": 0,
        "pedestrian": 0,
        "density": 2.9
      },
      "geometry": {
        "type": "Point",
        "coordinates": [
          -82.409,
          34.889
        ]
      }
    },
    {
      "type": "Feature",
      "properties": {
        "crashes": 32,
        "injury": 7,
        "fatal": 0,
        "pedestrian": 0,
        "density": 2.9
      },
      "geometry": {
        "type": "Point",
        "coordinates": [
          -82.409,
          34.891
        ]
      }
    },
    {
      "type": "Feature",
      "properties": {
        "crashes": 31,
        "injury": 6,
        "fatal": 0,
        "pedestrian": 0,
        "density": 2.8
      },
      "geometry": {
        "type": "Point",
        "coordinates": [
          -82.329,
          34.879
        ]
      }
    },
    {
      "type": "Feature",
      "properties": {
        "crashes": 31,
        "injury": 11,
        "fatal": 0,
        "pedestrian": 0,
        "density": 2.8
      },
      "geometry": {
        "type": "Point",
        "coordinates": [
          -82.425,
          34.803
        ]
      }
    },
    {
      "type": "Feature",
      "properties": {
        "crashes": 31,
        "injury": 6,
        "fatal": 0,
        "pedestrian": 0,
        "density": 2.8
      },
      "geometry": {
        "type": "Point",
        "coordinates": [
          -82.351,
          34.805
        ]
      }
    },
    {
      "type": "Feature",
      "properties": {
        "crashes": 31,
        "injury": 9,
        "fatal": 0,
        "pedestrian": 0,
        "density": 2.8
      },
      "geometry": {
        "type": "Point",
        "coordinates": [
          -82.385,
          34.815
        ]
      }
    },
    {
      "type": "Feature",
      "properties": {
        "crashes": 31,
        "injury": 9,
        "fatal": 0,
        "pedestrian": 0,
        "density": 2.8
      },
      "geometry": {
        "type": "Point",
        "coordinates": [
          -82.401,
          34.819
        ]
      }
    },
    {
      "type": "Feature",
      "properties": {
        "crashes": 31,
        "injury": 5,
        "fatal": 0,
        "pedestrian": 0,
        "density": 2.8
      },
      "geometry": {
        "type": "Point",
        "coordinates": [
          -82.345,
          34.827
        ]
      }
    },
    {
      "type": "Feature",
      "properties": {
        "crashes": 31,
        "injury": 5,
        "fatal": 0,
        "pedestrian": 0,
        "density": 2.8
      },
      "geometry": {
        "type": "Point",
        "coordinates": [
          -82.409,
          34.829
        ]
      }
    },
    {
      "type": "Feature",
      "properties": {
        "crashes": 31,
        "injury": 7,
        "fatal": 0,
        "pedestrian": 0,
        "density": 2.8
      },
      "geometry": {
        "type": "Point",
        "coordinates": [
          -82.351,
          34.833
        ]
      }
    },
    {
      "type": "Feature",
      "properties": {
        "crashes": 31,
        "injury": 10,
        "fatal": 0,
        "pedestrian": 0,
        "density": 2.8
      },
      "geometry": {
        "type": "Point",
        "coordinates": [
          -82.415,
          34.837
        ]
      }
    },
    {
      "type": "Feature",
      "properties": {
        "crashes": 31,
        "injury": 6,
        "fatal": 0,
        "pedestrian": 1,
        "density": 2.8
      },
      "geometry": {
        "type": "Point",
        "coordinates": [
          -82.283,
          34.837
        ]
      }
    },
    {
      "type": "Feature",
      "properties": {
        "crashes": 31,
        "injury": 5,
        "fatal": 0,
        "pedestrian": 0,
        "density": 2.8
      },
      "geometry": {
        "type": "Point",
        "coordinates": [
          -82.343,
          34.841
        ]
      }
    },
    {
      "type": "Feature",
      "properties": {
        "crashes": 31,
        "injury": 7,
        "fatal": 0,
        "pedestrian": 0,
        "density": 2.8
      },
      "geometry": {
        "type": "Point",
        "coordinates": [
          -82.367,
          34.843
        ]
      }
    },
    {
      "type": "Feature",
      "properties": {
        "crashes": 31,
        "injury": 9,
        "fatal": 0,
        "pedestrian": 0,
        "density": 2.8
      },
      "geometry": {
        "type": "Point",
        "coordinates": [
          -82.379,
          34.855
        ]
      }
    },
    {
      "type": "Feature",
      "properties": {
        "crashes": 31,
        "injury": 11,
        "fatal": 0,
        "pedestrian": 0,
        "density": 2.8
      },
      "geometry": {
        "type": "Point",
        "coordinates": [
          -82.329,
          34.855
        ]
      }
    },
    {
      "type": "Feature",
      "properties": {
        "crashes": 31,
        "injury": 6,
        "fatal": 0,
        "pedestrian": 0,
        "density": 2.8
      },
      "geometry": {
        "type": "Point",
        "coordinates": [
          -82.321,
          34.861
        ]
      }
    },
    {
      "type": "Feature",
      "properties": {
        "crashes": 31,
        "injury": 6,
        "fatal": 0,
        "pedestrian": 0,
        "density": 2.8
      },
      "geometry": {
        "type": "Point",
        "coordinates": [
          -82.399,
          34.861
        ]
      }
    },
    {
      "type": "Feature",
      "properties": {
        "crashes": 31,
        "injury": 12,
        "fatal": 1,
        "pedestrian": 1,
        "density": 2.8
      },
      "geometry": {
        "type": "Point",
        "coordinates": [
          -82.411,
          34.867
        ]
      }
    },
    {
      "type": "Feature",
      "properties": {
        "crashes": 31,
        "injury": 5,
        "fatal": 0,
        "pedestrian": 0,
        "density": 2.8
      },
      "geometry": {
        "type": "Point",
        "coordinates": [
          -82.331,
          34.887
        ]
      }
    },
    {
      "type": "Feature",
      "properties": {
        "crashes": 31,
        "injury": 8,
        "fatal": 0,
        "pedestrian": 0,
        "density": 2.8
      },
      "geometry": {
        "type": "Point",
        "coordinates": [
          -82.349,
          34.889
        ]
      }
    },
    {
      "type": "Feature",
      "properties": {
        "crashes": 31,
        "injury": 7,
        "fatal": 1,
        "pedestrian": 1,
        "density": 2.8
      },
      "geometry": {
        "type": "Point",
        "coordinates": [
          -82.411,
          34.897
        ]
      }
    },
    {
      "type": "Feature",
      "properties": {
        "crashes": 30,
        "injury": 9,
        "fatal": 0,
        "pedestrian": 1,
        "density": 2.7
      },
      "geometry": {
        "type": "Point",
        "coordinates": [
          -82.443,
          34.787
        ]
      }
    },
    {
      "type": "Feature",
      "properties": {
        "crashes": 30,
        "injury": 10,
        "fatal": 0,
        "pedestrian": 0,
        "density": 2.7
      },
      "geometry": {
        "type": "Point",
        "coordinates": [
          -82.425,
          34.789
        ]
      }
    },
    {
      "type": "Feature",
      "properties": {
        "crashes": 30,
        "injury": 5,
        "fatal": 0,
        "pedestrian": 0,
        "density": 2.7
      },
      "geometry": {
        "type": "Point",
        "coordinates": [
          -82.405,
          34.793
        ]
      }
    },
    {
      "type": "Feature",
      "properties": {
        "crashes": 30,
        "injury": 6,
        "fatal": 0,
        "pedestrian": 0,
        "density": 2.7
      },
      "geometry": {
        "type": "Point",
        "coordinates": [
          -82.355,
          34.793
        ]
      }
    },
    {
      "type": "Feature",
      "properties": {
        "crashes": 30,
        "injury": 5,
        "fatal": 1,
        "pedestrian": 2,
        "density": 2.7
      },
      "geometry": {
        "type": "Point",
        "coordinates": [
          -82.383,
          34.795
        ]
      }
    },
    {
      "type": "Feature",
      "properties": {
        "crashes": 30,
        "injury": 7,
        "fatal": 1,
        "pedestrian": 1,
        "density": 2.7
      },
      "geometry": {
        "type": "Point",
        "coordinates": [
          -82.443,
          34.815
        ]
      }
    },
    {
      "type": "Feature",
      "properties": {
        "crashes": 30,
        "injury": 5,
        "fatal": 0,
        "pedestrian": 0,
        "density": 2.7
      },
      "geometry": {
        "type": "Point",
        "coordinates": [
          -82.315,
          34.823
        ]
      }
    },
    {
      "type": "Feature",
      "properties": {
        "crashes": 30,
        "injury": 8,
        "fatal": 0,
        "pedestrian": 0,
        "density": 2.7
      },
      "geometry": {
        "type": "Point",
        "coordinates": [
          -82.407,
          34.831
        ]
      }
    },
    {
      "type": "Feature",
      "properties": {
        "crashes": 30,
        "injury": 7,
        "fatal": 0,
        "pedestrian": 0,
        "density": 2.7
      },
      "geometry": {
        "type": "Point",
        "coordinates": [
          -82.409,
          34.847
        ]
      }
    },
    {
      "type": "Feature",
      "properties": {
        "crashes": 30,
        "injury": 8,
        "fatal": 0,
        "pedestrian": 0,
        "density": 2.7
      },
      "geometry": {
        "type": "Point",
        "coordinates": [
          -82.385,
          34.849
        ]
      }
    },
    {
      "type": "Feature",
      "properties": {
        "crashes": 30,
        "injury": 15,
        "fatal": 0,
        "pedestrian": 0,
        "density": 2.7
      },
      "geometry": {
        "type": "Point",
        "coordinates": [
          -82.429,
          34.853
        ]
      }
    },
    {
      "type": "Feature",
      "properties": {
        "crashes": 30,
        "injury": 6,
        "fatal": 0,
        "pedestrian": 0,
        "density": 2.7
      },
      "geometry": {
        "type": "Point",
        "coordinates": [
          -82.333,
          34.853
        ]
      }
    },
    {
      "type": "Feature",
      "properties": {
        "crashes": 30,
        "injury": 7,
        "fatal": 0,
        "pedestrian": 0,
        "density": 2.7
      },
      "geometry": {
        "type": "Point",
        "coordinates": [
          -82.361,
          34.857
        ]
      }
    },
    {
      "type": "Feature",
      "properties": {
        "crashes": 30,
        "injury": 5,
        "fatal": 0,
        "pedestrian": 0,
        "density": 2.7
      },
      "geometry": {
        "type": "Point",
        "coordinates": [
          -82.371,
          34.861
        ]
      }
    },
    {
      "type": "Feature",
      "properties": {
        "crashes": 30,
        "injury": 5,
        "fatal": 0,
        "pedestrian": 1,
        "density": 2.7
      },
      "geometry": {
        "type": "Point",
        "coordinates": [
          -82.393,
          34.863
        ]
      }
    },
    {
      "type": "Feature",
      "properties": {
        "crashes": 30,
        "injury": 4,
        "fatal": 2,
        "pedestrian": 2,
        "density": 2.7
      },
      "geometry": {
        "type": "Point",
        "coordinates": [
          -82.405,
          34.873
        ]
      }
    },
    {
      "type": "Feature",
      "properties": {
        "crashes": 30,
        "injury": 5,
        "fatal": 0,
        "pedestrian": 1,
        "density": 2.7
      },
      "geometry": {
        "type": "Point",
        "coordinates": [
          -82.397,
          34.887
        ]
      }
    },
    {
      "type": "Feature",
      "properties": {
        "crashes": 29,
        "injury": 9,
        "fatal": 1,
        "pedestrian": 2,
        "density": 2.6
      },
      "geometry": {
        "type": "Point",
        "coordinates": [
          -82.387,
          34.783
        ]
      }
    },
    {
      "type": "Feature",
      "properties": {
        "crashes": 29,
        "injury": 9,
        "fatal": 0,
        "pedestrian": 0,
        "density": 2.6
      },
      "geometry": {
        "type": "Point",
        "coordinates": [
          -82.285,
          34.801
        ]
      }
    },
    {
      "type": "Feature",
      "properties": {
        "crashes": 29,
        "injury": 8,
        "fatal": 0,
        "pedestrian": 0,
        "density": 2.6
      },
      "geometry": {
        "type": "Point",
        "coordinates": [
          -82.345,
          34.811
        ]
      }
    },
    {
      "type": "Feature",
      "properties": {
        "crashes": 29,
        "injury": 3,
        "fatal": 0,
        "pedestrian": 1,
        "density": 2.6
      },
      "geometry": {
        "type": "Point",
        "coordinates": [
          -82.295,
          34.827
        ]
      }
    },
    {
      "type": "Feature",
      "properties": {
        "crashes": 29,
        "injury": 4,
        "fatal": 0,
        "pedestrian": 0,
        "density": 2.6
      },
      "geometry": {
        "type": "Point",
        "coordinates": [
          -82.403,
          34.841
        ]
      }
    },
    {
      "type": "Feature",
      "properties": {
        "crashes": 29,
        "injury": 7,
        "fatal": 0,
        "pedestrian": 0,
        "density": 2.6
      },
      "geometry": {
        "type": "Point",
        "coordinates": [
          -82.427,
          34.847
        ]
      }
    },
    {
      "type": "Feature",
      "properties": {
        "crashes": 29,
        "injury": 8,
        "fatal": 0,
        "pedestrian": 0,
        "density": 2.6
      },
      "geometry": {
        "type": "Point",
        "coordinates": [
          -82.405,
          34.851
        ]
      }
    },
    {
      "type": "Feature",
      "properties": {
        "crashes": 29,
        "injury": 9,
        "fatal": 0,
        "pedestrian": 0,
        "density": 2.6
      },
      "geometry": {
        "type": "Point",
        "coordinates": [
          -82.363,
          34.853
        ]
      }
    },
    {
      "type": "Feature",
      "properties": {
        "crashes": 29,
        "injury": 5,
        "fatal": 0,
        "pedestrian": 0,
        "density": 2.6
      },
      "geometry": {
        "type": "Point",
        "coordinates": [
          -82.363,
          34.867
        ]
      }
    },
    {
      "type": "Feature",
      "properties": {
        "crashes": 29,
        "injury": 6,
        "fatal": 1,
        "pedestrian": 1,
        "density": 2.6
      },
      "geometry": {
        "type": "Point",
        "coordinates": [
          -82.433,
          34.871
        ]
      }
    },
    {
      "type": "Feature",
      "properties": {
        "crashes": 29,
        "injury": 13,
        "fatal": 1,
        "pedestrian": 0,
        "density": 2.6
      },
      "geometry": {
        "type": "Point",
        "coordinates": [
          -82.417,
          34.873
        ]
      }
    },
    {
      "type": "Feature",
      "properties": {
        "crashes": 29,
        "injury": 11,
        "fatal": 0,
        "pedestrian": 0,
        "density": 2.6
      },
      "geometry": {
        "type": "Point",
        "coordinates": [
          -82.389,
          34.879
        ]
      }
    },
    {
      "type": "Feature",
      "properties": {
        "crashes": 29,
        "injury": 7,
        "fatal": 1,
        "pedestrian": 1,
        "density": 2.6
      },
      "geometry": {
        "type": "Point",
        "coordinates": [
          -82.367,
          34.883
        ]
      }
    },
    {
      "type": "Feature",
      "properties": {
        "crashes": 29,
        "injury": 6,
        "fatal": 0,
        "pedestrian": 0,
        "density": 2.6
      },
      "geometry": {
        "type": "Point",
        "coordinates": [
          -82.309,
          34.885
        ]
      }
    },
    {
      "type": "Feature",
      "properties": {
        "crashes": 29,
        "injury": 6,
        "fatal": 0,
        "pedestrian": 0,
        "density": 2.6
      },
      "geometry": {
        "type": "Point",
        "coordinates": [
          -82.431,
          34.895
        ]
      }
    },
    {
      "type": "Feature",
      "properties": {
        "crashes": 28,
        "injury": 8,
        "fatal": 0,
        "pedestrian": 0,
        "density": 2.5
      },
      "geometry": {
        "type": "Point",
        "coordinates": [
          -82.295,
          34.785
        ]
      }
    },
    {
      "type": "Feature",
      "properties": {
        "crashes": 28,
        "injury": 8,
        "fatal": 0,
        "pedestrian": 0,
        "density": 2.5
      },
      "geometry": {
        "type": "Point",
        "coordinates": [
          -82.435,
          34.821
        ]
      }
    },
    {
      "type": "Feature",
      "properties": {
        "crashes": 28,
        "injury": 9,
        "fatal": 0,
        "pedestrian": 1,
        "density": 2.5
      },
      "geometry": {
        "type": "Point",
        "coordinates": [
          -82.411,
          34.825
        ]
      }
    },
    {
      "type": "Feature",
      "properties": {
        "crashes": 28,
        "injury": 11,
        "fatal": 0,
        "pedestrian": 0,
        "density": 2.5
      },
      "geometry": {
        "type": "Point",
        "coordinates": [
          -82.375,
          34.831
        ]
      }
    },
    {
      "type": "Feature",
      "properties": {
        "crashes": 28,
        "injury": 9,
        "fatal": 0,
        "pedestrian": 0,
        "density": 2.5
      },
      "geometry": {
        "type": "Point",
        "coordinates": [
          -82.443,
          34.839
        ]
      }
    },
    {
      "type": "Feature",
      "properties": {
        "crashes": 28,
        "injury": 4,
        "fatal": 0,
        "pedestrian": 0,
        "density": 2.5
      },
      "geometry": {
        "type": "Point",
        "coordinates": [
          -82.323,
          34.845
        ]
      }
    },
    {
      "type": "Feature",
      "properties": {
        "crashes": 28,
        "injury": 12,
        "fatal": 0,
        "pedestrian": 0,
        "density": 2.5
      },
      "geometry": {
        "type": "Point",
        "coordinates": [
          -82.441,
          34.859
        ]
      }
    },
    {
      "type": "Feature",
      "properties": {
        "crashes": 28,
        "injury": 7,
        "fatal": 0,
        "pedestrian": 0,
        "density": 2.5
      },
      "geometry": {
        "type": "Point",
        "coordinates": [
          -82.449,
          34.867
        ]
      }
    },
    {
      "type": "Feature",
      "properties": {
        "crashes": 28,
        "injury": 5,
        "fatal": 0,
        "pedestrian": 0,
        "density": 2.5
      },
      "geometry": {
        "type": "Point",
        "coordinates": [
          -82.315,
          34.869
        ]
      }
    },
    {
      "type": "Feature",
      "properties": {
        "crashes": 28,
        "injury": 12,
        "fatal": 0,
        "pedestrian": 0,
        "density": 2.5
      },
      "geometry": {
        "type": "Point",
        "coordinates": [
          -82.423,
          34.871
        ]
      }
    },
    {
      "type": "Feature",
      "properties": {
        "crashes": 28,
        "injury": 9,
        "fatal": 0,
        "pedestrian": 0,
        "density": 2.5
      },
      "geometry": {
        "type": "Point",
        "coordinates": [
          -82.345,
          34.871
        ]
      }
    },
    {
      "type": "Feature",
      "properties": {
        "crashes": 28,
        "injury": 7,
        "fatal": 0,
        "pedestrian": 0,
        "density": 2.5
      },
      "geometry": {
        "type": "Point",
        "coordinates": [
          -82.297,
          34.875
        ]
      }
    },
    {
      "type": "Feature",
      "properties": {
        "crashes": 28,
        "injury": 8,
        "fatal": 1,
        "pedestrian": 1,
        "density": 2.5
      },
      "geometry": {
        "type": "Point",
        "coordinates": [
          -82.323,
          34.877
        ]
      }
    },
    {
      "type": "Feature",
      "properties": {
        "crashes": 28,
        "injury": 11,
        "fatal": 0,
        "pedestrian": 1,
        "density": 2.5
      },
      "geometry": {
        "type": "Point",
        "coordinates": [
          -82.419,
          34.883
        ]
      }
    },
    {
      "type": "Feature",
      "properties": {
        "crashes": 28,
        "injury": 6,
        "fatal": 0,
        "pedestrian": 1,
        "density": 2.5
      },
      "geometry": {
        "type": "Point",
        "coordinates": [
          -82.363,
          34.897
        ]
      }
    },
    {
      "type": "Feature",
      "properties": {
        "crashes": 27,
        "injury": 8,
        "fatal": 1,
        "pedestrian": 0,
        "density": 2.5
      },
      "geometry": {
        "type": "Point",
        "coordinates": [
          -82.347,
          34.799
        ]
      }
    },
    {
      "type": "Feature",
      "properties": {
        "crashes": 27,
        "injury": 6,
        "fatal": 3,
        "pedestrian": 1,
        "density": 2.5
      },
      "geometry": {
        "type": "Point",
        "coordinates": [
          -82.405,
          34.785
        ]
      }
    },
    {
      "type": "Feature",
      "properties": {
        "crashes": 27,
        "injury": 6,
        "fatal": 0,
        "pedestrian": 0,
        "density": 2.5
      },
      "geometry": {
        "type": "Point",
        "coordinates": [
          -82.375,
          34.787
        ]
      }
    },
    {
      "type": "Feature",
      "properties": {
        "crashes": 27,
        "injury": 7,
        "fatal": 0,
        "pedestrian": 1,
        "density": 2.5
      },
      "geometry": {
        "type": "Point",
        "coordinates": [
          -82.425,
          34.793
        ]
      }
    },
    {
      "type": "Feature",
      "properties": {
        "crashes": 27,
        "injury": 6,
        "fatal": 0,
        "pedestrian": 0,
        "density": 2.5
      },
      "geometry": {
        "type": "Point",
        "coordinates": [
          -82.373,
          34.801
        ]
      }
    },
    {
      "type": "Feature",
      "properties": {
        "crashes": 27,
        "injury": 7,
        "fatal": 0,
        "pedestrian": 0,
        "density": 2.5
      },
      "geometry": {
        "type": "Point",
        "coordinates": [
          -82.419,
          34.811
        ]
      }
    },
    {
      "type": "Feature",
      "properties": {
        "crashes": 27,
        "injury": 2,
        "fatal": 1,
        "pedestrian": 0,
        "density": 2.5
      },
      "geometry": {
        "type": "Point",
        "coordinates": [
          -82.299,
          34.835
        ]
      }
    },
    {
      "type": "Feature",
      "properties": {
        "crashes": 27,
        "injury": 11,
        "fatal": 0,
        "pedestrian": 0,
        "density": 2.5
      },
      "geometry": {
        "type": "Point",
        "coordinates": [
          -82.395,
          34.837
        ]
      }
    },
    {
      "type": "Feature",
      "properties": {
        "crashes": 27,
        "injury": 4,
        "fatal": 0,
        "pedestrian": 0,
        "density": 2.5
      },
      "geometry": {
        "type": "Point",
        "coordinates": [
          -82.405,
          34.855
        ]
      }
    },
    {
      "type": "Feature",
      "properties": {
        "crashes": 27,
        "injury": 12,
        "fatal": 0,
        "pedestrian": 0,
        "density": 2.5
      },
      "geometry": {
        "type": "Point",
        "coordinates": [
          -82.327,
          34.859
        ]
      }
    },
    {
      "type": "Feature",
      "properties": {
        "crashes": 27,
        "injury": 6,
        "fatal": 0,
        "pedestrian": 0,
        "density": 2.5
      },
      "geometry": {
        "type": "Point",
        "coordinates": [
          -82.343,
          34.863
        ]
      }
    },
    {
      "type": "Feature",
      "properties": {
        "crashes": 27,
        "injury": 6,
        "fatal": 0,
        "pedestrian": 0,
        "density": 2.5
      },
      "geometry": {
        "type": "Point",
        "coordinates": [
          -82.431,
          34.869
        ]
      }
    },
    {
      "type": "Feature",
      "properties": {
        "crashes": 27,
        "injury": 3,
        "fatal": 0,
        "pedestrian": 0,
        "density": 2.5
      },
      "geometry": {
        "type": "Point",
        "coordinates": [
          -82.313,
          34.869
        ]
      }
    },
    {
      "type": "Feature",
      "properties": {
        "crashes": 27,
        "injury": 6,
        "fatal": 0,
        "pedestrian": 0,
        "density": 2.5
      },
      "geometry": {
        "type": "Point",
        "coordinates": [
          -82.311,
          34.871
        ]
      }
    },
    {
      "type": "Feature",
      "properties": {
        "crashes": 27,
        "injury": 8,
        "fatal": 0,
        "pedestrian": 0,
        "density": 2.5
      },
      "geometry": {
        "type": "Point",
        "coordinates": [
          -82.291,
          34.885
        ]
      }
    },
    {
      "type": "Feature",
      "properties": {
        "crashes": 27,
        "injury": 7,
        "fatal": 0,
        "pedestrian": 0,
        "density": 2.5
      },
      "geometry": {
        "type": "Point",
        "coordinates": [
          -82.369,
          34.893
        ]
      }
    },
    {
      "type": "Feature",
      "properties": {
        "crashes": 26,
        "injury": 6,
        "fatal": 0,
        "pedestrian": 0,
        "density": 2.4
      },
      "geometry": {
        "type": "Point",
        "coordinates": [
          -82.301,
          34.793
        ]
      }
    },
    {
      "type": "Feature",
      "properties": {
        "crashes": 26,
        "injury": 10,
        "fatal": 0,
        "pedestrian": 0,
        "density": 2.4
      },
      "geometry": {
        "type": "Point",
        "coordinates": [
          -82.303,
          34.827
        ]
      }
    },
    {
      "type": "Feature",
      "properties": {
        "crashes": 26,
        "injury": 7,
        "fatal": 0,
        "pedestrian": 0,
        "density": 2.4
      },
      "geometry": {
        "type": "Point",
        "coordinates": [
          -82.387,
          34.829
        ]
      }
    },
    {
      "type": "Feature",
      "properties": {
        "crashes": 26,
        "injury": 9,
        "fatal": 1,
        "pedestrian": 0,
        "density": 2.4
      },
      "geometry": {
        "type": "Point",
        "coordinates": [
          -82.345,
          34.837
        ]
      }
    },
    {
      "type": "Feature",
      "properties": {
        "crashes": 26,
        "injury": 2,
        "fatal": 0,
        "pedestrian": 0,
        "density": 2.4
      },
      "geometry": {
        "type": "Point",
        "coordinates": [
          -82.287,
          34.841
        ]
      }
    },
    {
      "type": "Feature",
      "properties": {
        "crashes": 26,
        "injury": 3,
        "fatal": 0,
        "pedestrian": 0,
        "density": 2.4
      },
      "geometry": {
        "type": "Point",
        "coordinates": [
          -82.281,
          34.843
        ]
      }
    },
    {
      "type": "Feature",
      "properties": {
        "crashes": 26,
        "injury": 3,
        "fatal": 0,
        "pedestrian": 0,
        "density": 2.4
      },
      "geometry": {
        "type": "Point",
        "coordinates": [
          -82.391,
          34.849
        ]
      }
    },
    {
      "type": "Feature",
      "properties": {
        "crashes": 26,
        "injury": 8,
        "fatal": 0,
        "pedestrian": 0,
        "density": 2.4
      },
      "geometry": {
        "type": "Point",
        "coordinates": [
          -82.365,
          34.853
        ]
      }
    },
    {
      "type": "Feature",
      "properties": {
        "crashes": 26,
        "injury": 6,
        "fatal": 0,
        "pedestrian": 1,
        "density": 2.4
      },
      "geometry": {
        "type": "Point",
        "coordinates": [
          -82.409,
          34.855
        ]
      }
    },
    {
      "type": "Feature",
      "properties": {
        "crashes": 26,
        "injury": 10,
        "fatal": 0,
        "pedestrian": 0,
        "density": 2.4
      },
      "geometry": {
        "type": "Point",
        "coordinates": [
          -82.345,
          34.857
        ]
      }
    },
    {
      "type": "Feature",
      "properties": {
        "crashes": 26,
        "injury": 6,
        "fatal": 0,
        "pedestrian": 0,
        "density": 2.4
      },
      "geometry": {
        "type": "Point",
        "coordinates": [
          -82.293,
          34.877
        ]
      }
    },
    {
      "type": "Feature",
      "properties": {
        "crashes": 26,
        "injury": 7,
        "fatal": 0,
        "pedestrian": 0,
        "density": 2.4
      },
      "geometry": {
        "type": "Point",
        "coordinates": [
          -82.381,
          34.883
        ]
      }
    },
    {
      "type": "Feature",
      "properties": {
        "crashes": 26,
        "injury": 8,
        "fatal": 0,
        "pedestrian": 0,
        "density": 2.4
      },
      "geometry": {
        "type": "Point",
        "coordinates": [
          -82.301,
          34.887
        ]
      }
    },
    {
      "type": "Feature",
      "properties": {
        "crashes": 26,
        "injury": 8,
        "fatal": 0,
        "pedestrian": 0,
        "density": 2.4
      },
      "geometry": {
        "type": "Point",
        "coordinates": [
          -82.413,
          34.891
        ]
      }
    },
    {
      "type": "Feature",
      "properties": {
        "crashes": 25,
        "injury": 8,
        "fatal": 0,
        "pedestrian": 0,
        "density": 2.3
      },
      "geometry": {
        "type": "Point",
        "coordinates": [
          -82.311,
          34.809
        ]
      }
    },
    {
      "type": "Feature",
      "properties": {
        "crashes": 25,
        "injury": 6,
        "fatal": 0,
        "pedestrian": 0,
        "density": 2.3
      },
      "geometry": {
        "type": "Point",
        "coordinates": [
          -82.395,
          34.793
        ]
      }
    },
    {
      "type": "Feature",
      "properties": {
        "crashes": 25,
        "injury": 8,
        "fatal": 0,
        "pedestrian": 0,
        "density": 2.3
      },
      "geometry": {
        "type": "Point",
        "coordinates": [
          -82.415,
          34.795
        ]
      }
    },
    {
      "type": "Feature",
      "properties": {
        "crashes": 25,
        "injury": 10,
        "fatal": 0,
        "pedestrian": 0,
        "density": 2.3
      },
      "geometry": {
        "type": "Point",
        "coordinates": [
          -82.287,
          34.795
        ]
      }
    },
    {
      "type": "Feature",
      "properties": {
        "crashes": 25,
        "injury": 9,
        "fatal": 0,
        "pedestrian": 0,
        "density": 2.3
      },
      "geometry": {
        "type": "Point",
        "coordinates": [
          -82.423,
          34.803
        ]
      }
    },
    {
      "type": "Feature",
      "properties": {
        "crashes": 25,
        "injury": 3,
        "fatal": 0,
        "pedestrian": 0,
        "density": 2.3
      },
      "geometry": {
        "type": "Point",
        "coordinates": [
          -82.289,
          34.813
        ]
      }
    },
    {
      "type": "Feature",
      "properties": {
        "crashes": 25,
        "injury": 8,
        "fatal": 1,
        "pedestrian": 1,
        "density": 2.3
      },
      "geometry": {
        "type": "Point",
        "coordinates": [
          -82.423,
          34.819
        ]
      }
    },
    {
      "type": "Feature",
      "properties": {
        "crashes": 25,
        "injury": 4,
        "fatal": 0,
        "pedestrian": 0,
        "density": 2.3
      },
      "geometry": {
        "type": "Point",
        "coordinates": [
          -82.319,
          34.821
        ]
      }
    },
    {
      "type": "Feature",
      "properties": {
        "crashes": 25,
        "injury": 2,
        "fatal": 0,
        "pedestrian": 1,
        "density": 2.3
      },
      "geometry": {
        "type": "Point",
        "coordinates": [
          -82.297,
          34.823
        ]
      }
    },
    {
      "type": "Feature",
      "properties": {
        "crashes": 25,
        "injury": 11,
        "fatal": 0,
        "pedestrian": 0,
        "density": 2.3
      },
      "geometry": {
        "type": "Point",
        "coordinates": [
          -82.439,
          34.831
        ]
      }
    },
    {
      "type": "Feature",
      "properties": {
        "crashes": 25,
        "injury": 8,
        "fatal": 0,
        "pedestrian": 0,
        "density": 2.3
      },
      "geometry": {
        "type": "Point",
        "coordinates": [
          -82.421,
          34.839
        ]
      }
    },
    {
      "type": "Feature",
      "properties": {
        "crashes": 25,
        "injury": 12,
        "fatal": 0,
        "pedestrian": 0,
        "density": 2.3
      },
      "geometry": {
        "type": "Point",
        "coordinates": [
          -82.337,
          34.839
        ]
      }
    },
    {
      "type": "Feature",
      "properties": {
        "crashes": 25,
        "injury": 6,
        "fatal": 0,
        "pedestrian": 0,
        "density": 2.3
      },
      "geometry": {
        "type": "Point",
        "coordinates": [
          -82.365,
          34.843
        ]
      }
    },
    {
      "type": "Feature",
      "properties": {
        "crashes": 25,
        "injury": 11,
        "fatal": 0,
        "pedestrian": 0,
        "density": 2.3
      },
      "geometry": {
        "type": "Point",
        "coordinates": [
          -82.415,
          34.857
        ]
      }
    },
    {
      "type": "Feature",
      "properties": {
        "crashes": 25,
        "injury": 5,
        "fatal": 0,
        "pedestrian": 1,
        "density": 2.3
      },
      "geometry": {
        "type": "Point",
        "coordinates": [
          -82.407,
          34.867
        ]
      }
    },
    {
      "type": "Feature",
      "properties": {
        "crashes": 25,
        "injury": 8,
        "fatal": 0,
        "pedestrian": 0,
        "density": 2.3
      },
      "geometry": {
        "type": "Point",
        "coordinates": [
          -82.353,
          34.867
        ]
      }
    },
    {
      "type": "Feature",
      "properties": {
        "crashes": 25,
        "injury": 7,
        "fatal": 0,
        "pedestrian": 0,
        "density": 2.3
      },
      "geometry": {
        "type": "Point",
        "coordinates": [
          -82.349,
          34.871
        ]
      }
    },
    {
      "type": "Feature",
      "properties": {
        "crashes": 25,
        "injury": 6,
        "fatal": 0,
        "pedestrian": 0,
        "density": 2.3
      },
      "geometry": {
        "type": "Point",
        "coordinates": [
          -82.371,
          34.873
        ]
      }
    },
    {
      "type": "Feature",
      "properties": {
        "crashes": 25,
        "injury": 11,
        "fatal": 1,
        "pedestrian": 0,
        "density": 2.3
      },
      "geometry": {
        "type": "Point",
        "coordinates": [
          -82.331,
          34.885
        ]
      }
    },
    {
      "type": "Feature",
      "properties": {
        "crashes": 24,
        "injury": 8,
        "fatal": 0,
        "pedestrian": 0,
        "density": 2.2
      },
      "geometry": {
        "type": "Point",
        "coordinates": [
          -82.349,
          34.781
        ]
      }
    },
    {
      "type": "Feature",
      "properties": {
        "crashes": 24,
        "injury": 9,
        "fatal": 0,
        "pedestrian": 0,
        "density": 2.2
      },
      "geometry": {
        "type": "Point",
        "coordinates": [
          -82.311,
          34.785
        ]
      }
    },
    {
      "type": "Feature",
      "properties": {
        "crashes": 24,
        "injury": 5,
        "fatal": 0,
        "pedestrian": 0,
        "density": 2.2
      },
      "geometry": {
        "type": "Point",
        "coordinates": [
          -82.381,
          34.797
        ]
      }
    },
    {
      "type": "Feature",
      "properties": {
        "crashes": 24,
        "injury": 7,
        "fatal": 0,
        "pedestrian": 0,
        "density": 2.2
      },
      "geometry": {
        "type": "Point",
        "coordinates": [
          -82.281,
          34.799
        ]
      }
    },
    {
      "type": "Feature",
      "properties": {
        "crashes": 24,
        "injury": 9,
        "fatal": 0,
        "pedestrian": 0,
        "density": 2.2
      },
      "geometry": {
        "type": "Point",
        "coordinates": [
          -82.429,
          34.807
        ]
      }
    },
    {
      "type": "Feature",
      "properties": {
        "crashes": 24,
        "injury": 12,
        "fatal": 0,
        "pedestrian": 0,
        "density": 2.2
      },
      "geometry": {
        "type": "Point",
        "coordinates": [
          -82.409,
          34.817
        ]
      }
    },
    {
      "type": "Feature",
      "properties": {
        "crashes": 24,
        "injury": 1,
        "fatal": 0,
        "pedestrian": 0,
        "density": 2.2
      },
      "geometry": {
        "type": "Point",
        "coordinates": [
          -82.339,
          34.821
        ]
      }
    },
    {
      "type": "Feature",
      "properties": {
        "crashes": 24,
        "injury": 8,
        "fatal": 0,
        "pedestrian": 0,
        "density": 2.2
      },
      "geometry": {
        "type": "Point",
        "coordinates": [
          -82.369,
          34.825
        ]
      }
    },
    {
      "type": "Feature",
      "properties": {
        "crashes": 24,
        "injury": 4,
        "fatal": 0,
        "pedestrian": 0,
        "density": 2.2
      },
      "geometry": {
        "type": "Point",
        "coordinates": [
          -82.391,
          34.827
        ]
      }
    },
    {
      "type": "Feature",
      "properties": {
        "crashes": 24,
        "injury": 6,
        "fatal": 0,
        "pedestrian": 0,
        "density": 2.2
      },
      "geometry": {
        "type": "Point",
        "coordinates": [
          -82.431,
          34.839
        ]
      }
    },
    {
      "type": "Feature",
      "properties": {
        "crashes": 24,
        "injury": 5,
        "fatal": 0,
        "pedestrian": 0,
        "density": 2.2
      },
      "geometry": {
        "type": "Point",
        "coordinates": [
          -82.311,
          34.839
        ]
      }
    },
    {
      "type": "Feature",
      "properties": {
        "crashes": 24,
        "injury": 6,
        "fatal": 0,
        "pedestrian": 0,
        "density": 2.2
      },
      "geometry": {
        "type": "Point",
        "coordinates": [
          -82.419,
          34.843
        ]
      }
    },
    {
      "type": "Feature",
      "properties": {
        "crashes": 24,
        "injury": 7,
        "fatal": 0,
        "pedestrian": 1,
        "density": 2.2
      },
      "geometry": {
        "type": "Point",
        "coordinates": [
          -82.311,
          34.845
        ]
      }
    },
    {
      "type": "Feature",
      "properties": {
        "crashes": 24,
        "injury": 6,
        "fatal": 0,
        "pedestrian": 1,
        "density": 2.2
      },
      "geometry": {
        "type": "Point",
        "coordinates": [
          -82.391,
          34.847
        ]
      }
    },
    {
      "type": "Feature",
      "properties": {
        "crashes": 24,
        "injury": 3,
        "fatal": 0,
        "pedestrian": 0,
        "density": 2.2
      },
      "geometry": {
        "type": "Point",
        "coordinates": [
          -82.377,
          34.851
        ]
      }
    },
    {
      "type": "Feature",
      "properties": {
        "crashes": 24,
        "injury": 4,
        "fatal": 0,
        "pedestrian": 0,
        "density": 2.2
      },
      "geometry": {
        "type": "Point",
        "coordinates": [
          -82.381,
          34.853
        ]
      }
    },
    {
      "type": "Feature",
      "properties": {
        "crashes": 24,
        "injury": 3,
        "fatal": 0,
        "pedestrian": 0,
        "density": 2.2
      },
      "geometry": {
        "type": "Point",
        "coordinates": [
          -82.333,
          34.857
        ]
      }
    },
    {
      "type": "Feature",
      "properties": {
        "crashes": 24,
        "injury": 7,
        "fatal": 0,
        "pedestrian": 0,
        "density": 2.2
      },
      "geometry": {
        "type": "Point",
        "coordinates": [
          -82.435,
          34.863
        ]
      }
    },
    {
      "type": "Feature",
      "properties": {
        "crashes": 24,
        "injury": 4,
        "fatal": 0,
        "pedestrian": 0,
        "density": 2.2
      },
      "geometry": {
        "type": "Point",
        "coordinates": [
          -82.317,
          34.879
        ]
      }
    },
    {
      "type": "Feature",
      "properties": {
        "crashes": 24,
        "injury": 6,
        "fatal": 0,
        "pedestrian": 0,
        "density": 2.2
      },
      "geometry": {
        "type": "Point",
        "coordinates": [
          -82.369,
          34.885
        ]
      }
    },
    {
      "type": "Feature",
      "properties": {
        "crashes": 24,
        "injury": 4,
        "fatal": 0,
        "pedestrian": 0,
        "density": 2.2
      },
      "geometry": {
        "type": "Point",
        "coordinates": [
          -82.281,
          34.891
        ]
      }
    },
    {
      "type": "Feature",
      "properties": {
        "crashes": 24,
        "injury": 8,
        "fatal": 0,
        "pedestrian": 0,
        "density": 2.2
      },
      "geometry": {
        "type": "Point",
        "coordinates": [
          -82.313,
          34.897
        ]
      }
    },
    {
      "type": "Feature",
      "properties": {
        "crashes": 24,
        "injury": 6,
        "fatal": 0,
        "pedestrian": 0,
        "density": 2.2
      },
      "geometry": {
        "type": "Point",
        "coordinates": [
          -82.401,
          34.897
        ]
      }
    },
    {
      "type": "Feature",
      "properties": {
        "crashes": 23,
        "injury": 8,
        "fatal": 2,
        "pedestrian": 1,
        "density": 2.1
      },
      "geometry": {
        "type": "Point",
        "coordinates": [
          -82.401,
          34.783
        ]
      }
    },
    {
      "type": "Feature",
      "properties": {
        "crashes": 23,
        "injury": 8,
        "fatal": 0,
        "pedestrian": 0,
        "density": 2.1
      },
      "geometry": {
        "type": "Point",
        "coordinates": [
          -82.411,
          34.791
        ]
      }
    },
    {
      "type": "Feature",
      "properties": {
        "crashes": 23,
        "injury": 6,
        "fatal": 1,
        "pedestrian": 0,
        "density": 2.1
      },
      "geometry": {
        "type": "Point",
        "coordinates": [
          -82.281,
          34.797
        ]
      }
    },
    {
      "type": "Feature",
      "properties": {
        "crashes": 23,
        "injury": 3,
        "fatal": 0,
        "pedestrian": 0,
        "density": 2.1
      },
      "geometry": {
        "type": "Point",
        "coordinates": [
          -82.315,
          34.801
        ]
      }
    },
    {
      "type": "Feature",
      "properties": {
        "crashes": 23,
        "injury": 8,
        "fatal": 0,
        "pedestrian": 1,
        "density": 2.1
      },
      "geometry": {
        "type": "Point",
        "coordinates": [
          -82.377,
          34.805
        ]
      }
    },
    {
      "type": "Feature",
      "properties": {
        "crashes": 23,
        "injury": 12,
        "fatal": 0,
        "pedestrian": 2,
        "density": 2.1
      },
      "geometry": {
        "type": "Point",
        "coordinates": [
          -82.385,
          34.817
        ]
      }
    },
    {
      "type": "Feature",
      "properties": {
        "crashes": 23,
        "injury": 6,
        "fatal": 0,
        "pedestrian": 0,
        "density": 2.1
      },
      "geometry": {
        "type": "Point",
        "coordinates": [
          -82.387,
          34.817
        ]
      }
    },
    {
      "type": "Feature",
      "properties": {
        "crashes": 23,
        "injury": 6,
        "fatal": 0,
        "pedestrian": 0,
        "density": 2.1
      },
      "geometry": {
        "type": "Point",
        "coordinates": [
          -82.343,
          34.819
        ]
      }
    },
    {
      "type": "Feature",
      "properties": {
        "crashes": 23,
        "injury": 8,
        "fatal": 0,
        "pedestrian": 0,
        "density": 2.1
      },
      "geometry": {
        "type": "Point",
        "coordinates": [
          -82.399,
          34.819
        ]
      }
    },
    {
      "type": "Feature",
      "properties": {
        "crashes": 23,
        "injury": 0,
        "fatal": 0,
        "pedestrian": 0,
        "density": 2.1
      },
      "geometry": {
        "type": "Point",
        "coordinates": [
          -82.315,
          34.821
        ]
      }
    },
    {
      "type": "Feature",
      "properties": {
        "crashes": 23,
        "injury": 6,
        "fatal": 0,
        "pedestrian": 1,
        "density": 2.1
      },
      "geometry": {
        "type": "Point",
        "coordinates": [
          -82.421,
          34.825
        ]
      }
    },
    {
      "type": "Feature",
      "properties": {
        "crashes": 23,
        "injury": 7,
        "fatal": 0,
        "pedestrian": 0,
        "density": 2.1
      },
      "geometry": {
        "type": "Point",
        "coordinates": [
          -82.299,
          34.825
        ]
      }
    },
    {
      "type": "Feature",
      "properties": {
        "crashes": 23,
        "injury": 8,
        "fatal": 0,
        "pedestrian": 0,
        "density": 2.1
      },
      "geometry": {
        "type": "Point",
        "coordinates": [
          -82.335,
          34.835
        ]
      }
    },
    {
      "type": "Feature",
      "properties": {
        "crashes": 23,
        "injury": 11,
        "fatal": 1,
        "pedestrian": 2,
        "density": 2.1
      },
      "geometry": {
        "type": "Point",
        "coordinates": [
          -82.373,
          34.849
        ]
      }
    },
    {
      "type": "Feature",
      "properties": {
        "crashes": 23,
        "injury": 8,
        "fatal": 0,
        "pedestrian": 0,
        "density": 2.1
      },
      "geometry": {
        "type": "Point",
        "coordinates": [
          -82.387,
          34.849
        ]
      }
    },
    {
      "type": "Feature",
      "properties": {
        "crashes": 23,
        "injury": 0,
        "fatal": 0,
        "pedestrian": 0,
        "density": 2.1
      },
      "geometry": {
        "type": "Point",
        "coordinates": [
          -82.297,
          34.849
        ]
      }
    },
    {
      "type": "Feature",
      "properties": {
        "crashes": 23,
        "injury": 7,
        "fatal": 0,
        "pedestrian": 0,
        "density": 2.1
      },
      "geometry": {
        "type": "Point",
        "coordinates": [
          -82.327,
          34.851
        ]
      }
    },
    {
      "type": "Feature",
      "properties": {
        "crashes": 23,
        "injury": 8,
        "fatal": 0,
        "pedestrian": 1,
        "density": 2.1
      },
      "geometry": {
        "type": "Point",
        "coordinates": [
          -82.431,
          34.851
        ]
      }
    },
    {
      "type": "Feature",
      "properties": {
        "crashes": 23,
        "injury": 7,
        "fatal": 0,
        "pedestrian": 0,
        "density": 2.1
      },
      "geometry": {
        "type": "Point",
        "coordinates": [
          -82.393,
          34.855
        ]
      }
    },
    {
      "type": "Feature",
      "properties": {
        "crashes": 23,
        "injury": 4,
        "fatal": 0,
        "pedestrian": 0,
        "density": 2.1
      },
      "geometry": {
        "type": "Point",
        "coordinates": [
          -82.391,
          34.857
        ]
      }
    },
    {
      "type": "Feature",
      "properties": {
        "crashes": 23,
        "injury": 5,
        "fatal": 0,
        "pedestrian": 0,
        "density": 2.1
      },
      "geometry": {
        "type": "Point",
        "coordinates": [
          -82.355,
          34.859
        ]
      }
    },
    {
      "type": "Feature",
      "properties": {
        "crashes": 23,
        "injury": 1,
        "fatal": 0,
        "pedestrian": 0,
        "density": 2.1
      },
      "geometry": {
        "type": "Point",
        "coordinates": [
          -82.417,
          34.861
        ]
      }
    },
    {
      "type": "Feature",
      "properties": {
        "crashes": 23,
        "injury": 6,
        "fatal": 0,
        "pedestrian": 0,
        "density": 2.1
      },
      "geometry": {
        "type": "Point",
        "coordinates": [
          -82.361,
          34.867
        ]
      }
    },
    {
      "type": "Feature",
      "properties": {
        "crashes": 23,
        "injury": 3,
        "fatal": 0,
        "pedestrian": 0,
        "density": 2.1
      },
      "geometry": {
        "type": "Point",
        "coordinates": [
          -82.333,
          34.873
        ]
      }
    },
    {
      "type": "Feature",
      "properties": {
        "crashes": 23,
        "injury": 6,
        "fatal": 1,
        "pedestrian": 0,
        "density": 2.1
      },
      "geometry": {
        "type": "Point",
        "coordinates": [
          -82.447,
          34.879
        ]
      }
    },
    {
      "type": "Feature",
      "properties": {
        "crashes": 23,
        "injury": 8,
        "fatal": 1,
        "pedestrian": 1,
        "density": 2.1
      },
      "geometry": {
        "type": "Point",
        "coordinates": [
          -82.405,
          34.885
        ]
      }
    },
    {
      "type": "Feature",
      "properties": {
        "crashes": 23,
        "injury": 5,
        "fatal": 0,
        "pedestrian": 0,
        "density": 2.1
      },
      "geometry": {
        "type": "Point",
        "coordinates": [
          -82.387,
          34.889
        ]
      }
    },
    {
      "type": "Feature",
      "properties": {
        "crashes": 23,
        "injury": 6,
        "fatal": 0,
        "pedestrian": 0,
        "density": 2.1
      },
      "geometry": {
        "type": "Point",
        "coordinates": [
          -82.415,
          34.889
        ]
      }
    },
    {
      "type": "Feature",
      "properties": {
        "crashes": 23,
        "injury": 7,
        "fatal": 0,
        "pedestrian": 0,
        "density": 2.1
      },
      "geometry": {
        "type": "Point",
        "coordinates": [
          -82.349,
          34.891
        ]
      }
    },
    {
      "type": "Feature",
      "properties": {
        "crashes": 23,
        "injury": 6,
        "fatal": 0,
        "pedestrian": 0,
        "density": 2.1
      },
      "geometry": {
        "type": "Point",
        "coordinates": [
          -82.327,
          34.893
        ]
      }
    },
    {
      "type": "Feature",
      "properties": {
        "crashes": 22,
        "injury": 3,
        "fatal": 2,
        "pedestrian": 0,
        "density": 2.0
      },
      "geometry": {
        "type": "Point",
        "coordinates": [
          -82.439,
          34.789
        ]
      }
    },
    {
      "type": "Feature",
      "properties": {
        "crashes": 22,
        "injury": 6,
        "fatal": 0,
        "pedestrian": 0,
        "density": 2.0
      },
      "geometry": {
        "type": "Point",
        "coordinates": [
          -82.393,
          34.793
        ]
      }
    },
    {
      "type": "Feature",
      "properties": {
        "crashes": 22,
        "injury": 9,
        "fatal": 0,
        "pedestrian": 1,
        "density": 2.0
      },
      "geometry": {
        "type": "Point",
        "coordinates": [
          -82.295,
          34.795
        ]
      }
    },
    {
      "type": "Feature",
      "properties": {
        "crashes": 22,
        "injury": 6,
        "fatal": 0,
        "pedestrian": 0,
        "density": 2.0
      },
      "geometry": {
        "type": "Point",
        "coordinates": [
          -82.325,
          34.805
        ]
      }
    },
    {
      "type": "Feature",
      "properties": {
        "crashes": 22,
        "injury": 7,
        "fatal": 2,
        "pedestrian": 2,
        "density": 2.0
      },
      "geometry": {
        "type": "Point",
        "coordinates": [
          -82.373,
          34.807
        ]
      }
    },
    {
      "type": "Feature",
      "properties": {
        "crashes": 22,
        "injury": 3,
        "fatal": 0,
        "pedestrian": 0,
        "density": 2.0
      },
      "geometry": {
        "type": "Point",
        "coordinates": [
          -82.381,
          34.811
        ]
      }
    },
    {
      "type": "Feature",
      "properties": {
        "crashes": 22,
        "injury": 5,
        "fatal": 0,
        "pedestrian": 0,
        "density": 2.0
      },
      "geometry": {
        "type": "Point",
        "coordinates": [
          -82.407,
          34.819
        ]
      }
    },
    {
      "type": "Feature",
      "properties": {
        "crashes": 22,
        "injury": 2,
        "fatal": 0,
        "pedestrian": 0,
        "density": 2.0
      },
      "geometry": {
        "type": "Point",
        "coordinates": [
          -82.315,
          34.819
        ]
      }
    },
    {
      "type": "Feature",
      "properties": {
        "crashes": 22,
        "injury": 4,
        "fatal": 0,
        "pedestrian": 0,
        "density": 2.0
      },
      "geometry": {
        "type": "Point",
        "coordinates": [
          -82.293,
          34.823
        ]
      }
    },
    {
      "type": "Feature",
      "properties": {
        "crashes": 22,
        "injury": 8,
        "fatal": 0,
        "pedestrian": 0,
        "density": 2.0
      },
      "geometry": {
        "type": "Point",
        "coordinates": [
          -82.297,
          34.827
        ]
      }
    },
    {
      "type": "Feature",
      "properties": {
        "crashes": 22,
        "injury": 5,
        "fatal": 0,
        "pedestrian": 0,
        "density": 2.0
      },
      "geometry": {
        "type": "Point",
        "coordinates": [
          -82.425,
          34.835
        ]
      }
    },
    {
      "type": "Feature",
      "properties": {
        "crashes": 22,
        "injury": 6,
        "fatal": 1,
        "pedestrian": 0,
        "density": 2.0
      },
      "geometry": {
        "type": "Point",
        "coordinates": [
          -82.357,
          34.841
        ]
      }
    },
    {
      "type": "Feature",
      "properties": {
        "crashes": 22,
        "injury": 3,
        "fatal": 1,
        "pedestrian": 1,
        "density": 2.0
      },
      "geometry": {
        "type": "Point",
        "coordinates": [
          -82.443,
          34.841
        ]
      }
    },
    {
      "type": "Feature",
      "properties": {
        "crashes": 22,
        "injury": 1,
        "fatal": 0,
        "pedestrian": 1,
        "density": 2.0
      },
      "geometry": {
        "type": "Point",
        "coordinates": [
          -82.445,
          34.849
        ]
      }
    },
    {
      "type": "Feature",
      "properties": {
        "crashes": 22,
        "injury": 4,
        "fatal": 0,
        "pedestrian": 0,
        "density": 2.0
      },
      "geometry": {
        "type": "Point",
        "coordinates": [
          -82.335,
          34.851
        ]
      }
    },
    {
      "type": "Feature",
      "properties": {
        "crashes": 22,
        "injury": 10,
        "fatal": 0,
        "pedestrian": 1,
        "density": 2.0
      },
      "geometry": {
        "type": "Point",
        "coordinates": [
          -82.407,
          34.853
        ]
      }
    },
    {
      "type": "Feature",
      "properties": {
        "crashes": 22,
        "injury": 8,
        "fatal": 0,
        "pedestrian": 1,
        "density": 2.0
      },
      "geometry": {
        "type": "Point",
        "coordinates": [
          -82.431,
          34.873
        ]
      }
    },
    {
      "type": "Feature",
      "properties": {
        "crashes": 22,
        "injury": 4,
        "fatal": 0,
        "pedestrian": 0,
        "density": 2.0
      },
      "geometry": {
        "type": "Point",
        "coordinates": [
          -82.411,
          34.895
        ]
      }
    },
    {
      "type": "Feature",
      "properties": {
        "crashes": 22,
        "injury": 5,
        "fatal": 0,
        "pedestrian": 0,
        "density": 2.0
      },
      "geometry": {
        "type": "Point",
        "coordinates": [
          -82.357,
          34.897
        ]
      }
    },
    {
      "type": "Feature",
      "properties": {
        "crashes": 21,
        "injury": 6,
        "fatal": 1,
        "pedestrian": 0,
        "density": 1.9
      },
      "geometry": {
        "type": "Point",
        "coordinates": [
          -82.351,
          34.787
        ]
      }
    },
    {
      "type": "Feature",
      "properties": {
        "crashes": 21,
        "injury": 6,
        "fatal": 0,
        "pedestrian": 0,
        "density": 1.9
      },
      "geometry": {
        "type": "Point",
        "coordinates": [
          -82.379,
          34.791
        ]
      }
    },
    {
      "type": "Feature",
      "properties": {
        "crashes": 21,
        "injury": 2,
        "fatal": 0,
        "pedestrian": 0,
        "density": 1.9
      },
      "geometry": {
        "type": "Point",
        "coordinates": [
          -82.393,
          34.795
        ]
      }
    },
    {
      "type": "Feature",
      "properties": {
        "crashes": 21,
        "injury": 8,
        "fatal": 0,
        "pedestrian": 1,
        "density": 1.9
      },
      "geometry": {
        "type": "Point",
        "coordinates": [
          -82.445,
          34.801
        ]
      }
    },
    {
      "type": "Feature",
      "properties": {
        "crashes": 21,
        "injury": 5,
        "fatal": 0,
        "pedestrian": 0,
        "density": 1.9
      },
      "geometry": {
        "type": "Point",
        "coordinates": [
          -82.413,
          34.841
        ]
      }
    },
    {
      "type": "Feature",
      "properties": {
        "crashes": 21,
        "injury": 7,
        "fatal": 0,
        "pedestrian": 0,
        "density": 1.9
      },
      "geometry": {
        "type": "Point",
        "coordinates": [
          -82.399,
          34.843
        ]
      }
    },
    {
      "type": "Feature",
      "properties": {
        "crashes": 21,
        "injury": 3,
        "fatal": 0,
        "pedestrian": 0,
        "density": 1.9
      },
      "geometry": {
        "type": "Point",
        "coordinates": [
          -82.407,
          34.845
        ]
      }
    },
    {
      "type": "Feature",
      "properties": {
        "crashes": 21,
        "injury": 3,
        "fatal": 0,
        "pedestrian": 0,
        "density": 1.9
      },
      "geometry": {
        "type": "Point",
        "coordinates": [
          -82.399,
          34.845
        ]
      }
    },
    {
      "type": "Feature",
      "properties": {
        "crashes": 21,
        "injury": 5,
        "fatal": 0,
        "pedestrian": 0,
        "density": 1.9
      },
      "geometry": {
        "type": "Point",
        "coordinates": [
          -82.337,
          34.847
        ]
      }
    },
    {
      "type": "Feature",
      "properties": {
        "crashes": 21,
        "injury": 9,
        "fatal": 0,
        "pedestrian": 0,
        "density": 1.9
      },
      "geometry": {
        "type": "Point",
        "coordinates": [
          -82.429,
          34.855
        ]
      }
    },
    {
      "type": "Feature",
      "properties": {
        "crashes": 21,
        "injury": 3,
        "fatal": 0,
        "pedestrian": 1,
        "density": 1.9
      },
      "geometry": {
        "type": "Point",
        "coordinates": [
          -82.385,
          34.861
        ]
      }
    },
    {
      "type": "Feature",
      "properties": {
        "crashes": 21,
        "injury": 7,
        "fatal": 0,
        "pedestrian": 0,
        "density": 1.9
      },
      "geometry": {
        "type": "Point",
        "coordinates": [
          -82.381,
          34.867
        ]
      }
    },
    {
      "type": "Feature",
      "properties": {
        "crashes": 21,
        "injury": 5,
        "fatal": 0,
        "pedestrian": 1,
        "density": 1.9
      },
      "geometry": {
        "type": "Point",
        "coordinates": [
          -82.317,
          34.867
        ]
      }
    },
    {
      "type": "Feature",
      "properties": {
        "crashes": 21,
        "injury": 1,
        "fatal": 0,
        "pedestrian": 0,
        "density": 1.9
      },
      "geometry": {
        "type": "Point",
        "coordinates": [
          -82.283,
          34.869
        ]
      }
    },
    {
      "type": "Feature",
      "properties": {
        "crashes": 21,
        "injury": 4,
        "fatal": 0,
        "pedestrian": 0,
        "density": 1.9
      },
      "geometry": {
        "type": "Point",
        "coordinates": [
          -82.419,
          34.871
        ]
      }
    },
    {
      "type": "Feature",
      "properties": {
        "crashes": 21,
        "injury": 7,
        "fatal": 1,
        "pedestrian": 0,
        "density": 1.9
      },
      "geometry": {
        "type": "Point",
        "coordinates": [
          -82.449,
          34.873
        ]
      }
    },
    {
      "type": "Feature",
      "properties": {
        "crashes": 21,
        "injury": 5,
        "fatal": 0,
        "pedestrian": 0,
        "density": 1.9
      },
      "geometry": {
        "type": "Point",
        "coordinates": [
          -82.415,
          34.881
        ]
      }
    },
    {
      "type": "Feature",
      "properties": {
        "crashes": 21,
        "injury": 7,
        "fatal": 0,
        "pedestrian": 0,
        "density": 1.9
      },
      "geometry": {
        "type": "Point",
        "coordinates": [
          -82.405,
          34.883
        ]
      }
    },
    {
      "type": "Feature",
      "properties": {
        "crashes": 21,
        "injury": 3,
        "fatal": 0,
        "pedestrian": 0,
        "density": 1.9
      },
      "geometry": {
        "type": "Point",
        "coordinates": [
          -82.307,
          34.885
        ]
      }
    },
    {
      "type": "Feature",
      "properties": {
        "crashes": 21,
        "injury": 7,
        "fatal": 0,
        "pedestrian": 0,
        "density": 1.9
      },
      "geometry": {
        "type": "Point",
        "coordinates": [
          -82.389,
          34.887
        ]
      }
    },
    {
      "type": "Feature",
      "properties": {
        "crashes": 21,
        "injury": 7,
        "fatal": 0,
        "pedestrian": 0,
        "density": 1.9
      },
      "geometry": {
        "type": "Point",
        "coordinates": [
          -82.371,
          34.889
        ]
      }
    },
    {
      "type": "Feature",
      "properties": {
        "crashes": 21,
        "injury": 5,
        "fatal": 0,
        "pedestrian": 0,
        "density": 1.9
      },
      "geometry": {
        "type": "Point",
        "coordinates": [
          -82.377,
          34.891
        ]
      }
    },
    {
      "type": "Feature",
      "properties": {
        "crashes": 21,
        "injury": 7,
        "fatal": 1,
        "pedestrian": 0,
        "density": 1.9
      },
      "geometry": {
        "type": "Point",
        "coordinates": [
          -82.379,
          34.891
        ]
      }
    },
    {
      "type": "Feature",
      "properties": {
        "crashes": 21,
        "injury": 4,
        "fatal": 0,
        "pedestrian": 0,
        "density": 1.9
      },
      "geometry": {
        "type": "Point",
        "coordinates": [
          -82.411,
          34.899
        ]
      }
    },
    {
      "type": "Feature",
      "properties": {
        "crashes": 20,
        "injury": 0,
        "fatal": 0,
        "pedestrian": 0,
        "density": 1.8
      },
      "geometry": {
        "type": "Point",
        "coordinates": [
          -82.447,
          34.785
        ]
      }
    },
    {
      "type": "Feature",
      "properties": {
        "crashes": 20,
        "injury": 6,
        "fatal": 0,
        "pedestrian": 0,
        "density": 1.8
      },
      "geometry": {
        "type": "Point",
        "coordinates": [
          -82.413,
          34.795
        ]
      }
    },
    {
      "type": "Feature",
      "properties": {
        "crashes": 20,
        "injury": 7,
        "fatal": 0,
        "pedestrian": 0,
        "density": 1.8
      },
      "geometry": {
        "type": "Point",
        "coordinates": [
          -82.323,
          34.805
        ]
      }
    },
    {
      "type": "Feature",
      "properties": {
        "crashes": 20,
        "injury": 5,
        "fatal": 0,
        "pedestrian": 0,
        "density": 1.8
      },
      "geometry": {
        "type": "Point",
        "coordinates": [
          -82.327,
          34.807
        ]
      }
    },
    {
      "type": "Feature",
      "properties": {
        "crashes": 20,
        "injury": 6,
        "fatal": 0,
        "pedestrian": 0,
        "density": 1.8
      },
      "geometry": {
        "type": "Point",
        "coordinates": [
          -82.383,
          34.807
        ]
      }
    },
    {
      "type": "Feature",
      "properties": {
        "crashes": 20,
        "injury": 6,
        "fatal": 0,
        "pedestrian": 0,
        "density": 1.8
      },
      "geometry": {
        "type": "Point",
        "coordinates": [
          -82.421,
          34.811
        ]
      }
    },
    {
      "type": "Feature",
      "properties": {
        "crashes": 20,
        "injury": 6,
        "fatal": 0,
        "pedestrian": 0,
        "density": 1.8
      },
      "geometry": {
        "type": "Point",
        "coordinates": [
          -82.417,
          34.815
        ]
      }
    },
    {
      "type": "Feature",
      "properties": {
        "crashes": 20,
        "injury": 5,
        "fatal": 0,
        "pedestrian": 0,
        "density": 1.8
      },
      "geometry": {
        "type": "Point",
        "coordinates": [
          -82.297,
          34.821
        ]
      }
    },
    {
      "type": "Feature",
      "properties": {
        "crashes": 20,
        "injury": 7,
        "fatal": 1,
        "pedestrian": 0,
        "density": 1.8
      },
      "geometry": {
        "type": "Point",
        "coordinates": [
          -82.319,
          34.829
        ]
      }
    },
    {
      "type": "Feature",
      "properties": {
        "crashes": 20,
        "injury": 5,
        "fatal": 0,
        "pedestrian": 0,
        "density": 1.8
      },
      "geometry": {
        "type": "Point",
        "coordinates": [
          -82.307,
          34.829
        ]
      }
    },
    {
      "type": "Feature",
      "properties": {
        "crashes": 20,
        "injury": 5,
        "fatal": 0,
        "pedestrian": 0,
        "density": 1.8
      },
      "geometry": {
        "type": "Point",
        "coordinates": [
          -82.355,
          34.845
        ]
      }
    },
    {
      "type": "Feature",
      "properties": {
        "crashes": 20,
        "injury": 2,
        "fatal": 0,
        "pedestrian": 0,
        "density": 1.8
      },
      "geometry": {
        "type": "Point",
        "coordinates": [
          -82.367,
          34.847
        ]
      }
    },
    {
      "type": "Feature",
      "properties": {
        "crashes": 20,
        "injury": 4,
        "fatal": 0,
        "pedestrian": 0,
        "density": 1.8
      },
      "geometry": {
        "type": "Point",
        "coordinates": [
          -82.377,
          34.853
        ]
      }
    },
    {
      "type": "Feature",
      "properties": {
        "crashes": 20,
        "injury": 7,
        "fatal": 0,
        "pedestrian": 0,
        "density": 1.8
      },
      "geometry": {
        "type": "Point",
        "coordinates": [
          -82.361,
          34.855
        ]
      }
    },
    {
      "type": "Feature",
      "properties": {
        "crashes": 20,
        "injury": 7,
        "fatal": 0,
        "pedestrian": 0,
        "density": 1.8
      },
      "geometry": {
        "type": "Point",
        "coordinates": [
          -82.323,
          34.855
        ]
      }
    },
    {
      "type": "Feature",
      "properties": {
        "crashes": 20,
        "injury": 5,
        "fatal": 0,
        "pedestrian": 0,
        "density": 1.8
      },
      "geometry": {
        "type": "Point",
        "coordinates": [
          -82.339,
          34.861
        ]
      }
    },
    {
      "type": "Feature",
      "properties": {
        "crashes": 20,
        "injury": 3,
        "fatal": 0,
        "pedestrian": 0,
        "density": 1.8
      },
      "geometry": {
        "type": "Point",
        "coordinates": [
          -82.427,
          34.861
        ]
      }
    },
    {
      "type": "Feature",
      "properties": {
        "crashes": 20,
        "injury": 7,
        "fatal": 0,
        "pedestrian": 0,
        "density": 1.8
      },
      "geometry": {
        "type": "Point",
        "coordinates": [
          -82.387,
          34.861
        ]
      }
    },
    {
      "type": "Feature",
      "properties": {
        "crashes": 20,
        "injury": 5,
        "fatal": 0,
        "pedestrian": 0,
        "density": 1.8
      },
      "geometry": {
        "type": "Point",
        "coordinates": [
          -82.369,
          34.861
        ]
      }
    },
    {
      "type": "Feature",
      "properties": {
        "crashes": 20,
        "injury": 5,
        "fatal": 1,
        "pedestrian": 0,
        "density": 1.8
      },
      "geometry": {
        "type": "Point",
        "coordinates": [
          -82.403,
          34.869
        ]
      }
    },
    {
      "type": "Feature",
      "properties": {
        "crashes": 20,
        "injury": 6,
        "fatal": 0,
        "pedestrian": 0,
        "density": 1.8
      },
      "geometry": {
        "type": "Point",
        "coordinates": [
          -82.335,
          34.873
        ]
      }
    },
    {
      "type": "Feature",
      "properties": {
        "crashes": 20,
        "injury": 5,
        "fatal": 0,
        "pedestrian": 0,
        "density": 1.8
      },
      "geometry": {
        "type": "Point",
        "coordinates": [
          -82.435,
          34.875
        ]
      }
    },
    {
      "type": "Feature",
      "properties": {
        "crashes": 20,
        "injury": 2,
        "fatal": 0,
        "pedestrian": 0,
        "density": 1.8
      },
      "geometry": {
        "type": "Point",
        "coordinates": [
          -82.321,
          34.877
        ]
      }
    },
    {
      "type": "Feature",
      "properties": {
        "crashes": 20,
        "injury": 4,
        "fatal": 0,
        "pedestrian": 0,
        "density": 1.8
      },
      "geometry": {
        "type": "Point",
        "coordinates": [
          -82.329,
          34.883
        ]
      }
    },
    {
      "type": "Feature",
      "properties": {
        "crashes": 20,
        "injury": 2,
        "fatal": 0,
        "pedestrian": 0,
        "density": 1.8
      },
      "geometry": {
        "type": "Point",
        "coordinates": [
          -82.359,
          34.885
        ]
      }
    },
    {
      "type": "Feature",
      "properties": {
        "crashes": 20,
        "injury": 1,
        "fatal": 0,
        "pedestrian": 0,
        "density": 1.8
      },
      "geometry": {
        "type": "Point",
        "coordinates": [
          -82.343,
          34.885
        ]
      }
    },
    {
      "type": "Feature",
      "properties": {
        "crashes": 20,
        "injury": 6,
        "fatal": 0,
        "pedestrian": 0,
        "density": 1.8
      },
      "geometry": {
        "type": "Point",
        "coordinates": [
          -82.385,
          34.889
        ]
      }
    },
    {
      "type": "Feature",
      "properties": {
        "crashes": 20,
        "injury": 3,
        "fatal": 0,
        "pedestrian": 0,
        "density": 1.8
      },
      "geometry": {
        "type": "Point",
        "coordinates": [
          -82.371,
          34.891
        ]
      }
    },
    {
      "type": "Feature",
      "properties": {
        "crashes": 20,
        "injury": 4,
        "fatal": 0,
        "pedestrian": 0,
        "density": 1.8
      },
      "geometry": {
        "type": "Point",
        "coordinates": [
          -82.447,
          34.893
        ]
      }
    },
    {
      "type": "Feature",
      "properties": {
        "crashes": 20,
        "injury": 7,
        "fatal": 0,
        "pedestrian": 0,
        "density": 1.8
      },
      "geometry": {
        "type": "Point",
        "coordinates": [
          -82.449,
          34.893
        ]
      }
    },
    {
      "type": "Feature",
      "properties": {
        "crashes": 20,
        "injury": 4,
        "fatal": 0,
        "pedestrian": 0,
        "density": 1.8
      },
      "geometry": {
        "type": "Point",
        "coordinates": [
          -82.289,
          34.897
        ]
      }
    },
    {
      "type": "Feature",
      "properties": {
        "crashes": 19,
        "injury": 5,
        "fatal": 1,
        "pedestrian": 1,
        "density": 1.7
      },
      "geometry": {
        "type": "Point",
        "coordinates": [
          -82.409,
          34.785
        ]
      }
    },
    {
      "type": "Feature",
      "properties": {
        "crashes": 19,
        "injury": 6,
        "fatal": 0,
        "pedestrian": 0,
        "density": 1.7
      },
      "geometry": {
        "type": "Point",
        "coordinates": [
          -82.413,
          34.787
        ]
      }
    },
    {
      "type": "Feature",
      "properties": {
        "crashes": 19,
        "injury": 8,
        "fatal": 0,
        "pedestrian": 0,
        "density": 1.7
      },
      "geometry": {
        "type": "Point",
        "coordinates": [
          -82.429,
          34.813
        ]
      }
    },
    {
      "type": "Feature",
      "properties": {
        "crashes": 19,
        "injury": 2,
        "fatal": 0,
        "pedestrian": 0,
        "density": 1.7
      },
      "geometry": {
        "type": "Point",
        "coordinates": [
          -82.321,
          34.813
        ]
      }
    },
    {
      "type": "Feature",
      "properties": {
        "crashes": 19,
        "injury": 5,
        "fatal": 0,
        "pedestrian": 0,
        "density": 1.7
      },
      "geometry": {
        "type": "Point",
        "coordinates": [
          -82.443,
          34.813
        ]
      }
    },
    {
      "type": "Feature",
      "properties": {
        "crashes": 19,
        "injury": 8,
        "fatal": 0,
        "pedestrian": 0,
        "density": 1.7
      },
      "geometry": {
        "type": "Point",
        "coordinates": [
          -82.429,
          34.819
        ]
      }
    },
    {
      "type": "Feature",
      "properties": {
        "crashes": 19,
        "injury": 2,
        "fatal": 0,
        "pedestrian": 0,
        "density": 1.7
      },
      "geometry": {
        "type": "Point",
        "coordinates": [
          -82.327,
          34.825
        ]
      }
    },
    {
      "type": "Feature",
      "properties": {
        "crashes": 19,
        "injury": 2,
        "fatal": 0,
        "pedestrian": 0,
        "density": 1.7
      },
      "geometry": {
        "type": "Point",
        "coordinates": [
          -82.297,
          34.835
        ]
      }
    },
    {
      "type": "Feature",
      "properties": {
        "crashes": 19,
        "injury": 2,
        "fatal": 0,
        "pedestrian": 0,
        "density": 1.7
      },
      "geometry": {
        "type": "Point",
        "coordinates": [
          -82.371,
          34.837
        ]
      }
    },
    {
      "type": "Feature",
      "properties": {
        "crashes": 19,
        "injury": 5,
        "fatal": 0,
        "pedestrian": 0,
        "density": 1.7
      },
      "geometry": {
        "type": "Point",
        "coordinates": [
          -82.419,
          34.839
        ]
      }
    },
    {
      "type": "Feature",
      "properties": {
        "crashes": 19,
        "injury": 7,
        "fatal": 0,
        "pedestrian": 0,
        "density": 1.7
      },
      "geometry": {
        "type": "Point",
        "coordinates": [
          -82.417,
          34.841
        ]
      }
    },
    {
      "type": "Feature",
      "properties": {
        "crashes": 19,
        "injury": 6,
        "fatal": 0,
        "pedestrian": 0,
        "density": 1.7
      },
      "geometry": {
        "type": "Point",
        "coordinates": [
          -82.393,
          34.843
        ]
      }
    },
    {
      "type": "Feature",
      "properties": {
        "crashes": 19,
        "injury": 3,
        "fatal": 0,
        "pedestrian": 0,
        "density": 1.7
      },
      "geometry": {
        "type": "Point",
        "coordinates": [
          -82.363,
          34.845
        ]
      }
    },
    {
      "type": "Feature",
      "properties": {
        "crashes": 19,
        "injury": 8,
        "fatal": 0,
        "pedestrian": 0,
        "density": 1.7
      },
      "geometry": {
        "type": "Point",
        "coordinates": [
          -82.341,
          34.847
        ]
      }
    },
    {
      "type": "Feature",
      "properties": {
        "crashes": 19,
        "injury": 4,
        "fatal": 0,
        "pedestrian": 1,
        "density": 1.7
      },
      "geometry": {
        "type": "Point",
        "coordinates": [
          -82.393,
          34.847
        ]
      }
    },
    {
      "type": "Feature",
      "properties": {
        "crashes": 19,
        "injury": 3,
        "fatal": 0,
        "pedestrian": 0,
        "density": 1.7
      },
      "geometry": {
        "type": "Point",
        "coordinates": [
          -82.411,
          34.849
        ]
      }
    },
    {
      "type": "Feature",
      "properties": {
        "crashes": 19,
        "injury": 4,
        "fatal": 0,
        "pedestrian": 0,
        "density": 1.7
      },
      "geometry": {
        "type": "Point",
        "coordinates": [
          -82.339,
          34.851
        ]
      }
    },
    {
      "type": "Feature",
      "properties": {
        "crashes": 19,
        "injury": 3,
        "fatal": 0,
        "pedestrian": 0,
        "density": 1.7
      },
      "geometry": {
        "type": "Point",
        "coordinates": [
          -82.369,
          34.851
        ]
      }
    },
    {
      "type": "Feature",
      "properties": {
        "crashes": 19,
        "injury": 10,
        "fatal": 0,
        "pedestrian": 0,
        "density": 1.7
      },
      "geometry": {
        "type": "Point",
        "coordinates": [
          -82.387,
          34.855
        ]
      }
    },
    {
      "type": "Feature",
      "properties": {
        "crashes": 19,
        "injury": 7,
        "fatal": 0,
        "pedestrian": 0,
        "density": 1.7
      },
      "geometry": {
        "type": "Point",
        "coordinates": [
          -82.379,
          34.859
        ]
      }
    },
    {
      "type": "Feature",
      "properties": {
        "crashes": 19,
        "injury": 5,
        "fatal": 0,
        "pedestrian": 0,
        "density": 1.7
      },
      "geometry": {
        "type": "Point",
        "coordinates": [
          -82.295,
          34.859
        ]
      }
    },
    {
      "type": "Feature",
      "properties": {
        "crashes": 19,
        "injury": 5,
        "fatal": 1,
        "pedestrian": 0,
        "density": 1.7
      },
      "geometry": {
        "type": "Point",
        "coordinates": [
          -82.367,
          34.863
        ]
      }
    },
    {
      "type": "Feature",
      "properties": {
        "crashes": 19,
        "injury": 5,
        "fatal": 1,
        "pedestrian": 0,
        "density": 1.7
      },
      "geometry": {
        "type": "Point",
        "coordinates": [
          -82.435,
          34.865
        ]
      }
    },
    {
      "type": "Feature",
      "properties": {
        "crashes": 19,
        "injury": 7,
        "fatal": 0,
        "pedestrian": 2,
        "density": 1.7
      },
      "geometry": {
        "type": "Point",
        "coordinates": [
          -82.413,
          34.879
        ]
      }
    },
    {
      "type": "Feature",
      "properties": {
        "crashes": 19,
        "injury": 3,
        "fatal": 0,
        "pedestrian": 0,
        "density": 1.7
      },
      "geometry": {
        "type": "Point",
        "coordinates": [
          -82.351,
          34.881
        ]
      }
    },
    {
      "type": "Feature",
      "properties": {
        "crashes": 19,
        "injury": 0,
        "fatal": 0,
        "pedestrian": 0,
        "density": 1.7
      },
      "geometry": {
        "type": "Point",
        "coordinates": [
          -82.295,
          34.891
        ]
      }
    },
    {
      "type": "Feature",
      "properties": {
        "crashes": 18,
        "injury": 5,
        "fatal": 0,
        "pedestrian": 0,
        "density": 1.6
      },
      "geometry": {
        "type": "Point",
        "coordinates": [
          -82.377,
          34.783
        ]
      }
    },
    {
      "type": "Feature",
      "properties": {
        "crashes": 18,
        "injury": 4,
        "fatal": 1,
        "pedestrian": 0,
        "density": 1.6
      },
      "geometry": {
        "type": "Point",
        "coordinates": [
          -82.373,
          34.785
        ]
      }
    },
    {
      "type": "Feature",
      "properties": {
        "crashes": 18,
        "injury": 4,
        "fatal": 0,
        "pedestrian": 0,
        "density": 1.6
      },
      "geometry": {
        "type": "Point",
        "coordinates": [
          -82.281,
          34.787
        ]
      }
    },
    {
      "type": "Feature",
      "properties": {
        "crashes": 18,
        "injury": 5,
        "fatal": 0,
        "pedestrian": 0,
        "density": 1.6
      },
      "geometry": {
        "type": "Point",
        "coordinates": [
          -82.287,
          34.791
        ]
      }
    },
    {
      "type": "Feature",
      "properties": {
        "crashes": 18,
        "injury": 5,
        "fatal": 0,
        "pedestrian": 0,
        "density": 1.6
      },
      "geometry": {
        "type": "Point",
        "coordinates": [
          -82.363,
          34.803
        ]
      }
    },
    {
      "type": "Feature",
      "properties": {
        "crashes": 18,
        "injury": 3,
        "fatal": 1,
        "pedestrian": 0,
        "density": 1.6
      },
      "geometry": {
        "type": "Point",
        "coordinates": [
          -82.351,
          34.803
        ]
      }
    },
    {
      "type": "Feature",
      "properties": {
        "crashes": 18,
        "injury": 4,
        "fatal": 0,
        "pedestrian": 0,
        "density": 1.6
      },
      "geometry": {
        "type": "Point",
        "coordinates": [
          -82.297,
          34.819
        ]
      }
    },
    {
      "type": "Feature",
      "properties": {
        "crashes": 18,
        "injury": 6,
        "fatal": 0,
        "pedestrian": 0,
        "density": 1.6
      },
      "geometry": {
        "type": "Point",
        "coordinates": [
          -82.389,
          34.823
        ]
      }
    },
    {
      "type": "Feature",
      "properties": {
        "crashes": 18,
        "injury": 2,
        "fatal": 0,
        "pedestrian": 0,
        "density": 1.6
      },
      "geometry": {
        "type": "Point",
        "coordinates": [
          -82.447,
          34.827
        ]
      }
    },
    {
      "type": "Feature",
      "properties": {
        "crashes": 18,
        "injury": 4,
        "fatal": 0,
        "pedestrian": 0,
        "density": 1.6
      },
      "geometry": {
        "type": "Point",
        "coordinates": [
          -82.379,
          34.827
        ]
      }
    },
    {
      "type": "Feature",
      "properties": {
        "crashes": 18,
        "injury": 5,
        "fatal": 0,
        "pedestrian": 2,
        "density": 1.6
      },
      "geometry": {
        "type": "Point",
        "coordinates": [
          -82.423,
          34.831
        ]
      }
    },
    {
      "type": "Feature",
      "properties": {
        "crashes": 18,
        "injury": 2,
        "fatal": 0,
        "pedestrian": 0,
        "density": 1.6
      },
      "geometry": {
        "type": "Point",
        "coordinates": [
          -82.439,
          34.833
        ]
      }
    },
    {
      "type": "Feature",
      "properties": {
        "crashes": 18,
        "injury": 4,
        "fatal": 1,
        "pedestrian": 0,
        "density": 1.6
      },
      "geometry": {
        "type": "Point",
        "coordinates": [
          -82.301,
          34.833
        ]
      }
    },
    {
      "type": "Feature",
      "properties": {
        "crashes": 18,
        "injury": 2,
        "fatal": 0,
        "pedestrian": 0,
        "density": 1.6
      },
      "geometry": {
        "type": "Point",
        "coordinates": [
          -82.313,
          34.837
        ]
      }
    },
    {
      "type": "Feature",
      "properties": {
        "crashes": 18,
        "injury": 5,
        "fatal": 0,
        "pedestrian": 0,
        "density": 1.6
      },
      "geometry": {
        "type": "Point",
        "coordinates": [
          -82.365,
          34.837
        ]
      }
    },
    {
      "type": "Feature",
      "properties": {
        "crashes": 18,
        "injury": 1,
        "fatal": 0,
        "pedestrian": 0,
        "density": 1.6
      },
      "geometry": {
        "type": "Point",
        "coordinates": [
          -82.335,
          34.839
        ]
      }
    },
    {
      "type": "Feature",
      "properties": {
        "crashes": 18,
        "injury": 10,
        "fatal": 0,
        "pedestrian": 0,
        "density": 1.6
      },
      "geometry": {
        "type": "Point",
        "coordinates": [
          -82.417,
          34.839
        ]
      }
    },
    {
      "type": "Feature",
      "properties": {
        "crashes": 18,
        "injury": 2,
        "fatal": 1,
        "pedestrian": 0,
        "density": 1.6
      },
      "geometry": {
        "type": "Point",
        "coordinates": [
          -82.429,
          34.845
        ]
      }
    },
    {
      "type": "Feature",
      "properties": {
        "crashes": 18,
        "injury": 3,
        "fatal": 0,
        "pedestrian": 1,
        "density": 1.6
      },
      "geometry": {
        "type": "Point",
        "coordinates": [
          -82.433,
          34.847
        ]
      }
    },
    {
      "type": "Feature",
      "properties": {
        "crashes": 18,
        "injury": 4,
        "fatal": 0,
        "pedestrian": 0,
        "density": 1.6
      },
      "geometry": {
        "type": "Point",
        "coordinates": [
          -82.403,
          34.847
        ]
      }
    },
    {
      "type": "Feature",
      "properties": {
        "crashes": 18,
        "injury": 8,
        "fatal": 1,
        "pedestrian": 0,
        "density": 1.6
      },
      "geometry": {
        "type": "Point",
        "coordinates": [
          -82.375,
          34.851
        ]
      }
    },
    {
      "type": "Feature",
      "properties": {
        "crashes": 18,
        "injury": 13,
        "fatal": 0,
        "pedestrian": 1,
        "density": 1.6
      },
      "geometry": {
        "type": "Point",
        "coordinates": [
          -82.407,
          34.855
        ]
      }
    },
    {
      "type": "Feature",
      "properties": {
        "crashes": 18,
        "injury": 8,
        "fatal": 0,
        "pedestrian": 0,
        "density": 1.6
      },
      "geometry": {
        "type": "Point",
        "coordinates": [
          -82.321,
          34.859
        ]
      }
    },
    {
      "type": "Feature",
      "properties": {
        "crashes": 18,
        "injury": 5,
        "fatal": 0,
        "pedestrian": 0,
        "density": 1.6
      },
      "geometry": {
        "type": "Point",
        "coordinates": [
          -82.387,
          34.863
        ]
      }
    },
    {
      "type": "Feature",
      "properties": {
        "crashes": 18,
        "injury": 4,
        "fatal": 2,
        "pedestrian": 2,
        "density": 1.6
      },
      "geometry": {
        "type": "Point",
        "coordinates": [
          -82.345,
          34.865
        ]
      }
    },
    {
      "type": "Feature",
      "properties": {
        "crashes": 18,
        "injury": 1,
        "fatal": 0,
        "pedestrian": 0,
        "density": 1.6
      },
      "geometry": {
        "type": "Point",
        "coordinates": [
          -82.281,
          34.865
        ]
      }
    },
    {
      "type": "Feature",
      "properties": {
        "crashes": 18,
        "injury": 4,
        "fatal": 0,
        "pedestrian": 0,
        "density": 1.6
      },
      "geometry": {
        "type": "Point",
        "coordinates": [
          -82.427,
          34.865
        ]
      }
    },
    {
      "type": "Feature",
      "properties": {
        "crashes": 18,
        "injury": 4,
        "fatal": 0,
        "pedestrian": 1,
        "density": 1.6
      },
      "geometry": {
        "type": "Point",
        "coordinates": [
          -82.317,
          34.871
        ]
      }
    },
    {
      "type": "Feature",
      "properties": {
        "crashes": 18,
        "injury": 4,
        "fatal": 0,
        "pedestrian": 0,
        "density": 1.6
      },
      "geometry": {
        "type": "Point",
        "coordinates": [
          -82.333,
          34.871
        ]
      }
    },
    {
      "type": "Feature",
      "properties": {
        "crashes": 18,
        "injury": 7,
        "fatal": 0,
        "pedestrian": 1,
        "density": 1.6
      },
      "geometry": {
        "type": "Point",
        "coordinates": [
          -82.401,
          34.871
        ]
      }
    },
    {
      "type": "Feature",
      "properties": {
        "crashes": 18,
        "injury": 4,
        "fatal": 0,
        "pedestrian": 0,
        "density": 1.6
      },
      "geometry": {
        "type": "Point",
        "coordinates": [
          -82.329,
          34.881
        ]
      }
    },
    {
      "type": "Feature",
      "properties": {
        "crashes": 18,
        "injury": 8,
        "fatal": 1,
        "pedestrian": 0,
        "density": 1.6
      },
      "geometry": {
        "type": "Point",
        "coordinates": [
          -82.387,
          34.887
        ]
      }
    },
    {
      "type": "Feature",
      "properties": {
        "crashes": 18,
        "injury": 4,
        "fatal": 0,
        "pedestrian": 0,
        "density": 1.6
      },
      "geometry": {
        "type": "Point",
        "coordinates": [
          -82.299,
          34.889
        ]
      }
    },
    {
      "type": "Feature",
      "properties": {
        "crashes": 18,
        "injury": 6,
        "fatal": 0,
        "pedestrian": 0,
        "density": 1.6
      },
      "geometry": {
        "type": "Point",
        "coordinates": [
          -82.433,
          34.897
        ]
      }
    },
    {
      "type": "Feature",
      "properties": {
        "crashes": 17,
        "injury": 3,
        "fatal": 0,
        "pedestrian": 0,
        "density": 1.5
      },
      "geometry": {
        "type": "Point",
        "coordinates": [
          -82.413,
          34.785
        ]
      }
    },
    {
      "type": "Feature",
      "properties": {
        "crashes": 17,
        "injury": 4,
        "fatal": 0,
        "pedestrian": 0,
        "density": 1.5
      },
      "geometry": {
        "type": "Point",
        "coordinates": [
          -82.379,
          34.803
        ]
      }
    },
    {
      "type": "Feature",
      "properties": {
        "crashes": 17,
        "injury": 1,
        "fatal": 0,
        "pedestrian": 0,
        "density": 1.5
      },
      "geometry": {
        "type": "Point",
        "coordinates": [
          -82.369,
          34.819
        ]
      }
    },
    {
      "type": "Feature",
      "properties": {
        "crashes": 17,
        "injury": 7,
        "fatal": 0,
        "pedestrian": 0,
        "density": 1.5
      },
      "geometry": {
        "type": "Point",
        "coordinates": [
          -82.423,
          34.821
        ]
      }
    },
    {
      "type": "Feature",
      "properties": {
        "crashes": 17,
        "injury": 4,
        "fatal": 0,
        "pedestrian": 0,
        "density": 1.5
      },
      "geometry": {
        "type": "Point",
        "coordinates": [
          -82.343,
          34.821
        ]
      }
    },
    {
      "type": "Feature",
      "properties": {
        "crashes": 17,
        "injury": 2,
        "fatal": 0,
        "pedestrian": 0,
        "density": 1.5
      },
      "geometry": {
        "type": "Point",
        "coordinates": [
          -82.311,
          34.823
        ]
      }
    },
    {
      "type": "Feature",
      "properties": {
        "crashes": 17,
        "injury": 5,
        "fatal": 0,
        "pedestrian": 0,
        "density": 1.5
      },
      "geometry": {
        "type": "Point",
        "coordinates": [
          -82.433,
          34.825
        ]
      }
    },
    {
      "type": "Feature",
      "properties": {
        "crashes": 17,
        "injury": 4,
        "fatal": 0,
        "pedestrian": 0,
        "density": 1.5
      },
      "geometry": {
        "type": "Point",
        "coordinates": [
          -82.291,
          34.833
        ]
      }
    },
    {
      "type": "Feature",
      "properties": {
        "crashes": 17,
        "injury": 4,
        "fatal": 0,
        "pedestrian": 0,
        "density": 1.5
      },
      "geometry": {
        "type": "Point",
        "coordinates": [
          -82.387,
          34.835
        ]
      }
    },
    {
      "type": "Feature",
      "properties": {
        "crashes": 17,
        "injury": 2,
        "fatal": 0,
        "pedestrian": 0,
        "density": 1.5
      },
      "geometry": {
        "type": "Point",
        "coordinates": [
          -82.397,
          34.837
        ]
      }
    },
    {
      "type": "Feature",
      "properties": {
        "crashes": 17,
        "injury": 5,
        "fatal": 0,
        "pedestrian": 0,
        "density": 1.5
      },
      "geometry": {
        "type": "Point",
        "coordinates": [
          -82.443,
          34.837
        ]
      }
    },
    {
      "type": "Feature",
      "properties": {
        "crashes": 17,
        "injury": 2,
        "fatal": 0,
        "pedestrian": 0,
        "density": 1.5
      },
      "geometry": {
        "type": "Point",
        "coordinates": [
          -82.303,
          34.847
        ]
      }
    },
    {
      "type": "Feature",
      "properties": {
        "crashes": 17,
        "injury": 7,
        "fatal": 0,
        "pedestrian": 0,
        "density": 1.5
      },
      "geometry": {
        "type": "Point",
        "coordinates": [
          -82.317,
          34.851
        ]
      }
    },
    {
      "type": "Feature",
      "properties": {
        "crashes": 17,
        "injury": 4,
        "fatal": 1,
        "pedestrian": 0,
        "density": 1.5
      },
      "geometry": {
        "type": "Point",
        "coordinates": [
          -82.331,
          34.851
        ]
      }
    },
    {
      "type": "Feature",
      "properties": {
        "crashes": 17,
        "injury": 10,
        "fatal": 0,
        "pedestrian": 3,
        "density": 1.5
      },
      "geometry": {
        "type": "Point",
        "coordinates": [
          -82.351,
          34.857
        ]
      }
    },
    {
      "type": "Feature",
      "properties": {
        "crashes": 17,
        "injury": 5,
        "fatal": 0,
        "pedestrian": 0,
        "density": 1.5
      },
      "geometry": {
        "type": "Point",
        "coordinates": [
          -82.417,
          34.863
        ]
      }
    },
    {
      "type": "Feature",
      "properties": {
        "crashes": 17,
        "injury": 2,
        "fatal": 0,
        "pedestrian": 0,
        "density": 1.5
      },
      "geometry": {
        "type": "Point",
        "coordinates": [
          -82.331,
          34.867
        ]
      }
    },
    {
      "type": "Feature",
      "properties": {
        "crashes": 17,
        "injury": 3,
        "fatal": 0,
        "pedestrian": 0,
        "density": 1.5
      },
      "geometry": {
        "type": "Point",
        "coordinates": [
          -82.329,
          34.867
        ]
      }
    },
    {
      "type": "Feature",
      "properties": {
        "crashes": 17,
        "injury": 2,
        "fatal": 0,
        "pedestrian": 0,
        "density": 1.5
      },
      "geometry": {
        "type": "Point",
        "coordinates": [
          -82.327,
          34.869
        ]
      }
    },
    {
      "type": "Feature",
      "properties": {
        "crashes": 17,
        "injury": 5,
        "fatal": 0,
        "pedestrian": 0,
        "density": 1.5
      },
      "geometry": {
        "type": "Point",
        "coordinates": [
          -82.343,
          34.871
        ]
      }
    },
    {
      "type": "Feature",
      "properties": {
        "crashes": 17,
        "injury": 4,
        "fatal": 0,
        "pedestrian": 0,
        "density": 1.5
      },
      "geometry": {
        "type": "Point",
        "coordinates": [
          -82.433,
          34.875
        ]
      }
    },
    {
      "type": "Feature",
      "properties": {
        "crashes": 17,
        "injury": 6,
        "fatal": 0,
        "pedestrian": 0,
        "density": 1.5
      },
      "geometry": {
        "type": "Point",
        "coordinates": [
          -82.411,
          34.879
        ]
      }
    },
    {
      "type": "Feature",
      "properties": {
        "crashes": 17,
        "injury": 9,
        "fatal": 0,
        "pedestrian": 0,
        "density": 1.5
      },
      "geometry": {
        "type": "Point",
        "coordinates": [
          -82.283,
          34.883
        ]
      }
    },
    {
      "type": "Feature",
      "properties": {
        "crashes": 17,
        "injury": 3,
        "fatal": 0,
        "pedestrian": 0,
        "density": 1.5
      },
      "geometry": {
        "type": "Point",
        "coordinates": [
          -82.395,
          34.887
        ]
      }
    },
    {
      "type": "Feature",
      "properties": {
        "crashes": 17,
        "injury": 5,
        "fatal": 0,
        "pedestrian": 0,
        "density": 1.5
      },
      "geometry": {
        "type": "Point",
        "coordinates": [
          -82.417,
          34.891
        ]
      }
    },
    {
      "type": "Feature",
      "properties": {
        "crashes": 16,
        "injury": 3,
        "fatal": 0,
        "pedestrian": 0,
        "density": 1.5
      },
      "geometry": {
        "type": "Point",
        "coordinates": [
          -82.395,
          34.781
        ]
      }
    },
    {
      "type": "Feature",
      "properties": {
        "crashes": 16,
        "injury": 4,
        "fatal": 0,
        "pedestrian": 0,
        "density": 1.5
      },
      "geometry": {
        "type": "Point",
        "coordinates": [
          -82.281,
          34.789
        ]
      }
    },
    {
      "type": "Feature",
      "properties": {
        "crashes": 16,
        "injury": 6,
        "fatal": 0,
        "pedestrian": 0,
        "density": 1.5
      },
      "geometry": {
        "type": "Point",
        "coordinates": [
          -82.409,
          34.791
        ]
      }
    },
    {
      "type": "Feature",
      "properties": {
        "crashes": 16,
        "injury": 7,
        "fatal": 1,
        "pedestrian": 0,
        "density": 1.5
      },
      "geometry": {
        "type": "Point",
        "coordinates": [
          -82.281,
          34.793
        ]
      }
    },
    {
      "type": "Feature",
      "properties": {
        "crashes": 16,
        "injury": 3,
        "fatal": 0,
        "pedestrian": 1,
        "density": 1.5
      },
      "geometry": {
        "type": "Point",
        "coordinates": [
          -82.421,
          34.795
        ]
      }
    },
    {
      "type": "Feature",
      "properties": {
        "crashes": 16,
        "injury": 3,
        "fatal": 0,
        "pedestrian": 0,
        "density": 1.5
      },
      "geometry": {
        "type": "Point",
        "coordinates": [
          -82.361,
          34.797
        ]
      }
    },
    {
      "type": "Feature",
      "properties": {
        "crashes": 16,
        "injury": 5,
        "fatal": 0,
        "pedestrian": 1,
        "density": 1.5
      },
      "geometry": {
        "type": "Point",
        "coordinates": [
          -82.383,
          34.805
        ]
      }
    },
    {
      "type": "Feature",
      "properties": {
        "crashes": 16,
        "injury": 1,
        "fatal": 0,
        "pedestrian": 0,
        "density": 1.5
      },
      "geometry": {
        "type": "Point",
        "coordinates": [
          -82.341,
          34.811
        ]
      }
    },
    {
      "type": "Feature",
      "properties": {
        "crashes": 16,
        "injury": 5,
        "fatal": 0,
        "pedestrian": 0,
        "density": 1.5
      },
      "geometry": {
        "type": "Point",
        "coordinates": [
          -82.287,
          34.813
        ]
      }
    },
    {
      "type": "Feature",
      "properties": {
        "crashes": 16,
        "injury": 2,
        "fatal": 0,
        "pedestrian": 0,
        "density": 1.5
      },
      "geometry": {
        "type": "Point",
        "coordinates": [
          -82.327,
          34.815
        ]
      }
    },
    {
      "type": "Feature",
      "properties": {
        "crashes": 16,
        "injury": 6,
        "fatal": 1,
        "pedestrian": 0,
        "density": 1.5
      },
      "geometry": {
        "type": "Point",
        "coordinates": [
          -82.369,
          34.815
        ]
      }
    },
    {
      "type": "Feature",
      "properties": {
        "crashes": 16,
        "injury": 1,
        "fatal": 0,
        "pedestrian": 0,
        "density": 1.5
      },
      "geometry": {
        "type": "Point",
        "coordinates": [
          -82.405,
          34.819
        ]
      }
    },
    {
      "type": "Feature",
      "properties": {
        "crashes": 16,
        "injury": 6,
        "fatal": 0,
        "pedestrian": 1,
        "density": 1.5
      },
      "geometry": {
        "type": "Point",
        "coordinates": [
          -82.429,
          34.825
        ]
      }
    },
    {
      "type": "Feature",
      "properties": {
        "crashes": 16,
        "injury": 1,
        "fatal": 0,
        "pedestrian": 0,
        "density": 1.5
      },
      "geometry": {
        "type": "Point",
        "coordinates": [
          -82.305,
          34.825
        ]
      }
    },
    {
      "type": "Feature",
      "properties": {
        "crashes": 16,
        "injury": 6,
        "fatal": 0,
        "pedestrian": 0,
        "density": 1.5
      },
      "geometry": {
        "type": "Point",
        "coordinates": [
          -82.411,
          34.827
        ]
      }
    },
    {
      "type": "Feature",
      "properties": {
        "crashes": 16,
        "injury": 3,
        "fatal": 0,
        "pedestrian": 0,
        "density": 1.5
      },
      "geometry": {
        "type": "Point",
        "coordinates": [
          -82.413,
          34.827
        ]
      }
    },
    {
      "type": "Feature",
      "properties": {
        "crashes": 16,
        "injury": 3,
        "fatal": 0,
        "pedestrian": 0,
        "density": 1.5
      },
      "geometry": {
        "type": "Point",
        "coordinates": [
          -82.401,
          34.831
        ]
      }
    },
    {
      "type": "Feature",
      "properties": {
        "crashes": 16,
        "injury": 3,
        "fatal": 0,
        "pedestrian": 0,
        "density": 1.5
      },
      "geometry": {
        "type": "Point",
        "coordinates": [
          -82.293,
          34.831
        ]
      }
    },
    {
      "type": "Feature",
      "properties": {
        "crashes": 16,
        "injury": 1,
        "fatal": 0,
        "pedestrian": 0,
        "density": 1.5
      },
      "geometry": {
        "type": "Point",
        "coordinates": [
          -82.441,
          34.833
        ]
      }
    },
    {
      "type": "Feature",
      "properties": {
        "crashes": 16,
        "injury": 2,
        "fatal": 0,
        "pedestrian": 1,
        "density": 1.5
      },
      "geometry": {
        "type": "Point",
        "coordinates": [
          -82.291,
          34.835
        ]
      }
    },
    {
      "type": "Feature",
      "properties": {
        "crashes": 16,
        "injury": 2,
        "fatal": 0,
        "pedestrian": 0,
        "density": 1.5
      },
      "geometry": {
        "type": "Point",
        "coordinates": [
          -82.281,
          34.835
        ]
      }
    },
    {
      "type": "Feature",
      "properties": {
        "crashes": 16,
        "injury": 2,
        "fatal": 0,
        "pedestrian": 0,
        "density": 1.5
      },
      "geometry": {
        "type": "Point",
        "coordinates": [
          -82.413,
          34.837
        ]
      }
    },
    {
      "type": "Feature",
      "properties": {
        "crashes": 16,
        "injury": 2,
        "fatal": 0,
        "pedestrian": 0,
        "density": 1.5
      },
      "geometry": {
        "type": "Point",
        "coordinates": [
          -82.377,
          34.839
        ]
      }
    },
    {
      "type": "Feature",
      "properties": {
        "crashes": 16,
        "injury": 5,
        "fatal": 0,
        "pedestrian": 0,
        "density": 1.5
      },
      "geometry": {
        "type": "Point",
        "coordinates": [
          -82.319,
          34.841
        ]
      }
    },
    {
      "type": "Feature",
      "properties": {
        "crashes": 16,
        "injury": 9,
        "fatal": 0,
        "pedestrian": 0,
        "density": 1.5
      },
      "geometry": {
        "type": "Point",
        "coordinates": [
          -82.393,
          34.845
        ]
      }
    },
    {
      "type": "Feature",
      "properties": {
        "crashes": 16,
        "injury": 0,
        "fatal": 0,
        "pedestrian": 0,
        "density": 1.5
      },
      "geometry": {
        "type": "Point",
        "coordinates": [
          -82.381,
          34.855
        ]
      }
    },
    {
      "type": "Feature",
      "properties": {
        "crashes": 16,
        "injury": 1,
        "fatal": 0,
        "pedestrian": 0,
        "density": 1.5
      },
      "geometry": {
        "type": "Point",
        "coordinates": [
          -82.437,
          34.857
        ]
      }
    },
    {
      "type": "Feature",
      "properties": {
        "crashes": 16,
        "injury": 5,
        "fatal": 0,
        "pedestrian": 0,
        "density": 1.5
      },
      "geometry": {
        "type": "Point",
        "coordinates": [
          -82.399,
          34.863
        ]
      }
    },
    {
      "type": "Feature",
      "properties": {
        "crashes": 16,
        "injury": 3,
        "fatal": 0,
        "pedestrian": 0,
        "density": 1.5
      },
      "geometry": {
        "type": "Point",
        "coordinates": [
          -82.333,
          34.867
        ]
      }
    },
    {
      "type": "Feature",
      "properties": {
        "crashes": 16,
        "injury": 3,
        "fatal": 1,
        "pedestrian": 2,
        "density": 1.5
      },
      "geometry": {
        "type": "Point",
        "coordinates": [
          -82.351,
          34.869
        ]
      }
    },
    {
      "type": "Feature",
      "properties": {
        "crashes": 16,
        "injury": 5,
        "fatal": 0,
        "pedestrian": 0,
        "density": 1.5
      },
      "geometry": {
        "type": "Point",
        "coordinates": [
          -82.427,
          34.881
        ]
      }
    },
    {
      "type": "Feature",
      "properties": {
        "crashes": 16,
        "injury": 7,
        "fatal": 0,
        "pedestrian": 0,
        "density": 1.5
      },
      "geometry": {
        "type": "Point",
        "coordinates": [
          -82.387,
          34.881
        ]
      }
    },
    {
      "type": "Feature",
      "properties": {
        "crashes": 16,
        "injury": 4,
        "fatal": 0,
        "pedestrian": 1,
        "density": 1.5
      },
      "geometry": {
        "type": "Point",
        "coordinates": [
          -82.285,
          34.891
        ]
      }
    },
    {
      "type": "Feature",
      "properties": {
        "crashes": 16,
        "injury": 1,
        "fatal": 0,
        "pedestrian": 0,
        "density": 1.5
      },
      "geometry": {
        "type": "Point",
        "coordinates": [
          -82.433,
          34.893
        ]
      }
    },
    {
      "type": "Feature",
      "properties": {
        "crashes": 16,
        "injury": 4,
        "fatal": 0,
        "pedestrian": 0,
        "density": 1.5
      },
      "geometry": {
        "type": "Point",
        "coordinates": [
          -82.393,
          34.899
        ]
      }
    },
    {
      "type": "Feature",
      "properties": {
        "crashes": 15,
        "injury": 2,
        "fatal": 0,
        "pedestrian": 0,
        "density": 1.4
      },
      "geometry": {
        "type": "Point",
        "coordinates": [
          -82.297,
          34.783
        ]
      }
    },
    {
      "type": "Feature",
      "properties": {
        "crashes": 15,
        "injury": 8,
        "fatal": 0,
        "pedestrian": 0,
        "density": 1.4
      },
      "geometry": {
        "type": "Point",
        "coordinates": [
          -82.375,
          34.785
        ]
      }
    },
    {
      "type": "Feature",
      "properties": {
        "crashes": 15,
        "injury": 3,
        "fatal": 0,
        "pedestrian": 0,
        "density": 1.4
      },
      "geometry": {
        "type": "Point",
        "coordinates": [
          -82.381,
          34.787
        ]
      }
    },
    {
      "type": "Feature",
      "properties": {
        "crashes": 15,
        "injury": 4,
        "fatal": 0,
        "pedestrian": 0,
        "density": 1.4
      },
      "geometry": {
        "type": "Point",
        "coordinates": [
          -82.347,
          34.795
        ]
      }
    },
    {
      "type": "Feature",
      "properties": {
        "crashes": 15,
        "injury": 5,
        "fatal": 0,
        "pedestrian": 0,
        "density": 1.4
      },
      "geometry": {
        "type": "Point",
        "coordinates": [
          -82.295,
          34.803
        ]
      }
    },
    {
      "type": "Feature",
      "properties": {
        "crashes": 15,
        "injury": 2,
        "fatal": 0,
        "pedestrian": 0,
        "density": 1.4
      },
      "geometry": {
        "type": "Point",
        "coordinates": [
          -82.281,
          34.805
        ]
      }
    },
    {
      "type": "Feature",
      "properties": {
        "crashes": 15,
        "injury": 4,
        "fatal": 0,
        "pedestrian": 0,
        "density": 1.4
      },
      "geometry": {
        "type": "Point",
        "coordinates": [
          -82.327,
          34.805
        ]
      }
    },
    {
      "type": "Feature",
      "properties": {
        "crashes": 15,
        "injury": 1,
        "fatal": 0,
        "pedestrian": 0,
        "density": 1.4
      },
      "geometry": {
        "type": "Point",
        "coordinates": [
          -82.281,
          34.807
        ]
      }
    },
    {
      "type": "Feature",
      "properties": {
        "crashes": 15,
        "injury": 6,
        "fatal": 0,
        "pedestrian": 0,
        "density": 1.4
      },
      "geometry": {
        "type": "Point",
        "coordinates": [
          -82.423,
          34.809
        ]
      }
    },
    {
      "type": "Feature",
      "properties": {
        "crashes": 15,
        "injury": 4,
        "fatal": 0,
        "pedestrian": 0,
        "density": 1.4
      },
      "geometry": {
        "type": "Point",
        "coordinates": [
          -82.335,
          34.809
        ]
      }
    },
    {
      "type": "Feature",
      "properties": {
        "crashes": 15,
        "injury": 3,
        "fatal": 0,
        "pedestrian": 0,
        "density": 1.4
      },
      "geometry": {
        "type": "Point",
        "coordinates": [
          -82.347,
          34.809
        ]
      }
    },
    {
      "type": "Feature",
      "properties": {
        "crashes": 15,
        "injury": 3,
        "fatal": 1,
        "pedestrian": 0,
        "density": 1.4
      },
      "geometry": {
        "type": "Point",
        "coordinates": [
          -82.445,
          34.813
        ]
      }
    },
    {
      "type": "Feature",
      "properties": {
        "crashes": 15,
        "injury": 4,
        "fatal": 0,
        "pedestrian": 0,
        "density": 1.4
      },
      "geometry": {
        "type": "Point",
        "coordinates": [
          -82.369,
          34.817
        ]
      }
    },
    {
      "type": "Feature",
      "properties": {
        "crashes": 15,
        "injury": 1,
        "fatal": 0,
        "pedestrian": 0,
        "density": 1.4
      },
      "geometry": {
        "type": "Point",
        "coordinates": [
          -82.435,
          34.819
        ]
      }
    },
    {
      "type": "Feature",
      "properties": {
        "crashes": 15,
        "injury": 5,
        "fatal": 0,
        "pedestrian": 0,
        "density": 1.4
      },
      "geometry": {
        "type": "Point",
        "coordinates": [
          -82.331,
          34.823
        ]
      }
    },
    {
      "type": "Feature",
      "properties": {
        "crashes": 15,
        "injury": 5,
        "fatal": 0,
        "pedestrian": 0,
        "density": 1.4
      },
      "geometry": {
        "type": "Point",
        "coordinates": [
          -82.409,
          34.823
        ]
      }
    },
    {
      "type": "Feature",
      "properties": {
        "crashes": 15,
        "injury": 3,
        "fatal": 0,
        "pedestrian": 0,
        "density": 1.4
      },
      "geometry": {
        "type": "Point",
        "coordinates": [
          -82.397,
          34.825
        ]
      }
    },
    {
      "type": "Feature",
      "properties": {
        "crashes": 15,
        "injury": 2,
        "fatal": 0,
        "pedestrian": 1,
        "density": 1.4
      },
      "geometry": {
        "type": "Point",
        "coordinates": [
          -82.405,
          34.827
        ]
      }
    },
    {
      "type": "Feature",
      "properties": {
        "crashes": 15,
        "injury": 6,
        "fatal": 0,
        "pedestrian": 0,
        "density": 1.4
      },
      "geometry": {
        "type": "Point",
        "coordinates": [
          -82.381,
          34.829
        ]
      }
    },
    {
      "type": "Feature",
      "properties": {
        "crashes": 15,
        "injury": 5,
        "fatal": 0,
        "pedestrian": 0,
        "density": 1.4
      },
      "geometry": {
        "type": "Point",
        "coordinates": [
          -82.339,
          34.835
        ]
      }
    },
    {
      "type": "Feature",
      "properties": {
        "crashes": 15,
        "injury": 2,
        "fatal": 0,
        "pedestrian": 0,
        "density": 1.4
      },
      "geometry": {
        "type": "Point",
        "coordinates": [
          -82.379,
          34.837
        ]
      }
    },
    {
      "type": "Feature",
      "properties": {
        "crashes": 15,
        "injury": 1,
        "fatal": 0,
        "pedestrian": 0,
        "density": 1.4
      },
      "geometry": {
        "type": "Point",
        "coordinates": [
          -82.327,
          34.837
        ]
      }
    },
    {
      "type": "Feature",
      "properties": {
        "crashes": 15,
        "injury": 4,
        "fatal": 0,
        "pedestrian": 1,
        "density": 1.4
      },
      "geometry": {
        "type": "Point",
        "coordinates": [
          -82.407,
          34.843
        ]
      }
    },
    {
      "type": "Feature",
      "properties": {
        "crashes": 15,
        "injury": 6,
        "fatal": 0,
        "pedestrian": 0,
        "density": 1.4
      },
      "geometry": {
        "type": "Point",
        "coordinates": [
          -82.345,
          34.845
        ]
      }
    },
    {
      "type": "Feature",
      "properties": {
        "crashes": 15,
        "injury": 2,
        "fatal": 0,
        "pedestrian": 0,
        "density": 1.4
      },
      "geometry": {
        "type": "Point",
        "coordinates": [
          -82.425,
          34.845
        ]
      }
    },
    {
      "type": "Feature",
      "properties": {
        "crashes": 15,
        "injury": 2,
        "fatal": 0,
        "pedestrian": 0,
        "density": 1.4
      },
      "geometry": {
        "type": "Point",
        "coordinates": [
          -82.313,
          34.849
        ]
      }
    },
    {
      "type": "Feature",
      "properties": {
        "crashes": 15,
        "injury": 2,
        "fatal": 0,
        "pedestrian": 0,
        "density": 1.4
      },
      "geometry": {
        "type": "Point",
        "coordinates": [
          -82.371,
          34.851
        ]
      }
    },
    {
      "type": "Feature",
      "properties": {
        "crashes": 15,
        "injury": 5,
        "fatal": 0,
        "pedestrian": 0,
        "density": 1.4
      },
      "geometry": {
        "type": "Point",
        "coordinates": [
          -82.367,
          34.853
        ]
      }
    },
    {
      "type": "Feature",
      "properties": {
        "crashes": 15,
        "injury": 1,
        "fatal": 0,
        "pedestrian": 0,
        "density": 1.4
      },
      "geometry": {
        "type": "Point",
        "coordinates": [
          -82.343,
          34.853
        ]
      }
    },
    {
      "type": "Feature",
      "properties": {
        "crashes": 15,
        "injury": 3,
        "fatal": 0,
        "pedestrian": 0,
        "density": 1.4
      },
      "geometry": {
        "type": "Point",
        "coordinates": [
          -82.315,
          34.855
        ]
      }
    },
    {
      "type": "Feature",
      "properties": {
        "crashes": 15,
        "injury": 5,
        "fatal": 0,
        "pedestrian": 0,
        "density": 1.4
      },
      "geometry": {
        "type": "Point",
        "coordinates": [
          -82.377,
          34.859
        ]
      }
    },
    {
      "type": "Feature",
      "properties": {
        "crashes": 15,
        "injury": 5,
        "fatal": 0,
        "pedestrian": 0,
        "density": 1.4
      },
      "geometry": {
        "type": "Point",
        "coordinates": [
          -82.369,
          34.863
        ]
      }
    },
    {
      "type": "Feature",
      "properties": {
        "crashes": 15,
        "injury": 6,
        "fatal": 0,
        "pedestrian": 1,
        "density": 1.4
      },
      "geometry": {
        "type": "Point",
        "coordinates": [
          -82.437,
          34.863
        ]
      }
    },
    {
      "type": "Feature",
      "properties": {
        "crashes": 15,
        "injury": 3,
        "fatal": 0,
        "pedestrian": 0,
        "density": 1.4
      },
      "geometry": {
        "type": "Point",
        "coordinates": [
          -82.281,
          34.863
        ]
      }
    },
    {
      "type": "Feature",
      "properties": {
        "crashes": 15,
        "injury": 3,
        "fatal": 0,
        "pedestrian": 0,
        "density": 1.4
      },
      "geometry": {
        "type": "Point",
        "coordinates": [
          -82.321,
          34.865
        ]
      }
    },
    {
      "type": "Feature",
      "properties": {
        "crashes": 15,
        "injury": 2,
        "fatal": 0,
        "pedestrian": 0,
        "density": 1.4
      },
      "geometry": {
        "type": "Point",
        "coordinates": [
          -82.401,
          34.873
        ]
      }
    },
    {
      "type": "Feature",
      "properties": {
        "crashes": 15,
        "injury": 6,
        "fatal": 0,
        "pedestrian": 0,
        "density": 1.4
      },
      "geometry": {
        "type": "Point",
        "coordinates": [
          -82.413,
          34.873
        ]
      }
    },
    {
      "type": "Feature",
      "properties": {
        "crashes": 15,
        "injury": 3,
        "fatal": 0,
        "pedestrian": 0,
        "density": 1.4
      },
      "geometry": {
        "type": "Point",
        "coordinates": [
          -82.395,
          34.875
        ]
      }
    },
    {
      "type": "Feature",
      "properties": {
        "crashes": 15,
        "injury": 1,
        "fatal": 0,
        "pedestrian": 0,
        "density": 1.4
      },
      "geometry": {
        "type": "Point",
        "coordinates": [
          -82.299,
          34.875
        ]
      }
    },
    {
      "type": "Feature",
      "properties": {
        "crashes": 15,
        "injury": 5,
        "fatal": 0,
        "pedestrian": 0,
        "density": 1.4
      },
      "geometry": {
        "type": "Point",
        "coordinates": [
          -82.449,
          34.881
        ]
      }
    },
    {
      "type": "Feature",
      "properties": {
        "crashes": 15,
        "injury": 1,
        "fatal": 0,
        "pedestrian": 0,
        "density": 1.4
      },
      "geometry": {
        "type": "Point",
        "coordinates": [
          -82.359,
          34.883
        ]
      }
    },
    {
      "type": "Feature",
      "properties": {
        "crashes": 15,
        "injury": 7,
        "fatal": 0,
        "pedestrian": 0,
        "density": 1.4
      },
      "geometry": {
        "type": "Point",
        "coordinates": [
          -82.391,
          34.883
        ]
      }
    },
    {
      "type": "Feature",
      "properties": {
        "crashes": 15,
        "injury": 1,
        "fatal": 0,
        "pedestrian": 0,
        "density": 1.4
      },
      "geometry": {
        "type": "Point",
        "coordinates": [
          -82.291,
          34.891
        ]
      }
    },
    {
      "type": "Feature",
      "properties": {
        "crashes": 15,
        "injury": 4,
        "fatal": 0,
        "pedestrian": 0,
        "density": 1.4
      },
      "geometry": {
        "type": "Point",
        "coordinates": [
          -82.423,
          34.893
        ]
      }
    },
    {
      "type": "Feature",
      "properties": {
        "crashes": 15,
        "injury": 4,
        "fatal": 0,
        "pedestrian": 0,
        "density": 1.4
      },
      "geometry": {
        "type": "Point",
        "coordinates": [
          -82.431,
          34.893
        ]
      }
    },
    {
      "type": "Feature",
      "properties": {
        "crashes": 15,
        "injury": 1,
        "fatal": 0,
        "pedestrian": 0,
        "density": 1.4
      },
      "geometry": {
        "type": "Point",
        "coordinates": [
          -82.297,
          34.893
        ]
      }
    },
    {
      "type": "Feature",
      "properties": {
        "crashes": 15,
        "injury": 6,
        "fatal": 0,
        "pedestrian": 0,
        "density": 1.4
      },
      "geometry": {
        "type": "Point",
        "coordinates": [
          -82.429,
          34.893
        ]
      }
    },
    {
      "type": "Feature",
      "properties": {
        "crashes": 15,
        "injury": 3,
        "fatal": 0,
        "pedestrian": 0,
        "density": 1.4
      },
      "geometry": {
        "type": "Point",
        "coordinates": [
          -82.439,
          34.893
        ]
      }
    },
    {
      "type": "Feature",
      "properties": {
        "crashes": 15,
        "injury": 4,
        "fatal": 0,
        "pedestrian": 0,
        "density": 1.4
      },
      "geometry": {
        "type": "Point",
        "coordinates": [
          -82.353,
          34.895
        ]
      }
    },
    {
      "type": "Feature",
      "properties": {
        "crashes": 15,
        "injury": 2,
        "fatal": 0,
        "pedestrian": 1,
        "density": 1.4
      },
      "geometry": {
        "type": "Point",
        "coordinates": [
          -82.357,
          34.899
        ]
      }
    },
    {
      "type": "Feature",
      "properties": {
        "crashes": 15,
        "injury": 4,
        "fatal": 0,
        "pedestrian": 0,
        "density": 1.4
      },
      "geometry": {
        "type": "Point",
        "coordinates": [
          -82.315,
          34.899
        ]
      }
    },
    {
      "type": "Feature",
      "properties": {
        "crashes": 14,
        "injury": 4,
        "fatal": 0,
        "pedestrian": 1,
        "density": 1.3
      },
      "geometry": {
        "type": "Point",
        "coordinates": [
          -82.393,
          34.781
        ]
      }
    },
    {
      "type": "Feature",
      "properties": {
        "crashes": 14,
        "injury": 4,
        "fatal": 1,
        "pedestrian": 0,
        "density": 1.3
      },
      "geometry": {
        "type": "Point",
        "coordinates": [
          -82.313,
          34.791
        ]
      }
    },
    {
      "type": "Feature",
      "properties": {
        "crashes": 14,
        "injury": 3,
        "fatal": 0,
        "pedestrian": 0,
        "density": 1.3
      },
      "geometry": {
        "type": "Point",
        "coordinates": [
          -82.291,
          34.793
        ]
      }
    },
    {
      "type": "Feature",
      "properties": {
        "crashes": 14,
        "injury": 3,
        "fatal": 0,
        "pedestrian": 0,
        "density": 1.3
      },
      "geometry": {
        "type": "Point",
        "coordinates": [
          -82.395,
          34.795
        ]
      }
    },
    {
      "type": "Feature",
      "properties": {
        "crashes": 14,
        "injury": 6,
        "fatal": 1,
        "pedestrian": 0,
        "density": 1.3
      },
      "geometry": {
        "type": "Point",
        "coordinates": [
          -82.383,
          34.799
        ]
      }
    },
    {
      "type": "Feature",
      "properties": {
        "crashes": 14,
        "injury": 4,
        "fatal": 0,
        "pedestrian": 0,
        "density": 1.3
      },
      "geometry": {
        "type": "Point",
        "coordinates": [
          -82.445,
          34.803
        ]
      }
    },
    {
      "type": "Feature",
      "properties": {
        "crashes": 14,
        "injury": 2,
        "fatal": 0,
        "pedestrian": 0,
        "density": 1.3
      },
      "geometry": {
        "type": "Point",
        "coordinates": [
          -82.391,
          34.805
        ]
      }
    },
    {
      "type": "Feature",
      "properties": {
        "crashes": 14,
        "injury": 5,
        "fatal": 0,
        "pedestrian": 0,
        "density": 1.3
      },
      "geometry": {
        "type": "Point",
        "coordinates": [
          -82.349,
          34.807
        ]
      }
    },
    {
      "type": "Feature",
      "properties": {
        "crashes": 14,
        "injury": 1,
        "fatal": 0,
        "pedestrian": 0,
        "density": 1.3
      },
      "geometry": {
        "type": "Point",
        "coordinates": [
          -82.439,
          34.813
        ]
      }
    },
    {
      "type": "Feature",
      "properties": {
        "crashes": 14,
        "injury": 5,
        "fatal": 0,
        "pedestrian": 0,
        "density": 1.3
      },
      "geometry": {
        "type": "Point",
        "coordinates": [
          -82.367,
          34.813
        ]
      }
    },
    {
      "type": "Feature",
      "properties": {
        "crashes": 14,
        "injury": 7,
        "fatal": 0,
        "pedestrian": 0,
        "density": 1.3
      },
      "geometry": {
        "type": "Point",
        "coordinates": [
          -82.423,
          34.823
        ]
      }
    },
    {
      "type": "Feature",
      "properties": {
        "crashes": 14,
        "injury": 5,
        "fatal": 0,
        "pedestrian": 1,
        "density": 1.3
      },
      "geometry": {
        "type": "Point",
        "coordinates": [
          -82.431,
          34.827
        ]
      }
    },
    {
      "type": "Feature",
      "properties": {
        "crashes": 14,
        "injury": 6,
        "fatal": 0,
        "pedestrian": 0,
        "density": 1.3
      },
      "geometry": {
        "type": "Point",
        "coordinates": [
          -82.435,
          34.827
        ]
      }
    },
    {
      "type": "Feature",
      "properties": {
        "crashes": 14,
        "injury": 3,
        "fatal": 0,
        "pedestrian": 0,
        "density": 1.3
      },
      "geometry": {
        "type": "Point",
        "coordinates": [
          -82.307,
          34.833
        ]
      }
    },
    {
      "type": "Feature",
      "properties": {
        "crashes": 14,
        "injury": 0,
        "fatal": 0,
        "pedestrian": 0,
        "density": 1.3
      },
      "geometry": {
        "type": "Point",
        "coordinates": [
          -82.383,
          34.833
        ]
      }
    },
    {
      "type": "Feature",
      "properties": {
        "crashes": 14,
        "injury": 4,
        "fatal": 0,
        "pedestrian": 0,
        "density": 1.3
      },
      "geometry": {
        "type": "Point",
        "coordinates": [
          -82.421,
          34.835
        ]
      }
    },
    {
      "type": "Feature",
      "properties": {
        "crashes": 14,
        "injury": 3,
        "fatal": 0,
        "pedestrian": 1,
        "density": 1.3
      },
      "geometry": {
        "type": "Point",
        "coordinates": [
          -82.415,
          34.835
        ]
      }
    },
    {
      "type": "Feature",
      "properties": {
        "crashes": 14,
        "injury": 1,
        "fatal": 0,
        "pedestrian": 0,
        "density": 1.3
      },
      "geometry": {
        "type": "Point",
        "coordinates": [
          -82.405,
          34.839
        ]
      }
    },
    {
      "type": "Feature",
      "properties": {
        "crashes": 14,
        "injury": 5,
        "fatal": 0,
        "pedestrian": 0,
        "density": 1.3
      },
      "geometry": {
        "type": "Point",
        "coordinates": [
          -82.367,
          34.839
        ]
      }
    },
    {
      "type": "Feature",
      "properties": {
        "crashes": 14,
        "injury": 1,
        "fatal": 0,
        "pedestrian": 0,
        "density": 1.3
      },
      "geometry": {
        "type": "Point",
        "coordinates": [
          -82.401,
          34.841
        ]
      }
    },
    {
      "type": "Feature",
      "properties": {
        "crashes": 14,
        "injury": 3,
        "fatal": 0,
        "pedestrian": 0,
        "density": 1.3
      },
      "geometry": {
        "type": "Point",
        "coordinates": [
          -82.381,
          34.841
        ]
      }
    },
    {
      "type": "Feature",
      "properties": {
        "crashes": 14,
        "injury": 5,
        "fatal": 0,
        "pedestrian": 1,
        "density": 1.3
      },
      "geometry": {
        "type": "Point",
        "coordinates": [
          -82.411,
          34.843
        ]
      }
    },
    {
      "type": "Feature",
      "properties": {
        "crashes": 14,
        "injury": 4,
        "fatal": 0,
        "pedestrian": 0,
        "density": 1.3
      },
      "geometry": {
        "type": "Point",
        "coordinates": [
          -82.435,
          34.847
        ]
      }
    },
    {
      "type": "Feature",
      "properties": {
        "crashes": 14,
        "injury": 0,
        "fatal": 0,
        "pedestrian": 0,
        "density": 1.3
      },
      "geometry": {
        "type": "Point",
        "coordinates": [
          -82.387,
          34.851
        ]
      }
    },
    {
      "type": "Feature",
      "properties": {
        "crashes": 14,
        "injury": 2,
        "fatal": 1,
        "pedestrian": 1,
        "density": 1.3
      },
      "geometry": {
        "type": "Point",
        "coordinates": [
          -82.421,
          34.853
        ]
      }
    },
    {
      "type": "Feature",
      "properties": {
        "crashes": 14,
        "injury": 2,
        "fatal": 0,
        "pedestrian": 0,
        "density": 1.3
      },
      "geometry": {
        "type": "Point",
        "coordinates": [
          -82.393,
          34.857
        ]
      }
    },
    {
      "type": "Feature",
      "properties": {
        "crashes": 14,
        "injury": 2,
        "fatal": 0,
        "pedestrian": 0,
        "density": 1.3
      },
      "geometry": {
        "type": "Point",
        "coordinates": [
          -82.401,
          34.859
        ]
      }
    },
    {
      "type": "Feature",
      "properties": {
        "crashes": 14,
        "injury": 3,
        "fatal": 0,
        "pedestrian": 0,
        "density": 1.3
      },
      "geometry": {
        "type": "Point",
        "coordinates": [
          -82.333,
          34.859
        ]
      }
    },
    {
      "type": "Feature",
      "properties": {
        "crashes": 14,
        "injury": 3,
        "fatal": 0,
        "pedestrian": 0,
        "density": 1.3
      },
      "geometry": {
        "type": "Point",
        "coordinates": [
          -82.373,
          34.861
        ]
      }
    },
    {
      "type": "Feature",
      "properties": {
        "crashes": 14,
        "injury": 1,
        "fatal": 0,
        "pedestrian": 0,
        "density": 1.3
      },
      "geometry": {
        "type": "Point",
        "coordinates": [
          -82.449,
          34.865
        ]
      }
    },
    {
      "type": "Feature",
      "properties": {
        "crashes": 14,
        "injury": 3,
        "fatal": 0,
        "pedestrian": 0,
        "density": 1.3
      },
      "geometry": {
        "type": "Point",
        "coordinates": [
          -82.425,
          34.869
        ]
      }
    },
    {
      "type": "Feature",
      "properties": {
        "crashes": 14,
        "injury": 2,
        "fatal": 0,
        "pedestrian": 0,
        "density": 1.3
      },
      "geometry": {
        "type": "Point",
        "coordinates": [
          -82.383,
          34.869
        ]
      }
    },
    {
      "type": "Feature",
      "properties": {
        "crashes": 14,
        "injury": 3,
        "fatal": 0,
        "pedestrian": 0,
        "density": 1.3
      },
      "geometry": {
        "type": "Point",
        "coordinates": [
          -82.413,
          34.869
        ]
      }
    },
    {
      "type": "Feature",
      "properties": {
        "crashes": 14,
        "injury": 1,
        "fatal": 0,
        "pedestrian": 0,
        "density": 1.3
      },
      "geometry": {
        "type": "Point",
        "coordinates": [
          -82.441,
          34.875
        ]
      }
    },
    {
      "type": "Feature",
      "properties": {
        "crashes": 14,
        "injury": 4,
        "fatal": 0,
        "pedestrian": 0,
        "density": 1.3
      },
      "geometry": {
        "type": "Point",
        "coordinates": [
          -82.283,
          34.875
        ]
      }
    },
    {
      "type": "Feature",
      "properties": {
        "crashes": 14,
        "injury": 3,
        "fatal": 0,
        "pedestrian": 0,
        "density": 1.3
      },
      "geometry": {
        "type": "Point",
        "coordinates": [
          -82.419,
          34.881
        ]
      }
    },
    {
      "type": "Feature",
      "properties": {
        "crashes": 14,
        "injury": 1,
        "fatal": 0,
        "pedestrian": 0,
        "density": 1.3
      },
      "geometry": {
        "type": "Point",
        "coordinates": [
          -82.397,
          34.889
        ]
      }
    },
    {
      "type": "Feature",
      "properties": {
        "crashes": 13,
        "injury": 3,
        "fatal": 0,
        "pedestrian": 0,
        "density": 1.2
      },
      "geometry": {
        "type": "Point",
        "coordinates": [
          -82.299,
          34.783
        ]
      }
    },
    {
      "type": "Feature",
      "properties": {
        "crashes": 13,
        "injury": 5,
        "fatal": 0,
        "pedestrian": 0,
        "density": 1.2
      },
      "geometry": {
        "type": "Point",
        "coordinates": [
          -82.415,
          34.793
        ]
      }
    },
    {
      "type": "Feature",
      "properties": {
        "crashes": 13,
        "injury": 2,
        "fatal": 0,
        "pedestrian": 0,
        "density": 1.2
      },
      "geometry": {
        "type": "Point",
        "coordinates": [
          -82.439,
          34.793
        ]
      }
    },
    {
      "type": "Feature",
      "properties": {
        "crashes": 13,
        "injury": 0,
        "fatal": 0,
        "pedestrian": 0,
        "density": 1.2
      },
      "geometry": {
        "type": "Point",
        "coordinates": [
          -82.423,
          34.801
        ]
      }
    },
    {
      "type": "Feature",
      "properties": {
        "crashes": 13,
        "injury": 5,
        "fatal": 0,
        "pedestrian": 0,
        "density": 1.2
      },
      "geometry": {
        "type": "Point",
        "coordinates": [
          -82.295,
          34.801
        ]
      }
    },
    {
      "type": "Feature",
      "properties": {
        "crashes": 13,
        "injury": 2,
        "fatal": 0,
        "pedestrian": 0,
        "density": 1.2
      },
      "geometry": {
        "type": "Point",
        "coordinates": [
          -82.385,
          34.803
        ]
      }
    },
    {
      "type": "Feature",
      "properties": {
        "crashes": 13,
        "injury": 7,
        "fatal": 0,
        "pedestrian": 0,
        "density": 1.2
      },
      "geometry": {
        "type": "Point",
        "coordinates": [
          -82.421,
          34.807
        ]
      }
    },
    {
      "type": "Feature",
      "properties": {
        "crashes": 13,
        "injury": 4,
        "fatal": 0,
        "pedestrian": 0,
        "density": 1.2
      },
      "geometry": {
        "type": "Point",
        "coordinates": [
          -82.361,
          34.809
        ]
      }
    },
    {
      "type": "Feature",
      "properties": {
        "crashes": 13,
        "injury": 2,
        "fatal": 0,
        "pedestrian": 0,
        "density": 1.2
      },
      "geometry": {
        "type": "Point",
        "coordinates": [
          -82.423,
          34.817
        ]
      }
    },
    {
      "type": "Feature",
      "properties": {
        "crashes": 13,
        "injury": 4,
        "fatal": 0,
        "pedestrian": 0,
        "density": 1.2
      },
      "geometry": {
        "type": "Point",
        "coordinates": [
          -82.395,
          34.821
        ]
      }
    },
    {
      "type": "Feature",
      "properties": {
        "crashes": 13,
        "injury": 2,
        "fatal": 0,
        "pedestrian": 0,
        "density": 1.2
      },
      "geometry": {
        "type": "Point",
        "coordinates": [
          -82.375,
          34.823
        ]
      }
    },
    {
      "type": "Feature",
      "properties": {
        "crashes": 13,
        "injury": 2,
        "fatal": 0,
        "pedestrian": 0,
        "density": 1.2
      },
      "geometry": {
        "type": "Point",
        "coordinates": [
          -82.431,
          34.831
        ]
      }
    },
    {
      "type": "Feature",
      "properties": {
        "crashes": 13,
        "injury": 2,
        "fatal": 0,
        "pedestrian": 0,
        "density": 1.2
      },
      "geometry": {
        "type": "Point",
        "coordinates": [
          -82.377,
          34.831
        ]
      }
    },
    {
      "type": "Feature",
      "properties": {
        "crashes": 13,
        "injury": 6,
        "fatal": 0,
        "pedestrian": 0,
        "density": 1.2
      },
      "geometry": {
        "type": "Point",
        "coordinates": [
          -82.377,
          34.833
        ]
      }
    },
    {
      "type": "Feature",
      "properties": {
        "crashes": 13,
        "injury": 1,
        "fatal": 0,
        "pedestrian": 0,
        "density": 1.2
      },
      "geometry": {
        "type": "Point",
        "coordinates": [
          -82.369,
          34.835
        ]
      }
    },
    {
      "type": "Feature",
      "properties": {
        "crashes": 13,
        "injury": 6,
        "fatal": 0,
        "pedestrian": 0,
        "density": 1.2
      },
      "geometry": {
        "type": "Point",
        "coordinates": [
          -82.341,
          34.835
        ]
      }
    },
    {
      "type": "Feature",
      "properties": {
        "crashes": 13,
        "injury": 2,
        "fatal": 0,
        "pedestrian": 0,
        "density": 1.2
      },
      "geometry": {
        "type": "Point",
        "coordinates": [
          -82.417,
          34.835
        ]
      }
    },
    {
      "type": "Feature",
      "properties": {
        "crashes": 13,
        "injury": 4,
        "fatal": 0,
        "pedestrian": 0,
        "density": 1.2
      },
      "geometry": {
        "type": "Point",
        "coordinates": [
          -82.443,
          34.835
        ]
      }
    },
    {
      "type": "Feature",
      "properties": {
        "crashes": 13,
        "injury": 6,
        "fatal": 0,
        "pedestrian": 0,
        "density": 1.2
      },
      "geometry": {
        "type": "Point",
        "coordinates": [
          -82.379,
          34.835
        ]
      }
    },
    {
      "type": "Feature",
      "properties": {
        "crashes": 13,
        "injury": 1,
        "fatal": 0,
        "pedestrian": 0,
        "density": 1.2
      },
      "geometry": {
        "type": "Point",
        "coordinates": [
          -82.285,
          34.835
        ]
      }
    },
    {
      "type": "Feature",
      "properties": {
        "crashes": 13,
        "injury": 1,
        "fatal": 0,
        "pedestrian": 0,
        "density": 1.2
      },
      "geometry": {
        "type": "Point",
        "coordinates": [
          -82.293,
          34.837
        ]
      }
    },
    {
      "type": "Feature",
      "properties": {
        "crashes": 13,
        "injury": 1,
        "fatal": 0,
        "pedestrian": 0,
        "density": 1.2
      },
      "geometry": {
        "type": "Point",
        "coordinates": [
          -82.369,
          34.837
        ]
      }
    },
    {
      "type": "Feature",
      "properties": {
        "crashes": 13,
        "injury": 2,
        "fatal": 0,
        "pedestrian": 1,
        "density": 1.2
      },
      "geometry": {
        "type": "Point",
        "coordinates": [
          -82.339,
          34.839
        ]
      }
    },
    {
      "type": "Feature",
      "properties": {
        "crashes": 13,
        "injury": 1,
        "fatal": 0,
        "pedestrian": 0,
        "density": 1.2
      },
      "geometry": {
        "type": "Point",
        "coordinates": [
          -82.291,
          34.839
        ]
      }
    },
    {
      "type": "Feature",
      "properties": {
        "crashes": 13,
        "injury": 3,
        "fatal": 0,
        "pedestrian": 0,
        "density": 1.2
      },
      "geometry": {
        "type": "Point",
        "coordinates": [
          -82.429,
          34.841
        ]
      }
    },
    {
      "type": "Feature",
      "properties": {
        "crashes": 13,
        "injury": 3,
        "fatal": 0,
        "pedestrian": 0,
        "density": 1.2
      },
      "geometry": {
        "type": "Point",
        "coordinates": [
          -82.427,
          34.845
        ]
      }
    },
    {
      "type": "Feature",
      "properties": {
        "crashes": 13,
        "injury": 2,
        "fatal": 0,
        "pedestrian": 0,
        "density": 1.2
      },
      "geometry": {
        "type": "Point",
        "coordinates": [
          -82.371,
          34.847
        ]
      }
    },
    {
      "type": "Feature",
      "properties": {
        "crashes": 13,
        "injury": 2,
        "fatal": 0,
        "pedestrian": 1,
        "density": 1.2
      },
      "geometry": {
        "type": "Point",
        "coordinates": [
          -82.417,
          34.849
        ]
      }
    },
    {
      "type": "Feature",
      "properties": {
        "crashes": 13,
        "injury": 3,
        "fatal": 0,
        "pedestrian": 0,
        "density": 1.2
      },
      "geometry": {
        "type": "Point",
        "coordinates": [
          -82.409,
          34.851
        ]
      }
    },
    {
      "type": "Feature",
      "properties": {
        "crashes": 13,
        "injury": 3,
        "fatal": 0,
        "pedestrian": 1,
        "density": 1.2
      },
      "geometry": {
        "type": "Point",
        "coordinates": [
          -82.371,
          34.853
        ]
      }
    },
    {
      "type": "Feature",
      "properties": {
        "crashes": 13,
        "injury": 4,
        "fatal": 0,
        "pedestrian": 0,
        "density": 1.2
      },
      "geometry": {
        "type": "Point",
        "coordinates": [
          -82.339,
          34.853
        ]
      }
    },
    {
      "type": "Feature",
      "properties": {
        "crashes": 13,
        "injury": 5,
        "fatal": 0,
        "pedestrian": 0,
        "density": 1.2
      },
      "geometry": {
        "type": "Point",
        "coordinates": [
          -82.317,
          34.855
        ]
      }
    },
    {
      "type": "Feature",
      "properties": {
        "crashes": 13,
        "injury": 3,
        "fatal": 0,
        "pedestrian": 0,
        "density": 1.2
      },
      "geometry": {
        "type": "Point",
        "coordinates": [
          -82.341,
          34.855
        ]
      }
    },
    {
      "type": "Feature",
      "properties": {
        "crashes": 13,
        "injury": 4,
        "fatal": 0,
        "pedestrian": 0,
        "density": 1.2
      },
      "geometry": {
        "type": "Point",
        "coordinates": [
          -82.413,
          34.859
        ]
      }
    },
    {
      "type": "Feature",
      "properties": {
        "crashes": 13,
        "injury": 7,
        "fatal": 0,
        "pedestrian": 0,
        "density": 1.2
      },
      "geometry": {
        "type": "Point",
        "coordinates": [
          -82.409,
          34.859
        ]
      }
    },
    {
      "type": "Feature",
      "properties": {
        "crashes": 13,
        "injury": 3,
        "fatal": 0,
        "pedestrian": 0,
        "density": 1.2
      },
      "geometry": {
        "type": "Point",
        "coordinates": [
          -82.341,
          34.861
        ]
      }
    },
    {
      "type": "Feature",
      "properties": {
        "crashes": 13,
        "injury": 4,
        "fatal": 0,
        "pedestrian": 1,
        "density": 1.2
      },
      "geometry": {
        "type": "Point",
        "coordinates": [
          -82.431,
          34.863
        ]
      }
    },
    {
      "type": "Feature",
      "properties": {
        "crashes": 13,
        "injury": 6,
        "fatal": 0,
        "pedestrian": 0,
        "density": 1.2
      },
      "geometry": {
        "type": "Point",
        "coordinates": [
          -82.365,
          34.865
        ]
      }
    },
    {
      "type": "Feature",
      "properties": {
        "crashes": 13,
        "injury": 4,
        "fatal": 0,
        "pedestrian": 0,
        "density": 1.2
      },
      "geometry": {
        "type": "Point",
        "coordinates": [
          -82.441,
          34.869
        ]
      }
    },
    {
      "type": "Feature",
      "properties": {
        "crashes": 13,
        "injury": 4,
        "fatal": 0,
        "pedestrian": 0,
        "density": 1.2
      },
      "geometry": {
        "type": "Point",
        "coordinates": [
          -82.409,
          34.869
        ]
      }
    },
    {
      "type": "Feature",
      "properties": {
        "crashes": 13,
        "injury": 4,
        "fatal": 0,
        "pedestrian": 0,
        "density": 1.2
      },
      "geometry": {
        "type": "Point",
        "coordinates": [
          -82.377,
          34.869
        ]
      }
    },
    {
      "type": "Feature",
      "properties": {
        "crashes": 13,
        "injury": 5,
        "fatal": 0,
        "pedestrian": 0,
        "density": 1.2
      },
      "geometry": {
        "type": "Point",
        "coordinates": [
          -82.347,
          34.871
        ]
      }
    },
    {
      "type": "Feature",
      "properties": {
        "crashes": 13,
        "injury": 0,
        "fatal": 0,
        "pedestrian": 0,
        "density": 1.2
      },
      "geometry": {
        "type": "Point",
        "coordinates": [
          -82.433,
          34.873
        ]
      }
    },
    {
      "type": "Feature",
      "properties": {
        "crashes": 13,
        "injury": 4,
        "fatal": 0,
        "pedestrian": 1,
        "density": 1.2
      },
      "geometry": {
        "type": "Point",
        "coordinates": [
          -82.399,
          34.873
        ]
      }
    },
    {
      "type": "Feature",
      "properties": {
        "crashes": 13,
        "injury": 3,
        "fatal": 0,
        "pedestrian": 0,
        "density": 1.2
      },
      "geometry": {
        "type": "Point",
        "coordinates": [
          -82.443,
          34.877
        ]
      }
    },
    {
      "type": "Feature",
      "properties": {
        "crashes": 13,
        "injury": 2,
        "fatal": 0,
        "pedestrian": 0,
        "density": 1.2
      },
      "geometry": {
        "type": "Point",
        "coordinates": [
          -82.313,
          34.883
        ]
      }
    },
    {
      "type": "Feature",
      "properties": {
        "crashes": 13,
        "injury": 4,
        "fatal": 0,
        "pedestrian": 0,
        "density": 1.2
      },
      "geometry": {
        "type": "Point",
        "coordinates": [
          -82.425,
          34.885
        ]
      }
    },
    {
      "type": "Feature",
      "properties": {
        "crashes": 13,
        "injury": 2,
        "fatal": 1,
        "pedestrian": 1,
        "density": 1.2
      },
      "geometry": {
        "type": "Point",
        "coordinates": [
          -82.381,
          34.889
        ]
      }
    },
    {
      "type": "Feature",
      "properties": {
        "crashes": 13,
        "injury": 2,
        "fatal": 0,
        "pedestrian": 1,
        "density": 1.2
      },
      "geometry": {
        "type": "Point",
        "coordinates": [
          -82.329,
          34.891
        ]
      }
    },
    {
      "type": "Feature",
      "properties": {
        "crashes": 13,
        "injury": 3,
        "fatal": 0,
        "pedestrian": 0,
        "density": 1.2
      },
      "geometry": {
        "type": "Point",
        "coordinates": [
          -82.309,
          34.895
        ]
      }
    },
    {
      "type": "Feature",
      "properties": {
        "crashes": 12,
        "injury": 6,
        "fatal": 0,
        "pedestrian": 0,
        "density": 1.1
      },
      "geometry": {
        "type": "Point",
        "coordinates": [
          -82.335,
          34.807
        ]
      }
    },
    {
      "type": "Feature",
      "properties": {
        "crashes": 12,
        "injury": 4,
        "fatal": 0,
        "pedestrian": 0,
        "density": 1.1
      },
      "geometry": {
        "type": "Point",
        "coordinates": [
          -82.373,
          34.783
        ]
      }
    },
    {
      "type": "Feature",
      "properties": {
        "crashes": 12,
        "injury": 7,
        "fatal": 0,
        "pedestrian": 0,
        "density": 1.1
      },
      "geometry": {
        "type": "Point",
        "coordinates": [
          -82.403,
          34.783
        ]
      }
    },
    {
      "type": "Feature",
      "properties": {
        "crashes": 12,
        "injury": 3,
        "fatal": 0,
        "pedestrian": 0,
        "density": 1.1
      },
      "geometry": {
        "type": "Point",
        "coordinates": [
          -82.427,
          34.785
        ]
      }
    },
    {
      "type": "Feature",
      "properties": {
        "crashes": 12,
        "injury": 1,
        "fatal": 0,
        "pedestrian": 0,
        "density": 1.1
      },
      "geometry": {
        "type": "Point",
        "coordinates": [
          -82.409,
          34.793
        ]
      }
    },
    {
      "type": "Feature",
      "properties": {
        "crashes": 12,
        "injury": 7,
        "fatal": 0,
        "pedestrian": 0,
        "density": 1.1
      },
      "geometry": {
        "type": "Point",
        "coordinates": [
          -82.389,
          34.801
        ]
      }
    },
    {
      "type": "Feature",
      "properties": {
        "crashes": 12,
        "injury": 3,
        "fatal": 1,
        "pedestrian": 2,
        "density": 1.1
      },
      "geometry": {
        "type": "Point",
        "coordinates": [
          -82.377,
          34.803
        ]
      }
    },
    {
      "type": "Feature",
      "properties": {
        "crashes": 12,
        "injury": 3,
        "fatal": 0,
        "pedestrian": 0,
        "density": 1.1
      },
      "geometry": {
        "type": "Point",
        "coordinates": [
          -82.281,
          34.803
        ]
      }
    },
    {
      "type": "Feature",
      "properties": {
        "crashes": 12,
        "injury": 6,
        "fatal": 0,
        "pedestrian": 0,
        "density": 1.1
      },
      "geometry": {
        "type": "Point",
        "coordinates": [
          -82.427,
          34.805
        ]
      }
    },
    {
      "type": "Feature",
      "properties": {
        "crashes": 12,
        "injury": 3,
        "fatal": 0,
        "pedestrian": 0,
        "density": 1.1
      },
      "geometry": {
        "type": "Point",
        "coordinates": [
          -82.387,
          34.805
        ]
      }
    },
    {
      "type": "Feature",
      "properties": {
        "crashes": 12,
        "injury": 1,
        "fatal": 0,
        "pedestrian": 0,
        "density": 1.1
      },
      "geometry": {
        "type": "Point",
        "coordinates": [
          -82.285,
          34.807
        ]
      }
    },
    {
      "type": "Feature",
      "properties": {
        "crashes": 12,
        "injury": 4,
        "fatal": 0,
        "pedestrian": 0,
        "density": 1.1
      },
      "geometry": {
        "type": "Point",
        "coordinates": [
          -82.371,
          34.807
        ]
      }
    },
    {
      "type": "Feature",
      "properties": {
        "crashes": 12,
        "injury": 4,
        "fatal": 0,
        "pedestrian": 0,
        "density": 1.1
      },
      "geometry": {
        "type": "Point",
        "coordinates": [
          -82.429,
          34.811
        ]
      }
    },
    {
      "type": "Feature",
      "properties": {
        "crashes": 12,
        "injury": 1,
        "fatal": 0,
        "pedestrian": 0,
        "density": 1.1
      },
      "geometry": {
        "type": "Point",
        "coordinates": [
          -82.447,
          34.819
        ]
      }
    },
    {
      "type": "Feature",
      "properties": {
        "crashes": 12,
        "injury": 1,
        "fatal": 0,
        "pedestrian": 0,
        "density": 1.1
      },
      "geometry": {
        "type": "Point",
        "coordinates": [
          -82.335,
          34.821
        ]
      }
    },
    {
      "type": "Feature",
      "properties": {
        "crashes": 12,
        "injury": 6,
        "fatal": 1,
        "pedestrian": 0,
        "density": 1.1
      },
      "geometry": {
        "type": "Point",
        "coordinates": [
          -82.407,
          34.825
        ]
      }
    },
    {
      "type": "Feature",
      "properties": {
        "crashes": 12,
        "injury": 1,
        "fatal": 0,
        "pedestrian": 0,
        "density": 1.1
      },
      "geometry": {
        "type": "Point",
        "coordinates": [
          -82.419,
          34.831
        ]
      }
    },
    {
      "type": "Feature",
      "properties": {
        "crashes": 12,
        "injury": 3,
        "fatal": 0,
        "pedestrian": 0,
        "density": 1.1
      },
      "geometry": {
        "type": "Point",
        "coordinates": [
          -82.403,
          34.835
        ]
      }
    },
    {
      "type": "Feature",
      "properties": {
        "crashes": 12,
        "injury": 3,
        "fatal": 0,
        "pedestrian": 0,
        "density": 1.1
      },
      "geometry": {
        "type": "Point",
        "coordinates": [
          -82.413,
          34.835
        ]
      }
    },
    {
      "type": "Feature",
      "properties": {
        "crashes": 12,
        "injury": 4,
        "fatal": 0,
        "pedestrian": 0,
        "density": 1.1
      },
      "geometry": {
        "type": "Point",
        "coordinates": [
          -82.321,
          34.837
        ]
      }
    },
    {
      "type": "Feature",
      "properties": {
        "crashes": 12,
        "injury": 3,
        "fatal": 0,
        "pedestrian": 0,
        "density": 1.1
      },
      "geometry": {
        "type": "Point",
        "coordinates": [
          -82.339,
          34.841
        ]
      }
    },
    {
      "type": "Feature",
      "properties": {
        "crashes": 12,
        "injury": 1,
        "fatal": 0,
        "pedestrian": 0,
        "density": 1.1
      },
      "geometry": {
        "type": "Point",
        "coordinates": [
          -82.321,
          34.843
        ]
      }
    },
    {
      "type": "Feature",
      "properties": {
        "crashes": 12,
        "injury": 0,
        "fatal": 0,
        "pedestrian": 0,
        "density": 1.1
      },
      "geometry": {
        "type": "Point",
        "coordinates": [
          -82.311,
          34.843
        ]
      }
    },
    {
      "type": "Feature",
      "properties": {
        "crashes": 12,
        "injury": 3,
        "fatal": 0,
        "pedestrian": 0,
        "density": 1.1
      },
      "geometry": {
        "type": "Point",
        "coordinates": [
          -82.295,
          34.843
        ]
      }
    },
    {
      "type": "Feature",
      "properties": {
        "crashes": 12,
        "injury": 1,
        "fatal": 0,
        "pedestrian": 0,
        "density": 1.1
      },
      "geometry": {
        "type": "Point",
        "coordinates": [
          -82.327,
          34.845
        ]
      }
    },
    {
      "type": "Feature",
      "properties": {
        "crashes": 12,
        "injury": 4,
        "fatal": 0,
        "pedestrian": 0,
        "density": 1.1
      },
      "geometry": {
        "type": "Point",
        "coordinates": [
          -82.441,
          34.847
        ]
      }
    },
    {
      "type": "Feature",
      "properties": {
        "crashes": 12,
        "injury": 4,
        "fatal": 0,
        "pedestrian": 0,
        "density": 1.1
      },
      "geometry": {
        "type": "Point",
        "coordinates": [
          -82.433,
          34.849
        ]
      }
    },
    {
      "type": "Feature",
      "properties": {
        "crashes": 12,
        "injury": 4,
        "fatal": 0,
        "pedestrian": 0,
        "density": 1.1
      },
      "geometry": {
        "type": "Point",
        "coordinates": [
          -82.419,
          34.849
        ]
      }
    },
    {
      "type": "Feature",
      "properties": {
        "crashes": 12,
        "injury": 3,
        "fatal": 0,
        "pedestrian": 0,
        "density": 1.1
      },
      "geometry": {
        "type": "Point",
        "coordinates": [
          -82.321,
          34.851
        ]
      }
    },
    {
      "type": "Feature",
      "properties": {
        "crashes": 12,
        "injury": 2,
        "fatal": 0,
        "pedestrian": 0,
        "density": 1.1
      },
      "geometry": {
        "type": "Point",
        "coordinates": [
          -82.319,
          34.855
        ]
      }
    },
    {
      "type": "Feature",
      "properties": {
        "crashes": 12,
        "injury": 5,
        "fatal": 0,
        "pedestrian": 1,
        "density": 1.1
      },
      "geometry": {
        "type": "Point",
        "coordinates": [
          -82.353,
          34.857
        ]
      }
    },
    {
      "type": "Feature",
      "properties": {
        "crashes": 12,
        "injury": 4,
        "fatal": 0,
        "pedestrian": 0,
        "density": 1.1
      },
      "geometry": {
        "type": "Point",
        "coordinates": [
          -82.427,
          34.857
        ]
      }
    },
    {
      "type": "Feature",
      "properties": {
        "crashes": 12,
        "injury": 4,
        "fatal": 0,
        "pedestrian": 0,
        "density": 1.1
      },
      "geometry": {
        "type": "Point",
        "coordinates": [
          -82.359,
          34.857
        ]
      }
    },
    {
      "type": "Feature",
      "properties": {
        "crashes": 12,
        "injury": 3,
        "fatal": 0,
        "pedestrian": 0,
        "density": 1.1
      },
      "geometry": {
        "type": "Point",
        "coordinates": [
          -82.329,
          34.859
        ]
      }
    },
    {
      "type": "Feature",
      "properties": {
        "crashes": 12,
        "injury": 2,
        "fatal": 0,
        "pedestrian": 0,
        "density": 1.1
      },
      "geometry": {
        "type": "Point",
        "coordinates": [
          -82.433,
          34.859
        ]
      }
    },
    {
      "type": "Feature",
      "properties": {
        "crashes": 12,
        "injury": 3,
        "fatal": 0,
        "pedestrian": 0,
        "density": 1.1
      },
      "geometry": {
        "type": "Point",
        "coordinates": [
          -82.437,
          34.861
        ]
      }
    },
    {
      "type": "Feature",
      "properties": {
        "crashes": 12,
        "injury": 4,
        "fatal": 0,
        "pedestrian": 0,
        "density": 1.1
      },
      "geometry": {
        "type": "Point",
        "coordinates": [
          -82.425,
          34.863
        ]
      }
    },
    {
      "type": "Feature",
      "properties": {
        "crashes": 12,
        "injury": 1,
        "fatal": 1,
        "pedestrian": 0,
        "density": 1.1
      },
      "geometry": {
        "type": "Point",
        "coordinates": [
          -82.393,
          34.865
        ]
      }
    },
    {
      "type": "Feature",
      "properties": {
        "crashes": 12,
        "injury": 2,
        "fatal": 0,
        "pedestrian": 0,
        "density": 1.1
      },
      "geometry": {
        "type": "Point",
        "coordinates": [
          -82.399,
          34.865
        ]
      }
    },
    {
      "type": "Feature",
      "properties": {
        "crashes": 12,
        "injury": 5,
        "fatal": 0,
        "pedestrian": 0,
        "density": 1.1
      },
      "geometry": {
        "type": "Point",
        "coordinates": [
          -82.347,
          34.867
        ]
      }
    },
    {
      "type": "Feature",
      "properties": {
        "crashes": 12,
        "injury": 2,
        "fatal": 1,
        "pedestrian": 0,
        "density": 1.1
      },
      "geometry": {
        "type": "Point",
        "coordinates": [
          -82.425,
          34.867
        ]
      }
    },
    {
      "type": "Feature",
      "properties": {
        "crashes": 12,
        "injury": 2,
        "fatal": 0,
        "pedestrian": 0,
        "density": 1.1
      },
      "geometry": {
        "type": "Point",
        "coordinates": [
          -82.433,
          34.869
        ]
      }
    },
    {
      "type": "Feature",
      "properties": {
        "crashes": 12,
        "injury": 4,
        "fatal": 0,
        "pedestrian": 1,
        "density": 1.1
      },
      "geometry": {
        "type": "Point",
        "coordinates": [
          -82.407,
          34.869
        ]
      }
    },
    {
      "type": "Feature",
      "properties": {
        "crashes": 12,
        "injury": 3,
        "fatal": 0,
        "pedestrian": 0,
        "density": 1.1
      },
      "geometry": {
        "type": "Point",
        "coordinates": [
          -82.341,
          34.871
        ]
      }
    },
    {
      "type": "Feature",
      "properties": {
        "crashes": 12,
        "injury": 3,
        "fatal": 1,
        "pedestrian": 0,
        "density": 1.1
      },
      "geometry": {
        "type": "Point",
        "coordinates": [
          -82.397,
          34.873
        ]
      }
    },
    {
      "type": "Feature",
      "properties": {
        "crashes": 12,
        "injury": 4,
        "fatal": 0,
        "pedestrian": 0,
        "density": 1.1
      },
      "geometry": {
        "type": "Point",
        "coordinates": [
          -82.409,
          34.879
        ]
      }
    },
    {
      "type": "Feature",
      "properties": {
        "crashes": 12,
        "injury": 1,
        "fatal": 0,
        "pedestrian": 0,
        "density": 1.1
      },
      "geometry": {
        "type": "Point",
        "coordinates": [
          -82.291,
          34.881
        ]
      }
    },
    {
      "type": "Feature",
      "properties": {
        "crashes": 12,
        "injury": 1,
        "fatal": 0,
        "pedestrian": 0,
        "density": 1.1
      },
      "geometry": {
        "type": "Point",
        "coordinates": [
          -82.357,
          34.881
        ]
      }
    },
    {
      "type": "Feature",
      "properties": {
        "crashes": 12,
        "injury": 4,
        "fatal": 0,
        "pedestrian": 0,
        "density": 1.1
      },
      "geometry": {
        "type": "Point",
        "coordinates": [
          -82.421,
          34.883
        ]
      }
    },
    {
      "type": "Feature",
      "properties": {
        "crashes": 12,
        "injury": 3,
        "fatal": 0,
        "pedestrian": 0,
        "density": 1.1
      },
      "geometry": {
        "type": "Point",
        "coordinates": [
          -82.311,
          34.885
        ]
      }
    },
    {
      "type": "Feature",
      "properties": {
        "crashes": 12,
        "injury": 3,
        "fatal": 0,
        "pedestrian": 0,
        "density": 1.1
      },
      "geometry": {
        "type": "Point",
        "coordinates": [
          -82.297,
          34.889
        ]
      }
    },
    {
      "type": "Feature",
      "properties": {
        "crashes": 12,
        "injury": 2,
        "fatal": 0,
        "pedestrian": 0,
        "density": 1.1
      },
      "geometry": {
        "type": "Point",
        "coordinates": [
          -82.289,
          34.891
        ]
      }
    },
    {
      "type": "Feature",
      "properties": {
        "crashes": 12,
        "injury": 2,
        "fatal": 1,
        "pedestrian": 0,
        "density": 1.1
      },
      "geometry": {
        "type": "Point",
        "coordinates": [
          -82.441,
          34.893
        ]
      }
    },
    {
      "type": "Feature",
      "properties": {
        "crashes": 12,
        "injury": 3,
        "fatal": 1,
        "pedestrian": 0,
        "density": 1.1
      },
      "geometry": {
        "type": "Point",
        "coordinates": [
          -82.357,
          34.895
        ]
      }
    },
    {
      "type": "Feature",
      "properties": {
        "crashes": 12,
        "injury": 1,
        "fatal": 0,
        "pedestrian": 0,
        "density": 1.1
      },
      "geometry": {
        "type": "Point",
        "coordinates": [
          -82.301,
          34.895
        ]
      }
    },
    {
      "type": "Feature",
      "properties": {
        "crashes": 11,
        "injury": 3,
        "fatal": 0,
        "pedestrian": 0,
        "density": 1.0
      },
      "geometry": {
        "type": "Point",
        "coordinates": [
          -82.417,
          34.837
        ]
      }
    },
    {
      "type": "Feature",
      "properties": {
        "crashes": 11,
        "injury": 3,
        "fatal": 0,
        "pedestrian": 0,
        "density": 1.0
      },
      "geometry": {
        "type": "Point",
        "coordinates": [
          -82.391,
          34.783
        ]
      }
    },
    {
      "type": "Feature",
      "properties": {
        "crashes": 11,
        "injury": 2,
        "fatal": 0,
        "pedestrian": 0,
        "density": 1.0
      },
      "geometry": {
        "type": "Point",
        "coordinates": [
          -82.445,
          34.785
        ]
      }
    },
    {
      "type": "Feature",
      "properties": {
        "crashes": 11,
        "injury": 0,
        "fatal": 0,
        "pedestrian": 0,
        "density": 1.0
      },
      "geometry": {
        "type": "Point",
        "coordinates": [
          -82.439,
          34.791
        ]
      }
    },
    {
      "type": "Feature",
      "properties": {
        "crashes": 11,
        "injury": 4,
        "fatal": 0,
        "pedestrian": 1,
        "density": 1.0
      },
      "geometry": {
        "type": "Point",
        "coordinates": [
          -82.287,
          34.797
        ]
      }
    },
    {
      "type": "Feature",
      "properties": {
        "crashes": 11,
        "injury": 4,
        "fatal": 0,
        "pedestrian": 0,
        "density": 1.0
      },
      "geometry": {
        "type": "Point",
        "coordinates": [
          -82.315,
          34.797
        ]
      }
    },
    {
      "type": "Feature",
      "properties": {
        "crashes": 11,
        "injury": 0,
        "fatal": 0,
        "pedestrian": 0,
        "density": 1.0
      },
      "geometry": {
        "type": "Point",
        "coordinates": [
          -82.315,
          34.799
        ]
      }
    },
    {
      "type": "Feature",
      "properties": {
        "crashes": 11,
        "injury": 3,
        "fatal": 0,
        "pedestrian": 0,
        "density": 1.0
      },
      "geometry": {
        "type": "Point",
        "coordinates": [
          -82.433,
          34.799
        ]
      }
    },
    {
      "type": "Feature",
      "properties": {
        "crashes": 11,
        "injury": 3,
        "fatal": 1,
        "pedestrian": 0,
        "density": 1.0
      },
      "geometry": {
        "type": "Point",
        "coordinates": [
          -82.353,
          34.799
        ]
      }
    },
    {
      "type": "Feature",
      "properties": {
        "crashes": 11,
        "injury": 1,
        "fatal": 0,
        "pedestrian": 0,
        "density": 1.0
      },
      "geometry": {
        "type": "Point",
        "coordinates": [
          -82.359,
          34.801
        ]
      }
    },
    {
      "type": "Feature",
      "properties": {
        "crashes": 11,
        "injury": 1,
        "fatal": 0,
        "pedestrian": 0,
        "density": 1.0
      },
      "geometry": {
        "type": "Point",
        "coordinates": [
          -82.285,
          34.803
        ]
      }
    },
    {
      "type": "Feature",
      "properties": {
        "crashes": 11,
        "injury": 4,
        "fatal": 0,
        "pedestrian": 0,
        "density": 1.0
      },
      "geometry": {
        "type": "Point",
        "coordinates": [
          -82.389,
          34.803
        ]
      }
    },
    {
      "type": "Feature",
      "properties": {
        "crashes": 11,
        "injury": 5,
        "fatal": 0,
        "pedestrian": 0,
        "density": 1.0
      },
      "geometry": {
        "type": "Point",
        "coordinates": [
          -82.373,
          34.805
        ]
      }
    },
    {
      "type": "Feature",
      "properties": {
        "crashes": 11,
        "injury": 2,
        "fatal": 0,
        "pedestrian": 0,
        "density": 1.0
      },
      "geometry": {
        "type": "Point",
        "coordinates": [
          -82.379,
          34.805
        ]
      }
    },
    {
      "type": "Feature",
      "properties": {
        "crashes": 11,
        "injury": 4,
        "fatal": 0,
        "pedestrian": 0,
        "density": 1.0
      },
      "geometry": {
        "type": "Point",
        "coordinates": [
          -82.387,
          34.807
        ]
      }
    },
    {
      "type": "Feature",
      "properties": {
        "crashes": 11,
        "injury": 5,
        "fatal": 0,
        "pedestrian": 0,
        "density": 1.0
      },
      "geometry": {
        "type": "Point",
        "coordinates": [
          -82.371,
          34.809
        ]
      }
    },
    {
      "type": "Feature",
      "properties": {
        "crashes": 11,
        "injury": 6,
        "fatal": 0,
        "pedestrian": 0,
        "density": 1.0
      },
      "geometry": {
        "type": "Point",
        "coordinates": [
          -82.369,
          34.809
        ]
      }
    },
    {
      "type": "Feature",
      "properties": {
        "crashes": 11,
        "injury": 6,
        "fatal": 0,
        "pedestrian": 0,
        "density": 1.0
      },
      "geometry": {
        "type": "Point",
        "coordinates": [
          -82.367,
          34.811
        ]
      }
    },
    {
      "type": "Feature",
      "properties": {
        "crashes": 11,
        "injury": 2,
        "fatal": 0,
        "pedestrian": 0,
        "density": 1.0
      },
      "geometry": {
        "type": "Point",
        "coordinates": [
          -82.437,
          34.825
        ]
      }
    },
    {
      "type": "Feature",
      "properties": {
        "crashes": 11,
        "injury": 1,
        "fatal": 1,
        "pedestrian": 0,
        "density": 1.0
      },
      "geometry": {
        "type": "Point",
        "coordinates": [
          -82.329,
          34.825
        ]
      }
    },
    {
      "type": "Feature",
      "properties": {
        "crashes": 11,
        "injury": 3,
        "fatal": 0,
        "pedestrian": 0,
        "density": 1.0
      },
      "geometry": {
        "type": "Point",
        "coordinates": [
          -82.327,
          34.827
        ]
      }
    },
    {
      "type": "Feature",
      "properties": {
        "crashes": 11,
        "injury": 6,
        "fatal": 0,
        "pedestrian": 0,
        "density": 1.0
      },
      "geometry": {
        "type": "Point",
        "coordinates": [
          -82.419,
          34.829
        ]
      }
    },
    {
      "type": "Feature",
      "properties": {
        "crashes": 11,
        "injury": 4,
        "fatal": 0,
        "pedestrian": 0,
        "density": 1.0
      },
      "geometry": {
        "type": "Point",
        "coordinates": [
          -82.379,
          34.831
        ]
      }
    },
    {
      "type": "Feature",
      "properties": {
        "crashes": 11,
        "injury": 5,
        "fatal": 0,
        "pedestrian": 0,
        "density": 1.0
      },
      "geometry": {
        "type": "Point",
        "coordinates": [
          -82.297,
          34.831
        ]
      }
    },
    {
      "type": "Feature",
      "properties": {
        "crashes": 11,
        "injury": 1,
        "fatal": 0,
        "pedestrian": 0,
        "density": 1.0
      },
      "geometry": {
        "type": "Point",
        "coordinates": [
          -82.287,
          34.835
        ]
      }
    },
    {
      "type": "Feature",
      "properties": {
        "crashes": 11,
        "injury": 2,
        "fatal": 0,
        "pedestrian": 0,
        "density": 1.0
      },
      "geometry": {
        "type": "Point",
        "coordinates": [
          -82.337,
          34.835
        ]
      }
    },
    {
      "type": "Feature",
      "properties": {
        "crashes": 11,
        "injury": 3,
        "fatal": 0,
        "pedestrian": 0,
        "density": 1.0
      },
      "geometry": {
        "type": "Point",
        "coordinates": [
          -82.283,
          34.835
        ]
      }
    },
    {
      "type": "Feature",
      "properties": {
        "crashes": 11,
        "injury": 3,
        "fatal": 0,
        "pedestrian": 0,
        "density": 1.0
      },
      "geometry": {
        "type": "Point",
        "coordinates": [
          -82.291,
          34.841
        ]
      }
    },
    {
      "type": "Feature",
      "properties": {
        "crashes": 11,
        "injury": 0,
        "fatal": 0,
        "pedestrian": 0,
        "density": 1.0
      },
      "geometry": {
        "type": "Point",
        "coordinates": [
          -82.397,
          34.841
        ]
      }
    },
    {
      "type": "Feature",
      "properties": {
        "crashes": 11,
        "injury": 1,
        "fatal": 1,
        "pedestrian": 1,
        "density": 1.0
      },
      "geometry": {
        "type": "Point",
        "coordinates": [
          -82.361,
          34.845
        ]
      }
    },
    {
      "type": "Feature",
      "properties": {
        "crashes": 11,
        "injury": 3,
        "fatal": 0,
        "pedestrian": 0,
        "density": 1.0
      },
      "geometry": {
        "type": "Point",
        "coordinates": [
          -82.359,
          34.847
        ]
      }
    },
    {
      "type": "Feature",
      "properties": {
        "crashes": 11,
        "injury": 5,
        "fatal": 0,
        "pedestrian": 0,
        "density": 1.0
      },
      "geometry": {
        "type": "Point",
        "coordinates": [
          -82.425,
          34.847
        ]
      }
    },
    {
      "type": "Feature",
      "properties": {
        "crashes": 11,
        "injury": 2,
        "fatal": 1,
        "pedestrian": 0,
        "density": 1.0
      },
      "geometry": {
        "type": "Point",
        "coordinates": [
          -82.445,
          34.847
        ]
      }
    },
    {
      "type": "Feature",
      "properties": {
        "crashes": 11,
        "injury": 3,
        "fatal": 0,
        "pedestrian": 0,
        "density": 1.0
      },
      "geometry": {
        "type": "Point",
        "coordinates": [
          -82.405,
          34.849
        ]
      }
    },
    {
      "type": "Feature",
      "properties": {
        "crashes": 11,
        "injury": 1,
        "fatal": 0,
        "pedestrian": 0,
        "density": 1.0
      },
      "geometry": {
        "type": "Point",
        "coordinates": [
          -82.421,
          34.849
        ]
      }
    },
    {
      "type": "Feature",
      "properties": {
        "crashes": 11,
        "injury": 2,
        "fatal": 0,
        "pedestrian": 0,
        "density": 1.0
      },
      "geometry": {
        "type": "Point",
        "coordinates": [
          -82.333,
          34.855
        ]
      }
    },
    {
      "type": "Feature",
      "properties": {
        "crashes": 11,
        "injury": 4,
        "fatal": 0,
        "pedestrian": 0,
        "density": 1.0
      },
      "geometry": {
        "type": "Point",
        "coordinates": [
          -82.331,
          34.855
        ]
      }
    },
    {
      "type": "Feature",
      "properties": {
        "crashes": 11,
        "injury": 3,
        "fatal": 0,
        "pedestrian": 0,
        "density": 1.0
      },
      "geometry": {
        "type": "Point",
        "coordinates": [
          -82.387,
          34.857
        ]
      }
    },
    {
      "type": "Feature",
      "properties": {
        "crashes": 11,
        "injury": 2,
        "fatal": 0,
        "pedestrian": 0,
        "density": 1.0
      },
      "geometry": {
        "type": "Point",
        "coordinates": [
          -82.381,
          34.859
        ]
      }
    },
    {
      "type": "Feature",
      "properties": {
        "crashes": 11,
        "injury": 0,
        "fatal": 0,
        "pedestrian": 0,
        "density": 1.0
      },
      "geometry": {
        "type": "Point",
        "coordinates": [
          -82.359,
          34.859
        ]
      }
    },
    {
      "type": "Feature",
      "properties": {
        "crashes": 11,
        "injury": 2,
        "fatal": 0,
        "pedestrian": 0,
        "density": 1.0
      },
      "geometry": {
        "type": "Point",
        "coordinates": [
          -82.413,
          34.863
        ]
      }
    },
    {
      "type": "Feature",
      "properties": {
        "crashes": 11,
        "injury": 5,
        "fatal": 0,
        "pedestrian": 0,
        "density": 1.0
      },
      "geometry": {
        "type": "Point",
        "coordinates": [
          -82.367,
          34.865
        ]
      }
    },
    {
      "type": "Feature",
      "properties": {
        "crashes": 11,
        "injury": 5,
        "fatal": 0,
        "pedestrian": 0,
        "density": 1.0
      },
      "geometry": {
        "type": "Point",
        "coordinates": [
          -82.431,
          34.865
        ]
      }
    },
    {
      "type": "Feature",
      "properties": {
        "crashes": 11,
        "injury": 2,
        "fatal": 0,
        "pedestrian": 0,
        "density": 1.0
      },
      "geometry": {
        "type": "Point",
        "coordinates": [
          -82.295,
          34.865
        ]
      }
    },
    {
      "type": "Feature",
      "properties": {
        "crashes": 11,
        "injury": 3,
        "fatal": 0,
        "pedestrian": 0,
        "density": 1.0
      },
      "geometry": {
        "type": "Point",
        "coordinates": [
          -82.383,
          34.865
        ]
      }
    },
    {
      "type": "Feature",
      "properties": {
        "crashes": 11,
        "injury": 2,
        "fatal": 0,
        "pedestrian": 0,
        "density": 1.0
      },
      "geometry": {
        "type": "Point",
        "coordinates": [
          -82.443,
          34.867
        ]
      }
    },
    {
      "type": "Feature",
      "properties": {
        "crashes": 11,
        "injury": 0,
        "fatal": 0,
        "pedestrian": 0,
        "density": 1.0
      },
      "geometry": {
        "type": "Point",
        "coordinates": [
          -82.403,
          34.871
        ]
      }
    },
    {
      "type": "Feature",
      "properties": {
        "crashes": 11,
        "injury": 1,
        "fatal": 0,
        "pedestrian": 1,
        "density": 1.0
      },
      "geometry": {
        "type": "Point",
        "coordinates": [
          -82.437,
          34.871
        ]
      }
    },
    {
      "type": "Feature",
      "properties": {
        "crashes": 11,
        "injury": 5,
        "fatal": 0,
        "pedestrian": 0,
        "density": 1.0
      },
      "geometry": {
        "type": "Point",
        "coordinates": [
          -82.443,
          34.871
        ]
      }
    },
    {
      "type": "Feature",
      "properties": {
        "crashes": 11,
        "injury": 5,
        "fatal": 0,
        "pedestrian": 0,
        "density": 1.0
      },
      "geometry": {
        "type": "Point",
        "coordinates": [
          -82.339,
          34.871
        ]
      }
    },
    {
      "type": "Feature",
      "properties": {
        "crashes": 11,
        "injury": 2,
        "fatal": 0,
        "pedestrian": 0,
        "density": 1.0
      },
      "geometry": {
        "type": "Point",
        "coordinates": [
          -82.409,
          34.873
        ]
      }
    },
    {
      "type": "Feature",
      "properties": {
        "crashes": 11,
        "injury": 3,
        "fatal": 1,
        "pedestrian": 1,
        "density": 1.0
      },
      "geometry": {
        "type": "Point",
        "coordinates": [
          -82.443,
          34.875
        ]
      }
    },
    {
      "type": "Feature",
      "properties": {
        "crashes": 11,
        "injury": 0,
        "fatal": 0,
        "pedestrian": 0,
        "density": 1.0
      },
      "geometry": {
        "type": "Point",
        "coordinates": [
          -82.399,
          34.881
        ]
      }
    },
    {
      "type": "Feature",
      "properties": {
        "crashes": 11,
        "injury": 3,
        "fatal": 0,
        "pedestrian": 0,
        "density": 1.0
      },
      "geometry": {
        "type": "Point",
        "coordinates": [
          -82.379,
          34.883
        ]
      }
    },
    {
      "type": "Feature",
      "properties": {
        "crashes": 11,
        "injury": 3,
        "fatal": 0,
        "pedestrian": 0,
        "density": 1.0
      },
      "geometry": {
        "type": "Point",
        "coordinates": [
          -82.375,
          34.885
        ]
      }
    },
    {
      "type": "Feature",
      "properties": {
        "crashes": 11,
        "injury": 1,
        "fatal": 0,
        "pedestrian": 0,
        "density": 1.0
      },
      "geometry": {
        "type": "Point",
        "coordinates": [
          -82.291,
          34.887
        ]
      }
    },
    {
      "type": "Feature",
      "properties": {
        "crashes": 11,
        "injury": 1,
        "fatal": 0,
        "pedestrian": 0,
        "density": 1.0
      },
      "geometry": {
        "type": "Point",
        "coordinates": [
          -82.429,
          34.887
        ]
      }
    },
    {
      "type": "Feature",
      "properties": {
        "crashes": 11,
        "injury": 1,
        "fatal": 0,
        "pedestrian": 1,
        "density": 1.0
      },
      "geometry": {
        "type": "Point",
        "coordinates": [
          -82.409,
          34.887
        ]
      }
    },
    {
      "type": "Feature",
      "properties": {
        "crashes": 11,
        "injury": 0,
        "fatal": 0,
        "pedestrian": 0,
        "density": 1.0
      },
      "geometry": {
        "type": "Point",
        "coordinates": [
          -82.419,
          34.891
        ]
      }
    },
    {
      "type": "Feature",
      "properties": {
        "crashes": 11,
        "injury": 3,
        "fatal": 0,
        "pedestrian": 0,
        "density": 1.0
      },
      "geometry": {
        "type": "Point",
        "coordinates": [
          -82.371,
          34.893
        ]
      }
    },
    {
      "type": "Feature",
      "properties": {
        "crashes": 11,
        "injury": 1,
        "fatal": 1,
        "pedestrian": 1,
        "density": 1.0
      },
      "geometry": {
        "type": "Point",
        "coordinates": [
          -82.427,
          34.893
        ]
      }
    },
    {
      "type": "Feature",
      "properties": {
        "crashes": 11,
        "injury": 2,
        "fatal": 0,
        "pedestrian": 1,
        "density": 1.0
      },
      "geometry": {
        "type": "Point",
        "coordinates": [
          -82.299,
          34.895
        ]
      }
    },
    {
      "type": "Feature",
      "properties": {
        "crashes": 11,
        "injury": 1,
        "fatal": 0,
        "pedestrian": 0,
        "density": 1.0
      },
      "geometry": {
        "type": "Point",
        "coordinates": [
          -82.371,
          34.899
        ]
      }
    },
    {
      "type": "Feature",
      "properties": {
        "crashes": 10,
        "injury": 3,
        "fatal": 0,
        "pedestrian": 1,
        "density": 0.9
      },
      "geometry": {
        "type": "Point",
        "coordinates": [
          -82.373,
          34.781
        ]
      }
    },
    {
      "type": "Feature",
      "properties": {
        "crashes": 10,
        "injury": 1,
        "fatal": 0,
        "pedestrian": 0,
        "density": 0.9
      },
      "geometry": {
        "type": "Point",
        "coordinates": [
          -82.303,
          34.781
        ]
      }
    },
    {
      "type": "Feature",
      "properties": {
        "crashes": 10,
        "injury": 4,
        "fatal": 0,
        "pedestrian": 0,
        "density": 0.9
      },
      "geometry": {
        "type": "Point",
        "coordinates": [
          -82.399,
          34.781
        ]
      }
    },
    {
      "type": "Feature",
      "properties": {
        "crashes": 10,
        "injury": 3,
        "fatal": 0,
        "pedestrian": 0,
        "density": 0.9
      },
      "geometry": {
        "type": "Point",
        "coordinates": [
          -82.301,
          34.783
        ]
      }
    },
    {
      "type": "Feature",
      "properties": {
        "crashes": 10,
        "injury": 5,
        "fatal": 0,
        "pedestrian": 0,
        "density": 0.9
      },
      "geometry": {
        "type": "Point",
        "coordinates": [
          -82.313,
          34.787
        ]
      }
    },
    {
      "type": "Feature",
      "properties": {
        "crashes": 10,
        "injury": 3,
        "fatal": 0,
        "pedestrian": 0,
        "density": 0.9
      },
      "geometry": {
        "type": "Point",
        "coordinates": [
          -82.305,
          34.789
        ]
      }
    },
    {
      "type": "Feature",
      "properties": {
        "crashes": 10,
        "injury": 4,
        "fatal": 0,
        "pedestrian": 0,
        "density": 0.9
      },
      "geometry": {
        "type": "Point",
        "coordinates": [
          -82.447,
          34.795
        ]
      }
    },
    {
      "type": "Feature",
      "properties": {
        "crashes": 10,
        "injury": 5,
        "fatal": 0,
        "pedestrian": 0,
        "density": 0.9
      },
      "geometry": {
        "type": "Point",
        "coordinates": [
          -82.447,
          34.797
        ]
      }
    },
    {
      "type": "Feature",
      "properties": {
        "crashes": 10,
        "injury": 4,
        "fatal": 0,
        "pedestrian": 0,
        "density": 0.9
      },
      "geometry": {
        "type": "Point",
        "coordinates": [
          -82.401,
          34.799
        ]
      }
    },
    {
      "type": "Feature",
      "properties": {
        "crashes": 10,
        "injury": 2,
        "fatal": 0,
        "pedestrian": 0,
        "density": 0.9
      },
      "geometry": {
        "type": "Point",
        "coordinates": [
          -82.375,
          34.799
        ]
      }
    },
    {
      "type": "Feature",
      "properties": {
        "crashes": 10,
        "injury": 1,
        "fatal": 0,
        "pedestrian": 0,
        "density": 0.9
      },
      "geometry": {
        "type": "Point",
        "coordinates": [
          -82.343,
          34.803
        ]
      }
    },
    {
      "type": "Feature",
      "properties": {
        "crashes": 10,
        "injury": 2,
        "fatal": 0,
        "pedestrian": 0,
        "density": 0.9
      },
      "geometry": {
        "type": "Point",
        "coordinates": [
          -82.337,
          34.805
        ]
      }
    },
    {
      "type": "Feature",
      "properties": {
        "crashes": 10,
        "injury": 3,
        "fatal": 0,
        "pedestrian": 0,
        "density": 0.9
      },
      "geometry": {
        "type": "Point",
        "coordinates": [
          -82.441,
          34.807
        ]
      }
    },
    {
      "type": "Feature",
      "properties": {
        "crashes": 10,
        "injury": 2,
        "fatal": 0,
        "pedestrian": 0,
        "density": 0.9
      },
      "geometry": {
        "type": "Point",
        "coordinates": [
          -82.449,
          34.811
        ]
      }
    },
    {
      "type": "Feature",
      "properties": {
        "crashes": 10,
        "injury": 2,
        "fatal": 0,
        "pedestrian": 0,
        "density": 0.9
      },
      "geometry": {
        "type": "Point",
        "coordinates": [
          -82.353,
          34.813
        ]
      }
    },
    {
      "type": "Feature",
      "properties": {
        "crashes": 10,
        "injury": 2,
        "fatal": 0,
        "pedestrian": 0,
        "density": 0.9
      },
      "geometry": {
        "type": "Point",
        "coordinates": [
          -82.291,
          34.815
        ]
      }
    },
    {
      "type": "Feature",
      "properties": {
        "crashes": 10,
        "injury": 1,
        "fatal": 0,
        "pedestrian": 0,
        "density": 0.9
      },
      "geometry": {
        "type": "Point",
        "coordinates": [
          -82.349,
          34.815
        ]
      }
    },
    {
      "type": "Feature",
      "properties": {
        "crashes": 10,
        "injury": 1,
        "fatal": 0,
        "pedestrian": 0,
        "density": 0.9
      },
      "geometry": {
        "type": "Point",
        "coordinates": [
          -82.319,
          34.815
        ]
      }
    },
    {
      "type": "Feature",
      "properties": {
        "crashes": 10,
        "injury": 3,
        "fatal": 0,
        "pedestrian": 0,
        "density": 0.9
      },
      "geometry": {
        "type": "Point",
        "coordinates": [
          -82.329,
          34.817
        ]
      }
    },
    {
      "type": "Feature",
      "properties": {
        "crashes": 10,
        "injury": 2,
        "fatal": 0,
        "pedestrian": 0,
        "density": 0.9
      },
      "geometry": {
        "type": "Point",
        "coordinates": [
          -82.313,
          34.819
        ]
      }
    },
    {
      "type": "Feature",
      "properties": {
        "crashes": 10,
        "injury": 1,
        "fatal": 0,
        "pedestrian": 0,
        "density": 0.9
      },
      "geometry": {
        "type": "Point",
        "coordinates": [
          -82.431,
          34.821
        ]
      }
    },
    {
      "type": "Feature",
      "properties": {
        "crashes": 10,
        "injury": 3,
        "fatal": 0,
        "pedestrian": 0,
        "density": 0.9
      },
      "geometry": {
        "type": "Point",
        "coordinates": [
          -82.371,
          34.821
        ]
      }
    },
    {
      "type": "Feature",
      "properties": {
        "crashes": 10,
        "injury": 3,
        "fatal": 0,
        "pedestrian": 0,
        "density": 0.9
      },
      "geometry": {
        "type": "Point",
        "coordinates": [
          -82.433,
          34.823
        ]
      }
    },
    {
      "type": "Feature",
      "properties": {
        "crashes": 10,
        "injury": 6,
        "fatal": 1,
        "pedestrian": 1,
        "density": 0.9
      },
      "geometry": {
        "type": "Point",
        "coordinates": [
          -82.427,
          34.827
        ]
      }
    },
    {
      "type": "Feature",
      "properties": {
        "crashes": 10,
        "injury": 3,
        "fatal": 0,
        "pedestrian": 0,
        "density": 0.9
      },
      "geometry": {
        "type": "Point",
        "coordinates": [
          -82.433,
          34.829
        ]
      }
    },
    {
      "type": "Feature",
      "properties": {
        "crashes": 10,
        "injury": 2,
        "fatal": 0,
        "pedestrian": 0,
        "density": 0.9
      },
      "geometry": {
        "type": "Point",
        "coordinates": [
          -82.383,
          34.829
        ]
      }
    },
    {
      "type": "Feature",
      "properties": {
        "crashes": 10,
        "injury": 1,
        "fatal": 0,
        "pedestrian": 0,
        "density": 0.9
      },
      "geometry": {
        "type": "Point",
        "coordinates": [
          -82.309,
          34.829
        ]
      }
    },
    {
      "type": "Feature",
      "properties": {
        "crashes": 10,
        "injury": 2,
        "fatal": 0,
        "pedestrian": 0,
        "density": 0.9
      },
      "geometry": {
        "type": "Point",
        "coordinates": [
          -82.417,
          34.831
        ]
      }
    },
    {
      "type": "Feature",
      "properties": {
        "crashes": 10,
        "injury": 3,
        "fatal": 0,
        "pedestrian": 0,
        "density": 0.9
      },
      "geometry": {
        "type": "Point",
        "coordinates": [
          -82.429,
          34.831
        ]
      }
    },
    {
      "type": "Feature",
      "properties": {
        "crashes": 10,
        "injury": 0,
        "fatal": 0,
        "pedestrian": 0,
        "density": 0.9
      },
      "geometry": {
        "type": "Point",
        "coordinates": [
          -82.317,
          34.831
        ]
      }
    },
    {
      "type": "Feature",
      "properties": {
        "crashes": 10,
        "injury": 1,
        "fatal": 0,
        "pedestrian": 0,
        "density": 0.9
      },
      "geometry": {
        "type": "Point",
        "coordinates": [
          -82.421,
          34.833
        ]
      }
    },
    {
      "type": "Feature",
      "properties": {
        "crashes": 10,
        "injury": 1,
        "fatal": 0,
        "pedestrian": 0,
        "density": 0.9
      },
      "geometry": {
        "type": "Point",
        "coordinates": [
          -82.425,
          34.833
        ]
      }
    },
    {
      "type": "Feature",
      "properties": {
        "crashes": 10,
        "injury": 3,
        "fatal": 0,
        "pedestrian": 0,
        "density": 0.9
      },
      "geometry": {
        "type": "Point",
        "coordinates": [
          -82.431,
          34.835
        ]
      }
    },
    {
      "type": "Feature",
      "properties": {
        "crashes": 10,
        "injury": 2,
        "fatal": 0,
        "pedestrian": 2,
        "density": 0.9
      },
      "geometry": {
        "type": "Point",
        "coordinates": [
          -82.411,
          34.835
        ]
      }
    },
    {
      "type": "Feature",
      "properties": {
        "crashes": 10,
        "injury": 2,
        "fatal": 0,
        "pedestrian": 0,
        "density": 0.9
      },
      "geometry": {
        "type": "Point",
        "coordinates": [
          -82.289,
          34.835
        ]
      }
    },
    {
      "type": "Feature",
      "properties": {
        "crashes": 10,
        "injury": 3,
        "fatal": 0,
        "pedestrian": 0,
        "density": 0.9
      },
      "geometry": {
        "type": "Point",
        "coordinates": [
          -82.333,
          34.837
        ]
      }
    },
    {
      "type": "Feature",
      "properties": {
        "crashes": 10,
        "injury": 2,
        "fatal": 0,
        "pedestrian": 0,
        "density": 0.9
      },
      "geometry": {
        "type": "Point",
        "coordinates": [
          -82.319,
          34.837
        ]
      }
    },
    {
      "type": "Feature",
      "properties": {
        "crashes": 10,
        "injury": 2,
        "fatal": 0,
        "pedestrian": 0,
        "density": 0.9
      },
      "geometry": {
        "type": "Point",
        "coordinates": [
          -82.323,
          34.837
        ]
      }
    },
    {
      "type": "Feature",
      "properties": {
        "crashes": 10,
        "injury": 4,
        "fatal": 0,
        "pedestrian": 0,
        "density": 0.9
      },
      "geometry": {
        "type": "Point",
        "coordinates": [
          -82.411,
          34.839
        ]
      }
    },
    {
      "type": "Feature",
      "properties": {
        "crashes": 10,
        "injury": 2,
        "fatal": 0,
        "pedestrian": 0,
        "density": 0.9
      },
      "geometry": {
        "type": "Point",
        "coordinates": [
          -82.431,
          34.843
        ]
      }
    },
    {
      "type": "Feature",
      "properties": {
        "crashes": 10,
        "injury": 1,
        "fatal": 0,
        "pedestrian": 0,
        "density": 0.9
      },
      "geometry": {
        "type": "Point",
        "coordinates": [
          -82.307,
          34.845
        ]
      }
    },
    {
      "type": "Feature",
      "properties": {
        "crashes": 10,
        "injury": 4,
        "fatal": 0,
        "pedestrian": 0,
        "density": 0.9
      },
      "geometry": {
        "type": "Point",
        "coordinates": [
          -82.379,
          34.849
        ]
      }
    },
    {
      "type": "Feature",
      "properties": {
        "crashes": 10,
        "injury": 2,
        "fatal": 0,
        "pedestrian": 0,
        "density": 0.9
      },
      "geometry": {
        "type": "Point",
        "coordinates": [
          -82.371,
          34.849
        ]
      }
    },
    {
      "type": "Feature",
      "properties": {
        "crashes": 10,
        "injury": 2,
        "fatal": 0,
        "pedestrian": 1,
        "density": 0.9
      },
      "geometry": {
        "type": "Point",
        "coordinates": [
          -82.415,
          34.849
        ]
      }
    },
    {
      "type": "Feature",
      "properties": {
        "crashes": 10,
        "injury": 2,
        "fatal": 0,
        "pedestrian": 0,
        "density": 0.9
      },
      "geometry": {
        "type": "Point",
        "coordinates": [
          -82.315,
          34.849
        ]
      }
    },
    {
      "type": "Feature",
      "properties": {
        "crashes": 10,
        "injury": 2,
        "fatal": 0,
        "pedestrian": 0,
        "density": 0.9
      },
      "geometry": {
        "type": "Point",
        "coordinates": [
          -82.421,
          34.851
        ]
      }
    },
    {
      "type": "Feature",
      "properties": {
        "crashes": 10,
        "injury": 3,
        "fatal": 0,
        "pedestrian": 1,
        "density": 0.9
      },
      "geometry": {
        "type": "Point",
        "coordinates": [
          -82.443,
          34.851
        ]
      }
    },
    {
      "type": "Feature",
      "properties": {
        "crashes": 10,
        "injury": 2,
        "fatal": 0,
        "pedestrian": 0,
        "density": 0.9
      },
      "geometry": {
        "type": "Point",
        "coordinates": [
          -82.281,
          34.853
        ]
      }
    },
    {
      "type": "Feature",
      "properties": {
        "crashes": 10,
        "injury": 1,
        "fatal": 0,
        "pedestrian": 0,
        "density": 0.9
      },
      "geometry": {
        "type": "Point",
        "coordinates": [
          -82.327,
          34.855
        ]
      }
    },
    {
      "type": "Feature",
      "properties": {
        "crashes": 10,
        "injury": 4,
        "fatal": 0,
        "pedestrian": 0,
        "density": 0.9
      },
      "geometry": {
        "type": "Point",
        "coordinates": [
          -82.445,
          34.857
        ]
      }
    },
    {
      "type": "Feature",
      "properties": {
        "crashes": 10,
        "injury": 2,
        "fatal": 1,
        "pedestrian": 0,
        "density": 0.9
      },
      "geometry": {
        "type": "Point",
        "coordinates": [
          -82.297,
          34.859
        ]
      }
    },
    {
      "type": "Feature",
      "properties": {
        "crashes": 10,
        "injury": 1,
        "fatal": 0,
        "pedestrian": 0,
        "density": 0.9
      },
      "geometry": {
        "type": "Point",
        "coordinates": [
          -82.355,
          34.861
        ]
      }
    },
    {
      "type": "Feature",
      "properties": {
        "crashes": 10,
        "injury": 3,
        "fatal": 0,
        "pedestrian": 0,
        "density": 0.9
      },
      "geometry": {
        "type": "Point",
        "coordinates": [
          -82.293,
          34.861
        ]
      }
    },
    {
      "type": "Feature",
      "properties": {
        "crashes": 10,
        "injury": 2,
        "fatal": 0,
        "pedestrian": 0,
        "density": 0.9
      },
      "geometry": {
        "type": "Point",
        "coordinates": [
          -82.291,
          34.861
        ]
      }
    },
    {
      "type": "Feature",
      "properties": {
        "crashes": 10,
        "injury": 0,
        "fatal": 0,
        "pedestrian": 0,
        "density": 0.9
      },
      "geometry": {
        "type": "Point",
        "coordinates": [
          -82.395,
          34.863
        ]
      }
    },
    {
      "type": "Feature",
      "properties": {
        "crashes": 10,
        "injury": 2,
        "fatal": 0,
        "pedestrian": 0,
        "density": 0.9
      },
      "geometry": {
        "type": "Point",
        "coordinates": [
          -82.381,
          34.863
        ]
      }
    },
    {
      "type": "Feature",
      "properties": {
        "crashes": 10,
        "injury": 3,
        "fatal": 0,
        "pedestrian": 0,
        "density": 0.9
      },
      "geometry": {
        "type": "Point",
        "coordinates": [
          -82.383,
          34.863
        ]
      }
    },
    {
      "type": "Feature",
      "properties": {
        "crashes": 10,
        "injury": 5,
        "fatal": 0,
        "pedestrian": 0,
        "density": 0.9
      },
      "geometry": {
        "type": "Point",
        "coordinates": [
          -82.429,
          34.863
        ]
      }
    },
    {
      "type": "Feature",
      "properties": {
        "crashes": 10,
        "injury": 4,
        "fatal": 0,
        "pedestrian": 1,
        "density": 0.9
      },
      "geometry": {
        "type": "Point",
        "coordinates": [
          -82.447,
          34.865
        ]
      }
    },
    {
      "type": "Feature",
      "properties": {
        "crashes": 10,
        "injury": 2,
        "fatal": 1,
        "pedestrian": 1,
        "density": 0.9
      },
      "geometry": {
        "type": "Point",
        "coordinates": [
          -82.411,
          34.865
        ]
      }
    },
    {
      "type": "Feature",
      "properties": {
        "crashes": 10,
        "injury": 4,
        "fatal": 0,
        "pedestrian": 1,
        "density": 0.9
      },
      "geometry": {
        "type": "Point",
        "coordinates": [
          -82.445,
          34.865
        ]
      }
    },
    {
      "type": "Feature",
      "properties": {
        "crashes": 10,
        "injury": 0,
        "fatal": 0,
        "pedestrian": 0,
        "density": 0.9
      },
      "geometry": {
        "type": "Point",
        "coordinates": [
          -82.389,
          34.865
        ]
      }
    },
    {
      "type": "Feature",
      "properties": {
        "crashes": 10,
        "injury": 2,
        "fatal": 0,
        "pedestrian": 1,
        "density": 0.9
      },
      "geometry": {
        "type": "Point",
        "coordinates": [
          -82.443,
          34.865
        ]
      }
    },
    {
      "type": "Feature",
      "properties": {
        "crashes": 10,
        "injury": 2,
        "fatal": 0,
        "pedestrian": 0,
        "density": 0.9
      },
      "geometry": {
        "type": "Point",
        "coordinates": [
          -82.435,
          34.867
        ]
      }
    },
    {
      "type": "Feature",
      "properties": {
        "crashes": 10,
        "injury": 4,
        "fatal": 0,
        "pedestrian": 0,
        "density": 0.9
      },
      "geometry": {
        "type": "Point",
        "coordinates": [
          -82.415,
          34.867
        ]
      }
    },
    {
      "type": "Feature",
      "properties": {
        "crashes": 10,
        "injury": 1,
        "fatal": 0,
        "pedestrian": 0,
        "density": 0.9
      },
      "geometry": {
        "type": "Point",
        "coordinates": [
          -82.315,
          34.867
        ]
      }
    },
    {
      "type": "Feature",
      "properties": {
        "crashes": 10,
        "injury": 4,
        "fatal": 0,
        "pedestrian": 1,
        "density": 0.9
      },
      "geometry": {
        "type": "Point",
        "coordinates": [
          -82.391,
          34.869
        ]
      }
    },
    {
      "type": "Feature",
      "properties": {
        "crashes": 10,
        "injury": 4,
        "fatal": 0,
        "pedestrian": 0,
        "density": 0.9
      },
      "geometry": {
        "type": "Point",
        "coordinates": [
          -82.281,
          34.869
        ]
      }
    },
    {
      "type": "Feature",
      "properties": {
        "crashes": 10,
        "injury": 2,
        "fatal": 0,
        "pedestrian": 0,
        "density": 0.9
      },
      "geometry": {
        "type": "Point",
        "coordinates": [
          -82.419,
          34.875
        ]
      }
    },
    {
      "type": "Feature",
      "properties": {
        "crashes": 10,
        "injury": 0,
        "fatal": 0,
        "pedestrian": 0,
        "density": 0.9
      },
      "geometry": {
        "type": "Point",
        "coordinates": [
          -82.319,
          34.875
        ]
      }
    },
    {
      "type": "Feature",
      "properties": {
        "crashes": 10,
        "injury": 3,
        "fatal": 0,
        "pedestrian": 0,
        "density": 0.9
      },
      "geometry": {
        "type": "Point",
        "coordinates": [
          -82.403,
          34.883
        ]
      }
    },
    {
      "type": "Feature",
      "properties": {
        "crashes": 10,
        "injury": 0,
        "fatal": 0,
        "pedestrian": 0,
        "density": 0.9
      },
      "geometry": {
        "type": "Point",
        "coordinates": [
          -82.311,
          34.883
        ]
      }
    },
    {
      "type": "Feature",
      "properties": {
        "crashes": 10,
        "injury": 2,
        "fatal": 0,
        "pedestrian": 0,
        "density": 0.9
      },
      "geometry": {
        "type": "Point",
        "coordinates": [
          -82.283,
          34.893
        ]
      }
    },
    {
      "type": "Feature",
      "properties": {
        "crashes": 10,
        "injury": 1,
        "fatal": 0,
        "pedestrian": 0,
        "density": 0.9
      },
      "geometry": {
        "type": "Point",
        "coordinates": [
          -82.403,
          34.893
        ]
      }
    },
    {
      "type": "Feature",
      "properties": {
        "crashes": 10,
        "injury": 4,
        "fatal": 0,
        "pedestrian": 0,
        "density": 0.9
      },
      "geometry": {
        "type": "Point",
        "coordinates": [
          -82.443,
          34.893
        ]
      }
    },
    {
      "type": "Feature",
      "properties": {
        "crashes": 10,
        "injury": 2,
        "fatal": 0,
        "pedestrian": 1,
        "density": 0.9
      },
      "geometry": {
        "type": "Point",
        "coordinates": [
          -82.435,
          34.895
        ]
      }
    },
    {
      "type": "Feature",
      "properties": {
        "crashes": 10,
        "injury": 2,
        "fatal": 0,
        "pedestrian": 0,
        "density": 0.9
      },
      "geometry": {
        "type": "Point",
        "coordinates": [
          -82.349,
          34.895
        ]
      }
    },
    {
      "type": "Feature",
      "properties": {
        "crashes": 10,
        "injury": 2,
        "fatal": 1,
        "pedestrian": 1,
        "density": 0.9
      },
      "geometry": {
        "type": "Point",
        "coordinates": [
          -82.341,
          34.895
        ]
      }
    },
    {
      "type": "Feature",
      "properties": {
        "crashes": 10,
        "injury": 2,
        "fatal": 0,
        "pedestrian": 0,
        "density": 0.9
      },
      "geometry": {
        "type": "Point",
        "coordinates": [
          -82.409,
          34.897
        ]
      }
    },
    {
      "type": "Feature",
      "properties": {
        "crashes": 10,
        "injury": 1,
        "fatal": 0,
        "pedestrian": 0,
        "density": 0.9
      },
      "geometry": {
        "type": "Point",
        "coordinates": [
          -82.395,
          34.897
        ]
      }
    }
  ]
}