{"type": "FeatureCollection", "features": [{"type": "Feature", "properties": {"crashes": 971, "injury": 243, "fatal": 1, "pedestrian": 2, "density": 57.1}, "geometry": {"type": "Point", "coordinates": [-71.04387, 42.28406]}}, {"type": "Feature", "properties": {"crashes": 874, "injury": 193, "fatal": 1, "pedestrian": 14, "density": 51.4}, "geometry": {"type": "Point", "coordinates": [-70.95568, 42.18863]}}, {"type": "Feature", "properties": {"crashes": 734, "injury": 170, "fatal": 0, "pedestrian": 0, "density": 43.2}, "geometry": {"type": "Point", "coordinates": [-71.04625, 42.29626]}}, {"type": "Feature", "properties": {"crashes": 729, "injury": 176, "fatal": 0, "pedestrian": 1, "density": 42.9}, "geometry": {"type": "Point", "coordinates": [-71.03807, 42.25234]}}, {"type": "Feature", "properties": {"crashes": 725, "injury": 222, "fatal": 3, "pedestrian": 2, "density": 42.6}, "geometry": {"type": "Point", "coordinates": [-71.03662, 42.21928]}}, {"type": "Feature", "properties": {"crashes": 691, "injury": 177, "fatal": 1, "pedestrian": 0, "density": 40.6}, "geometry": {"type": "Point", "coordinates": [-71.03403, 42.24548]}}, {"type": "Feature", "properties": {"crashes": 645, "injury": 195, "fatal": 0, "pedestrian": 1, "density": 37.9}, "geometry": {"type": "Point", "coordinates": [-70.9557, 42.19455]}}, {"type": "Feature", "properties": {"crashes": 640, "injury": 150, "fatal": 0, "pedestrian": 20, "density": 37.6}, "geometry": {"type": "Point", "coordinates": [-70.99582, 42.25445]}}, {"type": "Feature", "properties": {"crashes": 601, "injury": 166, "fatal": 1, "pedestrian": 0, "density": 35.4}, "geometry": {"type": "Point", "coordinates": [-71.02358, 42.23775]}}, {"type": "Feature", "properties": {"crashes": 589, "injury": 165, "fatal": 1, "pedestrian": 3, "density": 34.6}, "geometry": {"type": "Point", "coordinates": [-71.04238, 42.2858]}}, {"type": "Feature", "properties": {"crashes": 584, "injury": 173, "fatal": 4, "pedestrian": 1, "density": 34.4}, "geometry": {"type": "Point", "coordinates": [-70.95172, 42.19354]}}, {"type": "Feature", "properties": {"crashes": 570, "injury": 110, "fatal": 1, "pedestrian": 24, "density": 33.5}, "geometry": {"type": "Point", "coordinates": [-71.02796, 42.27564]}}, {"type": "Feature", "properties": {"crashes": 535, "injury": 104, "fatal": 0, "pedestrian": 10, "density": 31.5}, "geometry": {"type": "Point", "coordinates": [-71.00389, 42.24174]}}, {"type": "Feature", "properties": {"crashes": 511, "injury": 113, "fatal": 0, "pedestrian": 1, "density": 30.1}, "geometry": {"type": "Point", "coordinates": [-70.95001, 42.12937]}}, {"type": "Feature", "properties": {"crashes": 510, "injury": 170, "fatal": 1, "pedestrian": 0, "density": 30.0}, "geometry": {"type": "Point", "coordinates": [-71.0318, 42.2227]}}, {"type": "Feature", "properties": {"crashes": 496, "injury": 130, "fatal": 6, "pedestrian": 0, "density": 29.2}, "geometry": {"type": "Point", "coordinates": [-70.91608, 42.17881]}}, {"type": "Feature", "properties": {"crashes": 494, "injury": 99, "fatal": 2, "pedestrian": 18, "density": 29.1}, "geometry": {"type": "Point", "coordinates": [-71.00025, 42.24577]}}, {"type": "Feature", "properties": {"crashes": 490, "injury": 101, "fatal": 0, "pedestrian": 5, "density": 28.8}, "geometry": {"type": "Point", "coordinates": [-70.95528, 42.17983]}}, {"type": "Feature", "properties": {"crashes": 484, "injury": 97, "fatal": 2, "pedestrian": 21, "density": 28.5}, "geometry": {"type": "Point", "coordinates": [-71.00396, 42.24858]}}, {"type": "Feature", "properties": {"crashes": 484, "injury": 151, "fatal": 1, "pedestrian": 0, "density": 28.5}, "geometry": {"type": "Point", "coordinates": [-71.04003, 42.25571]}}, {"type": "Feature", "properties": {"crashes": 481, "injury": 70, "fatal": 0, "pedestrian": 5, "density": 28.3}, "geometry": {"type": "Point", "coordinates": [-70.95062, 42.17432]}}, {"type": "Feature", "properties": {"crashes": 474, "injury": 139, "fatal": 1, "pedestrian": 0, "density": 27.9}, "geometry": {"type": "Point", "coordinates": [-71.04814, 42.2999]}}, {"type": "Feature", "properties": {"crashes": 464, "injury": 104, "fatal": 0, "pedestrian": 6, "density": 27.3}, "geometry": {"type": "Point", "coordinates": [-70.9456, 42.20145]}}, {"type": "Feature", "properties": {"crashes": 464, "injury": 87, "fatal": 0, "pedestrian": 9, "density": 27.3}, "geometry": {"type": "Point", "coordinates": [-71.01984, 42.26572]}}, {"type": "Feature", "properties": {"crashes": 457, "injury": 117, "fatal": 0, "pedestrian": 8, "density": 26.9}, "geometry": {"type": "Point", "coordinates": [-71.04349, 42.1657]}}, {"type": "Feature", "properties": {"crashes": 447, "injury": 75, "fatal": 0, "pedestrian": 6, "density": 26.3}, "geometry": {"type": "Point", "coordinates": [-70.98237, 42.24803]}}, {"type": "Feature", "properties": {"crashes": 440, "injury": 82, "fatal": 0, "pedestrian": 34, "density": 25.9}, "geometry": {"type": "Point", "coordinates": [-71.0041, 42.25218]}}, {"type": "Feature", "properties": {"crashes": 437, "injury": 122, "fatal": 1, "pedestrian": 0, "density": 25.7}, "geometry": {"type": "Point", "coordinates": [-71.02434, 42.22428]}}, {"type": "Feature", "properties": {"crashes": 435, "injury": 86, "fatal": 1, "pedestrian": 4, "density": 25.6}, "geometry": {"type": "Point", "coordinates": [-70.95734, 42.20793]}}, {"type": "Feature", "properties": {"crashes": 431, "injury": 145, "fatal": 0, "pedestrian": 4, "density": 25.4}, "geometry": {"type": "Point", "coordinates": [-71.02813, 42.22047]}}, {"type": "Feature", "properties": {"crashes": 427, "injury": 106, "fatal": 0, "pedestrian": 1, "density": 25.1}, "geometry": {"type": "Point", "coordinates": [-70.95539, 42.17165]}}, {"type": "Feature", "properties": {"crashes": 408, "injury": 100, "fatal": 1, "pedestrian": 4, "density": 24.0}, "geometry": {"type": "Point", "coordinates": [-70.92648, 42.19591]}}, {"type": "Feature", "properties": {"crashes": 398, "injury": 71, "fatal": 0, "pedestrian": 5, "density": 23.4}, "geometry": {"type": "Point", "coordinates": [-70.99668, 42.25549]}}, {"type": "Feature", "properties": {"crashes": 397, "injury": 111, "fatal": 0, "pedestrian": 10, "density": 23.4}, "geometry": {"type": "Point", "coordinates": [-71.00851, 42.1545]}}, {"type": "Feature", "properties": {"crashes": 386, "injury": 105, "fatal": 0, "pedestrian": 5, "density": 22.7}, "geometry": {"type": "Point", "coordinates": [-71.01034, 42.23257]}}, {"type": "Feature", "properties": {"crashes": 382, "injury": 64, "fatal": 0, "pedestrian": 5, "density": 22.5}, "geometry": {"type": "Point", "coordinates": [-70.90368, 42.24932]}}, {"type": "Feature", "properties": {"crashes": 379, "injury": 55, "fatal": 1, "pedestrian": 15, "density": 22.3}, "geometry": {"type": "Point", "coordinates": [-71.01607, 42.26766]}}, {"type": "Feature", "properties": {"crashes": 374, "injury": 94, "fatal": 1, "pedestrian": 10, "density": 22.0}, "geometry": {"type": "Point", "coordinates": [-71.0415, 42.16237]}}, {"type": "Feature", "properties": {"crashes": 351, "injury": 88, "fatal": 0, "pedestrian": 2, "density": 20.6}, "geometry": {"type": "Point", "coordinates": [-70.95587, 42.1996]}}, {"type": "Feature", "properties": {"crashes": 351, "injury": 63, "fatal": 1, "pedestrian": 10, "density": 20.6}, "geometry": {"type": "Point", "coordinates": [-70.96793, 42.21951]}}, {"type": "Feature", "properties": {"crashes": 347, "injury": 48, "fatal": 0, "pedestrian": 21, "density": 20.4}, "geometry": {"type": "Point", "coordinates": [-71.02584, 42.27384]}}, {"type": "Feature", "properties": {"crashes": 347, "injury": 88, "fatal": 0, "pedestrian": 4, "density": 20.4}, "geometry": {"type": "Point", "coordinates": [-70.93218, 42.11002]}}, {"type": "Feature", "properties": {"crashes": 346, "injury": 47, "fatal": 0, "pedestrian": 10, "density": 20.4}, "geometry": {"type": "Point", "coordinates": [-70.94596, 42.20026]}}, {"type": "Feature", "properties": {"crashes": 340, "injury": 73, "fatal": 0, "pedestrian": 4, "density": 20.0}, "geometry": {"type": "Point", "coordinates": [-70.95559, 42.17025]}}, {"type": "Feature", "properties": {"crashes": 336, "injury": 89, "fatal": 0, "pedestrian": 3, "density": 19.8}, "geometry": {"type": "Point", "coordinates": [-70.95541, 42.17659]}}, {"type": "Feature", "properties": {"crashes": 335, "injury": 59, "fatal": 0, "pedestrian": 20, "density": 19.7}, "geometry": {"type": "Point", "coordinates": [-71.00199, 42.25145]}}, {"type": "Feature", "properties": {"crashes": 334, "injury": 95, "fatal": 1, "pedestrian": 0, "density": 19.6}, "geometry": {"type": "Point", "coordinates": [-70.99255, 42.20572]}}, {"type": "Feature", "properties": {"crashes": 326, "injury": 92, "fatal": 0, "pedestrian": 0, "density": 19.2}, "geometry": {"type": "Point", "coordinates": [-71.02648, 42.24219]}}, {"type": "Feature", "properties": {"crashes": 323, "injury": 125, "fatal": 0, "pedestrian": 5, "density": 19.0}, "geometry": {"type": "Point", "coordinates": [-71.02541, 42.10483]}}, {"type": "Feature", "properties": {"crashes": 323, "injury": 80, "fatal": 0, "pedestrian": 0, "density": 19.0}, "geometry": {"type": "Point", "coordinates": [-70.91624, 42.17914]}}, {"type": "Feature", "properties": {"crashes": 322, "injury": 94, "fatal": 0, "pedestrian": 0, "density": 18.9}, "geometry": {"type": "Point", "coordinates": [-71.04608, 42.26527]}}, {"type": "Feature", "properties": {"crashes": 315, "injury": 76, "fatal": 0, "pedestrian": 9, "density": 18.5}, "geometry": {"type": "Point", "coordinates": [-70.99835, 42.25021]}}, {"type": "Feature", "properties": {"crashes": 314, "injury": 87, "fatal": 2, "pedestrian": 8, "density": 18.5}, "geometry": {"type": "Point", "coordinates": [-71.04601, 42.16997]}}, {"type": "Feature", "properties": {"crashes": 312, "injury": 98, "fatal": 0, "pedestrian": 0, "density": 18.4}, "geometry": {"type": "Point", "coordinates": [-71.02328, 42.23331]}}, {"type": "Feature", "properties": {"crashes": 312, "injury": 78, "fatal": 0, "pedestrian": 7, "density": 18.4}, "geometry": {"type": "Point", "coordinates": [-70.96373, 42.21635]}}, {"type": "Feature", "properties": {"crashes": 311, "injury": 61, "fatal": 0, "pedestrian": 5, "density": 18.3}, "geometry": {"type": "Point", "coordinates": [-71.0038, 42.24586]}}, {"type": "Feature", "properties": {"crashes": 309, "injury": 135, "fatal": 0, "pedestrian": 4, "density": 18.2}, "geometry": {"type": "Point", "coordinates": [-71.02407, 42.10783]}}, {"type": "Feature", "properties": {"crashes": 301, "injury": 82, "fatal": 1, "pedestrian": 1, "density": 17.7}, "geometry": {"type": "Point", "coordinates": [-70.94865, 42.10595]}}, {"type": "Feature", "properties": {"crashes": 298, "injury": 50, "fatal": 0, "pedestrian": 21, "density": 17.5}, "geometry": {"type": "Point", "coordinates": [-71.00252, 42.24977]}}, {"type": "Feature", "properties": {"crashes": 295, "injury": 105, "fatal": 0, "pedestrian": 0, "density": 17.4}, "geometry": {"type": "Point", "coordinates": [-71.01977, 42.21202]}}, {"type": "Feature", "properties": {"crashes": 286, "injury": 61, "fatal": 0, "pedestrian": 1, "density": 16.8}, "geometry": {"type": "Point", "coordinates": [-71.04185, 42.25831]}}, {"type": "Feature", "properties": {"crashes": 286, "injury": 72, "fatal": 0, "pedestrian": 4, "density": 16.8}, "geometry": {"type": "Point", "coordinates": [-71.00971, 42.25604]}}, {"type": "Feature", "properties": {"crashes": 281, "injury": 108, "fatal": 0, "pedestrian": 0, "density": 16.5}, "geometry": {"type": "Point", "coordinates": [-71.03078, 42.22273]}}, {"type": "Feature", "properties": {"crashes": 279, "injury": 126, "fatal": 0, "pedestrian": 0, "density": 16.4}, "geometry": {"type": "Point", "coordinates": [-70.99749, 42.20958]}}, {"type": "Feature", "properties": {"crashes": 278, "injury": 62, "fatal": 0, "pedestrian": 14, "density": 16.4}, "geometry": {"type": "Point", "coordinates": [-71.01417, 42.26623]}}, {"type": "Feature", "properties": {"crashes": 276, "injury": 74, "fatal": 1, "pedestrian": 0, "density": 16.2}, "geometry": {"type": "Point", "coordinates": [-70.99709, 42.21468]}}, {"type": "Feature", "properties": {"crashes": 275, "injury": 67, "fatal": 0, "pedestrian": 3, "density": 16.2}, "geometry": {"type": "Point", "coordinates": [-70.9438, 42.24389]}}, {"type": "Feature", "properties": {"crashes": 274, "injury": 77, "fatal": 0, "pedestrian": 9, "density": 16.1}, "geometry": {"type": "Point", "coordinates": [-71.00865, 42.25819]}}, {"type": "Feature", "properties": {"crashes": 273, "injury": 58, "fatal": 1, "pedestrian": 4, "density": 16.1}, "geometry": {"type": "Point", "coordinates": [-71.00596, 42.25359]}}, {"type": "Feature", "properties": {"crashes": 271, "injury": 79, "fatal": 3, "pedestrian": 4, "density": 15.9}, "geometry": {"type": "Point", "coordinates": [-71.00608, 42.24037]}}, {"type": "Feature", "properties": {"crashes": 269, "injury": 65, "fatal": 2, "pedestrian": 4, "density": 15.8}, "geometry": {"type": "Point", "coordinates": [-70.98065, 42.23676]}}, {"type": "Feature", "properties": {"crashes": 257, "injury": 42, "fatal": 0, "pedestrian": 9, "density": 15.1}, "geometry": {"type": "Point", "coordinates": [-70.95406, 42.17264]}}, {"type": "Feature", "properties": {"crashes": 253, "injury": 34, "fatal": 0, "pedestrian": 0, "density": 14.9}, "geometry": {"type": "Point", "coordinates": [-70.88529, 42.17474]}}, {"type": "Feature", "properties": {"crashes": 252, "injury": 124, "fatal": 0, "pedestrian": 3, "density": 14.8}, "geometry": {"type": "Point", "coordinates": [-71.03973, 42.10119]}}, {"type": "Feature", "properties": {"crashes": 252, "injury": 54, "fatal": 1, "pedestrian": 4, "density": 14.8}, "geometry": {"type": "Point", "coordinates": [-70.88453, 42.17419]}}, {"type": "Feature", "properties": {"crashes": 252, "injury": 85, "fatal": 1, "pedestrian": 2, "density": 14.8}, "geometry": {"type": "Point", "coordinates": [-70.89392, 42.16574]}}, {"type": "Feature", "properties": {"crashes": 250, "injury": 55, "fatal": 0, "pedestrian": 6, "density": 14.7}, "geometry": {"type": "Point", "coordinates": [-70.95529, 42.1681]}}, {"type": "Feature", "properties": {"crashes": 244, "injury": 70, "fatal": 1, "pedestrian": 0, "density": 14.4}, "geometry": {"type": "Point", "coordinates": [-70.88856, 42.16442]}}, {"type": "Feature", "properties": {"crashes": 242, "injury": 62, "fatal": 0, "pedestrian": 0, "density": 14.2}, "geometry": {"type": "Point", "coordinates": [-70.95522, 42.15239]}}, {"type": "Feature", "properties": {"crashes": 241, "injury": 57, "fatal": 0, "pedestrian": 2, "density": 14.2}, "geometry": {"type": "Point", "coordinates": [-70.99786, 42.24384]}}, {"type": "Feature", "properties": {"crashes": 241, "injury": 77, "fatal": 1, "pedestrian": 0, "density": 14.2}, "geometry": {"type": "Point", "coordinates": [-70.89267, 42.16609]}}, {"type": "Feature", "properties": {"crashes": 235, "injury": 45, "fatal": 0, "pedestrian": 18, "density": 13.8}, "geometry": {"type": "Point", "coordinates": [-71.00167, 42.2481]}}, {"type": "Feature", "properties": {"crashes": 231, "injury": 57, "fatal": 0, "pedestrian": 5, "density": 13.6}, "geometry": {"type": "Point", "coordinates": [-70.95988, 42.24257]}}, {"type": "Feature", "properties": {"crashes": 229, "injury": 35, "fatal": 0, "pedestrian": 22, "density": 13.5}, "geometry": {"type": "Point", "coordinates": [-71.0183, 42.26624]}}, {"type": "Feature", "properties": {"crashes": 229, "injury": 57, "fatal": 0, "pedestrian": 0, "density": 13.5}, "geometry": {"type": "Point", "coordinates": [-71.02028, 42.22683]}}, {"type": "Feature", "properties": {"crashes": 227, "injury": 62, "fatal": 1, "pedestrian": 8, "density": 13.4}, "geometry": {"type": "Point", "coordinates": [-70.99584, 42.2427]}}, {"type": "Feature", "properties": {"crashes": 223, "injury": 65, "fatal": 0, "pedestrian": 2, "density": 13.1}, "geometry": {"type": "Point", "coordinates": [-71.02475, 42.25365]}}, {"type": "Feature", "properties": {"crashes": 222, "injury": 65, "fatal": 0, "pedestrian": 4, "density": 13.1}, "geometry": {"type": "Point", "coordinates": [-71.0421, 42.16374]}}, {"type": "Feature", "properties": {"crashes": 221, "injury": 42, "fatal": 0, "pedestrian": 1, "density": 13.0}, "geometry": {"type": "Point", "coordinates": [-70.95579, 42.19832]}}, {"type": "Feature", "properties": {"crashes": 220, "injury": 62, "fatal": 0, "pedestrian": 2, "density": 12.9}, "geometry": {"type": "Point", "coordinates": [-71.00776, 42.23414]}}, {"type": "Feature", "properties": {"crashes": 219, "injury": 37, "fatal": 1, "pedestrian": 6, "density": 12.9}, "geometry": {"type": "Point", "coordinates": [-70.99147, 42.24139]}}, {"type": "Feature", "properties": {"crashes": 218, "injury": 79, "fatal": 1, "pedestrian": 1, "density": 12.8}, "geometry": {"type": "Point", "coordinates": [-71.03163, 42.24467]}}, {"type": "Feature", "properties": {"crashes": 218, "injury": 34, "fatal": 0, "pedestrian": 0, "density": 12.8}, "geometry": {"type": "Point", "coordinates": [-70.9003, 42.18062]}}, {"type": "Feature", "properties": {"crashes": 218, "injury": 67, "fatal": 0, "pedestrian": 3, "density": 12.8}, "geometry": {"type": "Point", "coordinates": [-71.04334, 42.28585]}}, {"type": "Feature", "properties": {"crashes": 217, "injury": 43, "fatal": 0, "pedestrian": 3, "density": 12.8}, "geometry": {"type": "Point", "coordinates": [-70.90602, 42.18037]}}, {"type": "Feature", "properties": {"crashes": 216, "injury": 60, "fatal": 1, "pedestrian": 2, "density": 12.7}, "geometry": {"type": "Point", "coordinates": [-71.01142, 42.25741]}}, {"type": "Feature", "properties": {"crashes": 214, "injury": 47, "fatal": 1, "pedestrian": 1, "density": 12.6}, "geometry": {"type": "Point", "coordinates": [-70.94969, 42.19396]}}, {"type": "Feature", "properties": {"crashes": 212, "injury": 39, "fatal": 0, "pedestrian": 4, "density": 12.5}, "geometry": {"type": "Point", "coordinates": [-70.93995, 42.2443]}}, {"type": "Feature", "properties": {"crashes": 212, "injury": 47, "fatal": 0, "pedestrian": 2, "density": 12.5}, "geometry": {"type": "Point", "coordinates": [-70.94927, 42.10268]}}, {"type": "Feature", "properties": {"crashes": 211, "injury": 37, "fatal": 0, "pedestrian": 7, "density": 12.4}, "geometry": {"type": "Point", "coordinates": [-71.02409, 42.27245]}}, {"type": "Feature", "properties": {"crashes": 210, "injury": 64, "fatal": 0, "pedestrian": 3, "density": 12.4}, "geometry": {"type": "Point", "coordinates": [-71.04001, 42.13245]}}, {"type": "Feature", "properties": {"crashes": 209, "injury": 44, "fatal": 0, "pedestrian": 7, "density": 12.3}, "geometry": {"type": "Point", "coordinates": [-70.98396, 42.23937]}}, {"type": "Feature", "properties": {"crashes": 208, "injury": 51, "fatal": 1, "pedestrian": 6, "density": 12.2}, "geometry": {"type": "Point", "coordinates": [-70.99421, 42.24209]}}, {"type": "Feature", "properties": {"crashes": 208, "injury": 37, "fatal": 0, "pedestrian": 3, "density": 12.2}, "geometry": {"type": "Point", "coordinates": [-70.88417, 42.24529]}}, {"type": "Feature", "properties": {"crashes": 208, "injury": 74, "fatal": 2, "pedestrian": 0, "density": 12.2}, "geometry": {"type": "Point", "coordinates": [-71.03124, 42.22339]}}, {"type": "Feature", "properties": {"crashes": 207, "injury": 62, "fatal": 2, "pedestrian": 1, "density": 12.2}, "geometry": {"type": "Point", "coordinates": [-71.0046, 42.22586]}}, {"type": "Feature", "properties": {"crashes": 206, "injury": 42, "fatal": 0, "pedestrian": 8, "density": 12.1}, "geometry": {"type": "Point", "coordinates": [-71.0277, 42.27261]}}, {"type": "Feature", "properties": {"crashes": 206, "injury": 41, "fatal": 0, "pedestrian": 1, "density": 12.1}, "geometry": {"type": "Point", "coordinates": [-70.97446, 42.24602]}}, {"type": "Feature", "properties": {"crashes": 206, "injury": 35, "fatal": 0, "pedestrian": 5, "density": 12.1}, "geometry": {"type": "Point", "coordinates": [-70.92572, 42.21594]}}, {"type": "Feature", "properties": {"crashes": 204, "injury": 45, "fatal": 0, "pedestrian": 1, "density": 12.0}, "geometry": {"type": "Point", "coordinates": [-70.95025, 42.10596]}}, {"type": "Feature", "properties": {"crashes": 203, "injury": 68, "fatal": 0, "pedestrian": 1, "density": 11.9}, "geometry": {"type": "Point", "coordinates": [-71.03583, 42.12553]}}, {"type": "Feature", "properties": {"crashes": 201, "injury": 93, "fatal": 0, "pedestrian": 3, "density": 11.8}, "geometry": {"type": "Point", "coordinates": [-71.01959, 42.10192]}}, {"type": "Feature", "properties": {"crashes": 200, "injury": 30, "fatal": 0, "pedestrian": 0, "density": 11.8}, "geometry": {"type": "Point", "coordinates": [-71.03365, 42.25629]}}, {"type": "Feature", "properties": {"crashes": 197, "injury": 44, "fatal": 0, "pedestrian": 0, "density": 11.6}, "geometry": {"type": "Point", "coordinates": [-70.95525, 42.18213]}}, {"type": "Feature", "properties": {"crashes": 196, "injury": 41, "fatal": 0, "pedestrian": 2, "density": 11.5}, "geometry": {"type": "Point", "coordinates": [-71.02213, 42.24315]}}, {"type": "Feature", "properties": {"crashes": 193, "injury": 35, "fatal": 0, "pedestrian": 8, "density": 11.4}, "geometry": {"type": "Point", "coordinates": [-71.00597, 42.24611]}}, {"type": "Feature", "properties": {"crashes": 193, "injury": 46, "fatal": 0, "pedestrian": 1, "density": 11.4}, "geometry": {"type": "Point", "coordinates": [-70.94405, 42.128]}}, {"type": "Feature", "properties": {"crashes": 191, "injury": 42, "fatal": 0, "pedestrian": 11, "density": 11.2}, "geometry": {"type": "Point", "coordinates": [-70.99977, 42.24955]}}, {"type": "Feature", "properties": {"crashes": 190, "injury": 47, "fatal": 0, "pedestrian": 4, "density": 11.2}, "geometry": {"type": "Point", "coordinates": [-71.0034, 42.24399]}}, {"type": "Feature", "properties": {"crashes": 187, "injury": 39, "fatal": 1, "pedestrian": 5, "density": 11.0}, "geometry": {"type": "Point", "coordinates": [-70.98002, 42.24748]}}, {"type": "Feature", "properties": {"crashes": 184, "injury": 75, "fatal": 1, "pedestrian": 13, "density": 10.8}, "geometry": {"type": "Point", "coordinates": [-71.02192, 42.10173]}}, {"type": "Feature", "properties": {"crashes": 184, "injury": 60, "fatal": 1, "pedestrian": 0, "density": 10.8}, "geometry": {"type": "Point", "coordinates": [-70.84187, 42.14956]}}, {"type": "Feature", "properties": {"crashes": 183, "injury": 70, "fatal": 0, "pedestrian": 0, "density": 10.8}, "geometry": {"type": "Point", "coordinates": [-70.99168, 42.15786]}}, {"type": "Feature", "properties": {"crashes": 183, "injury": 49, "fatal": 0, "pedestrian": 3, "density": 10.8}, "geometry": {"type": "Point", "coordinates": [-71.03576, 42.28149]}}, {"type": "Feature", "properties": {"crashes": 182, "injury": 46, "fatal": 0, "pedestrian": 4, "density": 10.7}, "geometry": {"type": "Point", "coordinates": [-71.01179, 42.26228]}}, {"type": "Feature", "properties": {"crashes": 180, "injury": 54, "fatal": 2, "pedestrian": 0, "density": 10.6}, "geometry": {"type": "Point", "coordinates": [-70.84563, 42.15165]}}, {"type": "Feature", "properties": {"crashes": 178, "injury": 20, "fatal": 0, "pedestrian": 5, "density": 10.5}, "geometry": {"type": "Point", "coordinates": [-70.95196, 42.1739]}}, {"type": "Feature", "properties": {"crashes": 176, "injury": 38, "fatal": 1, "pedestrian": 2, "density": 10.4}, "geometry": {"type": "Point", "coordinates": [-71.02398, 42.26962]}}, {"type": "Feature", "properties": {"crashes": 171, "injury": 39, "fatal": 0, "pedestrian": 6, "density": 10.1}, "geometry": {"type": "Point", "coordinates": [-70.92215, 42.21566]}}, {"type": "Feature", "properties": {"crashes": 171, "injury": 45, "fatal": 0, "pedestrian": 0, "density": 10.1}, "geometry": {"type": "Point", "coordinates": [-70.95415, 42.10445]}}, {"type": "Feature", "properties": {"crashes": 170, "injury": 29, "fatal": 0, "pedestrian": 1, "density": 10.0}, "geometry": {"type": "Point", "coordinates": [-71.00146, 42.23628]}}, {"type": "Feature", "properties": {"crashes": 170, "injury": 57, "fatal": 2, "pedestrian": 0, "density": 10.0}, "geometry": {"type": "Point", "coordinates": [-71.04797, 42.29387]}}, {"type": "Feature", "properties": {"crashes": 168, "injury": 49, "fatal": 1, "pedestrian": 7, "density": 9.9}, "geometry": {"type": "Point", "coordinates": [-71.03018, 42.27748]}}, {"type": "Feature", "properties": {"crashes": 168, "injury": 45, "fatal": 1, "pedestrian": 0, "density": 9.9}, "geometry": {"type": "Point", "coordinates": [-70.84955, 42.1526]}}, {"type": "Feature", "properties": {"crashes": 168, "injury": 48, "fatal": 0, "pedestrian": 2, "density": 9.9}, "geometry": {"type": "Point", "coordinates": [-70.99976, 42.20928]}}, {"type": "Feature", "properties": {"crashes": 167, "injury": 51, "fatal": 0, "pedestrian": 2, "density": 9.8}, "geometry": {"type": "Point", "coordinates": [-71.04824, 42.17433]}}, {"type": "Feature", "properties": {"crashes": 167, "injury": 33, "fatal": 1, "pedestrian": 1, "density": 9.8}, "geometry": {"type": "Point", "coordinates": [-70.85029, 42.15668]}}, {"type": "Feature", "properties": {"crashes": 164, "injury": 32, "fatal": 0, "pedestrian": 2, "density": 9.6}, "geometry": {"type": "Point", "coordinates": [-70.85836, 42.24315]}}, {"type": "Feature", "properties": {"crashes": 164, "injury": 41, "fatal": 0, "pedestrian": 7, "density": 9.6}, "geometry": {"type": "Point", "coordinates": [-71.0464, 42.16533]}}, {"type": "Feature", "properties": {"crashes": 163, "injury": 26, "fatal": 0, "pedestrian": 2, "density": 9.6}, "geometry": {"type": "Point", "coordinates": [-70.92458, 42.21197]}}, {"type": "Feature", "properties": {"crashes": 163, "injury": 84, "fatal": 0, "pedestrian": 3, "density": 9.6}, "geometry": {"type": "Point", "coordinates": [-71.02158, 42.10475]}}, {"type": "Feature", "properties": {"crashes": 162, "injury": 29, "fatal": 0, "pedestrian": 2, "density": 9.5}, "geometry": {"type": "Point", "coordinates": [-70.9953, 42.25999]}}, {"type": "Feature", "properties": {"crashes": 162, "injury": 38, "fatal": 0, "pedestrian": 3, "density": 9.5}, "geometry": {"type": "Point", "coordinates": [-70.95544, 42.17438]}}, {"type": "Feature", "properties": {"crashes": 162, "injury": 51, "fatal": 0, "pedestrian": 0, "density": 9.5}, "geometry": {"type": "Point", "coordinates": [-70.99623, 42.21016]}}, {"type": "Feature", "properties": {"crashes": 161, "injury": 47, "fatal": 1, "pedestrian": 1, "density": 9.5}, "geometry": {"type": "Point", "coordinates": [-70.95568, 42.19166]}}, {"type": "Feature", "properties": {"crashes": 161, "injury": 26, "fatal": 0, "pedestrian": 0, "density": 9.5}, "geometry": {"type": "Point", "coordinates": [-70.99467, 42.26027]}}, {"type": "Feature", "properties": {"crashes": 161, "injury": 33, "fatal": 0, "pedestrian": 10, "density": 9.5}, "geometry": {"type": "Point", "coordinates": [-71.03016, 42.27402]}}, {"type": "Feature", "properties": {"crashes": 159, "injury": 26, "fatal": 0, "pedestrian": 3, "density": 9.4}, "geometry": {"type": "Point", "coordinates": [-70.9499, 42.12787]}}, {"type": "Feature", "properties": {"crashes": 158, "injury": 36, "fatal": 0, "pedestrian": 4, "density": 9.3}, "geometry": {"type": "Point", "coordinates": [-70.97608, 42.2463]}}, {"type": "Feature", "properties": {"crashes": 157, "injury": 46, "fatal": 1, "pedestrian": 3, "density": 9.2}, "geometry": {"type": "Point", "coordinates": [-70.96166, 42.21411]}}, {"type": "Feature", "properties": {"crashes": 157, "injury": 55, "fatal": 0, "pedestrian": 0, "density": 9.2}, "geometry": {"type": "Point", "coordinates": [-70.99832, 42.20337]}}, {"type": "Feature", "properties": {"crashes": 156, "injury": 42, "fatal": 0, "pedestrian": 0, "density": 9.2}, "geometry": {"type": "Point", "coordinates": [-70.87859, 42.17197]}}, {"type": "Feature", "properties": {"crashes": 156, "injury": 50, "fatal": 1, "pedestrian": 2, "density": 9.2}, "geometry": {"type": "Point", "coordinates": [-70.97671, 42.13085]}}, {"type": "Feature", "properties": {"crashes": 155, "injury": 33, "fatal": 0, "pedestrian": 3, "density": 9.1}, "geometry": {"type": "Point", "coordinates": [-71.02348, 42.28752]}}, {"type": "Feature", "properties": {"crashes": 155, "injury": 36, "fatal": 0, "pedestrian": 1, "density": 9.1}, "geometry": {"type": "Point", "coordinates": [-70.92935, 42.19687]}}, {"type": "Feature", "properties": {"crashes": 155, "injury": 11, "fatal": 0, "pedestrian": 4, "density": 9.1}, "geometry": {"type": "Point", "coordinates": [-70.88989, 42.24207]}}, {"type": "Feature", "properties": {"crashes": 154, "injury": 40, "fatal": 0, "pedestrian": 10, "density": 9.1}, "geometry": {"type": "Point", "coordinates": [-70.9838, 42.24229]}}, {"type": "Feature", "properties": {"crashes": 150, "injury": 32, "fatal": 0, "pedestrian": 0, "density": 8.8}, "geometry": {"type": "Point", "coordinates": [-71.0363, 42.25188]}}, {"type": "Feature", "properties": {"crashes": 150, "injury": 48, "fatal": 0, "pedestrian": 0, "density": 8.8}, "geometry": {"type": "Point", "coordinates": [-71.04379, 42.26356]}}, {"type": "Feature", "properties": {"crashes": 148, "injury": 47, "fatal": 2, "pedestrian": 0, "density": 8.7}, "geometry": {"type": "Point", "coordinates": [-70.94203, 42.12586]}}, {"type": "Feature", "properties": {"crashes": 147, "injury": 48, "fatal": 0, "pedestrian": 1, "density": 8.6}, "geometry": {"type": "Point", "coordinates": [-70.98623, 42.2489]}}, {"type": "Feature", "properties": {"crashes": 147, "injury": 42, "fatal": 0, "pedestrian": 0, "density": 8.6}, "geometry": {"type": "Point", "coordinates": [-70.93636, 42.11601]}}, {"type": "Feature", "properties": {"crashes": 146, "injury": 10, "fatal": 1, "pedestrian": 7, "density": 8.6}, "geometry": {"type": "Point", "coordinates": [-70.88824, 42.24233]}}, {"type": "Feature", "properties": {"crashes": 146, "injury": 30, "fatal": 0, "pedestrian": 3, "density": 8.6}, "geometry": {"type": "Point", "coordinates": [-70.95563, 42.18957]}}, {"type": "Feature", "properties": {"crashes": 145, "injury": 32, "fatal": 1, "pedestrian": 3, "density": 8.5}, "geometry": {"type": "Point", "coordinates": [-70.98845, 42.25228]}}, {"type": "Feature", "properties": {"crashes": 143, "injury": 30, "fatal": 0, "pedestrian": 3, "density": 8.4}, "geometry": {"type": "Point", "coordinates": [-70.95628, 42.20575]}}, {"type": "Feature", "properties": {"crashes": 143, "injury": 32, "fatal": 0, "pedestrian": 4, "density": 8.4}, "geometry": {"type": "Point", "coordinates": [-70.95604, 42.20395]}}, {"type": "Feature", "properties": {"crashes": 143, "injury": 33, "fatal": 0, "pedestrian": 1, "density": 8.4}, "geometry": {"type": "Point", "coordinates": [-71.00962, 42.12751]}}, {"type": "Feature", "properties": {"crashes": 143, "injury": 51, "fatal": 0, "pedestrian": 6, "density": 8.4}, "geometry": {"type": "Point", "coordinates": [-70.91395, 42.12236]}}, {"type": "Feature", "properties": {"crashes": 142, "injury": 37, "fatal": 0, "pedestrian": 3, "density": 8.4}, "geometry": {"type": "Point", "coordinates": [-71.04457, 42.16767]}}, {"type": "Feature", "properties": {"crashes": 141, "injury": 26, "fatal": 0, "pedestrian": 2, "density": 8.3}, "geometry": {"type": "Point", "coordinates": [-70.94361, 42.20972]}}, {"type": "Feature", "properties": {"crashes": 141, "injury": 52, "fatal": 0, "pedestrian": 4, "density": 8.3}, "geometry": {"type": "Point", "coordinates": [-71.00399, 42.20795]}}, {"type": "Feature", "properties": {"crashes": 140, "injury": 26, "fatal": 0, "pedestrian": 4, "density": 8.2}, "geometry": {"type": "Point", "coordinates": [-71.00211, 42.24452]}}, {"type": "Feature", "properties": {"crashes": 140, "injury": 31, "fatal": 0, "pedestrian": 4, "density": 8.2}, "geometry": {"type": "Point", "coordinates": [-71.03229, 42.25588]}}, {"type": "Feature", "properties": {"crashes": 140, "injury": 35, "fatal": 0, "pedestrian": 1, "density": 8.2}, "geometry": {"type": "Point", "coordinates": [-71.03006, 42.25051]}}, {"type": "Feature", "properties": {"crashes": 139, "injury": 20, "fatal": 0, "pedestrian": 1, "density": 8.2}, "geometry": {"type": "Point", "coordinates": [-70.88189, 42.24591]}}, {"type": "Feature", "properties": {"crashes": 139, "injury": 27, "fatal": 0, "pedestrian": 7, "density": 8.2}, "geometry": {"type": "Point", "coordinates": [-71.02936, 42.27685]}}, {"type": "Feature", "properties": {"crashes": 139, "injury": 38, "fatal": 0, "pedestrian": 0, "density": 8.2}, "geometry": {"type": "Point", "coordinates": [-71.00585, 42.23877]}}, {"type": "Feature", "properties": {"crashes": 139, "injury": 56, "fatal": 0, "pedestrian": 0, "density": 8.2}, "geometry": {"type": "Point", "coordinates": [-70.96043, 42.1961]}}, {"type": "Feature", "properties": {"crashes": 138, "injury": 34, "fatal": 0, "pedestrian": 3, "density": 8.1}, "geometry": {"type": "Point", "coordinates": [-70.94426, 42.10766]}}, {"type": "Feature", "properties": {"crashes": 138, "injury": 33, "fatal": 0, "pedestrian": 2, "density": 8.1}, "geometry": {"type": "Point", "coordinates": [-70.95527, 42.16606]}}, {"type": "Feature", "properties": {"crashes": 138, "injury": 21, "fatal": 0, "pedestrian": 0, "density": 8.1}, "geometry": {"type": "Point", "coordinates": [-70.94553, 42.17905]}}, {"type": "Feature", "properties": {"crashes": 136, "injury": 31, "fatal": 0, "pedestrian": 0, "density": 8.0}, "geometry": {"type": "Point", "coordinates": [-70.95534, 42.17826]}}, {"type": "Feature", "properties": {"crashes": 135, "injury": 23, "fatal": 0, "pedestrian": 0, "density": 7.9}, "geometry": {"type": "Point", "coordinates": [-70.90346, 42.18263]}}, {"type": "Feature", "properties": {"crashes": 134, "injury": 14, "fatal": 1, "pedestrian": 6, "density": 7.9}, "geometry": {"type": "Point", "coordinates": [-70.9459, 42.10611]}}, {"type": "Feature", "properties": {"crashes": 134, "injury": 29, "fatal": 0, "pedestrian": 2, "density": 7.9}, "geometry": {"type": "Point", "coordinates": [-71.00367, 42.23834]}}, {"type": "Feature", "properties": {"crashes": 132, "injury": 69, "fatal": 2, "pedestrian": 1, "density": 7.8}, "geometry": {"type": "Point", "coordinates": [-71.03536, 42.10089]}}, {"type": "Feature", "properties": {"crashes": 132, "injury": 29, "fatal": 0, "pedestrian": 2, "density": 7.8}, "geometry": {"type": "Point", "coordinates": [-70.94404, 42.20371]}}, {"type": "Feature", "properties": {"crashes": 132, "injury": 36, "fatal": 0, "pedestrian": 1, "density": 7.8}, "geometry": {"type": "Point", "coordinates": [-71.03546, 42.12451]}}, {"type": "Feature", "properties": {"crashes": 131, "injury": 32, "fatal": 0, "pedestrian": 3, "density": 7.7}, "geometry": {"type": "Point", "coordinates": [-70.95528, 42.16433]}}, {"type": "Feature", "properties": {"crashes": 130, "injury": 29, "fatal": 0, "pedestrian": 0, "density": 7.6}, "geometry": {"type": "Point", "coordinates": [-70.97834, 42.26064]}}, {"type": "Feature", "properties": {"crashes": 130, "injury": 35, "fatal": 0, "pedestrian": 1, "density": 7.6}, "geometry": {"type": "Point", "coordinates": [-70.94934, 42.12249]}}, {"type": "Feature", "properties": {"crashes": 130, "injury": 30, "fatal": 0, "pedestrian": 2, "density": 7.6}, "geometry": {"type": "Point", "coordinates": [-71.04221, 42.25997]}}, {"type": "Feature", "properties": {"crashes": 130, "injury": 28, "fatal": 0, "pedestrian": 2, "density": 7.6}, "geometry": {"type": "Point", "coordinates": [-71.0058, 42.20202]}}, {"type": "Feature", "properties": {"crashes": 129, "injury": 56, "fatal": 0, "pedestrian": 7, "density": 7.6}, "geometry": {"type": "Point", "coordinates": [-71.02406, 42.10402]}}, {"type": "Feature", "properties": {"crashes": 129, "injury": 30, "fatal": 0, "pedestrian": 3, "density": 7.6}, "geometry": {"type": "Point", "coordinates": [-70.94385, 42.22986]}}, {"type": "Feature", "properties": {"crashes": 128, "injury": 33, "fatal": 2, "pedestrian": 0, "density": 7.5}, "geometry": {"type": "Point", "coordinates": [-71.02989, 42.24358]}}, {"type": "Feature", "properties": {"crashes": 127, "injury": 44, "fatal": 0, "pedestrian": 0, "density": 7.5}, "geometry": {"type": "Point", "coordinates": [-70.97011, 42.13316]}}, {"type": "Feature", "properties": {"crashes": 127, "injury": 37, "fatal": 1, "pedestrian": 0, "density": 7.5}, "geometry": {"type": "Point", "coordinates": [-70.89858, 42.1678]}}, {"type": "Feature", "properties": {"crashes": 126, "injury": 41, "fatal": 0, "pedestrian": 0, "density": 7.4}, "geometry": {"type": "Point", "coordinates": [-70.88623, 42.17026]}}, {"type": "Feature", "properties": {"crashes": 126, "injury": 37, "fatal": 1, "pedestrian": 1, "density": 7.4}, "geometry": {"type": "Point", "coordinates": [-71.0408, 42.12206]}}, {"type": "Feature", "properties": {"crashes": 126, "injury": 48, "fatal": 0, "pedestrian": 2, "density": 7.4}, "geometry": {"type": "Point", "coordinates": [-71.04637, 42.28409]}}, {"type": "Feature", "properties": {"crashes": 125, "injury": 32, "fatal": 0, "pedestrian": 1, "density": 7.4}, "geometry": {"type": "Point", "coordinates": [-70.98608, 42.26219]}}, {"type": "Feature", "properties": {"crashes": 124, "injury": 60, "fatal": 3, "pedestrian": 1, "density": 7.3}, "geometry": {"type": "Point", "coordinates": [-71.00128, 42.12285]}}, {"type": "Feature", "properties": {"crashes": 123, "injury": 43, "fatal": 1, "pedestrian": 2, "density": 7.2}, "geometry": {"type": "Point", "coordinates": [-70.92915, 42.10559]}}, {"type": "Feature", "properties": {"crashes": 123, "injury": 34, "fatal": 0, "pedestrian": 9, "density": 7.2}, "geometry": {"type": "Point", "coordinates": [-71.01558, 42.24233]}}, {"type": "Feature", "properties": {"crashes": 123, "injury": 31, "fatal": 0, "pedestrian": 0, "density": 7.2}, "geometry": {"type": "Point", "coordinates": [-70.95546, 42.18388]}}, {"type": "Feature", "properties": {"crashes": 122, "injury": 22, "fatal": 0, "pedestrian": 4, "density": 7.2}, "geometry": {"type": "Point", "coordinates": [-71.00805, 42.25598]}}, {"type": "Feature", "properties": {"crashes": 122, "injury": 38, "fatal": 0, "pedestrian": 2, "density": 7.2}, "geometry": {"type": "Point", "coordinates": [-71.0087, 42.14577]}}, {"type": "Feature", "properties": {"crashes": 121, "injury": 32, "fatal": 0, "pedestrian": 4, "density": 7.1}, "geometry": {"type": "Point", "coordinates": [-71.00868, 42.1481]}}, {"type": "Feature", "properties": {"crashes": 121, "injury": 26, "fatal": 0, "pedestrian": 3, "density": 7.1}, "geometry": {"type": "Point", "coordinates": [-70.98947, 42.25231]}}, {"type": "Feature", "properties": {"crashes": 121, "injury": 39, "fatal": 1, "pedestrian": 0, "density": 7.1}, "geometry": {"type": "Point", "coordinates": [-70.86581, 42.24341]}}, {"type": "Feature", "properties": {"crashes": 121, "injury": 15, "fatal": 0, "pedestrian": 1, "density": 7.1}, "geometry": {"type": "Point", "coordinates": [-70.88395, 42.20533]}}, {"type": "Feature", "properties": {"crashes": 121, "injury": 32, "fatal": 0, "pedestrian": 0, "density": 7.1}, "geometry": {"type": "Point", "coordinates": [-70.96761, 42.21441]}}, {"type": "Feature", "properties": {"crashes": 120, "injury": 28, "fatal": 0, "pedestrian": 5, "density": 7.1}, "geometry": {"type": "Point", "coordinates": [-71.01785, 42.2685]}}, {"type": "Feature", "properties": {"crashes": 119, "injury": 34, "fatal": 1, "pedestrian": 1, "density": 7.0}, "geometry": {"type": "Point", "coordinates": [-71.00791, 42.24019]}}, {"type": "Feature", "properties": {"crashes": 119, "injury": 23, "fatal": 0, "pedestrian": 3, "density": 7.0}, "geometry": {"type": "Point", "coordinates": [-70.966, 42.21804]}}, {"type": "Feature", "properties": {"crashes": 119, "injury": 46, "fatal": 0, "pedestrian": 8, "density": 7.0}, "geometry": {"type": "Point", "coordinates": [-70.91467, 42.12749]}}, {"type": "Feature", "properties": {"crashes": 118, "injury": 22, "fatal": 0, "pedestrian": 2, "density": 6.9}, "geometry": {"type": "Point", "coordinates": [-70.93673, 42.21758]}}, {"type": "Feature", "properties": {"crashes": 118, "injury": 35, "fatal": 1, "pedestrian": 5, "density": 6.9}, "geometry": {"type": "Point", "coordinates": [-70.97801, 42.24671]}}, {"type": "Feature", "properties": {"crashes": 118, "injury": 26, "fatal": 0, "pedestrian": 2, "density": 6.9}, "geometry": {"type": "Point", "coordinates": [-70.94934, 42.24317]}}, {"type": "Feature", "properties": {"crashes": 117, "injury": 16, "fatal": 0, "pedestrian": 5, "density": 6.9}, "geometry": {"type": "Point", "coordinates": [-71.00258, 42.24609]}}, {"type": "Feature", "properties": {"crashes": 117, "injury": 27, "fatal": 0, "pedestrian": 2, "density": 6.9}, "geometry": {"type": "Point", "coordinates": [-70.89675, 42.24141]}}, {"type": "Feature", "properties": {"crashes": 117, "injury": 25, "fatal": 0, "pedestrian": 0, "density": 6.9}, "geometry": {"type": "Point", "coordinates": [-71.03416, 42.28025]}}, {"type": "Feature", "properties": {"crashes": 117, "injury": 23, "fatal": 0, "pedestrian": 2, "density": 6.9}, "geometry": {"type": "Point", "coordinates": [-70.98274, 42.24989]}}, {"type": "Feature", "properties": {"crashes": 117, "injury": 34, "fatal": 0, "pedestrian": 0, "density": 6.9}, "geometry": {"type": "Point", "coordinates": [-70.8514, 42.17729]}}, {"type": "Feature", "properties": {"crashes": 116, "injury": 47, "fatal": 0, "pedestrian": 7, "density": 6.8}, "geometry": {"type": "Point", "coordinates": [-71.02226, 42.10572]}}, {"type": "Feature", "properties": {"crashes": 115, "injury": 19, "fatal": 0, "pedestrian": 2, "density": 6.8}, "geometry": {"type": "Point", "coordinates": [-71.00344, 42.25012]}}, {"type": "Feature", "properties": {"crashes": 115, "injury": 22, "fatal": 0, "pedestrian": 0, "density": 6.8}, "geometry": {"type": "Point", "coordinates": [-70.90052, 42.18109]}}, {"type": "Feature", "properties": {"crashes": 115, "injury": 14, "fatal": 0, "pedestrian": 1, "density": 6.8}, "geometry": {"type": "Point", "coordinates": [-70.96998, 42.24513]}}, {"type": "Feature", "properties": {"crashes": 115, "injury": 37, "fatal": 0, "pedestrian": 5, "density": 6.8}, "geometry": {"type": "Point", "coordinates": [-71.04519, 42.16852]}}, {"type": "Feature", "properties": {"crashes": 115, "injury": 24, "fatal": 0, "pedestrian": 1, "density": 6.8}, "geometry": {"type": "Point", "coordinates": [-71.02587, 42.24371]}}, {"type": "Feature", "properties": {"crashes": 115, "injury": 18, "fatal": 0, "pedestrian": 1, "density": 6.8}, "geometry": {"type": "Point", "coordinates": [-71.03209, 42.24595]}}, {"type": "Feature", "properties": {"crashes": 114, "injury": 29, "fatal": 0, "pedestrian": 6, "density": 6.7}, "geometry": {"type": "Point", "coordinates": [-71.02002, 42.27005]}}, {"type": "Feature", "properties": {"crashes": 114, "injury": 35, "fatal": 1, "pedestrian": 2, "density": 6.7}, "geometry": {"type": "Point", "coordinates": [-70.93158, 42.1894]}}, {"type": "Feature", "properties": {"crashes": 114, "injury": 42, "fatal": 2, "pedestrian": 0, "density": 6.7}, "geometry": {"type": "Point", "coordinates": [-71.00843, 42.1862]}}, {"type": "Feature", "properties": {"crashes": 113, "injury": 33, "fatal": 0, "pedestrian": 5, "density": 6.6}, "geometry": {"type": "Point", "coordinates": [-71.03189, 42.27869]}}, {"type": "Feature", "properties": {"crashes": 113, "injury": 30, "fatal": 0, "pedestrian": 2, "density": 6.6}, "geometry": {"type": "Point", "coordinates": [-70.99667, 42.24332]}}, {"type": "Feature", "properties": {"crashes": 112, "injury": 36, "fatal": 0, "pedestrian": 2, "density": 6.6}, "geometry": {"type": "Point", "coordinates": [-71.0099, 42.24123]}}, {"type": "Feature", "properties": {"crashes": 112, "injury": 38, "fatal": 0, "pedestrian": 1, "density": 6.6}, "geometry": {"type": "Point", "coordinates": [-70.96219, 42.24307]}}, {"type": "Feature", "properties": {"crashes": 112, "injury": 31, "fatal": 0, "pedestrian": 1, "density": 6.6}, "geometry": {"type": "Point", "coordinates": [-70.93027, 42.17893]}}, {"type": "Feature", "properties": {"crashes": 112, "injury": 32, "fatal": 0, "pedestrian": 0, "density": 6.6}, "geometry": {"type": "Point", "coordinates": [-70.82196, 42.2335]}}, {"type": "Feature", "properties": {"crashes": 112, "injury": 34, "fatal": 0, "pedestrian": 3, "density": 6.6}, "geometry": {"type": "Point", "coordinates": [-70.95185, 42.19033]}}, {"type": "Feature", "properties": {"crashes": 112, "injury": 31, "fatal": 1, "pedestrian": 4, "density": 6.6}, "geometry": {"type": "Point", "coordinates": [-70.93615, 42.24567]}}, {"type": "Feature", "properties": {"crashes": 112, "injury": 32, "fatal": 0, "pedestrian": 0, "density": 6.6}, "geometry": {"type": "Point", "coordinates": [-71.04362, 42.29023]}}, {"type": "Feature", "properties": {"crashes": 111, "injury": 20, "fatal": 0, "pedestrian": 1, "density": 6.5}, "geometry": {"type": "Point", "coordinates": [-70.95174, 42.20434]}}, {"type": "Feature", "properties": {"crashes": 111, "injury": 17, "fatal": 1, "pedestrian": 5, "density": 6.5}, "geometry": {"type": "Point", "coordinates": [-70.94186, 42.12802]}}, {"type": "Feature", "properties": {"crashes": 110, "injury": 31, "fatal": 0, "pedestrian": 2, "density": 6.5}, "geometry": {"type": "Point", "coordinates": [-70.84545, 42.14748]}}, {"type": "Feature", "properties": {"crashes": 110, "injury": 37, "fatal": 0, "pedestrian": 0, "density": 6.5}, "geometry": {"type": "Point", "coordinates": [-70.84548, 42.15043]}}, {"type": "Feature", "properties": {"crashes": 110, "injury": 33, "fatal": 0, "pedestrian": 2, "density": 6.5}, "geometry": {"type": "Point", "coordinates": [-70.94867, 42.10796]}}, {"type": "Feature", "properties": {"crashes": 110, "injury": 32, "fatal": 0, "pedestrian": 3, "density": 6.5}, "geometry": {"type": "Point", "coordinates": [-71.00345, 42.26037]}}, {"type": "Feature", "properties": {"crashes": 110, "injury": 26, "fatal": 0, "pedestrian": 1, "density": 6.5}, "geometry": {"type": "Point", "coordinates": [-71.02472, 42.2443]}}, {"type": "Feature", "properties": {"crashes": 110, "injury": 39, "fatal": 0, "pedestrian": 1, "density": 6.5}, "geometry": {"type": "Point", "coordinates": [-70.97748, 42.22051]}}, {"type": "Feature", "properties": {"crashes": 108, "injury": 46, "fatal": 0, "pedestrian": 0, "density": 6.4}, "geometry": {"type": "Point", "coordinates": [-70.88851, 42.14008]}}, {"type": "Feature", "properties": {"crashes": 108, "injury": 28, "fatal": 0, "pedestrian": 5, "density": 6.4}, "geometry": {"type": "Point", "coordinates": [-70.99987, 42.25316]}}, {"type": "Feature", "properties": {"crashes": 108, "injury": 14, "fatal": 0, "pedestrian": 5, "density": 6.4}, "geometry": {"type": "Point", "coordinates": [-70.99995, 42.2476]}}, {"type": "Feature", "properties": {"crashes": 107, "injury": 32, "fatal": 0, "pedestrian": 0, "density": 6.3}, "geometry": {"type": "Point", "coordinates": [-71.00526, 42.22621]}}, {"type": "Feature", "properties": {"crashes": 106, "injury": 14, "fatal": 0, "pedestrian": 2, "density": 6.2}, "geometry": {"type": "Point", "coordinates": [-71.02163, 42.24232]}}, {"type": "Feature", "properties": {"crashes": 106, "injury": 42, "fatal": 0, "pedestrian": 0, "density": 6.2}, "geometry": {"type": "Point", "coordinates": [-70.97089, 42.10141]}}, {"type": "Feature", "properties": {"crashes": 105, "injury": 27, "fatal": 0, "pedestrian": 1, "density": 6.2}, "geometry": {"type": "Point", "coordinates": [-71.00674, 42.16773]}}, {"type": "Feature", "properties": {"crashes": 105, "injury": 24, "fatal": 0, "pedestrian": 0, "density": 6.2}, "geometry": {"type": "Point", "coordinates": [-70.9504, 42.13745]}}, {"type": "Feature", "properties": {"crashes": 105, "injury": 14, "fatal": 0, "pedestrian": 3, "density": 6.2}, "geometry": {"type": "Point", "coordinates": [-71.02737, 42.27807]}}, {"type": "Feature", "properties": {"crashes": 105, "injury": 21, "fatal": 0, "pedestrian": 0, "density": 6.2}, "geometry": {"type": "Point", "coordinates": [-70.8798, 42.23258]}}, {"type": "Feature", "properties": {"crashes": 105, "injury": 21, "fatal": 0, "pedestrian": 10, "density": 6.2}, "geometry": {"type": "Point", "coordinates": [-71.00457, 42.25333]}}, {"type": "Feature", "properties": {"crashes": 104, "injury": 22, "fatal": 0, "pedestrian": 1, "density": 6.1}, "geometry": {"type": "Point", "coordinates": [-71.02224, 42.268]}}, {"type": "Feature", "properties": {"crashes": 104, "injury": 39, "fatal": 0, "pedestrian": 0, "density": 6.1}, "geometry": {"type": "Point", "coordinates": [-71.00522, 42.19623]}}, {"type": "Feature", "properties": {"crashes": 104, "injury": 29, "fatal": 0, "pedestrian": 0, "density": 6.1}, "geometry": {"type": "Point", "coordinates": [-71.0441, 42.25934]}}, {"type": "Feature", "properties": {"crashes": 104, "injury": 14, "fatal": 0, "pedestrian": 0, "density": 6.1}, "geometry": {"type": "Point", "coordinates": [-70.88589, 42.17585]}}, {"type": "Feature", "properties": {"crashes": 104, "injury": 28, "fatal": 0, "pedestrian": 3, "density": 6.1}, "geometry": {"type": "Point", "coordinates": [-70.90739, 42.18028]}}, {"type": "Feature", "properties": {"crashes": 104, "injury": 17, "fatal": 0, "pedestrian": 2, "density": 6.1}, "geometry": {"type": "Point", "coordinates": [-70.95551, 42.18644]}}, {"type": "Feature", "properties": {"crashes": 104, "injury": 39, "fatal": 0, "pedestrian": 3, "density": 6.1}, "geometry": {"type": "Point", "coordinates": [-70.91589, 42.12163]}}, {"type": "Feature", "properties": {"crashes": 103, "injury": 27, "fatal": 0, "pedestrian": 3, "density": 6.1}, "geometry": {"type": "Point", "coordinates": [-70.95588, 42.24259]}}, {"type": "Feature", "properties": {"crashes": 103, "injury": 31, "fatal": 0, "pedestrian": 2, "density": 6.1}, "geometry": {"type": "Point", "coordinates": [-71.01375, 42.27828]}}, {"type": "Feature", "properties": {"crashes": 103, "injury": 34, "fatal": 1, "pedestrian": 6, "density": 6.1}, "geometry": {"type": "Point", "coordinates": [-71.0467, 42.16414]}}, {"type": "Feature", "properties": {"crashes": 103, "injury": 48, "fatal": 0, "pedestrian": 3, "density": 6.1}, "geometry": {"type": "Point", "coordinates": [-71.02592, 42.10551]}}, {"type": "Feature", "properties": {"crashes": 103, "injury": 39, "fatal": 0, "pedestrian": 0, "density": 6.1}, "geometry": {"type": "Point", "coordinates": [-70.98611, 42.18928]}}, {"type": "Feature", "properties": {"crashes": 103, "injury": 27, "fatal": 1, "pedestrian": 0, "density": 6.1}, "geometry": {"type": "Point", "coordinates": [-70.97207, 42.16837]}}, {"type": "Feature", "properties": {"crashes": 101, "injury": 27, "fatal": 0, "pedestrian": 3, "density": 5.9}, "geometry": {"type": "Point", "coordinates": [-70.98377, 42.24365]}}, {"type": "Feature", "properties": {"crashes": 101, "injury": 21, "fatal": 0, "pedestrian": 2, "density": 5.9}, "geometry": {"type": "Point", "coordinates": [-70.96031, 42.21214]}}, {"type": "Feature", "properties": {"crashes": 101, "injury": 38, "fatal": 1, "pedestrian": 10, "density": 5.9}, "geometry": {"type": "Point", "coordinates": [-70.96958, 42.22077]}}, {"type": "Feature", "properties": {"crashes": 100, "injury": 32, "fatal": 0, "pedestrian": 1, "density": 5.9}, "geometry": {"type": "Point", "coordinates": [-70.95793, 42.24251]}}, {"type": "Feature", "properties": {"crashes": 100, "injury": 64, "fatal": 0, "pedestrian": 3, "density": 5.9}, "geometry": {"type": "Point", "coordinates": [-71.02848, 42.1141]}}, {"type": "Feature", "properties": {"crashes": 100, "injury": 17, "fatal": 0, "pedestrian": 0, "density": 5.9}, "geometry": {"type": "Point", "coordinates": [-70.9064, 42.24917]}}, {"type": "Feature", "properties": {"crashes": 99, "injury": 34, "fatal": 0, "pedestrian": 0, "density": 5.8}, "geometry": {"type": "Point", "coordinates": [-71.01278, 42.26393]}}, {"type": "Feature", "properties": {"crashes": 99, "injury": 30, "fatal": 2, "pedestrian": 1, "density": 5.8}, "geometry": {"type": "Point", "coordinates": [-71.03795, 42.25026]}}, {"type": "Feature", "properties": {"crashes": 99, "injury": 34, "fatal": 0, "pedestrian": 0, "density": 5.8}, "geometry": {"type": "Point", "coordinates": [-70.88373, 42.1193]}}, {"type": "Feature", "properties": {"crashes": 98, "injury": 28, "fatal": 0, "pedestrian": 0, "density": 5.8}, "geometry": {"type": "Point", "coordinates": [-70.95167, 42.14005]}}, {"type": "Feature", "properties": {"crashes": 98, "injury": 15, "fatal": 0, "pedestrian": 1, "density": 5.8}, "geometry": {"type": "Point", "coordinates": [-70.86269, 42.27563]}}, {"type": "Feature", "properties": {"crashes": 97, "injury": 30, "fatal": 0, "pedestrian": 2, "density": 5.7}, "geometry": {"type": "Point", "coordinates": [-71.04148, 42.14436]}}, {"type": "Feature", "properties": {"crashes": 97, "injury": 33, "fatal": 0, "pedestrian": 0, "density": 5.7}, "geometry": {"type": "Point", "coordinates": [-70.90787, 42.12326]}}, {"type": "Feature", "properties": {"crashes": 96, "injury": 24, "fatal": 0, "pedestrian": 0, "density": 5.6}, "geometry": {"type": "Point", "coordinates": [-71.04027, 42.16196]}}, {"type": "Feature", "properties": {"crashes": 95, "injury": 19, "fatal": 0, "pedestrian": 6, "density": 5.6}, "geometry": {"type": "Point", "coordinates": [-71.02449, 42.2838]}}, {"type": "Feature", "properties": {"crashes": 95, "injury": 20, "fatal": 0, "pedestrian": 0, "density": 5.6}, "geometry": {"type": "Point", "coordinates": [-70.91223, 42.21425]}}, {"type": "Feature", "properties": {"crashes": 94, "injury": 15, "fatal": 0, "pedestrian": 5, "density": 5.5}, "geometry": {"type": "Point", "coordinates": [-71.02435, 42.27378]}}, {"type": "Feature", "properties": {"crashes": 94, "injury": 31, "fatal": 0, "pedestrian": 0, "density": 5.5}, "geometry": {"type": "Point", "coordinates": [-70.93611, 42.23603]}}, {"type": "Feature", "properties": {"crashes": 94, "injury": 33, "fatal": 0, "pedestrian": 4, "density": 5.5}, "geometry": {"type": "Point", "coordinates": [-71.04704, 42.16251]}}, {"type": "Feature", "properties": {"crashes": 94, "injury": 30, "fatal": 1, "pedestrian": 3, "density": 5.5}, "geometry": {"type": "Point", "coordinates": [-70.99411, 42.25351]}}, {"type": "Feature", "properties": {"crashes": 94, "injury": 29, "fatal": 0, "pedestrian": 1, "density": 5.5}, "geometry": {"type": "Point", "coordinates": [-70.95443, 42.1995]}}, {"type": "Feature", "properties": {"crashes": 94, "injury": 39, "fatal": 1, "pedestrian": 3, "density": 5.5}, "geometry": {"type": "Point", "coordinates": [-70.99974, 42.20566]}}, {"type": "Feature", "properties": {"crashes": 94, "injury": 27, "fatal": 0, "pedestrian": 0, "density": 5.5}, "geometry": {"type": "Point", "coordinates": [-71.01394, 42.27612]}}, {"type": "Feature", "properties": {"crashes": 94, "injury": 24, "fatal": 2, "pedestrian": 0, "density": 5.5}, "geometry": {"type": "Point", "coordinates": [-71.03842, 42.28358]}}, {"type": "Feature", "properties": {"crashes": 93, "injury": 11, "fatal": 0, "pedestrian": 2, "density": 5.5}, "geometry": {"type": "Point", "coordinates": [-70.95523, 42.15355]}}, {"type": "Feature", "properties": {"crashes": 93, "injury": 19, "fatal": 0, "pedestrian": 2, "density": 5.5}, "geometry": {"type": "Point", "coordinates": [-71.01986, 42.24238]}}, {"type": "Feature", "properties": {"crashes": 93, "injury": 22, "fatal": 0, "pedestrian": 0, "density": 5.5}, "geometry": {"type": "Point", "coordinates": [-70.95191, 42.12938]}}, {"type": "Feature", "properties": {"crashes": 93, "injury": 23, "fatal": 1, "pedestrian": 0, "density": 5.5}, "geometry": {"type": "Point", "coordinates": [-70.84387, 42.11659]}}, {"type": "Feature", "properties": {"crashes": 93, "injury": 24, "fatal": 0, "pedestrian": 0, "density": 5.5}, "geometry": {"type": "Point", "coordinates": [-71.01436, 42.22775]}}, {"type": "Feature", "properties": {"crashes": 92, "injury": 18, "fatal": 0, "pedestrian": 0, "density": 5.4}, "geometry": {"type": "Point", "coordinates": [-70.94467, 42.20142]}}, {"type": "Feature", "properties": {"crashes": 92, "injury": 14, "fatal": 1, "pedestrian": 4, "density": 5.4}, "geometry": {"type": "Point", "coordinates": [-71.02243, 42.27154]}}, {"type": "Feature", "properties": {"crashes": 92, "injury": 28, "fatal": 0, "pedestrian": 0, "density": 5.4}, "geometry": {"type": "Point", "coordinates": [-70.99724, 42.21558]}}, {"type": "Feature", "properties": {"crashes": 92, "injury": 16, "fatal": 0, "pedestrian": 0, "density": 5.4}, "geometry": {"type": "Point", "coordinates": [-70.95522, 42.16223]}}, {"type": "Feature", "properties": {"crashes": 92, "injury": 23, "fatal": 0, "pedestrian": 0, "density": 5.4}, "geometry": {"type": "Point", "coordinates": [-70.94454, 42.13005]}}, {"type": "Feature", "properties": {"crashes": 92, "injury": 37, "fatal": 0, "pedestrian": 0, "density": 5.4}, "geometry": {"type": "Point", "coordinates": [-70.97331, 42.23094]}}, {"type": "Feature", "properties": {"crashes": 91, "injury": 24, "fatal": 1, "pedestrian": 3, "density": 5.4}, "geometry": {"type": "Point", "coordinates": [-70.97038, 42.18066]}}, {"type": "Feature", "properties": {"crashes": 91, "injury": 17, "fatal": 2, "pedestrian": 7, "density": 5.4}, "geometry": {"type": "Point", "coordinates": [-70.96216, 42.21638]}}, {"type": "Feature", "properties": {"crashes": 91, "injury": 19, "fatal": 0, "pedestrian": 0, "density": 5.4}, "geometry": {"type": "Point", "coordinates": [-71.04766, 42.26029]}}, {"type": "Feature", "properties": {"crashes": 90, "injury": 25, "fatal": 0, "pedestrian": 1, "density": 5.3}, "geometry": {"type": "Point", "coordinates": [-70.9996, 42.15315]}}, {"type": "Feature", "properties": {"crashes": 90, "injury": 29, "fatal": 1, "pedestrian": 0, "density": 5.3}, "geometry": {"type": "Point", "coordinates": [-70.84373, 42.14205]}}, {"type": "Feature", "properties": {"crashes": 90, "injury": 14, "fatal": 0, "pedestrian": 1, "density": 5.3}, "geometry": {"type": "Point", "coordinates": [-70.88076, 42.24617]}}, {"type": "Feature", "properties": {"crashes": 90, "injury": 24, "fatal": 0, "pedestrian": 0, "density": 5.3}, "geometry": {"type": "Point", "coordinates": [-70.94906, 42.11826]}}, {"type": "Feature", "properties": {"crashes": 90, "injury": 31, "fatal": 0, "pedestrian": 2, "density": 5.3}, "geometry": {"type": "Point", "coordinates": [-71.03191, 42.22614]}}, {"type": "Feature", "properties": {"crashes": 89, "injury": 29, "fatal": 0, "pedestrian": 0, "density": 5.2}, "geometry": {"type": "Point", "coordinates": [-70.86758, 42.1465]}}, {"type": "Feature", "properties": {"crashes": 89, "injury": 11, "fatal": 1, "pedestrian": 6, "density": 5.2}, "geometry": {"type": "Point", "coordinates": [-70.92472, 42.24834]}}, {"type": "Feature", "properties": {"crashes": 88, "injury": 29, "fatal": 0, "pedestrian": 0, "density": 5.2}, "geometry": {"type": "Point", "coordinates": [-70.826, 42.23779]}}, {"type": "Feature", "properties": {"crashes": 88, "injury": 17, "fatal": 0, "pedestrian": 0, "density": 5.2}, "geometry": {"type": "Point", "coordinates": [-70.88796, 42.17541]}}, {"type": "Feature", "properties": {"crashes": 88, "injury": 41, "fatal": 0, "pedestrian": 4, "density": 5.2}, "geometry": {"type": "Point", "coordinates": [-71.0316, 42.10986]}}, {"type": "Feature", "properties": {"crashes": 88, "injury": 23, "fatal": 0, "pedestrian": 3, "density": 5.2}, "geometry": {"type": "Point", "coordinates": [-70.95988, 42.21712]}}, {"type": "Feature", "properties": {"crashes": 88, "injury": 17, "fatal": 0, "pedestrian": 3, "density": 5.2}, "geometry": {"type": "Point", "coordinates": [-71.02749, 42.15545]}}, {"type": "Feature", "properties": {"crashes": 88, "injury": 34, "fatal": 0, "pedestrian": 1, "density": 5.2}, "geometry": {"type": "Point", "coordinates": [-71.00372, 42.22]}}, {"type": "Feature", "properties": {"crashes": 87, "injury": 11, "fatal": 0, "pedestrian": 0, "density": 5.1}, "geometry": {"type": "Point", "coordinates": [-70.87347, 42.28219]}}, {"type": "Feature", "properties": {"crashes": 87, "injury": 26, "fatal": 0, "pedestrian": 1, "density": 5.1}, "geometry": {"type": "Point", "coordinates": [-70.96039, 42.20797]}}, {"type": "Feature", "properties": {"crashes": 87, "injury": 18, "fatal": 1, "pedestrian": 6, "density": 5.1}, "geometry": {"type": "Point", "coordinates": [-70.99664, 42.24989]}}, {"type": "Feature", "properties": {"crashes": 87, "injury": 19, "fatal": 0, "pedestrian": 8, "density": 5.1}, "geometry": {"type": "Point", "coordinates": [-70.984, 42.23867]}}, {"type": "Feature", "properties": {"crashes": 86, "injury": 28, "fatal": 0, "pedestrian": 1, "density": 5.1}, "geometry": {"type": "Point", "coordinates": [-71.03396, 42.26998]}}, {"type": "Feature", "properties": {"crashes": 86, "injury": 13, "fatal": 0, "pedestrian": 1, "density": 5.1}, "geometry": {"type": "Point", "coordinates": [-70.93965, 42.22423]}}, {"type": "Feature", "properties": {"crashes": 86, "injury": 15, "fatal": 0, "pedestrian": 1, "density": 5.1}, "geometry": {"type": "Point", "coordinates": [-71.04008, 42.25791]}}, {"type": "Feature", "properties": {"crashes": 86, "injury": 26, "fatal": 0, "pedestrian": 1, "density": 5.1}, "geometry": {"type": "Point", "coordinates": [-71.01167, 42.23416]}}, {"type": "Feature", "properties": {"crashes": 85, "injury": 31, "fatal": 0, "pedestrian": 0, "density": 5.0}, "geometry": {"type": "Point", "coordinates": [-71.01576, 42.26192]}}, {"type": "Feature", "properties": {"crashes": 85, "injury": 22, "fatal": 0, "pedestrian": 2, "density": 5.0}, "geometry": {"type": "Point", "coordinates": [-70.99222, 42.2616]}}, {"type": "Feature", "properties": {"crashes": 85, "injury": 15, "fatal": 0, "pedestrian": 1, "density": 5.0}, "geometry": {"type": "Point", "coordinates": [-71.00351, 42.2402]}}, {"type": "Feature", "properties": {"crashes": 84, "injury": 20, "fatal": 0, "pedestrian": 0, "density": 4.9}, "geometry": {"type": "Point", "coordinates": [-71.02554, 42.25015]}}, {"type": "Feature", "properties": {"crashes": 84, "injury": 28, "fatal": 0, "pedestrian": 1, "density": 4.9}, "geometry": {"type": "Point", "coordinates": [-71.02255, 42.10942]}}, {"type": "Feature", "properties": {"crashes": 84, "injury": 20, "fatal": 0, "pedestrian": 6, "density": 4.9}, "geometry": {"type": "Point", "coordinates": [-70.9802, 42.24229]}}, {"type": "Feature", "properties": {"crashes": 84, "injury": 37, "fatal": 0, "pedestrian": 0, "density": 4.9}, "geometry": {"type": "Point", "coordinates": [-70.99812, 42.10955]}}, {"type": "Feature", "properties": {"crashes": 84, "injury": 34, "fatal": 0, "pedestrian": 4, "density": 4.9}, "geometry": {"type": "Point", "coordinates": [-70.92025, 42.19388]}}, {"type": "Feature", "properties": {"crashes": 84, "injury": 20, "fatal": 0, "pedestrian": 0, "density": 4.9}, "geometry": {"type": "Point", "coordinates": [-71.01985, 42.13185]}}, {"type": "Feature", "properties": {"crashes": 84, "injury": 21, "fatal": 1, "pedestrian": 0, "density": 4.9}, "geometry": {"type": "Point", "coordinates": [-70.90196, 42.13654]}}, {"type": "Feature", "properties": {"crashes": 83, "injury": 20, "fatal": 0, "pedestrian": 1, "density": 4.9}, "geometry": {"type": "Point", "coordinates": [-70.99373, 42.24985]}}, {"type": "Feature", "properties": {"crashes": 83, "injury": 25, "fatal": 0, "pedestrian": 0, "density": 4.9}, "geometry": {"type": "Point", "coordinates": [-70.88536, 42.21666]}}, {"type": "Feature", "properties": {"crashes": 82, "injury": 18, "fatal": 0, "pedestrian": 0, "density": 4.8}, "geometry": {"type": "Point", "coordinates": [-71.00995, 42.25976]}}, {"type": "Feature", "properties": {"crashes": 82, "injury": 30, "fatal": 1, "pedestrian": 6, "density": 4.8}, "geometry": {"type": "Point", "coordinates": [-70.98799, 42.2406]}}, {"type": "Feature", "properties": {"crashes": 82, "injury": 22, "fatal": 0, "pedestrian": 1, "density": 4.8}, "geometry": {"type": "Point", "coordinates": [-70.91231, 42.24923]}}, {"type": "Feature", "properties": {"crashes": 82, "injury": 14, "fatal": 0, "pedestrian": 0, "density": 4.8}, "geometry": {"type": "Point", "coordinates": [-70.94877, 42.10404]}}, {"type": "Feature", "properties": {"crashes": 82, "injury": 26, "fatal": 0, "pedestrian": 0, "density": 4.8}, "geometry": {"type": "Point", "coordinates": [-70.90733, 42.1309]}}, {"type": "Feature", "properties": {"crashes": 81, "injury": 44, "fatal": 0, "pedestrian": 3, "density": 4.8}, "geometry": {"type": "Point", "coordinates": [-70.98843, 42.19063]}}, {"type": "Feature", "properties": {"crashes": 81, "injury": 42, "fatal": 0, "pedestrian": 1, "density": 4.8}, "geometry": {"type": "Point", "coordinates": [-71.00806, 42.10038]}}, {"type": "Feature", "properties": {"crashes": 81, "injury": 21, "fatal": 0, "pedestrian": 1, "density": 4.8}, "geometry": {"type": "Point", "coordinates": [-70.94752, 42.22693]}}, {"type": "Feature", "properties": {"crashes": 81, "injury": 19, "fatal": 0, "pedestrian": 0, "density": 4.8}, "geometry": {"type": "Point", "coordinates": [-70.87953, 42.17254]}}, {"type": "Feature", "properties": {"crashes": 81, "injury": 21, "fatal": 0, "pedestrian": 0, "density": 4.8}, "geometry": {"type": "Point", "coordinates": [-70.99714, 42.26403]}}, {"type": "Feature", "properties": {"crashes": 81, "injury": 25, "fatal": 0, "pedestrian": 4, "density": 4.8}, "geometry": {"type": "Point", "coordinates": [-70.91606, 42.13177]}}, {"type": "Feature", "properties": {"crashes": 81, "injury": 23, "fatal": 0, "pedestrian": 0, "density": 4.8}, "geometry": {"type": "Point", "coordinates": [-71.00525, 42.22411]}}, {"type": "Feature", "properties": {"crashes": 80, "injury": 28, "fatal": 0, "pedestrian": 1, "density": 4.7}, "geometry": {"type": "Point", "coordinates": [-71.00663, 42.1358]}}, {"type": "Feature", "properties": {"crashes": 80, "injury": 27, "fatal": 0, "pedestrian": 1, "density": 4.7}, "geometry": {"type": "Point", "coordinates": [-70.95032, 42.13627]}}, {"type": "Feature", "properties": {"crashes": 80, "injury": 30, "fatal": 0, "pedestrian": 0, "density": 4.7}, "geometry": {"type": "Point", "coordinates": [-71.02578, 42.19941]}}, {"type": "Feature", "properties": {"crashes": 79, "injury": 17, "fatal": 0, "pedestrian": 2, "density": 4.6}, "geometry": {"type": "Point", "coordinates": [-71.0098, 42.27663]}}, {"type": "Feature", "properties": {"crashes": 79, "injury": 20, "fatal": 0, "pedestrian": 0, "density": 4.6}, "geometry": {"type": "Point", "coordinates": [-70.99741, 42.26522]}}, {"type": "Feature", "properties": {"crashes": 79, "injury": 23, "fatal": 0, "pedestrian": 2, "density": 4.6}, "geometry": {"type": "Point", "coordinates": [-70.82404, 42.11972]}}, {"type": "Feature", "properties": {"crashes": 79, "injury": 23, "fatal": 1, "pedestrian": 1, "density": 4.6}, "geometry": {"type": "Point", "coordinates": [-70.94984, 42.10044]}}, {"type": "Feature", "properties": {"crashes": 79, "injury": 35, "fatal": 0, "pedestrian": 1, "density": 4.6}, "geometry": {"type": "Point", "coordinates": [-70.90924, 42.13385]}}, {"type": "Feature", "properties": {"crashes": 79, "injury": 28, "fatal": 1, "pedestrian": 1, "density": 4.6}, "geometry": {"type": "Point", "coordinates": [-70.97005, 42.22811]}}, {"type": "Feature", "properties": {"crashes": 79, "injury": 19, "fatal": 0, "pedestrian": 1, "density": 4.6}, "geometry": {"type": "Point", "coordinates": [-70.94801, 42.17559]}}, {"type": "Feature", "properties": {"crashes": 78, "injury": 22, "fatal": 2, "pedestrian": 0, "density": 4.6}, "geometry": {"type": "Point", "coordinates": [-70.86745, 42.25016]}}, {"type": "Feature", "properties": {"crashes": 78, "injury": 19, "fatal": 0, "pedestrian": 1, "density": 4.6}, "geometry": {"type": "Point", "coordinates": [-70.95515, 42.15618]}}, {"type": "Feature", "properties": {"crashes": 78, "injury": 17, "fatal": 0, "pedestrian": 1, "density": 4.6}, "geometry": {"type": "Point", "coordinates": [-70.93763, 42.24522]}}, {"type": "Feature", "properties": {"crashes": 78, "injury": 24, "fatal": 0, "pedestrian": 0, "density": 4.6}, "geometry": {"type": "Point", "coordinates": [-70.84429, 42.14366]}}, {"type": "Feature", "properties": {"crashes": 78, "injury": 19, "fatal": 0, "pedestrian": 1, "density": 4.6}, "geometry": {"type": "Point", "coordinates": [-70.98631, 42.23814]}}, {"type": "Feature", "properties": {"crashes": 78, "injury": 26, "fatal": 0, "pedestrian": 5, "density": 4.6}, "geometry": {"type": "Point", "coordinates": [-70.91562, 42.1301]}}, {"type": "Feature", "properties": {"crashes": 78, "injury": 29, "fatal": 0, "pedestrian": 1, "density": 4.6}, "geometry": {"type": "Point", "coordinates": [-70.96909, 42.22439]}}, {"type": "Feature", "properties": {"crashes": 77, "injury": 36, "fatal": 0, "pedestrian": 2, "density": 4.5}, "geometry": {"type": "Point", "coordinates": [-71.01931, 42.10958]}}, {"type": "Feature", "properties": {"crashes": 77, "injury": 21, "fatal": 1, "pedestrian": 0, "density": 4.5}, "geometry": {"type": "Point", "coordinates": [-70.94829, 42.21787]}}, {"type": "Feature", "properties": {"crashes": 77, "injury": 17, "fatal": 0, "pedestrian": 0, "density": 4.5}, "geometry": {"type": "Point", "coordinates": [-70.99223, 42.24421]}}, {"type": "Feature", "properties": {"crashes": 77, "injury": 16, "fatal": 0, "pedestrian": 3, "density": 4.5}, "geometry": {"type": "Point", "coordinates": [-70.94194, 42.20049]}}, {"type": "Feature", "properties": {"crashes": 77, "injury": 29, "fatal": 0, "pedestrian": 1, "density": 4.5}, "geometry": {"type": "Point", "coordinates": [-71.02889, 42.28566]}}, {"type": "Feature", "properties": {"crashes": 77, "injury": 22, "fatal": 1, "pedestrian": 0, "density": 4.5}, "geometry": {"type": "Point", "coordinates": [-70.97394, 42.22252]}}, {"type": "Feature", "properties": {"crashes": 76, "injury": 21, "fatal": 0, "pedestrian": 10, "density": 4.5}, "geometry": {"type": "Point", "coordinates": [-70.99739, 42.25179]}}, {"type": "Feature", "properties": {"crashes": 76, "injury": 18, "fatal": 0, "pedestrian": 2, "density": 4.5}, "geometry": {"type": "Point", "coordinates": [-70.99206, 42.24962]}}, {"type": "Feature", "properties": {"crashes": 76, "injury": 20, "fatal": 0, "pedestrian": 0, "density": 4.5}, "geometry": {"type": "Point", "coordinates": [-70.95025, 42.13412]}}, {"type": "Feature", "properties": {"crashes": 76, "injury": 24, "fatal": 0, "pedestrian": 1, "density": 4.5}, "geometry": {"type": "Point", "coordinates": [-70.97151, 42.18715]}}, {"type": "Feature", "properties": {"crashes": 76, "injury": 20, "fatal": 0, "pedestrian": 3, "density": 4.5}, "geometry": {"type": "Point", "coordinates": [-71.00753, 42.24423]}}, {"type": "Feature", "properties": {"crashes": 76, "injury": 28, "fatal": 0, "pedestrian": 0, "density": 4.5}, "geometry": {"type": "Point", "coordinates": [-71.00764, 42.20375]}}, {"type": "Feature", "properties": {"crashes": 76, "injury": 23, "fatal": 0, "pedestrian": 0, "density": 4.5}, "geometry": {"type": "Point", "coordinates": [-70.99657, 42.22451]}}, {"type": "Feature", "properties": {"crashes": 76, "injury": 26, "fatal": 0, "pedestrian": 0, "density": 4.5}, "geometry": {"type": "Point", "coordinates": [-71.00597, 42.19793]}}, {"type": "Feature", "properties": {"crashes": 76, "injury": 17, "fatal": 0, "pedestrian": 0, "density": 4.5}, "geometry": {"type": "Point", "coordinates": [-71.02788, 42.24211]}}, {"type": "Feature", "properties": {"crashes": 75, "injury": 20, "fatal": 1, "pedestrian": 2, "density": 4.4}, "geometry": {"type": "Point", "coordinates": [-71.00164, 42.24227]}}, {"type": "Feature", "properties": {"crashes": 75, "injury": 18, "fatal": 0, "pedestrian": 0, "density": 4.4}, "geometry": {"type": "Point", "coordinates": [-70.95012, 42.13201]}}, {"type": "Feature", "properties": {"crashes": 74, "injury": 13, "fatal": 2, "pedestrian": 0, "density": 4.4}, "geometry": {"type": "Point", "coordinates": [-71.04837, 42.27784]}}, {"type": "Feature", "properties": {"crashes": 74, "injury": 14, "fatal": 0, "pedestrian": 2, "density": 4.4}, "geometry": {"type": "Point", "coordinates": [-71.00855, 42.15601]}}, {"type": "Feature", "properties": {"crashes": 74, "injury": 18, "fatal": 0, "pedestrian": 0, "density": 4.4}, "geometry": {"type": "Point", "coordinates": [-70.84214, 42.13803]}}, {"type": "Feature", "properties": {"crashes": 74, "injury": 25, "fatal": 0, "pedestrian": 0, "density": 4.4}, "geometry": {"type": "Point", "coordinates": [-70.9341, 42.18637]}}, {"type": "Feature", "properties": {"crashes": 74, "injury": 15, "fatal": 0, "pedestrian": 1, "density": 4.4}, "geometry": {"type": "Point", "coordinates": [-70.99731, 42.25568]}}, {"type": "Feature", "properties": {"crashes": 74, "injury": 22, "fatal": 1, "pedestrian": 2, "density": 4.4}, "geometry": {"type": "Point", "coordinates": [-71.02578, 42.22386]}}, {"type": "Feature", "properties": {"crashes": 73, "injury": 5, "fatal": 0, "pedestrian": 1, "density": 4.3}, "geometry": {"type": "Point", "coordinates": [-71.02152, 42.26596]}}, {"type": "Feature", "properties": {"crashes": 73, "injury": 28, "fatal": 1, "pedestrian": 0, "density": 4.3}, "geometry": {"type": "Point", "coordinates": [-71.00082, 42.27368]}}, {"type": "Feature", "properties": {"crashes": 73, "injury": 11, "fatal": 0, "pedestrian": 1, "density": 4.3}, "geometry": {"type": "Point", "coordinates": [-70.94256, 42.23134]}}, {"type": "Feature", "properties": {"crashes": 73, "injury": 16, "fatal": 0, "pedestrian": 1, "density": 4.3}, "geometry": {"type": "Point", "coordinates": [-70.83484, 42.15788]}}, {"type": "Feature", "properties": {"crashes": 73, "injury": 31, "fatal": 0, "pedestrian": 1, "density": 4.3}, "geometry": {"type": "Point", "coordinates": [-71.02428, 42.20225]}}, {"type": "Feature", "properties": {"crashes": 72, "injury": 20, "fatal": 0, "pedestrian": 0, "density": 4.2}, "geometry": {"type": "Point", "coordinates": [-71.03635, 42.26774]}}, {"type": "Feature", "properties": {"crashes": 72, "injury": 33, "fatal": 0, "pedestrian": 0, "density": 4.2}, "geometry": {"type": "Point", "coordinates": [-70.86613, 42.11515]}}, {"type": "Feature", "properties": {"crashes": 72, "injury": 14, "fatal": 0, "pedestrian": 3, "density": 4.2}, "geometry": {"type": "Point", "coordinates": [-71.01373, 42.24198]}}, {"type": "Feature", "properties": {"crashes": 72, "injury": 25, "fatal": 0, "pedestrian": 0, "density": 4.2}, "geometry": {"type": "Point", "coordinates": [-70.93351, 42.18734]}}, {"type": "Feature", "properties": {"crashes": 72, "injury": 21, "fatal": 0, "pedestrian": 0, "density": 4.2}, "geometry": {"type": "Point", "coordinates": [-71.02006, 42.28409]}}, {"type": "Feature", "properties": {"crashes": 72, "injury": 24, "fatal": 0, "pedestrian": 0, "density": 4.2}, "geometry": {"type": "Point", "coordinates": [-70.95415, 42.19417]}}, {"type": "Feature", "properties": {"crashes": 72, "injury": 21, "fatal": 1, "pedestrian": 1, "density": 4.2}, "geometry": {"type": "Point", "coordinates": [-70.85364, 42.15947]}}, {"type": "Feature", "properties": {"crashes": 71, "injury": 17, "fatal": 0, "pedestrian": 3, "density": 4.2}, "geometry": {"type": "Point", "coordinates": [-71.02411, 42.26223]}}, {"type": "Feature", "properties": {"crashes": 71, "injury": 19, "fatal": 0, "pedestrian": 0, "density": 4.2}, "geometry": {"type": "Point", "coordinates": [-70.88556, 42.21739]}}, {"type": "Feature", "properties": {"crashes": 71, "injury": 17, "fatal": 0, "pedestrian": 3, "density": 4.2}, "geometry": {"type": "Point", "coordinates": [-71.01641, 42.23966]}}, {"type": "Feature", "properties": {"crashes": 71, "injury": 9, "fatal": 0, "pedestrian": 0, "density": 4.2}, "geometry": {"type": "Point", "coordinates": [-70.92228, 42.24924]}}, {"type": "Feature", "properties": {"crashes": 71, "injury": 23, "fatal": 0, "pedestrian": 1, "density": 4.2}, "geometry": {"type": "Point", "coordinates": [-71.02786, 42.2405]}}, {"type": "Feature", "properties": {"crashes": 70, "injury": 19, "fatal": 0, "pedestrian": 1, "density": 4.1}, "geometry": {"type": "Point", "coordinates": [-70.95212, 42.2428]}}, {"type": "Feature", "properties": {"crashes": 70, "injury": 11, "fatal": 0, "pedestrian": 0, "density": 4.1}, "geometry": {"type": "Point", "coordinates": [-70.94347, 42.20084]}}, {"type": "Feature", "properties": {"crashes": 70, "injury": 32, "fatal": 0, "pedestrian": 2, "density": 4.1}, "geometry": {"type": "Point", "coordinates": [-70.99988, 42.11644]}}, {"type": "Feature", "properties": {"crashes": 70, "injury": 17, "fatal": 0, "pedestrian": 0, "density": 4.1}, "geometry": {"type": "Point", "coordinates": [-70.95523, 42.1608]}}, {"type": "Feature", "properties": {"crashes": 70, "injury": 21, "fatal": 0, "pedestrian": 2, "density": 4.1}, "geometry": {"type": "Point", "coordinates": [-70.95869, 42.20974]}}, {"type": "Feature", "properties": {"crashes": 70, "injury": 24, "fatal": 1, "pedestrian": 0, "density": 4.1}, "geometry": {"type": "Point", "coordinates": [-70.91672, 42.11971]}}, {"type": "Feature", "properties": {"crashes": 70, "injury": 21, "fatal": 0, "pedestrian": 1, "density": 4.1}, "geometry": {"type": "Point", "coordinates": [-71.04834, 42.28995]}}, {"type": "Feature", "properties": {"crashes": 69, "injury": 13, "fatal": 0, "pedestrian": 0, "density": 4.1}, "geometry": {"type": "Point", "coordinates": [-70.88382, 42.19985]}}, {"type": "Feature", "properties": {"crashes": 69, "injury": 12, "fatal": 0, "pedestrian": 3, "density": 4.1}, "geometry": {"type": "Point", "coordinates": [-71.02599, 42.2719]}}, {"type": "Feature", "properties": {"crashes": 69, "injury": 22, "fatal": 0, "pedestrian": 1, "density": 4.1}, "geometry": {"type": "Point", "coordinates": [-71.02949, 42.26018]}}, {"type": "Feature", "properties": {"crashes": 69, "injury": 21, "fatal": 0, "pedestrian": 0, "density": 4.1}, "geometry": {"type": "Point", "coordinates": [-70.85329, 42.11435]}}, {"type": "Feature", "properties": {"crashes": 69, "injury": 20, "fatal": 0, "pedestrian": 1, "density": 4.1}, "geometry": {"type": "Point", "coordinates": [-70.97559, 42.13552]}}, {"type": "Feature", "properties": {"crashes": 69, "injury": 23, "fatal": 1, "pedestrian": 0, "density": 4.1}, "geometry": {"type": "Point", "coordinates": [-71.00408, 42.22763]}}, {"type": "Feature", "properties": {"crashes": 68, "injury": 21, "fatal": 0, "pedestrian": 0, "density": 4.0}, "geometry": {"type": "Point", "coordinates": [-71.04955, 42.27615]}}, {"type": "Feature", "properties": {"crashes": 68, "injury": 17, "fatal": 0, "pedestrian": 2, "density": 4.0}, "geometry": {"type": "Point", "coordinates": [-71.00525, 42.24786]}}, {"type": "Feature", "properties": {"crashes": 68, "injury": 16, "fatal": 0, "pedestrian": 3, "density": 4.0}, "geometry": {"type": "Point", "coordinates": [-70.98193, 42.23781]}}, {"type": "Feature", "properties": {"crashes": 68, "injury": 20, "fatal": 0, "pedestrian": 0, "density": 4.0}, "geometry": {"type": "Point", "coordinates": [-70.91986, 42.12405]}}, {"type": "Feature", "properties": {"crashes": 68, "injury": 20, "fatal": 0, "pedestrian": 1, "density": 4.0}, "geometry": {"type": "Point", "coordinates": [-70.95427, 42.24271]}}, {"type": "Feature", "properties": {"crashes": 68, "injury": 24, "fatal": 1, "pedestrian": 1, "density": 4.0}, "geometry": {"type": "Point", "coordinates": [-70.93971, 42.20004]}}, {"type": "Feature", "properties": {"crashes": 68, "injury": 25, "fatal": 0, "pedestrian": 0, "density": 4.0}, "geometry": {"type": "Point", "coordinates": [-71.0491, 42.27708]}}, {"type": "Feature", "properties": {"crashes": 68, "injury": 21, "fatal": 0, "pedestrian": 0, "density": 4.0}, "geometry": {"type": "Point", "coordinates": [-71.02131, 42.23067]}}, {"type": "Feature", "properties": {"crashes": 68, "injury": 15, "fatal": 0, "pedestrian": 4, "density": 4.0}, "geometry": {"type": "Point", "coordinates": [-70.95389, 42.20551]}}, {"type": "Feature", "properties": {"crashes": 68, "injury": 23, "fatal": 0, "pedestrian": 8, "density": 4.0}, "geometry": {"type": "Point", "coordinates": [-71.0059, 42.25177]}}, {"type": "Feature", "properties": {"crashes": 68, "injury": 31, "fatal": 0, "pedestrian": 4, "density": 4.0}, "geometry": {"type": "Point", "coordinates": [-71.02497, 42.1091]}}, {"type": "Feature", "properties": {"crashes": 68, "injury": 15, "fatal": 0, "pedestrian": 0, "density": 4.0}, "geometry": {"type": "Point", "coordinates": [-70.93002, 42.11128]}}, {"type": "Feature", "properties": {"crashes": 67, "injury": 22, "fatal": 0, "pedestrian": 1, "density": 3.9}, "geometry": {"type": "Point", "coordinates": [-70.99685, 42.26517]}}, {"type": "Feature", "properties": {"crashes": 67, "injury": 19, "fatal": 1, "pedestrian": 2, "density": 3.9}, "geometry": {"type": "Point", "coordinates": [-71.03459, 42.17601]}}, {"type": "Feature", "properties": {"crashes": 67, "injury": 25, "fatal": 0, "pedestrian": 1, "density": 3.9}, "geometry": {"type": "Point", "coordinates": [-71.04405, 42.15011]}}, {"type": "Feature", "properties": {"crashes": 67, "injury": 33, "fatal": 0, "pedestrian": 0, "density": 3.9}, "geometry": {"type": "Point", "coordinates": [-71.04138, 42.10134]}}, {"type": "Feature", "properties": {"crashes": 67, "injury": 14, "fatal": 0, "pedestrian": 0, "density": 3.9}, "geometry": {"type": "Point", "coordinates": [-71.02585, 42.25374]}}, {"type": "Feature", "properties": {"crashes": 67, "injury": 12, "fatal": 0, "pedestrian": 0, "density": 3.9}, "geometry": {"type": "Point", "coordinates": [-70.96791, 42.18785]}}, {"type": "Feature", "properties": {"crashes": 67, "injury": 26, "fatal": 0, "pedestrian": 1, "density": 3.9}, "geometry": {"type": "Point", "coordinates": [-71.00999, 42.1548]}}, {"type": "Feature", "properties": {"crashes": 67, "injury": 13, "fatal": 1, "pedestrian": 0, "density": 3.9}, "geometry": {"type": "Point", "coordinates": [-71.03774, 42.26847]}}, {"type": "Feature", "properties": {"crashes": 66, "injury": 15, "fatal": 0, "pedestrian": 1, "density": 3.9}, "geometry": {"type": "Point", "coordinates": [-71.02804, 42.25443]}}, {"type": "Feature", "properties": {"crashes": 66, "injury": 22, "fatal": 0, "pedestrian": 1, "density": 3.9}, "geometry": {"type": "Point", "coordinates": [-71.01154, 42.27733]}}, {"type": "Feature", "properties": {"crashes": 66, "injury": 11, "fatal": 0, "pedestrian": 5, "density": 3.9}, "geometry": {"type": "Point", "coordinates": [-71.01832, 42.24228]}}, {"type": "Feature", "properties": {"crashes": 66, "injury": 14, "fatal": 0, "pedestrian": 0, "density": 3.9}, "geometry": {"type": "Point", "coordinates": [-70.98436, 42.2485]}}, {"type": "Feature", "properties": {"crashes": 66, "injury": 7, "fatal": 0, "pedestrian": 1, "density": 3.9}, "geometry": {"type": "Point", "coordinates": [-70.88014, 42.23353]}}, {"type": "Feature", "properties": {"crashes": 66, "injury": 30, "fatal": 0, "pedestrian": 0, "density": 3.9}, "geometry": {"type": "Point", "coordinates": [-70.97175, 42.22982]}}, {"type": "Feature", "properties": {"crashes": 65, "injury": 16, "fatal": 0, "pedestrian": 2, "density": 3.8}, "geometry": {"type": "Point", "coordinates": [-71.0324, 42.27041]}}, {"type": "Feature", "properties": {"crashes": 65, "injury": 26, "fatal": 0, "pedestrian": 0, "density": 3.8}, "geometry": {"type": "Point", "coordinates": [-71.02942, 42.18681]}}, {"type": "Feature", "properties": {"crashes": 65, "injury": 15, "fatal": 0, "pedestrian": 1, "density": 3.8}, "geometry": {"type": "Point", "coordinates": [-71.02825, 42.23839]}}, {"type": "Feature", "properties": {"crashes": 65, "injury": 19, "fatal": 0, "pedestrian": 2, "density": 3.8}, "geometry": {"type": "Point", "coordinates": [-71.03185, 42.27199]}}, {"type": "Feature", "properties": {"crashes": 65, "injury": 21, "fatal": 0, "pedestrian": 2, "density": 3.8}, "geometry": {"type": "Point", "coordinates": [-71.0476, 42.29206]}}, {"type": "Feature", "properties": {"crashes": 65, "injury": 19, "fatal": 0, "pedestrian": 0, "density": 3.8}, "geometry": {"type": "Point", "coordinates": [-70.97176, 42.18184]}}, {"type": "Feature", "properties": {"crashes": 65, "injury": 10, "fatal": 0, "pedestrian": 5, "density": 3.8}, "geometry": {"type": "Point", "coordinates": [-70.95383, 42.17448]}}, {"type": "Feature", "properties": {"crashes": 64, "injury": 7, "fatal": 0, "pedestrian": 0, "density": 3.8}, "geometry": {"type": "Point", "coordinates": [-70.97178, 42.24555]}}, {"type": "Feature", "properties": {"crashes": 64, "injury": 24, "fatal": 0, "pedestrian": 0, "density": 3.8}, "geometry": {"type": "Point", "coordinates": [-71.03383, 42.12244]}}, {"type": "Feature", "properties": {"crashes": 64, "injury": 15, "fatal": 1, "pedestrian": 2, "density": 3.8}, "geometry": {"type": "Point", "coordinates": [-71.02205, 42.26369]}}, {"type": "Feature", "properties": {"crashes": 64, "injury": 25, "fatal": 0, "pedestrian": 1, "density": 3.8}, "geometry": {"type": "Point", "coordinates": [-70.96088, 42.18811]}}, {"type": "Feature", "properties": {"crashes": 64, "injury": 21, "fatal": 0, "pedestrian": 2, "density": 3.8}, "geometry": {"type": "Point", "coordinates": [-70.99428, 42.21113]}}, {"type": "Feature", "properties": {"crashes": 64, "injury": 13, "fatal": 0, "pedestrian": 3, "density": 3.8}, "geometry": {"type": "Point", "coordinates": [-70.92388, 42.21546]}}, {"type": "Feature", "properties": {"crashes": 64, "injury": 24, "fatal": 0, "pedestrian": 0, "density": 3.8}, "geometry": {"type": "Point", "coordinates": [-71.00418, 42.22159]}}, {"type": "Feature", "properties": {"crashes": 63, "injury": 15, "fatal": 0, "pedestrian": 1, "density": 3.7}, "geometry": {"type": "Point", "coordinates": [-71.03843, 42.25374]}}, {"type": "Feature", "properties": {"crashes": 63, "injury": 12, "fatal": 0, "pedestrian": 4, "density": 3.7}, "geometry": {"type": "Point", "coordinates": [-71.0003, 42.25238]}}, {"type": "Feature", "properties": {"crashes": 63, "injury": 26, "fatal": 0, "pedestrian": 2, "density": 3.7}, "geometry": {"type": "Point", "coordinates": [-71.03652, 42.16843]}}, {"type": "Feature", "properties": {"crashes": 63, "injury": 27, "fatal": 0, "pedestrian": 1, "density": 3.7}, "geometry": {"type": "Point", "coordinates": [-71.02378, 42.10631]}}, {"type": "Feature", "properties": {"crashes": 63, "injury": 17, "fatal": 0, "pedestrian": 0, "density": 3.7}, "geometry": {"type": "Point", "coordinates": [-70.97129, 42.16996]}}, {"type": "Feature", "properties": {"crashes": 63, "injury": 13, "fatal": 0, "pedestrian": 0, "density": 3.7}, "geometry": {"type": "Point", "coordinates": [-70.92754, 42.1958]}}, {"type": "Feature", "properties": {"crashes": 63, "injury": 27, "fatal": 0, "pedestrian": 0, "density": 3.7}, "geometry": {"type": "Point", "coordinates": [-70.93184, 42.12922]}}, {"type": "Feature", "properties": {"crashes": 62, "injury": 15, "fatal": 0, "pedestrian": 1, "density": 3.6}, "geometry": {"type": "Point", "coordinates": [-71.04359, 42.16312]}}, {"type": "Feature", "properties": {"crashes": 62, "injury": 19, "fatal": 0, "pedestrian": 0, "density": 3.6}, "geometry": {"type": "Point", "coordinates": [-70.82817, 42.12626]}}, {"type": "Feature", "properties": {"crashes": 62, "injury": 13, "fatal": 0, "pedestrian": 1, "density": 3.6}, "geometry": {"type": "Point", "coordinates": [-71.03444, 42.27779]}}, {"type": "Feature", "properties": {"crashes": 62, "injury": 12, "fatal": 0, "pedestrian": 3, "density": 3.6}, "geometry": {"type": "Point", "coordinates": [-70.98604, 42.23993]}}, {"type": "Feature", "properties": {"crashes": 62, "injury": 8, "fatal": 0, "pedestrian": 0, "density": 3.6}, "geometry": {"type": "Point", "coordinates": [-70.88638, 42.22435]}}, {"type": "Feature", "properties": {"crashes": 62, "injury": 26, "fatal": 0, "pedestrian": 0, "density": 3.6}, "geometry": {"type": "Point", "coordinates": [-71.00762, 42.19999]}}, {"type": "Feature", "properties": {"crashes": 61, "injury": 18, "fatal": 0, "pedestrian": 4, "density": 3.6}, "geometry": {"type": "Point", "coordinates": [-71.00998, 42.2443]}}, {"type": "Feature", "properties": {"crashes": 61, "injury": 10, "fatal": 0, "pedestrian": 0, "density": 3.6}, "geometry": {"type": "Point", "coordinates": [-70.94887, 42.1159]}}, {"type": "Feature", "properties": {"crashes": 61, "injury": 17, "fatal": 0, "pedestrian": 2, "density": 3.6}, "geometry": {"type": "Point", "coordinates": [-71.03834, 42.16607]}}, {"type": "Feature", "properties": {"crashes": 61, "injury": 28, "fatal": 0, "pedestrian": 1, "density": 3.6}, "geometry": {"type": "Point", "coordinates": [-71.02997, 42.10839]}}, {"type": "Feature", "properties": {"crashes": 61, "injury": 14, "fatal": 0, "pedestrian": 3, "density": 3.6}, "geometry": {"type": "Point", "coordinates": [-70.93783, 42.1827]}}, {"type": "Feature", "properties": {"crashes": 61, "injury": 25, "fatal": 0, "pedestrian": 0, "density": 3.6}, "geometry": {"type": "Point", "coordinates": [-70.91555, 42.14854]}}, {"type": "Feature", "properties": {"crashes": 61, "injury": 22, "fatal": 0, "pedestrian": 0, "density": 3.6}, "geometry": {"type": "Point", "coordinates": [-70.90338, 42.15918]}}, {"type": "Feature", "properties": {"crashes": 60, "injury": 22, "fatal": 0, "pedestrian": 2, "density": 3.5}, "geometry": {"type": "Point", "coordinates": [-71.04356, 42.15817]}}, {"type": "Feature", "properties": {"crashes": 60, "injury": 18, "fatal": 0, "pedestrian": 0, "density": 3.5}, "geometry": {"type": "Point", "coordinates": [-70.95154, 42.17955]}}, {"type": "Feature", "properties": {"crashes": 60, "injury": 16, "fatal": 0, "pedestrian": 1, "density": 3.5}, "geometry": {"type": "Point", "coordinates": [-70.85969, 42.27279]}}, {"type": "Feature", "properties": {"crashes": 60, "injury": 9, "fatal": 0, "pedestrian": 0, "density": 3.5}, "geometry": {"type": "Point", "coordinates": [-70.88622, 42.22563]}}, {"type": "Feature", "properties": {"crashes": 60, "injury": 24, "fatal": 0, "pedestrian": 0, "density": 3.5}, "geometry": {"type": "Point", "coordinates": [-70.98821, 42.21338]}}, {"type": "Feature", "properties": {"crashes": 60, "injury": 7, "fatal": 0, "pedestrian": 3, "density": 3.5}, "geometry": {"type": "Point", "coordinates": [-70.92805, 42.21639]}}, {"type": "Feature", "properties": {"crashes": 60, "injury": 21, "fatal": 0, "pedestrian": 0, "density": 3.5}, "geometry": {"type": "Point", "coordinates": [-70.99571, 42.25779]}}, {"type": "Feature", "properties": {"crashes": 60, "injury": 16, "fatal": 3, "pedestrian": 1, "density": 3.5}, "geometry": {"type": "Point", "coordinates": [-71.00828, 42.14218]}}, {"type": "Feature", "properties": {"crashes": 60, "injury": 24, "fatal": 0, "pedestrian": 0, "density": 3.5}, "geometry": {"type": "Point", "coordinates": [-70.90359, 42.12415]}}, {"type": "Feature", "properties": {"crashes": 59, "injury": 15, "fatal": 0, "pedestrian": 0, "density": 3.5}, "geometry": {"type": "Point", "coordinates": [-70.84866, 42.15221]}}, {"type": "Feature", "properties": {"crashes": 59, "injury": 19, "fatal": 0, "pedestrian": 2, "density": 3.5}, "geometry": {"type": "Point", "coordinates": [-70.92601, 42.1135]}}, {"type": "Feature", "properties": {"crashes": 59, "injury": 18, "fatal": 0, "pedestrian": 0, "density": 3.5}, "geometry": {"type": "Point", "coordinates": [-70.94252, 42.22772]}}, {"type": "Feature", "properties": {"crashes": 59, "injury": 17, "fatal": 0, "pedestrian": 2, "density": 3.5}, "geometry": {"type": "Point", "coordinates": [-71.01391, 42.26009]}}, {"type": "Feature", "properties": {"crashes": 59, "injury": 18, "fatal": 0, "pedestrian": 0, "density": 3.5}, "geometry": {"type": "Point", "coordinates": [-70.95513, 42.14966]}}, {"type": "Feature", "properties": {"crashes": 59, "injury": 9, "fatal": 1, "pedestrian": 1, "density": 3.5}, "geometry": {"type": "Point", "coordinates": [-70.95312, 42.14272]}}, {"type": "Feature", "properties": {"crashes": 58, "injury": 10, "fatal": 0, "pedestrian": 0, "density": 3.4}, "geometry": {"type": "Point", "coordinates": [-70.92516, 42.21374]}}, {"type": "Feature", "properties": {"crashes": 58, "injury": 12, "fatal": 0, "pedestrian": 2, "density": 3.4}, "geometry": {"type": "Point", "coordinates": [-71.02619, 42.24569]}}, {"type": "Feature", "properties": {"crashes": 58, "injury": 13, "fatal": 0, "pedestrian": 1, "density": 3.4}, "geometry": {"type": "Point", "coordinates": [-70.94871, 42.11006]}}, {"type": "Feature", "properties": {"crashes": 58, "injury": 15, "fatal": 1, "pedestrian": 2, "density": 3.4}, "geometry": {"type": "Point", "coordinates": [-70.94766, 42.1232]}}, {"type": "Feature", "properties": {"crashes": 58, "injury": 8, "fatal": 0, "pedestrian": 0, "density": 3.4}, "geometry": {"type": "Point", "coordinates": [-70.87244, 42.24836]}}, {"type": "Feature", "properties": {"crashes": 58, "injury": 30, "fatal": 0, "pedestrian": 1, "density": 3.4}, "geometry": {"type": "Point", "coordinates": [-71.04759, 42.10173]}}, {"type": "Feature", "properties": {"crashes": 58, "injury": 17, "fatal": 0, "pedestrian": 0, "density": 3.4}, "geometry": {"type": "Point", "coordinates": [-71.0456, 42.29001]}}, {"type": "Feature", "properties": {"crashes": 57, "injury": 19, "fatal": 0, "pedestrian": 0, "density": 3.4}, "geometry": {"type": "Point", "coordinates": [-70.84669, 42.1535]}}, {"type": "Feature", "properties": {"crashes": 57, "injury": 12, "fatal": 0, "pedestrian": 2, "density": 3.4}, "geometry": {"type": "Point", "coordinates": [-71.0204, 42.2761]}}, {"type": "Feature", "properties": {"crashes": 57, "injury": 11, "fatal": 0, "pedestrian": 0, "density": 3.4}, "geometry": {"type": "Point", "coordinates": [-70.95821, 42.16822]}}, {"type": "Feature", "properties": {"crashes": 57, "injury": 20, "fatal": 1, "pedestrian": 1, "density": 3.4}, "geometry": {"type": "Point", "coordinates": [-71.0035, 42.27473]}}, {"type": "Feature", "properties": {"crashes": 57, "injury": 10, "fatal": 0, "pedestrian": 2, "density": 3.4}, "geometry": {"type": "Point", "coordinates": [-70.9498, 42.20346]}}, {"type": "Feature", "properties": {"crashes": 57, "injury": 17, "fatal": 0, "pedestrian": 0, "density": 3.4}, "geometry": {"type": "Point", "coordinates": [-71.03074, 42.22308]}}, {"type": "Feature", "properties": {"crashes": 57, "injury": 8, "fatal": 0, "pedestrian": 1, "density": 3.4}, "geometry": {"type": "Point", "coordinates": [-70.8826, 42.19018]}}, {"type": "Feature", "properties": {"crashes": 57, "injury": 28, "fatal": 0, "pedestrian": 2, "density": 3.4}, "geometry": {"type": "Point", "coordinates": [-71.0214, 42.10053]}}, {"type": "Feature", "properties": {"crashes": 57, "injury": 17, "fatal": 0, "pedestrian": 0, "density": 3.4}, "geometry": {"type": "Point", "coordinates": [-70.94398, 42.24194]}}, {"type": "Feature", "properties": {"crashes": 57, "injury": 17, "fatal": 0, "pedestrian": 0, "density": 3.4}, "geometry": {"type": "Point", "coordinates": [-71.04793, 42.29842]}}, {"type": "Feature", "properties": {"crashes": 57, "injury": 21, "fatal": 0, "pedestrian": 2, "density": 3.4}, "geometry": {"type": "Point", "coordinates": [-71.02758, 42.1065]}}, {"type": "Feature", "properties": {"crashes": 56, "injury": 24, "fatal": 0, "pedestrian": 7, "density": 3.3}, "geometry": {"type": "Point", "coordinates": [-70.98411, 42.26226]}}, {"type": "Feature", "properties": {"crashes": 56, "injury": 12, "fatal": 0, "pedestrian": 0, "density": 3.3}, "geometry": {"type": "Point", "coordinates": [-70.95204, 42.10548]}}, {"type": "Feature", "properties": {"crashes": 56, "injury": 15, "fatal": 0, "pedestrian": 0, "density": 3.3}, "geometry": {"type": "Point", "coordinates": [-71.01791, 42.26404]}}, {"type": "Feature", "properties": {"crashes": 56, "injury": 11, "fatal": 0, "pedestrian": 2, "density": 3.3}, "geometry": {"type": "Point", "coordinates": [-71.02561, 42.27004]}}, {"type": "Feature", "properties": {"crashes": 56, "injury": 9, "fatal": 0, "pedestrian": 0, "density": 3.3}, "geometry": {"type": "Point", "coordinates": [-70.90351, 42.18051]}}, {"type": "Feature", "properties": {"crashes": 56, "injury": 21, "fatal": 0, "pedestrian": 3, "density": 3.3}, "geometry": {"type": "Point", "coordinates": [-71.04025, 42.16395]}}, {"type": "Feature", "properties": {"crashes": 56, "injury": 17, "fatal": 0, "pedestrian": 2, "density": 3.3}, "geometry": {"type": "Point", "coordinates": [-70.94206, 42.24404]}}, {"type": "Feature", "properties": {"crashes": 56, "injury": 18, "fatal": 0, "pedestrian": 0, "density": 3.3}, "geometry": {"type": "Point", "coordinates": [-70.97708, 42.18692]}}, {"type": "Feature", "properties": {"crashes": 56, "injury": 20, "fatal": 0, "pedestrian": 2, "density": 3.3}, "geometry": {"type": "Point", "coordinates": [-70.98328, 42.24564]}}, {"type": "Feature", "properties": {"crashes": 56, "injury": 17, "fatal": 0, "pedestrian": 0, "density": 3.3}, "geometry": {"type": "Point", "coordinates": [-70.88231, 42.19388]}}, {"type": "Feature", "properties": {"crashes": 55, "injury": 14, "fatal": 1, "pedestrian": 6, "density": 3.2}, "geometry": {"type": "Point", "coordinates": [-70.9882, 42.2492]}}, {"type": "Feature", "properties": {"crashes": 55, "injury": 22, "fatal": 0, "pedestrian": 1, "density": 3.2}, "geometry": {"type": "Point", "coordinates": [-71.01337, 42.17573]}}, {"type": "Feature", "properties": {"crashes": 55, "injury": 15, "fatal": 0, "pedestrian": 0, "density": 3.2}, "geometry": {"type": "Point", "coordinates": [-70.8581, 42.12964]}}, {"type": "Feature", "properties": {"crashes": 55, "injury": 11, "fatal": 0, "pedestrian": 1, "density": 3.2}, "geometry": {"type": "Point", "coordinates": [-71.02436, 42.28002]}}, {"type": "Feature", "properties": {"crashes": 55, "injury": 17, "fatal": 0, "pedestrian": 0, "density": 3.2}, "geometry": {"type": "Point", "coordinates": [-70.90677, 42.23198]}}, {"type": "Feature", "properties": {"crashes": 55, "injury": 7, "fatal": 0, "pedestrian": 1, "density": 3.2}, "geometry": {"type": "Point", "coordinates": [-71.01567, 42.27223]}}, {"type": "Feature", "properties": {"crashes": 55, "injury": 20, "fatal": 0, "pedestrian": 1, "density": 3.2}, "geometry": {"type": "Point", "coordinates": [-71.01787, 42.28054]}}, {"type": "Feature", "properties": {"crashes": 55, "injury": 13, "fatal": 0, "pedestrian": 0, "density": 3.2}, "geometry": {"type": "Point", "coordinates": [-71.00583, 42.23568]}}, {"type": "Feature", "properties": {"crashes": 55, "injury": 7, "fatal": 0, "pedestrian": 1, "density": 3.2}, "geometry": {"type": "Point", "coordinates": [-70.93868, 42.22202]}}, {"type": "Feature", "properties": {"crashes": 54, "injury": 19, "fatal": 0, "pedestrian": 0, "density": 3.2}, "geometry": {"type": "Point", "coordinates": [-71.00457, 42.21452]}}, {"type": "Feature", "properties": {"crashes": 54, "injury": 7, "fatal": 0, "pedestrian": 2, "density": 3.2}, "geometry": {"type": "Point", "coordinates": [-71.03215, 42.27631]}}, {"type": "Feature", "properties": {"crashes": 54, "injury": 11, "fatal": 0, "pedestrian": 1, "density": 3.2}, "geometry": {"type": "Point", "coordinates": [-70.94352, 42.1028]}}, {"type": "Feature", "properties": {"crashes": 54, "injury": 13, "fatal": 0, "pedestrian": 0, "density": 3.2}, "geometry": {"type": "Point", "coordinates": [-70.96691, 42.22122]}}, {"type": "Feature", "properties": {"crashes": 54, "injury": 20, "fatal": 1, "pedestrian": 2, "density": 3.2}, "geometry": {"type": "Point", "coordinates": [-71.0259, 42.11043]}}, {"type": "Feature", "properties": {"crashes": 53, "injury": 15, "fatal": 0, "pedestrian": 1, "density": 3.1}, "geometry": {"type": "Point", "coordinates": [-70.88985, 42.24841]}}, {"type": "Feature", "properties": {"crashes": 53, "injury": 14, "fatal": 0, "pedestrian": 2, "density": 3.1}, "geometry": {"type": "Point", "coordinates": [-70.97579, 42.24379]}}, {"type": "Feature", "properties": {"crashes": 53, "injury": 13, "fatal": 1, "pedestrian": 2, "density": 3.1}, "geometry": {"type": "Point", "coordinates": [-71.04265, 42.16005]}}, {"type": "Feature", "properties": {"crashes": 53, "injury": 24, "fatal": 0, "pedestrian": 1, "density": 3.1}, "geometry": {"type": "Point", "coordinates": [-70.99863, 42.11179]}}, {"type": "Feature", "properties": {"crashes": 53, "injury": 22, "fatal": 0, "pedestrian": 3, "density": 3.1}, "geometry": {"type": "Point", "coordinates": [-71.02025, 42.10629]}}, {"type": "Feature", "properties": {"crashes": 53, "injury": 10, "fatal": 0, "pedestrian": 0, "density": 3.1}, "geometry": {"type": "Point", "coordinates": [-70.93948, 42.17715]}}, {"type": "Feature", "properties": {"crashes": 53, "injury": 14, "fatal": 0, "pedestrian": 1, "density": 3.1}, "geometry": {"type": "Point", "coordinates": [-71.03056, 42.17818]}}, {"type": "Feature", "properties": {"crashes": 53, "injury": 23, "fatal": 0, "pedestrian": 2, "density": 3.1}, "geometry": {"type": "Point", "coordinates": [-71.03292, 42.12144]}}, {"type": "Feature", "properties": {"crashes": 53, "injury": 11, "fatal": 0, "pedestrian": 0, "density": 3.1}, "geometry": {"type": "Point", "coordinates": [-70.88291, 42.18833]}}, {"type": "Feature", "properties": {"crashes": 52, "injury": 18, "fatal": 0, "pedestrian": 1, "density": 3.1}, "geometry": {"type": "Point", "coordinates": [-71.04873, 42.17534]}}, {"type": "Feature", "properties": {"crashes": 52, "injury": 9, "fatal": 0, "pedestrian": 4, "density": 3.1}, "geometry": {"type": "Point", "coordinates": [-70.99036, 42.24116]}}, {"type": "Feature", "properties": {"crashes": 52, "injury": 8, "fatal": 0, "pedestrian": 0, "density": 3.1}, "geometry": {"type": "Point", "coordinates": [-70.95417, 42.18916]}}, {"type": "Feature", "properties": {"crashes": 52, "injury": 13, "fatal": 0, "pedestrian": 0, "density": 3.1}, "geometry": {"type": "Point", "coordinates": [-70.92574, 42.24816]}}, {"type": "Feature", "properties": {"crashes": 52, "injury": 25, "fatal": 0, "pedestrian": 0, "density": 3.1}, "geometry": {"type": "Point", "coordinates": [-70.97853, 42.23513]}}, {"type": "Feature", "properties": {"crashes": 52, "injury": 6, "fatal": 0, "pedestrian": 1, "density": 3.1}, "geometry": {"type": "Point", "coordinates": [-70.87421, 42.28354]}}, {"type": "Feature", "properties": {"crashes": 52, "injury": 18, "fatal": 1, "pedestrian": 0, "density": 3.1}, "geometry": {"type": "Point", "coordinates": [-71.03972, 42.11992]}}, {"type": "Feature", "properties": {"crashes": 51, "injury": 22, "fatal": 1, "pedestrian": 1, "density": 3.0}, "geometry": {"type": "Point", "coordinates": [-71.034, 42.11365]}}, {"type": "Feature", "properties": {"crashes": 51, "injury": 20, "fatal": 0, "pedestrian": 2, "density": 3.0}, "geometry": {"type": "Point", "coordinates": [-70.9781, 42.24197]}}, {"type": "Feature", "properties": {"crashes": 51, "injury": 21, "fatal": 0, "pedestrian": 0, "density": 3.0}, "geometry": {"type": "Point", "coordinates": [-71.01261, 42.10147]}}, {"type": "Feature", "properties": {"crashes": 51, "injury": 16, "fatal": 0, "pedestrian": 0, "density": 3.0}, "geometry": {"type": "Point", "coordinates": [-70.86385, 42.16209]}}, {"type": "Feature", "properties": {"crashes": 51, "injury": 10, "fatal": 0, "pedestrian": 0, "density": 3.0}, "geometry": {"type": "Point", "coordinates": [-71.02837, 42.23619]}}, {"type": "Feature", "properties": {"crashes": 51, "injury": 17, "fatal": 0, "pedestrian": 2, "density": 3.0}, "geometry": {"type": "Point", "coordinates": [-71.04192, 42.12863]}}, {"type": "Feature", "properties": {"crashes": 51, "injury": 15, "fatal": 0, "pedestrian": 0, "density": 3.0}, "geometry": {"type": "Point", "coordinates": [-70.98678, 42.14517]}}, {"type": "Feature", "properties": {"crashes": 50, "injury": 9, "fatal": 1, "pedestrian": 2, "density": 2.9}, "geometry": {"type": "Point", "coordinates": [-70.95022, 42.19233]}}, {"type": "Feature", "properties": {"crashes": 50, "injury": 23, "fatal": 0, "pedestrian": 2, "density": 2.9}, "geometry": {"type": "Point", "coordinates": [-71.02846, 42.10741]}}, {"type": "Feature", "properties": {"crashes": 50, "injury": 17, "fatal": 0, "pedestrian": 1, "density": 2.9}, "geometry": {"type": "Point", "coordinates": [-70.84455, 42.15826]}}, {"type": "Feature", "properties": {"crashes": 50, "injury": 21, "fatal": 0, "pedestrian": 0, "density": 2.9}, "geometry": {"type": "Point", "coordinates": [-71.04846, 42.27229]}}, {"type": "Feature", "properties": {"crashes": 50, "injury": 15, "fatal": 0, "pedestrian": 0, "density": 2.9}, "geometry": {"type": "Point", "coordinates": [-70.91197, 42.12214]}}, {"type": "Feature", "properties": {"crashes": 50, "injury": 12, "fatal": 0, "pedestrian": 0, "density": 2.9}, "geometry": {"type": "Point", "coordinates": [-70.94521, 42.23184]}}, {"type": "Feature", "properties": {"crashes": 50, "injury": 15, "fatal": 0, "pedestrian": 0, "density": 2.9}, "geometry": {"type": "Point", "coordinates": [-71.02225, 42.22465]}}, {"type": "Feature", "properties": {"crashes": 49, "injury": 4, "fatal": 0, "pedestrian": 0, "density": 2.9}, "geometry": {"type": "Point", "coordinates": [-70.82865, 42.24374]}}, {"type": "Feature", "properties": {"crashes": 49, "injury": 13, "fatal": 0, "pedestrian": 1, "density": 2.9}, "geometry": {"type": "Point", "coordinates": [-70.9844, 42.25161]}}, {"type": "Feature", "properties": {"crashes": 49, "injury": 15, "fatal": 0, "pedestrian": 0, "density": 2.9}, "geometry": {"type": "Point", "coordinates": [-70.98611, 42.25203]}}, {"type": "Feature", "properties": {"crashes": 49, "injury": 7, "fatal": 0, "pedestrian": 2, "density": 2.9}, "geometry": {"type": "Point", "coordinates": [-70.96763, 42.21865]}}, {"type": "Feature", "properties": {"crashes": 49, "injury": 13, "fatal": 0, "pedestrian": 2, "density": 2.9}, "geometry": {"type": "Point", "coordinates": [-71.00838, 42.15021]}}, {"type": "Feature", "properties": {"crashes": 49, "injury": 24, "fatal": 0, "pedestrian": 1, "density": 2.9}, "geometry": {"type": "Point", "coordinates": [-71.01365, 42.18147]}}, {"type": "Feature", "properties": {"crashes": 48, "injury": 14, "fatal": 0, "pedestrian": 0, "density": 2.8}, "geometry": {"type": "Point", "coordinates": [-70.94284, 42.11405]}}, {"type": "Feature", "properties": {"crashes": 48, "injury": 11, "fatal": 0, "pedestrian": 0, "density": 2.8}, "geometry": {"type": "Point", "coordinates": [-71.0185, 42.26945]}}, {"type": "Feature", "properties": {"crashes": 48, "injury": 6, "fatal": 0, "pedestrian": 2, "density": 2.8}, "geometry": {"type": "Point", "coordinates": [-71.01572, 42.26989]}}, {"type": "Feature", "properties": {"crashes": 48, "injury": 12, "fatal": 0, "pedestrian": 1, "density": 2.8}, "geometry": {"type": "Point", "coordinates": [-71.02405, 42.28139]}}, {"type": "Feature", "properties": {"crashes": 48, "injury": 11, "fatal": 0, "pedestrian": 1, "density": 2.8}, "geometry": {"type": "Point", "coordinates": [-71.01374, 42.26428]}}, {"type": "Feature", "properties": {"crashes": 48, "injury": 16, "fatal": 0, "pedestrian": 0, "density": 2.8}, "geometry": {"type": "Point", "coordinates": [-70.90243, 42.16026]}}, {"type": "Feature", "properties": {"crashes": 48, "injury": 16, "fatal": 0, "pedestrian": 5, "density": 2.8}, "geometry": {"type": "Point", "coordinates": [-70.99182, 42.2529]}}, {"type": "Feature", "properties": {"crashes": 48, "injury": 11, "fatal": 0, "pedestrian": 0, "density": 2.8}, "geometry": {"type": "Point", "coordinates": [-70.86648, 42.24203]}}, {"type": "Feature", "properties": {"crashes": 47, "injury": 7, "fatal": 0, "pedestrian": 0, "density": 2.8}, "geometry": {"type": "Point", "coordinates": [-70.89973, 42.20199]}}, {"type": "Feature", "properties": {"crashes": 47, "injury": 8, "fatal": 0, "pedestrian": 0, "density": 2.8}, "geometry": {"type": "Point", "coordinates": [-70.9899, 42.24946]}}, {"type": "Feature", "properties": {"crashes": 47, "injury": 12, "fatal": 0, "pedestrian": 0, "density": 2.8}, "geometry": {"type": "Point", "coordinates": [-71.00572, 42.23195]}}, {"type": "Feature", "properties": {"crashes": 47, "injury": 16, "fatal": 0, "pedestrian": 2, "density": 2.8}, "geometry": {"type": "Point", "coordinates": [-71.00187, 42.25811]}}, {"type": "Feature", "properties": {"crashes": 47, "injury": 10, "fatal": 0, "pedestrian": 0, "density": 2.8}, "geometry": {"type": "Point", "coordinates": [-70.88184, 42.17361]}}, {"type": "Feature", "properties": {"crashes": 47, "injury": 26, "fatal": 0, "pedestrian": 0, "density": 2.8}, "geometry": {"type": "Point", "coordinates": [-70.97773, 42.2345]}}, {"type": "Feature", "properties": {"crashes": 47, "injury": 17, "fatal": 0, "pedestrian": 1, "density": 2.8}, "geometry": {"type": "Point", "coordinates": [-70.91071, 42.1293]}}, {"type": "Feature", "properties": {"crashes": 46, "injury": 24, "fatal": 0, "pedestrian": 0, "density": 2.7}, "geometry": {"type": "Point", "coordinates": [-71.00068, 42.12007]}}, {"type": "Feature", "properties": {"crashes": 46, "injury": 23, "fatal": 0, "pedestrian": 2, "density": 2.7}, "geometry": {"type": "Point", "coordinates": [-71.03023, 42.10273]}}, {"type": "Feature", "properties": {"crashes": 46, "injury": 10, "fatal": 0, "pedestrian": 3, "density": 2.7}, "geometry": {"type": "Point", "coordinates": [-71.01618, 42.24607]}}, {"type": "Feature", "properties": {"crashes": 46, "injury": 19, "fatal": 0, "pedestrian": 1, "density": 2.7}, "geometry": {"type": "Point", "coordinates": [-71.01612, 42.10226]}}, {"type": "Feature", "properties": {"crashes": 46, "injury": 18, "fatal": 2, "pedestrian": 0, "density": 2.7}, "geometry": {"type": "Point", "coordinates": [-71.0341, 42.10124]}}, {"type": "Feature", "properties": {"crashes": 46, "injury": 8, "fatal": 0, "pedestrian": 0, "density": 2.7}, "geometry": {"type": "Point", "coordinates": [-71.01173, 42.1548]}}, {"type": "Feature", "properties": {"crashes": 46, "injury": 20, "fatal": 1, "pedestrian": 2, "density": 2.7}, "geometry": {"type": "Point", "coordinates": [-71.02946, 42.11554]}}, {"type": "Feature", "properties": {"crashes": 46, "injury": 12, "fatal": 0, "pedestrian": 1, "density": 2.7}, "geometry": {"type": "Point", "coordinates": [-70.97371, 42.18387]}}, {"type": "Feature", "properties": {"crashes": 46, "injury": 10, "fatal": 1, "pedestrian": 2, "density": 2.7}, "geometry": {"type": "Point", "coordinates": [-70.94919, 42.11981]}}, {"type": "Feature", "properties": {"crashes": 46, "injury": 16, "fatal": 0, "pedestrian": 0, "density": 2.7}, "geometry": {"type": "Point", "coordinates": [-70.98762, 42.2282]}}, {"type": "Feature", "properties": {"crashes": 46, "injury": 10, "fatal": 0, "pedestrian": 0, "density": 2.7}, "geometry": {"type": "Point", "coordinates": [-70.88407, 42.18204]}}, {"type": "Feature", "properties": {"crashes": 46, "injury": 9, "fatal": 0, "pedestrian": 0, "density": 2.7}, "geometry": {"type": "Point", "coordinates": [-70.94006, 42.22535]}}, {"type": "Feature", "properties": {"crashes": 45, "injury": 16, "fatal": 0, "pedestrian": 0, "density": 2.6}, "geometry": {"type": "Point", "coordinates": [-70.9337, 42.19864]}}, {"type": "Feature", "properties": {"crashes": 45, "injury": 13, "fatal": 0, "pedestrian": 0, "density": 2.6}, "geometry": {"type": "Point", "coordinates": [-71.04212, 42.26142]}}, {"type": "Feature", "properties": {"crashes": 45, "injury": 10, "fatal": 0, "pedestrian": 3, "density": 2.6}, "geometry": {"type": "Point", "coordinates": [-70.88569, 42.22814]}}, {"type": "Feature", "properties": {"crashes": 45, "injury": 16, "fatal": 0, "pedestrian": 0, "density": 2.6}, "geometry": {"type": "Point", "coordinates": [-70.92466, 42.20976]}}, {"type": "Feature", "properties": {"crashes": 44, "injury": 11, "fatal": 0, "pedestrian": 0, "density": 2.6}, "geometry": {"type": "Point", "coordinates": [-71.0243, 42.24007]}}, {"type": "Feature", "properties": {"crashes": 44, "injury": 5, "fatal": 0, "pedestrian": 0, "density": 2.6}, "geometry": {"type": "Point", "coordinates": [-71.01386, 42.26812]}}, {"type": "Feature", "properties": {"crashes": 44, "injury": 10, "fatal": 0, "pedestrian": 0, "density": 2.6}, "geometry": {"type": "Point", "coordinates": [-71.00026, 42.23639]}}, {"type": "Feature", "properties": {"crashes": 44, "injury": 11, "fatal": 0, "pedestrian": 0, "density": 2.6}, "geometry": {"type": "Point", "coordinates": [-70.8362, 42.24191]}}, {"type": "Feature", "properties": {"crashes": 44, "injury": 8, "fatal": 0, "pedestrian": 0, "density": 2.6}, "geometry": {"type": "Point", "coordinates": [-70.89239, 42.25108]}}, {"type": "Feature", "properties": {"crashes": 44, "injury": 9, "fatal": 0, "pedestrian": 3, "density": 2.6}, "geometry": {"type": "Point", "coordinates": [-70.93581, 42.19919]}}, {"type": "Feature", "properties": {"crashes": 44, "injury": 8, "fatal": 0, "pedestrian": 3, "density": 2.6}, "geometry": {"type": "Point", "coordinates": [-70.93731, 42.1995]}}, {"type": "Feature", "properties": {"crashes": 44, "injury": 12, "fatal": 0, "pedestrian": 1, "density": 2.6}, "geometry": {"type": "Point", "coordinates": [-71.02216, 42.20638]}}, {"type": "Feature", "properties": {"crashes": 44, "injury": 2, "fatal": 0, "pedestrian": 2, "density": 2.6}, "geometry": {"type": "Point", "coordinates": [-70.88405, 42.24451]}}, {"type": "Feature", "properties": {"crashes": 44, "injury": 8, "fatal": 0, "pedestrian": 0, "density": 2.6}, "geometry": {"type": "Point", "coordinates": [-70.93986, 42.24547]}}, {"type": "Feature", "properties": {"crashes": 43, "injury": 12, "fatal": 0, "pedestrian": 2, "density": 2.5}, "geometry": {"type": "Point", "coordinates": [-71.01424, 42.23767]}}, {"type": "Feature", "properties": {"crashes": 43, "injury": 18, "fatal": 0, "pedestrian": 0, "density": 2.5}, "geometry": {"type": "Point", "coordinates": [-71.02865, 42.23432]}}, {"type": "Feature", "properties": {"crashes": 43, "injury": 13, "fatal": 0, "pedestrian": 1, "density": 2.5}, "geometry": {"type": "Point", "coordinates": [-70.99663, 42.25233]}}, {"type": "Feature", "properties": {"crashes": 43, "injury": 6, "fatal": 0, "pedestrian": 0, "density": 2.5}, "geometry": {"type": "Point", "coordinates": [-70.93031, 42.19741]}}, {"type": "Feature", "properties": {"crashes": 43, "injury": 12, "fatal": 0, "pedestrian": 0, "density": 2.5}, "geometry": {"type": "Point", "coordinates": [-70.94956, 42.23941]}}, {"type": "Feature", "properties": {"crashes": 43, "injury": 11, "fatal": 0, "pedestrian": 1, "density": 2.5}, "geometry": {"type": "Point", "coordinates": [-70.87958, 42.29229]}}, {"type": "Feature", "properties": {"crashes": 43, "injury": 11, "fatal": 0, "pedestrian": 0, "density": 2.5}, "geometry": {"type": "Point", "coordinates": [-70.84504, 42.14591]}}, {"type": "Feature", "properties": {"crashes": 43, "injury": 10, "fatal": 0, "pedestrian": 0, "density": 2.5}, "geometry": {"type": "Point", "coordinates": [-70.93203, 42.18786]}}, {"type": "Feature", "properties": {"crashes": 43, "injury": 17, "fatal": 0, "pedestrian": 0, "density": 2.5}, "geometry": {"type": "Point", "coordinates": [-70.9447, 42.23153]}}, {"type": "Feature", "properties": {"crashes": 43, "injury": 5, "fatal": 0, "pedestrian": 0, "density": 2.5}, "geometry": {"type": "Point", "coordinates": [-70.8849, 42.17261]}}, {"type": "Feature", "properties": {"crashes": 43, "injury": 7, "fatal": 0, "pedestrian": 0, "density": 2.5}, "geometry": {"type": "Point", "coordinates": [-70.95037, 42.20065]}}, {"type": "Feature", "properties": {"crashes": 43, "injury": 8, "fatal": 0, "pedestrian": 0, "density": 2.5}, "geometry": {"type": "Point", "coordinates": [-70.92439, 42.20646]}}, {"type": "Feature", "properties": {"crashes": 43, "injury": 22, "fatal": 0, "pedestrian": 0, "density": 2.5}, "geometry": {"type": "Point", "coordinates": [-71.03779, 42.21041]}}, {"type": "Feature", "properties": {"crashes": 43, "injury": 5, "fatal": 0, "pedestrian": 0, "density": 2.5}, "geometry": {"type": "Point", "coordinates": [-70.9022, 42.23773]}}, {"type": "Feature", "properties": {"crashes": 43, "injury": 16, "fatal": 0, "pedestrian": 2, "density": 2.5}, "geometry": {"type": "Point", "coordinates": [-71.00442, 42.15478]}}, {"type": "Feature", "properties": {"crashes": 43, "injury": 20, "fatal": 0, "pedestrian": 0, "density": 2.5}, "geometry": {"type": "Point", "coordinates": [-70.9819, 42.22964]}}, {"type": "Feature", "properties": {"crashes": 43, "injury": 12, "fatal": 0, "pedestrian": 0, "density": 2.5}, "geometry": {"type": "Point", "coordinates": [-71.03992, 42.2846]}}, {"type": "Feature", "properties": {"crashes": 42, "injury": 15, "fatal": 0, "pedestrian": 0, "density": 2.5}, "geometry": {"type": "Point", "coordinates": [-70.94823, 42.1976]}}, {"type": "Feature", "properties": {"crashes": 42, "injury": 6, "fatal": 0, "pedestrian": 0, "density": 2.5}, "geometry": {"type": "Point", "coordinates": [-71.01442, 42.27433]}}, {"type": "Feature", "properties": {"crashes": 42, "injury": 5, "fatal": 0, "pedestrian": 1, "density": 2.5}, "geometry": {"type": "Point", "coordinates": [-71.00639, 42.25545]}}, {"type": "Feature", "properties": {"crashes": 42, "injury": 10, "fatal": 0, "pedestrian": 1, "density": 2.5}, "geometry": {"type": "Point", "coordinates": [-70.86978, 42.27969]}}, {"type": "Feature", "properties": {"crashes": 42, "injury": 8, "fatal": 0, "pedestrian": 0, "density": 2.5}, "geometry": {"type": "Point", "coordinates": [-70.82553, 42.26369]}}, {"type": "Feature", "properties": {"crashes": 42, "injury": 12, "fatal": 0, "pedestrian": 1, "density": 2.5}, "geometry": {"type": "Point", "coordinates": [-70.998, 42.24647]}}, {"type": "Feature", "properties": {"crashes": 42, "injury": 14, "fatal": 0, "pedestrian": 6, "density": 2.5}, "geometry": {"type": "Point", "coordinates": [-71.02824, 42.27366]}}, {"type": "Feature", "properties": {"crashes": 42, "injury": 15, "fatal": 0, "pedestrian": 0, "density": 2.5}, "geometry": {"type": "Point", "coordinates": [-70.92056, 42.17845]}}, {"type": "Feature", "properties": {"crashes": 42, "injury": 11, "fatal": 0, "pedestrian": 0, "density": 2.5}, "geometry": {"type": "Point", "coordinates": [-70.99627, 42.21143]}}, {"type": "Feature", "properties": {"crashes": 42, "injury": 12, "fatal": 0, "pedestrian": 1, "density": 2.5}, "geometry": {"type": "Point", "coordinates": [-70.94759, 42.17953]}}, {"type": "Feature", "properties": {"crashes": 42, "injury": 7, "fatal": 0, "pedestrian": 2, "density": 2.5}, "geometry": {"type": "Point", "coordinates": [-70.91192, 42.17992]}}, {"type": "Feature", "properties": {"crashes": 42, "injury": 9, "fatal": 0, "pedestrian": 2, "density": 2.5}, "geometry": {"type": "Point", "coordinates": [-70.93756, 42.21743]}}, {"type": "Feature", "properties": {"crashes": 42, "injury": 12, "fatal": 0, "pedestrian": 0, "density": 2.5}, "geometry": {"type": "Point", "coordinates": [-70.94628, 42.17807]}}, {"type": "Feature", "properties": {"crashes": 42, "injury": 14, "fatal": 0, "pedestrian": 1, "density": 2.5}, "geometry": {"type": "Point", "coordinates": [-70.9097, 42.1227]}}, {"type": "Feature", "properties": {"crashes": 41, "injury": 17, "fatal": 0, "pedestrian": 2, "density": 2.4}, "geometry": {"type": "Point", "coordinates": [-70.92477, 42.20768]}}, {"type": "Feature", "properties": {"crashes": 41, "injury": 7, "fatal": 0, "pedestrian": 1, "density": 2.4}, "geometry": {"type": "Point", "coordinates": [-70.84471, 42.26001]}}, {"type": "Feature", "properties": {"crashes": 41, "injury": 13, "fatal": 0, "pedestrian": 0, "density": 2.4}, "geometry": {"type": "Point", "coordinates": [-71.0428, 42.16512]}}, {"type": "Feature", "properties": {"crashes": 41, "injury": 6, "fatal": 0, "pedestrian": 0, "density": 2.4}, "geometry": {"type": "Point", "coordinates": [-71.01781, 42.25286]}}, {"type": "Feature", "properties": {"crashes": 41, "injury": 8, "fatal": 0, "pedestrian": 0, "density": 2.4}, "geometry": {"type": "Point", "coordinates": [-71.0323, 42.25784]}}, {"type": "Feature", "properties": {"crashes": 41, "injury": 11, "fatal": 0, "pedestrian": 0, "density": 2.4}, "geometry": {"type": "Point", "coordinates": [-71.03407, 42.22146]}}, {"type": "Feature", "properties": {"crashes": 41, "injury": 15, "fatal": 0, "pedestrian": 0, "density": 2.4}, "geometry": {"type": "Point", "coordinates": [-70.84144, 42.13581]}}, {"type": "Feature", "properties": {"crashes": 41, "injury": 16, "fatal": 0, "pedestrian": 1, "density": 2.4}, "geometry": {"type": "Point", "coordinates": [-71.02191, 42.13751]}}, {"type": "Feature", "properties": {"crashes": 41, "injury": 10, "fatal": 0, "pedestrian": 1, "density": 2.4}, "geometry": {"type": "Point", "coordinates": [-70.9993, 42.25662]}}, {"type": "Feature", "properties": {"crashes": 41, "injury": 20, "fatal": 0, "pedestrian": 1, "density": 2.4}, "geometry": {"type": "Point", "coordinates": [-71.04575, 42.15362]}}, {"type": "Feature", "properties": {"crashes": 41, "injury": 21, "fatal": 0, "pedestrian": 0, "density": 2.4}, "geometry": {"type": "Point", "coordinates": [-71.00979, 42.2053]}}, {"type": "Feature", "properties": {"crashes": 41, "injury": 4, "fatal": 0, "pedestrian": 0, "density": 2.4}, "geometry": {"type": "Point", "coordinates": [-70.95588, 42.20153]}}, {"type": "Feature", "properties": {"crashes": 41, "injury": 10, "fatal": 0, "pedestrian": 0, "density": 2.4}, "geometry": {"type": "Point", "coordinates": [-70.92474, 42.18002]}}, {"type": "Feature", "properties": {"crashes": 41, "injury": 13, "fatal": 0, "pedestrian": 0, "density": 2.4}, "geometry": {"type": "Point", "coordinates": [-70.85755, 42.15988]}}, {"type": "Feature", "properties": {"crashes": 41, "injury": 19, "fatal": 0, "pedestrian": 0, "density": 2.4}, "geometry": {"type": "Point", "coordinates": [-71.04008, 42.13788]}}, {"type": "Feature", "properties": {"crashes": 41, "injury": 13, "fatal": 0, "pedestrian": 0, "density": 2.4}, "geometry": {"type": "Point", "coordinates": [-71.02914, 42.28557]}}, {"type": "Feature", "properties": {"crashes": 40, "injury": 12, "fatal": 0, "pedestrian": 0, "density": 2.4}, "geometry": {"type": "Point", "coordinates": [-70.88064, 42.11407]}}, {"type": "Feature", "properties": {"crashes": 40, "injury": 12, "fatal": 0, "pedestrian": 0, "density": 2.4}, "geometry": {"type": "Point", "coordinates": [-71.00621, 42.15475]}}, {"type": "Feature", "properties": {"crashes": 40, "injury": 13, "fatal": 0, "pedestrian": 1, "density": 2.4}, "geometry": {"type": "Point", "coordinates": [-71.03449, 42.26576]}}, {"type": "Feature", "properties": {"crashes": 40, "injury": 13, "fatal": 0, "pedestrian": 1, "density": 2.4}, "geometry": {"type": "Point", "coordinates": [-71.04682, 42.17154]}}, {"type": "Feature", "properties": {"crashes": 40, "injury": 20, "fatal": 0, "pedestrian": 0, "density": 2.4}, "geometry": {"type": "Point", "coordinates": [-71.00654, 42.16226]}}, {"type": "Feature", "properties": {"crashes": 40, "injury": 8, "fatal": 0, "pedestrian": 0, "density": 2.4}, "geometry": {"type": "Point", "coordinates": [-70.82511, 42.23668]}}, {"type": "Feature", "properties": {"crashes": 40, "injury": 11, "fatal": 0, "pedestrian": 0, "density": 2.4}, "geometry": {"type": "Point", "coordinates": [-71.00215, 42.22175]}}, {"type": "Feature", "properties": {"crashes": 40, "injury": 14, "fatal": 0, "pedestrian": 2, "density": 2.4}, "geometry": {"type": "Point", "coordinates": [-71.00441, 42.20223]}}, {"type": "Feature", "properties": {"crashes": 40, "injury": 15, "fatal": 0, "pedestrian": 0, "density": 2.4}, "geometry": {"type": "Point", "coordinates": [-70.87639, 42.24768]}}, {"type": "Feature", "properties": {"crashes": 40, "injury": 16, "fatal": 0, "pedestrian": 0, "density": 2.4}, "geometry": {"type": "Point", "coordinates": [-71.04412, 42.26233]}}, {"type": "Feature", "properties": {"crashes": 40, "injury": 6, "fatal": 0, "pedestrian": 0, "density": 2.4}, "geometry": {"type": "Point", "coordinates": [-71.01202, 42.27588]}}, {"type": "Feature", "properties": {"crashes": 40, "injury": 16, "fatal": 0, "pedestrian": 0, "density": 2.4}, "geometry": {"type": "Point", "coordinates": [-70.85158, 42.15779]}}, {"type": "Feature", "properties": {"crashes": 40, "injury": 12, "fatal": 0, "pedestrian": 0, "density": 2.4}, "geometry": {"type": "Point", "coordinates": [-71.042, 42.26596]}}, {"type": "Feature", "properties": {"crashes": 40, "injury": 14, "fatal": 0, "pedestrian": 0, "density": 2.4}, "geometry": {"type": "Point", "coordinates": [-71.00818, 42.20562]}}, {"type": "Feature", "properties": {"crashes": 40, "injury": 19, "fatal": 0, "pedestrian": 0, "density": 2.4}, "geometry": {"type": "Point", "coordinates": [-70.97558, 42.18639]}}, {"type": "Feature", "properties": {"crashes": 39, "injury": 15, "fatal": 0, "pedestrian": 1, "density": 2.3}, "geometry": {"type": "Point", "coordinates": [-71.00832, 42.15194]}}, {"type": "Feature", "properties": {"crashes": 39, "injury": 15, "fatal": 0, "pedestrian": 0, "density": 2.3}, "geometry": {"type": "Point", "coordinates": [-71.03756, 42.10103]}}, {"type": "Feature", "properties": {"crashes": 39, "injury": 8, "fatal": 1, "pedestrian": 2, "density": 2.3}, "geometry": {"type": "Point", "coordinates": [-70.95985, 42.26576]}}, {"type": "Feature", "properties": {"crashes": 39, "injury": 10, "fatal": 0, "pedestrian": 0, "density": 2.3}, "geometry": {"type": "Point", "coordinates": [-71.00897, 42.12873]}}, {"type": "Feature", "properties": {"crashes": 39, "injury": 8, "fatal": 0, "pedestrian": 3, "density": 2.3}, "geometry": {"type": "Point", "coordinates": [-70.93975, 42.21018]}}, {"type": "Feature", "properties": {"crashes": 39, "injury": 4, "fatal": 0, "pedestrian": 1, "density": 2.3}, "geometry": {"type": "Point", "coordinates": [-71.02972, 42.2822]}}, {"type": "Feature", "properties": {"crashes": 39, "injury": 12, "fatal": 0, "pedestrian": 3, "density": 2.3}, "geometry": {"type": "Point", "coordinates": [-71.02996, 42.19023]}}, {"type": "Feature", "properties": {"crashes": 39, "injury": 14, "fatal": 0, "pedestrian": 0, "density": 2.3}, "geometry": {"type": "Point", "coordinates": [-71.00952, 42.21439]}}, {"type": "Feature", "properties": {"crashes": 39, "injury": 9, "fatal": 0, "pedestrian": 0, "density": 2.3}, "geometry": {"type": "Point", "coordinates": [-70.90442, 42.23951]}}, {"type": "Feature", "properties": {"crashes": 39, "injury": 13, "fatal": 0, "pedestrian": 1, "density": 2.3}, "geometry": {"type": "Point", "coordinates": [-70.91671, 42.13373]}}, {"type": "Feature", "properties": {"crashes": 39, "injury": 3, "fatal": 0, "pedestrian": 0, "density": 2.3}, "geometry": {"type": "Point", "coordinates": [-70.93568, 42.10814]}}, {"type": "Feature", "properties": {"crashes": 39, "injury": 10, "fatal": 0, "pedestrian": 0, "density": 2.3}, "geometry": {"type": "Point", "coordinates": [-70.95839, 42.15558]}}, {"type": "Feature", "properties": {"crashes": 39, "injury": 5, "fatal": 0, "pedestrian": 0, "density": 2.3}, "geometry": {"type": "Point", "coordinates": [-70.91374, 42.22526]}}, {"type": "Feature", "properties": {"crashes": 39, "injury": 12, "fatal": 0, "pedestrian": 0, "density": 2.3}, "geometry": {"type": "Point", "coordinates": [-71.02384, 42.22757]}}, {"type": "Feature", "properties": {"crashes": 38, "injury": 4, "fatal": 0, "pedestrian": 0, "density": 2.2}, "geometry": {"type": "Point", "coordinates": [-70.93863, 42.24459]}}, {"type": "Feature", "properties": {"crashes": 38, "injury": 11, "fatal": 0, "pedestrian": 1, "density": 2.2}, "geometry": {"type": "Point", "coordinates": [-70.94623, 42.11849]}}, {"type": "Feature", "properties": {"crashes": 38, "injury": 4, "fatal": 0, "pedestrian": 0, "density": 2.2}, "geometry": {"type": "Point", "coordinates": [-70.88434, 42.21435]}}, {"type": "Feature", "properties": {"crashes": 38, "injury": 12, "fatal": 0, "pedestrian": 0, "density": 2.2}, "geometry": {"type": "Point", "coordinates": [-70.93366, 42.24647]}}, {"type": "Feature", "properties": {"crashes": 38, "injury": 8, "fatal": 0, "pedestrian": 3, "density": 2.2}, "geometry": {"type": "Point", "coordinates": [-71.03548, 42.25004]}}, {"type": "Feature", "properties": {"crashes": 38, "injury": 6, "fatal": 0, "pedestrian": 3, "density": 2.2}, "geometry": {"type": "Point", "coordinates": [-70.9478, 42.24252]}}, {"type": "Feature", "properties": {"crashes": 38, "injury": 11, "fatal": 0, "pedestrian": 0, "density": 2.2}, "geometry": {"type": "Point", "coordinates": [-70.82338, 42.23476]}}, {"type": "Feature", "properties": {"crashes": 38, "injury": 8, "fatal": 0, "pedestrian": 1, "density": 2.2}, "geometry": {"type": "Point", "coordinates": [-70.92682, 42.21769]}}, {"type": "Feature", "properties": {"crashes": 38, "injury": 14, "fatal": 0, "pedestrian": 0, "density": 2.2}, "geometry": {"type": "Point", "coordinates": [-70.99655, 42.24046]}}, {"type": "Feature", "properties": {"crashes": 38, "injury": 12, "fatal": 2, "pedestrian": 1, "density": 2.2}, "geometry": {"type": "Point", "coordinates": [-70.9878, 42.26217]}}, {"type": "Feature", "properties": {"crashes": 38, "injury": 16, "fatal": 0, "pedestrian": 0, "density": 2.2}, "geometry": {"type": "Point", "coordinates": [-70.88931, 42.16719]}}, {"type": "Feature", "properties": {"crashes": 38, "injury": 16, "fatal": 0, "pedestrian": 0, "density": 2.2}, "geometry": {"type": "Point", "coordinates": [-70.8997, 42.16334]}}, {"type": "Feature", "properties": {"crashes": 37, "injury": 16, "fatal": 0, "pedestrian": 1, "density": 2.2}, "geometry": {"type": "Point", "coordinates": [-71.04072, 42.14186]}}, {"type": "Feature", "properties": {"crashes": 37, "injury": 17, "fatal": 0, "pedestrian": 0, "density": 2.2}, "geometry": {"type": "Point", "coordinates": [-70.99026, 42.2621]}}, {"type": "Feature", "properties": {"crashes": 37, "injury": 9, "fatal": 0, "pedestrian": 1, "density": 2.2}, "geometry": {"type": "Point", "coordinates": [-71.04447, 42.15598]}}, {"type": "Feature", "properties": {"crashes": 37, "injury": 12, "fatal": 0, "pedestrian": 0, "density": 2.2}, "geometry": {"type": "Point", "coordinates": [-70.94313, 42.20572]}}, {"type": "Feature", "properties": {"crashes": 37, "injury": 12, "fatal": 0, "pedestrian": 1, "density": 2.2}, "geometry": {"type": "Point", "coordinates": [-70.82272, 42.11812]}}, {"type": "Feature", "properties": {"crashes": 37, "injury": 15, "fatal": 0, "pedestrian": 0, "density": 2.2}, "geometry": {"type": "Point", "coordinates": [-70.84062, 42.13401]}}, {"type": "Feature", "properties": {"crashes": 37, "injury": 5, "fatal": 0, "pedestrian": 0, "density": 2.2}, "geometry": {"type": "Point", "coordinates": [-71.00216, 42.23437]}}, {"type": "Feature", "properties": {"crashes": 37, "injury": 8, "fatal": 0, "pedestrian": 0, "density": 2.2}, "geometry": {"type": "Point", "coordinates": [-70.87567, 42.23572]}}, {"type": "Feature", "properties": {"crashes": 37, "injury": 17, "fatal": 0, "pedestrian": 0, "density": 2.2}, "geometry": {"type": "Point", "coordinates": [-70.94026, 42.18132]}}, {"type": "Feature", "properties": {"crashes": 37, "injury": 7, "fatal": 0, "pedestrian": 2, "density": 2.2}, "geometry": {"type": "Point", "coordinates": [-71.01597, 42.26568]}}, {"type": "Feature", "properties": {"crashes": 37, "injury": 15, "fatal": 0, "pedestrian": 1, "density": 2.2}, "geometry": {"type": "Point", "coordinates": [-70.99028, 42.19194]}}, {"type": "Feature", "properties": {"crashes": 37, "injury": 9, "fatal": 0, "pedestrian": 1, "density": 2.2}, "geometry": {"type": "Point", "coordinates": [-70.93, 42.19392]}}, {"type": "Feature", "properties": {"crashes": 37, "injury": 5, "fatal": 0, "pedestrian": 0, "density": 2.2}, "geometry": {"type": "Point", "coordinates": [-71.00589, 42.23421]}}, {"type": "Feature", "properties": {"crashes": 37, "injury": 10, "fatal": 0, "pedestrian": 0, "density": 2.2}, "geometry": {"type": "Point", "coordinates": [-70.89045, 42.16605]}}, {"type": "Feature", "properties": {"crashes": 36, "injury": 6, "fatal": 0, "pedestrian": 3, "density": 2.1}, "geometry": {"type": "Point", "coordinates": [-70.95223, 42.17538]}}, {"type": "Feature", "properties": {"crashes": 36, "injury": 13, "fatal": 0, "pedestrian": 0, "density": 2.1}, "geometry": {"type": "Point", "coordinates": [-70.95582, 42.19583]}}, {"type": "Feature", "properties": {"crashes": 36, "injury": 10, "fatal": 1, "pedestrian": 2, "density": 2.1}, "geometry": {"type": "Point", "coordinates": [-71.03083, 42.23011]}}, {"type": "Feature", "properties": {"crashes": 36, "injury": 10, "fatal": 0, "pedestrian": 1, "density": 2.1}, "geometry": {"type": "Point", "coordinates": [-71.0348, 42.24914]}}, {"type": "Feature", "properties": {"crashes": 36, "injury": 12, "fatal": 0, "pedestrian": 1, "density": 2.1}, "geometry": {"type": "Point", "coordinates": [-70.92774, 42.21923]}}, {"type": "Feature", "properties": {"crashes": 36, "injury": 5, "fatal": 0, "pedestrian": 5, "density": 2.1}, "geometry": {"type": "Point", "coordinates": [-71.02166, 42.27572]}}, {"type": "Feature", "properties": {"crashes": 36, "injury": 8, "fatal": 0, "pedestrian": 0, "density": 2.1}, "geometry": {"type": "Point", "coordinates": [-70.96207, 42.22405]}}, {"type": "Feature", "properties": {"crashes": 36, "injury": 7, "fatal": 0, "pedestrian": 3, "density": 2.1}, "geometry": {"type": "Point", "coordinates": [-71.02596, 42.27631]}}, {"type": "Feature", "properties": {"crashes": 36, "injury": 3, "fatal": 0, "pedestrian": 0, "density": 2.1}, "geometry": {"type": "Point", "coordinates": [-71.026, 42.26167]}}, {"type": "Feature", "properties": {"crashes": 36, "injury": 9, "fatal": 0, "pedestrian": 0, "density": 2.1}, "geometry": {"type": "Point", "coordinates": [-70.90196, 42.17864]}}, {"type": "Feature", "properties": {"crashes": 36, "injury": 6, "fatal": 0, "pedestrian": 0, "density": 2.1}, "geometry": {"type": "Point", "coordinates": [-70.91765, 42.24396]}}, {"type": "Feature", "properties": {"crashes": 36, "injury": 3, "fatal": 0, "pedestrian": 0, "density": 2.1}, "geometry": {"type": "Point", "coordinates": [-70.88457, 42.17768]}}, {"type": "Feature", "properties": {"crashes": 36, "injury": 15, "fatal": 0, "pedestrian": 0, "density": 2.1}, "geometry": {"type": "Point", "coordinates": [-70.91438, 42.17944]}}, {"type": "Feature", "properties": {"crashes": 36, "injury": 15, "fatal": 0, "pedestrian": 0, "density": 2.1}, "geometry": {"type": "Point", "coordinates": [-70.83011, 42.12751]}}, {"type": "Feature", "properties": {"crashes": 36, "injury": 11, "fatal": 0, "pedestrian": 1, "density": 2.1}, "geometry": {"type": "Point", "coordinates": [-70.87177, 42.28023]}}, {"type": "Feature", "properties": {"crashes": 36, "injury": 8, "fatal": 0, "pedestrian": 0, "density": 2.1}, "geometry": {"type": "Point", "coordinates": [-71.03225, 42.28349]}}, {"type": "Feature", "properties": {"crashes": 36, "injury": 10, "fatal": 0, "pedestrian": 0, "density": 2.1}, "geometry": {"type": "Point", "coordinates": [-71.04755, 42.28363]}}, {"type": "Feature", "properties": {"crashes": 36, "injury": 11, "fatal": 0, "pedestrian": 2, "density": 2.1}, "geometry": {"type": "Point", "coordinates": [-71.0106, 42.23353]}}, {"type": "Feature", "properties": {"crashes": 36, "injury": 17, "fatal": 0, "pedestrian": 1, "density": 2.1}, "geometry": {"type": "Point", "coordinates": [-71.01833, 42.21143]}}, {"type": "Feature", "properties": {"crashes": 36, "injury": 10, "fatal": 0, "pedestrian": 0, "density": 2.1}, "geometry": {"type": "Point", "coordinates": [-70.95926, 42.20631]}}, {"type": "Feature", "properties": {"crashes": 35, "injury": 9, "fatal": 0, "pedestrian": 0, "density": 2.1}, "geometry": {"type": "Point", "coordinates": [-70.9823, 42.24621]}}, {"type": "Feature", "properties": {"crashes": 35, "injury": 12, "fatal": 0, "pedestrian": 0, "density": 2.1}, "geometry": {"type": "Point", "coordinates": [-71.02343, 42.23601]}}, {"type": "Feature", "properties": {"crashes": 35, "injury": 6, "fatal": 0, "pedestrian": 0, "density": 2.1}, "geometry": {"type": "Point", "coordinates": [-70.89173, 42.24204]}}, {"type": "Feature", "properties": {"crashes": 35, "injury": 11, "fatal": 0, "pedestrian": 0, "density": 2.1}, "geometry": {"type": "Point", "coordinates": [-70.84561, 42.1163]}}, {"type": "Feature", "properties": {"crashes": 35, "injury": 16, "fatal": 0, "pedestrian": 1, "density": 2.1}, "geometry": {"type": "Point", "coordinates": [-71.01592, 42.1552]}}, {"type": "Feature", "properties": {"crashes": 35, "injury": 14, "fatal": 0, "pedestrian": 0, "density": 2.1}, "geometry": {"type": "Point", "coordinates": [-71.03485, 42.17197]}}, {"type": "Feature", "properties": {"crashes": 35, "injury": 6, "fatal": 0, "pedestrian": 0, "density": 2.1}, "geometry": {"type": "Point", "coordinates": [-70.92413, 42.21381]}}, {"type": "Feature", "properties": {"crashes": 35, "injury": 5, "fatal": 1, "pedestrian": 0, "density": 2.1}, "geometry": {"type": "Point", "coordinates": [-71.01339, 42.27001]}}, {"type": "Feature", "properties": {"crashes": 35, "injury": 9, "fatal": 0, "pedestrian": 0, "density": 2.1}, "geometry": {"type": "Point", "coordinates": [-70.93066, 42.19241]}}, {"type": "Feature", "properties": {"crashes": 35, "injury": 6, "fatal": 0, "pedestrian": 0, "density": 2.1}, "geometry": {"type": "Point", "coordinates": [-70.94239, 42.17162]}}, {"type": "Feature", "properties": {"crashes": 35, "injury": 12, "fatal": 0, "pedestrian": 0, "density": 2.1}, "geometry": {"type": "Point", "coordinates": [-70.88546, 42.17124]}}, {"type": "Feature", "properties": {"crashes": 35, "injury": 7, "fatal": 0, "pedestrian": 1, "density": 2.1}, "geometry": {"type": "Point", "coordinates": [-70.93133, 42.22208]}}, {"type": "Feature", "properties": {"crashes": 35, "injury": 6, "fatal": 0, "pedestrian": 0, "density": 2.1}, "geometry": {"type": "Point", "coordinates": [-70.88597, 42.24355]}}, {"type": "Feature", "properties": {"crashes": 35, "injury": 15, "fatal": 0, "pedestrian": 0, "density": 2.1}, "geometry": {"type": "Point", "coordinates": [-71.02014, 42.19854]}}, {"type": "Feature", "properties": {"crashes": 35, "injury": 7, "fatal": 0, "pedestrian": 0, "density": 2.1}, "geometry": {"type": "Point", "coordinates": [-70.94824, 42.20075]}}, {"type": "Feature", "properties": {"crashes": 35, "injury": 4, "fatal": 0, "pedestrian": 1, "density": 2.1}, "geometry": {"type": "Point", "coordinates": [-71.04338, 42.25867]}}, {"type": "Feature", "properties": {"crashes": 35, "injury": 12, "fatal": 0, "pedestrian": 0, "density": 2.1}, "geometry": {"type": "Point", "coordinates": [-70.89031, 42.16436]}}, {"type": "Feature", "properties": {"crashes": 35, "injury": 10, "fatal": 0, "pedestrian": 0, "density": 2.1}, "geometry": {"type": "Point", "coordinates": [-70.84977, 42.26607]}}, {"type": "Feature", "properties": {"crashes": 35, "injury": 13, "fatal": 0, "pedestrian": 0, "density": 2.1}, "geometry": {"type": "Point", "coordinates": [-70.82576, 42.15751]}}, {"type": "Feature", "properties": {"crashes": 35, "injury": 13, "fatal": 0, "pedestrian": 1, "density": 2.1}, "geometry": {"type": "Point", "coordinates": [-70.9247, 42.19994]}}, {"type": "Feature", "properties": {"crashes": 35, "injury": 5, "fatal": 0, "pedestrian": 2, "density": 2.1}, "geometry": {"type": "Point", "coordinates": [-70.86031, 42.27358]}}, {"type": "Feature", "properties": {"crashes": 35, "injury": 6, "fatal": 0, "pedestrian": 0, "density": 2.1}, "geometry": {"type": "Point", "coordinates": [-70.93334, 42.11002]}}, {"type": "Feature", "properties": {"crashes": 35, "injury": 12, "fatal": 0, "pedestrian": 0, "density": 2.1}, "geometry": {"type": "Point", "coordinates": [-71.03475, 42.28331]}}, {"type": "Feature", "properties": {"crashes": 34, "injury": 6, "fatal": 0, "pedestrian": 0, "density": 2.0}, "geometry": {"type": "Point", "coordinates": [-70.92137, 42.21793]}}, {"type": "Feature", "properties": {"crashes": 34, "injury": 4, "fatal": 0, "pedestrian": 0, "density": 2.0}, "geometry": {"type": "Point", "coordinates": [-71.03356, 42.24757]}}, {"type": "Feature", "properties": {"crashes": 34, "injury": 9, "fatal": 0, "pedestrian": 0, "density": 2.0}, "geometry": {"type": "Point", "coordinates": [-70.86628, 42.25243]}}, {"type": "Feature", "properties": {"crashes": 34, "injury": 7, "fatal": 0, "pedestrian": 0, "density": 2.0}, "geometry": {"type": "Point", "coordinates": [-70.8838, 42.18404]}}, {"type": "Feature", "properties": {"crashes": 34, "injury": 11, "fatal": 0, "pedestrian": 0, "density": 2.0}, "geometry": {"type": "Point", "coordinates": [-70.87734, 42.17072]}}, {"type": "Feature", "properties": {"crashes": 34, "injury": 12, "fatal": 0, "pedestrian": 1, "density": 2.0}, "geometry": {"type": "Point", "coordinates": [-71.00633, 42.116]}}, {"type": "Feature", "properties": {"crashes": 34, "injury": 6, "fatal": 0, "pedestrian": 1, "density": 2.0}, "geometry": {"type": "Point", "coordinates": [-71.0152, 42.23806]}}, {"type": "Feature", "properties": {"crashes": 34, "injury": 19, "fatal": 0, "pedestrian": 1, "density": 2.0}, "geometry": {"type": "Point", "coordinates": [-71.02651, 42.1113]}}, {"type": "Feature", "properties": {"crashes": 34, "injury": 14, "fatal": 0, "pedestrian": 0, "density": 2.0}, "geometry": {"type": "Point", "coordinates": [-70.93185, 42.19795]}}, {"type": "Feature", "properties": {"crashes": 34, "injury": 11, "fatal": 1, "pedestrian": 0, "density": 2.0}, "geometry": {"type": "Point", "coordinates": [-70.95842, 42.12969]}}, {"type": "Feature", "properties": {"crashes": 34, "injury": 7, "fatal": 0, "pedestrian": 0, "density": 2.0}, "geometry": {"type": "Point", "coordinates": [-70.9673, 42.19868]}}, {"type": "Feature", "properties": {"crashes": 34, "injury": 12, "fatal": 0, "pedestrian": 2, "density": 2.0}, "geometry": {"type": "Point", "coordinates": [-70.93982, 42.12797]}}, {"type": "Feature", "properties": {"crashes": 34, "injury": 8, "fatal": 0, "pedestrian": 0, "density": 2.0}, "geometry": {"type": "Point", "coordinates": [-71.01386, 42.23237]}}, {"type": "Feature", "properties": {"crashes": 34, "injury": 5, "fatal": 0, "pedestrian": 0, "density": 2.0}, "geometry": {"type": "Point", "coordinates": [-70.87252, 42.28171]}}, {"type": "Feature", "properties": {"crashes": 34, "injury": 11, "fatal": 0, "pedestrian": 2, "density": 2.0}, "geometry": {"type": "Point", "coordinates": [-71.00248, 42.2024]}}, {"type": "Feature", "properties": {"crashes": 34, "injury": 13, "fatal": 0, "pedestrian": 0, "density": 2.0}, "geometry": {"type": "Point", "coordinates": [-70.97768, 42.22945]}}, {"type": "Feature", "properties": {"crashes": 34, "injury": 3, "fatal": 0, "pedestrian": 0, "density": 2.0}, "geometry": {"type": "Point", "coordinates": [-71.02984, 42.27191]}}, {"type": "Feature", "properties": {"crashes": 34, "injury": 16, "fatal": 0, "pedestrian": 2, "density": 2.0}, "geometry": {"type": "Point", "coordinates": [-71.03349, 42.11266]}}, {"type": "Feature", "properties": {"crashes": 34, "injury": 14, "fatal": 0, "pedestrian": 0, "density": 2.0}, "geometry": {"type": "Point", "coordinates": [-70.98481, 42.20253]}}, {"type": "Feature", "properties": {"crashes": 34, "injury": 4, "fatal": 0, "pedestrian": 1, "density": 2.0}, "geometry": {"type": "Point", "coordinates": [-70.86756, 42.27866]}}, {"type": "Feature", "properties": {"crashes": 34, "injury": 10, "fatal": 0, "pedestrian": 0, "density": 2.0}, "geometry": {"type": "Point", "coordinates": [-71.04915, 42.29797]}}, {"type": "Feature", "properties": {"crashes": 33, "injury": 8, "fatal": 0, "pedestrian": 0, "density": 1.9}, "geometry": {"type": "Point", "coordinates": [-70.8684, 42.24362]}}, {"type": "Feature", "properties": {"crashes": 33, "injury": 7, "fatal": 0, "pedestrian": 2, "density": 1.9}, "geometry": {"type": "Point", "coordinates": [-71.0311, 42.27314]}}, {"type": "Feature", "properties": {"crashes": 33, "injury": 9, "fatal": 0, "pedestrian": 0, "density": 1.9}, "geometry": {"type": "Point", "coordinates": [-70.91421, 42.24921]}}, {"type": "Feature", "properties": {"crashes": 33, "injury": 10, "fatal": 0, "pedestrian": 1, "density": 1.9}, "geometry": {"type": "Point", "coordinates": [-70.92805, 42.10372]}}, {"type": "Feature", "properties": {"crashes": 33, "injury": 9, "fatal": 0, "pedestrian": 1, "density": 1.9}, "geometry": {"type": "Point", "coordinates": [-70.99953, 42.2444]}}, {"type": "Feature", "properties": {"crashes": 33, "injury": 10, "fatal": 0, "pedestrian": 1, "density": 1.9}, "geometry": {"type": "Point", "coordinates": [-70.86144, 42.27446]}}, {"type": "Feature", "properties": {"crashes": 33, "injury": 8, "fatal": 0, "pedestrian": 0, "density": 1.9}, "geometry": {"type": "Point", "coordinates": [-70.88238, 42.19247]}}, {"type": "Feature", "properties": {"crashes": 33, "injury": 4, "fatal": 0, "pedestrian": 1, "density": 1.9}, "geometry": {"type": "Point", "coordinates": [-70.94007, 42.2137]}}, {"type": "Feature", "properties": {"crashes": 33, "injury": 13, "fatal": 0, "pedestrian": 0, "density": 1.9}, "geometry": {"type": "Point", "coordinates": [-71.00371, 42.20995]}}, {"type": "Feature", "properties": {"crashes": 33, "injury": 13, "fatal": 0, "pedestrian": 0, "density": 1.9}, "geometry": {"type": "Point", "coordinates": [-71.00054, 42.2228]}}, {"type": "Feature", "properties": {"crashes": 33, "injury": 15, "fatal": 0, "pedestrian": 0, "density": 1.9}, "geometry": {"type": "Point", "coordinates": [-71.00366, 42.21623]}}, {"type": "Feature", "properties": {"crashes": 33, "injury": 14, "fatal": 0, "pedestrian": 0, "density": 1.9}, "geometry": {"type": "Point", "coordinates": [-71.02842, 42.19381]}}, {"type": "Feature", "properties": {"crashes": 33, "injury": 18, "fatal": 0, "pedestrian": 0, "density": 1.9}, "geometry": {"type": "Point", "coordinates": [-71.0226, 42.2155]}}, {"type": "Feature", "properties": {"crashes": 33, "injury": 5, "fatal": 0, "pedestrian": 0, "density": 1.9}, "geometry": {"type": "Point", "coordinates": [-71.04774, 42.25838]}}, {"type": "Feature", "properties": {"crashes": 33, "injury": 6, "fatal": 0, "pedestrian": 0, "density": 1.9}, "geometry": {"type": "Point", "coordinates": [-70.99832, 42.23394]}}, {"type": "Feature", "properties": {"crashes": 33, "injury": 7, "fatal": 0, "pedestrian": 0, "density": 1.9}, "geometry": {"type": "Point", "coordinates": [-71.04384, 42.12831]}}, {"type": "Feature", "properties": {"crashes": 33, "injury": 12, "fatal": 1, "pedestrian": 0, "density": 1.9}, "geometry": {"type": "Point", "coordinates": [-70.8818, 42.13205]}}, {"type": "Feature", "properties": {"crashes": 33, "injury": 10, "fatal": 0, "pedestrian": 0, "density": 1.9}, "geometry": {"type": "Point", "coordinates": [-70.91769, 42.17848]}}, {"type": "Feature", "properties": {"crashes": 33, "injury": 10, "fatal": 0, "pedestrian": 0, "density": 1.9}, "geometry": {"type": "Point", "coordinates": [-70.94015, 42.12428]}}, {"type": "Feature", "properties": {"crashes": 33, "injury": 13, "fatal": 0, "pedestrian": 0, "density": 1.9}, "geometry": {"type": "Point", "coordinates": [-71.01242, 42.22761]}}, {"type": "Feature", "properties": {"crashes": 32, "injury": 10, "fatal": 0, "pedestrian": 0, "density": 1.9}, "geometry": {"type": "Point", "coordinates": [-70.99631, 42.26159]}}, {"type": "Feature", "properties": {"crashes": 32, "injury": 6, "fatal": 0, "pedestrian": 0, "density": 1.9}, "geometry": {"type": "Point", "coordinates": [-71.00212, 42.232]}}, {"type": "Feature", "properties": {"crashes": 32, "injury": 17, "fatal": 0, "pedestrian": 0, "density": 1.9}, "geometry": {"type": "Point", "coordinates": [-71.03755, 42.21842]}}, {"type": "Feature", "properties": {"crashes": 32, "injury": 4, "fatal": 0, "pedestrian": 0, "density": 1.9}, "geometry": {"type": "Point", "coordinates": [-70.85868, 42.27194]}}, {"type": "Feature", "properties": {"crashes": 32, "injury": 9, "fatal": 0, "pedestrian": 0, "density": 1.9}, "geometry": {"type": "Point", "coordinates": [-70.88371, 42.20997]}}, {"type": "Feature", "properties": {"crashes": 32, "injury": 15, "fatal": 0, "pedestrian": 0, "density": 1.9}, "geometry": {"type": "Point", "coordinates": [-71.03216, 42.18295]}}, {"type": "Feature", "properties": {"crashes": 32, "injury": 10, "fatal": 0, "pedestrian": 0, "density": 1.9}, "geometry": {"type": "Point", "coordinates": [-70.98479, 42.2037]}}, {"type": "Feature", "properties": {"crashes": 32, "injury": 9, "fatal": 1, "pedestrian": 2, "density": 1.9}, "geometry": {"type": "Point", "coordinates": [-70.94952, 42.12433]}}, {"type": "Feature", "properties": {"crashes": 32, "injury": 5, "fatal": 0, "pedestrian": 0, "density": 1.9}, "geometry": {"type": "Point", "coordinates": [-70.93836, 42.12231]}}, {"type": "Feature", "properties": {"crashes": 32, "injury": 18, "fatal": 0, "pedestrian": 0, "density": 1.9}, "geometry": {"type": "Point", "coordinates": [-71.02941, 42.19236]}}, {"type": "Feature", "properties": {"crashes": 32, "injury": 13, "fatal": 0, "pedestrian": 0, "density": 1.9}, "geometry": {"type": "Point", "coordinates": [-71.00625, 42.1603]}}, {"type": "Feature", "properties": {"crashes": 32, "injury": 3, "fatal": 0, "pedestrian": 1, "density": 1.9}, "geometry": {"type": "Point", "coordinates": [-71.03032, 42.27999]}}, {"type": "Feature", "properties": {"crashes": 32, "injury": 14, "fatal": 0, "pedestrian": 1, "density": 1.9}, "geometry": {"type": "Point", "coordinates": [-71.03154, 42.2277]}}, {"type": "Feature", "properties": {"crashes": 32, "injury": 17, "fatal": 0, "pedestrian": 0, "density": 1.9}, "geometry": {"type": "Point", "coordinates": [-71.00483, 42.20462]}}, {"type": "Feature", "properties": {"crashes": 32, "injury": 5, "fatal": 0, "pedestrian": 0, "density": 1.9}, "geometry": {"type": "Point", "coordinates": [-71.04637, 42.26189]}}, {"type": "Feature", "properties": {"crashes": 32, "injury": 10, "fatal": 0, "pedestrian": 0, "density": 1.9}, "geometry": {"type": "Point", "coordinates": [-70.99777, 42.10802]}}, {"type": "Feature", "properties": {"crashes": 32, "injury": 13, "fatal": 0, "pedestrian": 1, "density": 1.9}, "geometry": {"type": "Point", "coordinates": [-71.02464, 42.28605]}}, {"type": "Feature", "properties": {"crashes": 32, "injury": 9, "fatal": 1, "pedestrian": 0, "density": 1.9}, "geometry": {"type": "Point", "coordinates": [-70.99846, 42.19642]}}, {"type": "Feature", "properties": {"crashes": 32, "injury": 12, "fatal": 0, "pedestrian": 1, "density": 1.9}, "geometry": {"type": "Point", "coordinates": [-71.02932, 42.22068]}}, {"type": "Feature", "properties": {"crashes": 32, "injury": 13, "fatal": 0, "pedestrian": 0, "density": 1.9}, "geometry": {"type": "Point", "coordinates": [-70.83885, 42.14233]}}, {"type": "Feature", "properties": {"crashes": 31, "injury": 4, "fatal": 0, "pedestrian": 0, "density": 1.8}, "geometry": {"type": "Point", "coordinates": [-70.90429, 42.18321]}}, {"type": "Feature", "properties": {"crashes": 31, "injury": 6, "fatal": 0, "pedestrian": 0, "density": 1.8}, "geometry": {"type": "Point", "coordinates": [-71.0293, 42.25469]}}, {"type": "Feature", "properties": {"crashes": 31, "injury": 12, "fatal": 0, "pedestrian": 0, "density": 1.8}, "geometry": {"type": "Point", "coordinates": [-71.04259, 42.22822]}}, {"type": "Feature", "properties": {"crashes": 31, "injury": 13, "fatal": 0, "pedestrian": 0, "density": 1.8}, "geometry": {"type": "Point", "coordinates": [-70.94637, 42.19848]}}, {"type": "Feature", "properties": {"crashes": 31, "injury": 11, "fatal": 0, "pedestrian": 0, "density": 1.8}, "geometry": {"type": "Point", "coordinates": [-70.9208, 42.11638]}}, {"type": "Feature", "properties": {"crashes": 31, "injury": 11, "fatal": 0, "pedestrian": 2, "density": 1.8}, "geometry": {"type": "Point", "coordinates": [-70.85642, 42.27034]}}, {"type": "Feature", "properties": {"crashes": 31, "injury": 6, "fatal": 0, "pedestrian": 0, "density": 1.8}, "geometry": {"type": "Point", "coordinates": [-71.0134, 42.27193]}}, {"type": "Feature", "properties": {"crashes": 31, "injury": 10, "fatal": 1, "pedestrian": 0, "density": 1.8}, "geometry": {"type": "Point", "coordinates": [-70.9357, 42.10347]}}, {"type": "Feature", "properties": {"crashes": 31, "injury": 3, "fatal": 0, "pedestrian": 0, "density": 1.8}, "geometry": {"type": "Point", "coordinates": [-70.93788, 42.11554]}}, {"type": "Feature", "properties": {"crashes": 31, "injury": 3, "fatal": 0, "pedestrian": 0, "density": 1.8}, "geometry": {"type": "Point", "coordinates": [-70.82454, 42.23609]}}, {"type": "Feature", "properties": {"crashes": 31, "injury": 10, "fatal": 0, "pedestrian": 0, "density": 1.8}, "geometry": {"type": "Point", "coordinates": [-70.85993, 42.16045]}}, {"type": "Feature", "properties": {"crashes": 31, "injury": 8, "fatal": 0, "pedestrian": 4, "density": 1.8}, "geometry": {"type": "Point", "coordinates": [-71.0096, 42.24032]}}, {"type": "Feature", "properties": {"crashes": 31, "injury": 11, "fatal": 0, "pedestrian": 3, "density": 1.8}, "geometry": {"type": "Point", "coordinates": [-71.00527, 42.20357]}}, {"type": "Feature", "properties": {"crashes": 31, "injury": 11, "fatal": 0, "pedestrian": 0, "density": 1.8}, "geometry": {"type": "Point", "coordinates": [-71.00817, 42.1698]}}, {"type": "Feature", "properties": {"crashes": 31, "injury": 13, "fatal": 0, "pedestrian": 0, "density": 1.8}, "geometry": {"type": "Point", "coordinates": [-70.97604, 42.25876]}}, {"type": "Feature", "properties": {"crashes": 31, "injury": 16, "fatal": 0, "pedestrian": 0, "density": 1.8}, "geometry": {"type": "Point", "coordinates": [-70.90821, 42.15868]}}, {"type": "Feature", "properties": {"crashes": 31, "injury": 10, "fatal": 0, "pedestrian": 0, "density": 1.8}, "geometry": {"type": "Point", "coordinates": [-70.85995, 42.15187]}}, {"type": "Feature", "properties": {"crashes": 31, "injury": 13, "fatal": 0, "pedestrian": 0, "density": 1.8}, "geometry": {"type": "Point", "coordinates": [-71.04721, 42.17209]}}, {"type": "Feature", "properties": {"crashes": 31, "injury": 12, "fatal": 0, "pedestrian": 0, "density": 1.8}, "geometry": {"type": "Point", "coordinates": [-70.82571, 42.12391]}}, {"type": "Feature", "properties": {"crashes": 31, "injury": 20, "fatal": 0, "pedestrian": 1, "density": 1.8}, "geometry": {"type": "Point", "coordinates": [-70.96924, 42.2217]}}, {"type": "Feature", "properties": {"crashes": 31, "injury": 16, "fatal": 0, "pedestrian": 3, "density": 1.8}, "geometry": {"type": "Point", "coordinates": [-71.03238, 42.10194]}}, {"type": "Feature", "properties": {"crashes": 31, "injury": 14, "fatal": 0, "pedestrian": 0, "density": 1.8}, "geometry": {"type": "Point", "coordinates": [-71.03416, 42.22045]}}, {"type": "Feature", "properties": {"crashes": 30, "injury": 10, "fatal": 0, "pedestrian": 1, "density": 1.8}, "geometry": {"type": "Point", "coordinates": [-70.97361, 42.2623]}}, {"type": "Feature", "properties": {"crashes": 30, "injury": 10, "fatal": 0, "pedestrian": 0, "density": 1.8}, "geometry": {"type": "Point", "coordinates": [-71.02571, 42.23838]}}, {"type": "Feature", "properties": {"crashes": 30, "injury": 15, "fatal": 0, "pedestrian": 2, "density": 1.8}, "geometry": {"type": "Point", "coordinates": [-70.96412, 42.26609]}}, {"type": "Feature", "properties": {"crashes": 30, "injury": 13, "fatal": 0, "pedestrian": 0, "density": 1.8}, "geometry": {"type": "Point", "coordinates": [-71.00775, 42.10817]}}, {"type": "Feature", "properties": {"crashes": 30, "injury": 7, "fatal": 0, "pedestrian": 0, "density": 1.8}, "geometry": {"type": "Point", "coordinates": [-70.93573, 42.12805]}}, {"type": "Feature", "properties": {"crashes": 30, "injury": 16, "fatal": 0, "pedestrian": 4, "density": 1.8}, "geometry": {"type": "Point", "coordinates": [-71.02944, 42.10334]}}, {"type": "Feature", "properties": {"crashes": 30, "injury": 11, "fatal": 0, "pedestrian": 1, "density": 1.8}, "geometry": {"type": "Point", "coordinates": [-70.84865, 42.15547]}}, {"type": "Feature", "properties": {"crashes": 30, "injury": 6, "fatal": 0, "pedestrian": 1, "density": 1.8}, "geometry": {"type": "Point", "coordinates": [-70.99434, 42.24388]}}, {"type": "Feature", "properties": {"crashes": 30, "injury": 6, "fatal": 2, "pedestrian": 0, "density": 1.8}, "geometry": {"type": "Point", "coordinates": [-70.88971, 42.17585]}}, {"type": "Feature", "properties": {"crashes": 30, "injury": 3, "fatal": 0, "pedestrian": 1, "density": 1.8}, "geometry": {"type": "Point", "coordinates": [-70.9419, 42.18082]}}, {"type": "Feature", "properties": {"crashes": 30, "injury": 11, "fatal": 0, "pedestrian": 0, "density": 1.8}, "geometry": {"type": "Point", "coordinates": [-71.04241, 42.28762]}}, {"type": "Feature", "properties": {"crashes": 30, "injury": 11, "fatal": 0, "pedestrian": 0, "density": 1.8}, "geometry": {"type": "Point", "coordinates": [-70.88353, 42.17995]}}, {"type": "Feature", "properties": {"crashes": 30, "injury": 11, "fatal": 0, "pedestrian": 0, "density": 1.8}, "geometry": {"type": "Point", "coordinates": [-70.85724, 42.27025]}}, {"type": "Feature", "properties": {"crashes": 30, "injury": 9, "fatal": 0, "pedestrian": 0, "density": 1.8}, "geometry": {"type": "Point", "coordinates": [-70.95512, 42.14774]}}, {"type": "Feature", "properties": {"crashes": 30, "injury": 7, "fatal": 0, "pedestrian": 0, "density": 1.8}, "geometry": {"type": "Point", "coordinates": [-71.00235, 42.16755]}}, {"type": "Feature", "properties": {"crashes": 30, "injury": 12, "fatal": 0, "pedestrian": 1, "density": 1.8}, "geometry": {"type": "Point", "coordinates": [-71.0039, 42.19608]}}, {"type": "Feature", "properties": {"crashes": 30, "injury": 15, "fatal": 0, "pedestrian": 0, "density": 1.8}, "geometry": {"type": "Point", "coordinates": [-71.03434, 42.15426]}}, {"type": "Feature", "properties": {"crashes": 30, "injury": 14, "fatal": 0, "pedestrian": 1, "density": 1.8}, "geometry": {"type": "Point", "coordinates": [-71.04496, 42.15466]}}, {"type": "Feature", "properties": {"crashes": 30, "injury": 15, "fatal": 0, "pedestrian": 0, "density": 1.8}, "geometry": {"type": "Point", "coordinates": [-70.97989, 42.18759]}}, {"type": "Feature", "properties": {"crashes": 30, "injury": 3, "fatal": 0, "pedestrian": 0, "density": 1.8}, "geometry": {"type": "Point", "coordinates": [-70.90139, 42.11068]}}, {"type": "Feature", "properties": {"crashes": 30, "injury": 8, "fatal": 0, "pedestrian": 0, "density": 1.8}, "geometry": {"type": "Point", "coordinates": [-71.01325, 42.10376]}}, {"type": "Feature", "properties": {"crashes": 30, "injury": 14, "fatal": 0, "pedestrian": 0, "density": 1.8}, "geometry": {"type": "Point", "coordinates": [-70.91769, 42.12549]}}, {"type": "Feature", "properties": {"crashes": 30, "injury": 9, "fatal": 0, "pedestrian": 0, "density": 1.8}, "geometry": {"type": "Point", "coordinates": [-70.90165, 42.16113]}}, {"type": "Feature", "properties": {"crashes": 30, "injury": 13, "fatal": 0, "pedestrian": 1, "density": 1.8}, "geometry": {"type": "Point", "coordinates": [-71.00435, 42.21216]}}, {"type": "Feature", "properties": {"crashes": 30, "injury": 4, "fatal": 1, "pedestrian": 0, "density": 1.8}, "geometry": {"type": "Point", "coordinates": [-70.82837, 42.24005]}}, {"type": "Feature", "properties": {"crashes": 29, "injury": 4, "fatal": 0, "pedestrian": 1, "density": 1.7}, "geometry": {"type": "Point", "coordinates": [-70.98807, 42.24637]}}, {"type": "Feature", "properties": {"crashes": 29, "injury": 11, "fatal": 0, "pedestrian": 0, "density": 1.7}, "geometry": {"type": "Point", "coordinates": [-70.94819, 42.12952]}}, {"type": "Feature", "properties": {"crashes": 29, "injury": 13, "fatal": 0, "pedestrian": 0, "density": 1.7}, "geometry": {"type": "Point", "coordinates": [-71.02448, 42.13058]}}, {"type": "Feature", "properties": {"crashes": 29, "injury": 6, "fatal": 0, "pedestrian": 0, "density": 1.7}, "geometry": {"type": "Point", "coordinates": [-71.01978, 42.26464]}}, {"type": "Feature", "properties": {"crashes": 29, "injury": 5, "fatal": 0, "pedestrian": 1, "density": 1.7}, "geometry": {"type": "Point", "coordinates": [-70.95202, 42.21724]}}, {"type": "Feature", "properties": {"crashes": 29, "injury": 8, "fatal": 0, "pedestrian": 1, "density": 1.7}, "geometry": {"type": "Point", "coordinates": [-70.92461, 42.20184]}}, {"type": "Feature", "properties": {"crashes": 29, "injury": 10, "fatal": 0, "pedestrian": 2, "density": 1.7}, "geometry": {"type": "Point", "coordinates": [-71.02358, 42.15523]}}, {"type": "Feature", "properties": {"crashes": 29, "injury": 9, "fatal": 0, "pedestrian": 2, "density": 1.7}, "geometry": {"type": "Point", "coordinates": [-70.96634, 42.25419]}}, {"type": "Feature", "properties": {"crashes": 29, "injury": 10, "fatal": 0, "pedestrian": 0, "density": 1.7}, "geometry": {"type": "Point", "coordinates": [-70.94405, 42.17965]}}, {"type": "Feature", "properties": {"crashes": 29, "injury": 15, "fatal": 0, "pedestrian": 0, "density": 1.7}, "geometry": {"type": "Point", "coordinates": [-71.00607, 42.27553]}}, {"type": "Feature", "properties": {"crashes": 29, "injury": 4, "fatal": 0, "pedestrian": 0, "density": 1.7}, "geometry": {"type": "Point", "coordinates": [-70.99836, 42.23791]}}, {"type": "Feature", "properties": {"crashes": 29, "injury": 3, "fatal": 1, "pedestrian": 1, "density": 1.7}, "geometry": {"type": "Point", "coordinates": [-70.95391, 42.26842]}}, {"type": "Feature", "properties": {"crashes": 29, "injury": 12, "fatal": 0, "pedestrian": 0, "density": 1.7}, "geometry": {"type": "Point", "coordinates": [-71.02745, 42.1126]}}, {"type": "Feature", "properties": {"crashes": 29, "injury": 10, "fatal": 0, "pedestrian": 0, "density": 1.7}, "geometry": {"type": "Point", "coordinates": [-71.02318, 42.21607]}}, {"type": "Feature", "properties": {"crashes": 29, "injury": 12, "fatal": 0, "pedestrian": 0, "density": 1.7}, "geometry": {"type": "Point", "coordinates": [-71.00519, 42.20019]}}, {"type": "Feature", "properties": {"crashes": 29, "injury": 11, "fatal": 1, "pedestrian": 0, "density": 1.7}, "geometry": {"type": "Point", "coordinates": [-70.96242, 42.21168]}}, {"type": "Feature", "properties": {"crashes": 29, "injury": 5, "fatal": 0, "pedestrian": 0, "density": 1.7}, "geometry": {"type": "Point", "coordinates": [-70.94881, 42.1148]}}, {"type": "Feature", "properties": {"crashes": 29, "injury": 10, "fatal": 0, "pedestrian": 3, "density": 1.7}, "geometry": {"type": "Point", "coordinates": [-70.99285, 42.25311]}}, {"type": "Feature", "properties": {"crashes": 29, "injury": 8, "fatal": 0, "pedestrian": 0, "density": 1.7}, "geometry": {"type": "Point", "coordinates": [-71.00748, 42.25454]}}, {"type": "Feature", "properties": {"crashes": 29, "injury": 4, "fatal": 0, "pedestrian": 2, "density": 1.7}, "geometry": {"type": "Point", "coordinates": [-71.00212, 42.23791]}}, {"type": "Feature", "properties": {"crashes": 29, "injury": 3, "fatal": 0, "pedestrian": 0, "density": 1.7}, "geometry": {"type": "Point", "coordinates": [-71.00831, 42.23842]}}, {"type": "Feature", "properties": {"crashes": 29, "injury": 13, "fatal": 0, "pedestrian": 0, "density": 1.7}, "geometry": {"type": "Point", "coordinates": [-70.87606, 42.16972]}}, {"type": "Feature", "properties": {"crashes": 29, "injury": 6, "fatal": 0, "pedestrian": 0, "density": 1.7}, "geometry": {"type": "Point", "coordinates": [-70.93847, 42.18966]}}, {"type": "Feature", "properties": {"crashes": 29, "injury": 5, "fatal": 0, "pedestrian": 0, "density": 1.7}, "geometry": {"type": "Point", "coordinates": [-70.99812, 42.24791]}}, {"type": "Feature", "properties": {"crashes": 29, "injury": 5, "fatal": 0, "pedestrian": 2, "density": 1.7}, "geometry": {"type": "Point", "coordinates": [-70.93575, 42.17787]}}, {"type": "Feature", "properties": {"crashes": 29, "injury": 8, "fatal": 0, "pedestrian": 0, "density": 1.7}, "geometry": {"type": "Point", "coordinates": [-71.00324, 42.21801]}}, {"type": "Feature", "properties": {"crashes": 29, "injury": 10, "fatal": 0, "pedestrian": 0, "density": 1.7}, "geometry": {"type": "Point", "coordinates": [-70.99425, 42.21764]}}, {"type": "Feature", "properties": {"crashes": 28, "injury": 14, "fatal": 0, "pedestrian": 1, "density": 1.6}, "geometry": {"type": "Point", "coordinates": [-71.00023, 42.11806]}}, {"type": "Feature", "properties": {"crashes": 28, "injury": 5, "fatal": 0, "pedestrian": 0, "density": 1.6}, "geometry": {"type": "Point", "coordinates": [-70.95351, 42.14348]}}, {"type": "Feature", "properties": {"crashes": 28, "injury": 7, "fatal": 0, "pedestrian": 0, "density": 1.6}, "geometry": {"type": "Point", "coordinates": [-70.96566, 42.20821]}}, {"type": "Feature", "properties": {"crashes": 28, "injury": 7, "fatal": 0, "pedestrian": 0, "density": 1.6}, "geometry": {"type": "Point", "coordinates": [-70.94201, 42.10733]}}, {"type": "Feature", "properties": {"crashes": 28, "injury": 7, "fatal": 0, "pedestrian": 0, "density": 1.6}, "geometry": {"type": "Point", "coordinates": [-70.88392, 42.22844]}}, {"type": "Feature", "properties": {"crashes": 28, "injury": 3, "fatal": 0, "pedestrian": 0, "density": 1.6}, "geometry": {"type": "Point", "coordinates": [-71.03925, 42.25467]}}, {"type": "Feature", "properties": {"crashes": 28, "injury": 7, "fatal": 0, "pedestrian": 0, "density": 1.6}, "geometry": {"type": "Point", "coordinates": [-71.04042, 42.26849]}}, {"type": "Feature", "properties": {"crashes": 28, "injury": 7, "fatal": 2, "pedestrian": 0, "density": 1.6}, "geometry": {"type": "Point", "coordinates": [-70.83369, 42.14609]}}, {"type": "Feature", "properties": {"crashes": 28, "injury": 6, "fatal": 0, "pedestrian": 1, "density": 1.6}, "geometry": {"type": "Point", "coordinates": [-70.95672, 42.20721]}}, {"type": "Feature", "properties": {"crashes": 28, "injury": 14, "fatal": 0, "pedestrian": 1, "density": 1.6}, "geometry": {"type": "Point", "coordinates": [-71.03267, 42.11147]}}, {"type": "Feature", "properties": {"crashes": 28, "injury": 5, "fatal": 1, "pedestrian": 2, "density": 1.6}, "geometry": {"type": "Point", "coordinates": [-70.97986, 42.26129]}}, {"type": "Feature", "properties": {"crashes": 28, "injury": 10, "fatal": 0, "pedestrian": 0, "density": 1.6}, "geometry": {"type": "Point", "coordinates": [-71.01791, 42.10212]}}, {"type": "Feature", "properties": {"crashes": 28, "injury": 9, "fatal": 0, "pedestrian": 2, "density": 1.6}, "geometry": {"type": "Point", "coordinates": [-70.9398, 42.23394]}}, {"type": "Feature", "properties": {"crashes": 28, "injury": 12, "fatal": 0, "pedestrian": 0, "density": 1.6}, "geometry": {"type": "Point", "coordinates": [-71.03618, 42.11579]}}, {"type": "Feature", "properties": {"crashes": 28, "injury": 11, "fatal": 0, "pedestrian": 0, "density": 1.6}, "geometry": {"type": "Point", "coordinates": [-71.02981, 42.15621]}}, {"type": "Feature", "properties": {"crashes": 28, "injury": 11, "fatal": 0, "pedestrian": 0, "density": 1.6}, "geometry": {"type": "Point", "coordinates": [-70.99769, 42.22406]}}, {"type": "Feature", "properties": {"crashes": 28, "injury": 12, "fatal": 0, "pedestrian": 1, "density": 1.6}, "geometry": {"type": "Point", "coordinates": [-70.98567, 42.22414]}}, {"type": "Feature", "properties": {"crashes": 28, "injury": 10, "fatal": 0, "pedestrian": 0, "density": 1.6}, "geometry": {"type": "Point", "coordinates": [-70.97185, 42.1225]}}, {"type": "Feature", "properties": {"crashes": 28, "injury": 14, "fatal": 0, "pedestrian": 0, "density": 1.6}, "geometry": {"type": "Point", "coordinates": [-70.83383, 42.12982]}}, {"type": "Feature", "properties": {"crashes": 28, "injury": 6, "fatal": 0, "pedestrian": 0, "density": 1.6}, "geometry": {"type": "Point", "coordinates": [-71.04452, 42.25666]}}, {"type": "Feature", "properties": {"crashes": 28, "injury": 5, "fatal": 0, "pedestrian": 0, "density": 1.6}, "geometry": {"type": "Point", "coordinates": [-71.03041, 42.26183]}}, {"type": "Feature", "properties": {"crashes": 28, "injury": 11, "fatal": 0, "pedestrian": 2, "density": 1.6}, "geometry": {"type": "Point", "coordinates": [-71.00801, 42.26768]}}, {"type": "Feature", "properties": {"crashes": 28, "injury": 8, "fatal": 0, "pedestrian": 0, "density": 1.6}, "geometry": {"type": "Point", "coordinates": [-70.82979, 42.2409]}}, {"type": "Feature", "properties": {"crashes": 28, "injury": 12, "fatal": 0, "pedestrian": 0, "density": 1.6}, "geometry": {"type": "Point", "coordinates": [-70.91194, 42.16208]}}, {"type": "Feature", "properties": {"crashes": 28, "injury": 10, "fatal": 1, "pedestrian": 0, "density": 1.6}, "geometry": {"type": "Point", "coordinates": [-71.01462, 42.17973]}}, {"type": "Feature", "properties": {"crashes": 28, "injury": 12, "fatal": 0, "pedestrian": 0, "density": 1.6}, "geometry": {"type": "Point", "coordinates": [-71.03831, 42.11776]}}, {"type": "Feature", "properties": {"crashes": 28, "injury": 16, "fatal": 0, "pedestrian": 0, "density": 1.6}, "geometry": {"type": "Point", "coordinates": [-71.04001, 42.13636]}}, {"type": "Feature", "properties": {"crashes": 28, "injury": 3, "fatal": 0, "pedestrian": 0, "density": 1.6}, "geometry": {"type": "Point", "coordinates": [-71.02278, 42.2332]}}, {"type": "Feature", "properties": {"crashes": 28, "injury": 9, "fatal": 0, "pedestrian": 0, "density": 1.6}, "geometry": {"type": "Point", "coordinates": [-71.01073, 42.23006]}}, {"type": "Feature", "properties": {"crashes": 27, "injury": 8, "fatal": 0, "pedestrian": 0, "density": 1.6}, "geometry": {"type": "Point", "coordinates": [-70.98952, 42.24604]}}, {"type": "Feature", "properties": {"crashes": 27, "injury": 8, "fatal": 0, "pedestrian": 0, "density": 1.6}, "geometry": {"type": "Point", "coordinates": [-70.94873, 42.11221]}}, {"type": "Feature", "properties": {"crashes": 27, "injury": 5, "fatal": 0, "pedestrian": 2, "density": 1.6}, "geometry": {"type": "Point", "coordinates": [-70.95946, 42.21074]}}, {"type": "Feature", "properties": {"crashes": 27, "injury": 7, "fatal": 0, "pedestrian": 0, "density": 1.6}, "geometry": {"type": "Point", "coordinates": [-70.88046, 42.13016]}}, {"type": "Feature", "properties": {"crashes": 27, "injury": 5, "fatal": 0, "pedestrian": 0, "density": 1.6}, "geometry": {"type": "Point", "coordinates": [-70.88356, 42.19863]}}, {"type": "Feature", "properties": {"crashes": 27, "injury": 7, "fatal": 1, "pedestrian": 0, "density": 1.6}, "geometry": {"type": "Point", "coordinates": [-70.98968, 42.20438]}}, {"type": "Feature", "properties": {"crashes": 27, "injury": 6, "fatal": 0, "pedestrian": 0, "density": 1.6}, "geometry": {"type": "Point", "coordinates": [-70.95079, 42.24297]}}, {"type": "Feature", "properties": {"crashes": 27, "injury": 7, "fatal": 0, "pedestrian": 1, "density": 1.6}, "geometry": {"type": "Point", "coordinates": [-70.94808, 42.24366]}}, {"type": "Feature", "properties": {"crashes": 27, "injury": 7, "fatal": 0, "pedestrian": 0, "density": 1.6}, "geometry": {"type": "Point", "coordinates": [-70.96518, 42.20629]}}, {"type": "Feature", "properties": {"crashes": 27, "injury": 10, "fatal": 0, "pedestrian": 1, "density": 1.6}, "geometry": {"type": "Point", "coordinates": [-71.04795, 42.13245]}}, {"type": "Feature", "properties": {"crashes": 27, "injury": 6, "fatal": 0, "pedestrian": 0, "density": 1.6}, "geometry": {"type": "Point", "coordinates": [-70.99971, 42.19657]}}, {"type": "Feature", "properties": {"crashes": 27, "injury": 12, "fatal": 0, "pedestrian": 0, "density": 1.6}, "geometry": {"type": "Point", "coordinates": [-70.97572, 42.22074]}}, {"type": "Feature", "properties": {"crashes": 27, "injury": 10, "fatal": 0, "pedestrian": 0, "density": 1.6}, "geometry": {"type": "Point", "coordinates": [-71.00686, 42.16424]}}, {"type": "Feature", "properties": {"crashes": 27, "injury": 6, "fatal": 0, "pedestrian": 0, "density": 1.6}, "geometry": {"type": "Point", "coordinates": [-70.87339, 42.15608]}}, {"type": "Feature", "properties": {"crashes": 27, "injury": 7, "fatal": 0, "pedestrian": 1, "density": 1.6}, "geometry": {"type": "Point", "coordinates": [-71.0213, 42.27071]}}, {"type": "Feature", "properties": {"crashes": 27, "injury": 4, "fatal": 0, "pedestrian": 2, "density": 1.6}, "geometry": {"type": "Point", "coordinates": [-70.94944, 42.18971]}}, {"type": "Feature", "properties": {"crashes": 27, "injury": 7, "fatal": 0, "pedestrian": 1, "density": 1.6}, "geometry": {"type": "Point", "coordinates": [-70.97838, 42.2474]}}, {"type": "Feature", "properties": {"crashes": 27, "injury": 12, "fatal": 0, "pedestrian": 0, "density": 1.6}, "geometry": {"type": "Point", "coordinates": [-70.8358, 42.13081]}}, {"type": "Feature", "properties": {"crashes": 27, "injury": 5, "fatal": 0, "pedestrian": 0, "density": 1.6}, "geometry": {"type": "Point", "coordinates": [-71.00425, 42.23626]}}, {"type": "Feature", "properties": {"crashes": 27, "injury": 5, "fatal": 0, "pedestrian": 0, "density": 1.6}, "geometry": {"type": "Point", "coordinates": [-70.83593, 42.15798]}}, {"type": "Feature", "properties": {"crashes": 27, "injury": 4, "fatal": 0, "pedestrian": 0, "density": 1.6}, "geometry": {"type": "Point", "coordinates": [-70.87014, 42.21813]}}, {"type": "Feature", "properties": {"crashes": 27, "injury": 2, "fatal": 2, "pedestrian": 0, "density": 1.6}, "geometry": {"type": "Point", "coordinates": [-70.9177, 42.18018]}}, {"type": "Feature", "properties": {"crashes": 27, "injury": 5, "fatal": 0, "pedestrian": 1, "density": 1.6}, "geometry": {"type": "Point", "coordinates": [-70.84631, 42.26375]}}, {"type": "Feature", "properties": {"crashes": 27, "injury": 8, "fatal": 0, "pedestrian": 1, "density": 1.6}, "geometry": {"type": "Point", "coordinates": [-71.04802, 42.29578]}}, {"type": "Feature", "properties": {"crashes": 27, "injury": 5, "fatal": 0, "pedestrian": 1, "density": 1.6}, "geometry": {"type": "Point", "coordinates": [-70.92798, 42.21361]}}, {"type": "Feature", "properties": {"crashes": 26, "injury": 10, "fatal": 1, "pedestrian": 0, "density": 1.5}, "geometry": {"type": "Point", "coordinates": [-71.00439, 42.10621]}}, {"type": "Feature", "properties": {"crashes": 26, "injury": 6, "fatal": 0, "pedestrian": 1, "density": 1.5}, "geometry": {"type": "Point", "coordinates": [-71.04557, 42.16289]}}, {"type": "Feature", "properties": {"crashes": 26, "injury": 3, "fatal": 0, "pedestrian": 0, "density": 1.5}, "geometry": {"type": "Point", "coordinates": [-71.00421, 42.25643]}}, {"type": "Feature", "properties": {"crashes": 26, "injury": 9, "fatal": 0, "pedestrian": 0, "density": 1.5}, "geometry": {"type": "Point", "coordinates": [-71.04548, 42.29445]}}, {"type": "Feature", "properties": {"crashes": 26, "injury": 6, "fatal": 0, "pedestrian": 1, "density": 1.5}, "geometry": {"type": "Point", "coordinates": [-70.92976, 42.22037]}}, {"type": "Feature", "properties": {"crashes": 26, "injury": 6, "fatal": 1, "pedestrian": 0, "density": 1.5}, "geometry": {"type": "Point", "coordinates": [-70.94457, 42.13434]}}, {"type": "Feature", "properties": {"crashes": 26, "injury": 5, "fatal": 0, "pedestrian": 1, "density": 1.5}, "geometry": {"type": "Point", "coordinates": [-70.88181, 42.29803]}}, {"type": "Feature", "properties": {"crashes": 26, "injury": 10, "fatal": 0, "pedestrian": 2, "density": 1.5}, "geometry": {"type": "Point", "coordinates": [-70.87671, 42.23479]}}, {"type": "Feature", "properties": {"crashes": 26, "injury": 6, "fatal": 0, "pedestrian": 3, "density": 1.5}, "geometry": {"type": "Point", "coordinates": [-71.02806, 42.25025]}}, {"type": "Feature", "properties": {"crashes": 26, "injury": 7, "fatal": 0, "pedestrian": 2, "density": 1.5}, "geometry": {"type": "Point", "coordinates": [-70.94253, 42.2104]}}, {"type": "Feature", "properties": {"crashes": 26, "injury": 8, "fatal": 0, "pedestrian": 0, "density": 1.5}, "geometry": {"type": "Point", "coordinates": [-71.02029, 42.20991]}}, {"type": "Feature", "properties": {"crashes": 26, "injury": 15, "fatal": 0, "pedestrian": 0, "density": 1.5}, "geometry": {"type": "Point", "coordinates": [-70.99544, 42.22024]}}, {"type": "Feature", "properties": {"crashes": 26, "injury": 7, "fatal": 0, "pedestrian": 0, "density": 1.5}, "geometry": {"type": "Point", "coordinates": [-70.91405, 42.17486]}}, {"type": "Feature", "properties": {"crashes": 26, "injury": 11, "fatal": 0, "pedestrian": 0, "density": 1.5}, "geometry": {"type": "Point", "coordinates": [-70.91218, 42.13237]}}, {"type": "Feature", "properties": {"crashes": 26, "injury": 7, "fatal": 0, "pedestrian": 0, "density": 1.5}, "geometry": {"type": "Point", "coordinates": [-70.90344, 42.236]}}, {"type": "Feature", "properties": {"crashes": 26, "injury": 3, "fatal": 0, "pedestrian": 0, "density": 1.5}, "geometry": {"type": "Point", "coordinates": [-70.96385, 42.1099]}}, {"type": "Feature", "properties": {"crashes": 26, "injury": 5, "fatal": 0, "pedestrian": 0, "density": 1.5}, "geometry": {"type": "Point", "coordinates": [-70.93233, 42.21763]}}, {"type": "Feature", "properties": {"crashes": 26, "injury": 8, "fatal": 0, "pedestrian": 0, "density": 1.5}, "geometry": {"type": "Point", "coordinates": [-70.8999, 42.19532]}}, {"type": "Feature", "properties": {"crashes": 26, "injury": 7, "fatal": 0, "pedestrian": 0, "density": 1.5}, "geometry": {"type": "Point", "coordinates": [-70.88229, 42.22864]}}, {"type": "Feature", "properties": {"crashes": 26, "injury": 3, "fatal": 0, "pedestrian": 2, "density": 1.5}, "geometry": {"type": "Point", "coordinates": [-70.96447, 42.21763]}}, {"type": "Feature", "properties": {"crashes": 26, "injury": 9, "fatal": 0, "pedestrian": 1, "density": 1.5}, "geometry": {"type": "Point", "coordinates": [-70.90961, 42.12653]}}, {"type": "Feature", "properties": {"crashes": 26, "injury": 12, "fatal": 0, "pedestrian": 1, "density": 1.5}, "geometry": {"type": "Point", "coordinates": [-71.01171, 42.20679]}}, {"type": "Feature", "properties": {"crashes": 26, "injury": 5, "fatal": 0, "pedestrian": 0, "density": 1.5}, "geometry": {"type": "Point", "coordinates": [-71.04341, 42.28789]}}, {"type": "Feature", "properties": {"crashes": 25, "injury": 3, "fatal": 0, "pedestrian": 0, "density": 1.5}, "geometry": {"type": "Point", "coordinates": [-71.00783, 42.24832]}}, {"type": "Feature", "properties": {"crashes": 25, "injury": 2, "fatal": 0, "pedestrian": 0, "density": 1.5}, "geometry": {"type": "Point", "coordinates": [-70.94817, 42.19066]}}, {"type": "Feature", "properties": {"crashes": 25, "injury": 4, "fatal": 0, "pedestrian": 0, "density": 1.5}, "geometry": {"type": "Point", "coordinates": [-71.03797, 42.24771]}}, {"type": "Feature", "properties": {"crashes": 25, "injury": 8, "fatal": 0, "pedestrian": 1, "density": 1.5}, "geometry": {"type": "Point", "coordinates": [-70.9372, 42.21965]}}, {"type": "Feature", "properties": {"crashes": 25, "injury": 4, "fatal": 0, "pedestrian": 0, "density": 1.5}, "geometry": {"type": "Point", "coordinates": [-70.8676, 42.24113]}}, {"type": "Feature", "properties": {"crashes": 25, "injury": 5, "fatal": 0, "pedestrian": 1, "density": 1.5}, "geometry": {"type": "Point", "coordinates": [-71.01628, 42.27959]}}, {"type": "Feature", "properties": {"crashes": 25, "injury": 3, "fatal": 0, "pedestrian": 1, "density": 1.5}, "geometry": {"type": "Point", "coordinates": [-71.02838, 42.28014]}}, {"type": "Feature", "properties": {"crashes": 25, "injury": 10, "fatal": 1, "pedestrian": 2, "density": 1.5}, "geometry": {"type": "Point", "coordinates": [-70.95609, 42.22469]}}, {"type": "Feature", "properties": {"crashes": 25, "injury": 8, "fatal": 0, "pedestrian": 0, "density": 1.5}, "geometry": {"type": "Point", "coordinates": [-70.93146, 42.11654]}}, {"type": "Feature", "properties": {"crashes": 25, "injury": 7, "fatal": 0, "pedestrian": 1, "density": 1.5}, "geometry": {"type": "Point", "coordinates": [-70.97012, 42.25673]}}, {"type": "Feature", "properties": {"crashes": 25, "injury": 2, "fatal": 0, "pedestrian": 1, "density": 1.5}, "geometry": {"type": "Point", "coordinates": [-70.96003, 42.21654]}}, {"type": "Feature", "properties": {"crashes": 25, "injury": 7, "fatal": 0, "pedestrian": 1, "density": 1.5}, "geometry": {"type": "Point", "coordinates": [-71.00037, 42.24249]}}, {"type": "Feature", "properties": {"crashes": 25, "injury": 5, "fatal": 0, "pedestrian": 0, "density": 1.5}, "geometry": {"type": "Point", "coordinates": [-71.00221, 42.2543]}}, {"type": "Feature", "properties": {"crashes": 25, "injury": 3, "fatal": 1, "pedestrian": 1, "density": 1.5}, "geometry": {"type": "Point", "coordinates": [-70.95213, 42.26977]}}, {"type": "Feature", "properties": {"crashes": 25, "injury": 9, "fatal": 0, "pedestrian": 0, "density": 1.5}, "geometry": {"type": "Point", "coordinates": [-71.0279, 42.22397]}}, {"type": "Feature", "properties": {"crashes": 25, "injury": 8, "fatal": 0, "pedestrian": 1, "density": 1.5}, "geometry": {"type": "Point", "coordinates": [-71.01203, 42.24403]}}, {"type": "Feature", "properties": {"crashes": 25, "injury": 10, "fatal": 0, "pedestrian": 0, "density": 1.5}, "geometry": {"type": "Point", "coordinates": [-70.99578, 42.22207]}}, {"type": "Feature", "properties": {"crashes": 25, "injury": 10, "fatal": 0, "pedestrian": 0, "density": 1.5}, "geometry": {"type": "Point", "coordinates": [-71.0362, 42.22229]}}, {"type": "Feature", "properties": {"crashes": 25, "injury": 9, "fatal": 0, "pedestrian": 2, "density": 1.5}, "geometry": {"type": "Point", "coordinates": [-71.00194, 42.15424]}}, {"type": "Feature", "properties": {"crashes": 25, "injury": 7, "fatal": 0, "pedestrian": 0, "density": 1.5}, "geometry": {"type": "Point", "coordinates": [-70.94604, 42.1285]}}, {"type": "Feature", "properties": {"crashes": 25, "injury": 7, "fatal": 0, "pedestrian": 0, "density": 1.5}, "geometry": {"type": "Point", "coordinates": [-70.98572, 42.20352]}}, {"type": "Feature", "properties": {"crashes": 25, "injury": 5, "fatal": 0, "pedestrian": 0, "density": 1.5}, "geometry": {"type": "Point", "coordinates": [-70.99655, 42.24805]}}, {"type": "Feature", "properties": {"crashes": 25, "injury": 4, "fatal": 0, "pedestrian": 0, "density": 1.5}, "geometry": {"type": "Point", "coordinates": [-70.92119, 42.17854]}}, {"type": "Feature", "properties": {"crashes": 25, "injury": 3, "fatal": 0, "pedestrian": 4, "density": 1.5}, "geometry": {"type": "Point", "coordinates": [-71.02383, 42.26441]}}, {"type": "Feature", "properties": {"crashes": 25, "injury": 5, "fatal": 0, "pedestrian": 2, "density": 1.5}, "geometry": {"type": "Point", "coordinates": [-71.01961, 42.26789]}}, {"type": "Feature", "properties": {"crashes": 25, "injury": 6, "fatal": 0, "pedestrian": 2, "density": 1.5}, "geometry": {"type": "Point", "coordinates": [-71.01193, 42.27415]}}, {"type": "Feature", "properties": {"crashes": 25, "injury": 10, "fatal": 0, "pedestrian": 0, "density": 1.5}, "geometry": {"type": "Point", "coordinates": [-70.93367, 42.17831]}}, {"type": "Feature", "properties": {"crashes": 25, "injury": 9, "fatal": 0, "pedestrian": 0, "density": 1.5}, "geometry": {"type": "Point", "coordinates": [-70.88332, 42.18602]}}, {"type": "Feature", "properties": {"crashes": 25, "injury": 7, "fatal": 0, "pedestrian": 0, "density": 1.5}, "geometry": {"type": "Point", "coordinates": [-71.01407, 42.10201]}}, {"type": "Feature", "properties": {"crashes": 25, "injury": 6, "fatal": 0, "pedestrian": 0, "density": 1.5}, "geometry": {"type": "Point", "coordinates": [-70.97822, 42.21838]}}, {"type": "Feature", "properties": {"crashes": 25, "injury": 13, "fatal": 0, "pedestrian": 2, "density": 1.5}, "geometry": {"type": "Point", "coordinates": [-70.92037, 42.14248]}}, {"type": "Feature", "properties": {"crashes": 25, "injury": 7, "fatal": 0, "pedestrian": 0, "density": 1.5}, "geometry": {"type": "Point", "coordinates": [-70.8557, 42.26643]}}, {"type": "Feature", "properties": {"crashes": 25, "injury": 12, "fatal": 0, "pedestrian": 0, "density": 1.5}, "geometry": {"type": "Point", "coordinates": [-71.02158, 42.20753]}}, {"type": "Feature", "properties": {"crashes": 25, "injury": 8, "fatal": 0, "pedestrian": 1, "density": 1.5}, "geometry": {"type": "Point", "coordinates": [-71.02408, 42.24601]}}, {"type": "Feature", "properties": {"crashes": 25, "injury": 13, "fatal": 0, "pedestrian": 2, "density": 1.5}, "geometry": {"type": "Point", "coordinates": [-71.04462, 42.15219]}}, {"type": "Feature", "properties": {"crashes": 25, "injury": 11, "fatal": 0, "pedestrian": 0, "density": 1.5}, "geometry": {"type": "Point", "coordinates": [-70.91078, 42.10919]}}, {"type": "Feature", "properties": {"crashes": 24, "injury": 9, "fatal": 0, "pedestrian": 1, "density": 1.4}, "geometry": {"type": "Point", "coordinates": [-71.00658, 42.15841]}}, {"type": "Feature", "properties": {"crashes": 24, "injury": 6, "fatal": 0, "pedestrian": 1, "density": 1.4}, "geometry": {"type": "Point", "coordinates": [-70.94772, 42.20234]}}, {"type": "Feature", "properties": {"crashes": 24, "injury": 4, "fatal": 0, "pedestrian": 0, "density": 1.4}, "geometry": {"type": "Point", "coordinates": [-70.87786, 42.28777]}}, {"type": "Feature", "properties": {"crashes": 24, "injury": 6, "fatal": 1, "pedestrian": 0, "density": 1.4}, "geometry": {"type": "Point", "coordinates": [-70.94797, 42.23393]}}, {"type": "Feature", "properties": {"crashes": 24, "injury": 6, "fatal": 0, "pedestrian": 4, "density": 1.4}, "geometry": {"type": "Point", "coordinates": [-71.0219, 42.27822]}}, {"type": "Feature", "properties": {"crashes": 24, "injury": 9, "fatal": 2, "pedestrian": 2, "density": 1.4}, "geometry": {"type": "Point", "coordinates": [-71.01816, 42.1102]}}, {"type": "Feature", "properties": {"crashes": 24, "injury": 7, "fatal": 0, "pedestrian": 0, "density": 1.4}, "geometry": {"type": "Point", "coordinates": [-71.01817, 42.10595]}}, {"type": "Feature", "properties": {"crashes": 24, "injury": 6, "fatal": 0, "pedestrian": 1, "density": 1.4}, "geometry": {"type": "Point", "coordinates": [-71.03008, 42.24573]}}, {"type": "Feature", "properties": {"crashes": 24, "injury": 6, "fatal": 0, "pedestrian": 0, "density": 1.4}, "geometry": {"type": "Point", "coordinates": [-71.01212, 42.12428]}}, {"type": "Feature", "properties": {"crashes": 24, "injury": 6, "fatal": 0, "pedestrian": 1, "density": 1.4}, "geometry": {"type": "Point", "coordinates": [-70.9558, 42.10372]}}, {"type": "Feature", "properties": {"crashes": 24, "injury": 6, "fatal": 0, "pedestrian": 0, "density": 1.4}, "geometry": {"type": "Point", "coordinates": [-70.90987, 42.18008]}}, {"type": "Feature", "properties": {"crashes": 24, "injury": 5, "fatal": 0, "pedestrian": 0, "density": 1.4}, "geometry": {"type": "Point", "coordinates": [-70.88197, 42.23606]}}, {"type": "Feature", "properties": {"crashes": 24, "injury": 8, "fatal": 0, "pedestrian": 0, "density": 1.4}, "geometry": {"type": "Point", "coordinates": [-70.95001, 42.22704]}}, {"type": "Feature", "properties": {"crashes": 24, "injury": 5, "fatal": 0, "pedestrian": 0, "density": 1.4}, "geometry": {"type": "Point", "coordinates": [-70.86441, 42.14785]}}, {"type": "Feature", "properties": {"crashes": 24, "injury": 6, "fatal": 0, "pedestrian": 0, "density": 1.4}, "geometry": {"type": "Point", "coordinates": [-70.98834, 42.18789]}}, {"type": "Feature", "properties": {"crashes": 24, "injury": 9, "fatal": 0, "pedestrian": 0, "density": 1.4}, "geometry": {"type": "Point", "coordinates": [-71.00531, 42.23009]}}, {"type": "Feature", "properties": {"crashes": 24, "injury": 8, "fatal": 0, "pedestrian": 0, "density": 1.4}, "geometry": {"type": "Point", "coordinates": [-71.01234, 42.20745]}}, {"type": "Feature", "properties": {"crashes": 24, "injury": 9, "fatal": 0, "pedestrian": 0, "density": 1.4}, "geometry": {"type": "Point", "coordinates": [-70.88796, 42.24629]}}, {"type": "Feature", "properties": {"crashes": 24, "injury": 3, "fatal": 0, "pedestrian": 0, "density": 1.4}, "geometry": {"type": "Point", "coordinates": [-70.88382, 42.2081]}}, {"type": "Feature", "properties": {"crashes": 24, "injury": 6, "fatal": 0, "pedestrian": 0, "density": 1.4}, "geometry": {"type": "Point", "coordinates": [-71.0226, 42.28961]}}, {"type": "Feature", "properties": {"crashes": 24, "injury": 7, "fatal": 0, "pedestrian": 0, "density": 1.4}, "geometry": {"type": "Point", "coordinates": [-71.0336, 42.28244]}}, {"type": "Feature", "properties": {"crashes": 24, "injury": 13, "fatal": 0, "pedestrian": 0, "density": 1.4}, "geometry": {"type": "Point", "coordinates": [-70.87782, 42.24754]}}, {"type": "Feature", "properties": {"crashes": 24, "injury": 5, "fatal": 0, "pedestrian": 0, "density": 1.4}, "geometry": {"type": "Point", "coordinates": [-70.90201, 42.18185]}}, {"type": "Feature", "properties": {"crashes": 24, "injury": 8, "fatal": 0, "pedestrian": 0, "density": 1.4}, "geometry": {"type": "Point", "coordinates": [-70.95403, 42.22592]}}, {"type": "Feature", "properties": {"crashes": 24, "injury": 10, "fatal": 0, "pedestrian": 0, "density": 1.4}, "geometry": {"type": "Point", "coordinates": [-71.03159, 42.25043]}}, {"type": "Feature", "properties": {"crashes": 24, "injury": 8, "fatal": 0, "pedestrian": 1, "density": 1.4}, "geometry": {"type": "Point", "coordinates": [-70.92471, 42.19857]}}, {"type": "Feature", "properties": {"crashes": 24, "injury": 7, "fatal": 0, "pedestrian": 0, "density": 1.4}, "geometry": {"type": "Point", "coordinates": [-70.86207, 42.16136]}}, {"type": "Feature", "properties": {"crashes": 24, "injury": 8, "fatal": 0, "pedestrian": 0, "density": 1.4}, "geometry": {"type": "Point", "coordinates": [-71.01057, 42.23567]}}, {"type": "Feature", "properties": {"crashes": 24, "injury": 9, "fatal": 0, "pedestrian": 0, "density": 1.4}, "geometry": {"type": "Point", "coordinates": [-70.95494, 42.14657]}}, {"type": "Feature", "properties": {"crashes": 24, "injury": 11, "fatal": 0, "pedestrian": 0, "density": 1.4}, "geometry": {"type": "Point", "coordinates": [-71.00448, 42.20604]}}, {"type": "Feature", "properties": {"crashes": 24, "injury": 9, "fatal": 0, "pedestrian": 1, "density": 1.4}, "geometry": {"type": "Point", "coordinates": [-71.04342, 42.1483]}}, {"type": "Feature", "properties": {"crashes": 24, "injury": 9, "fatal": 1, "pedestrian": 0, "density": 1.4}, "geometry": {"type": "Point", "coordinates": [-70.94582, 42.14216]}}, {"type": "Feature", "properties": {"crashes": 24, "injury": 6, "fatal": 0, "pedestrian": 0, "density": 1.4}, "geometry": {"type": "Point", "coordinates": [-71.03609, 42.28035]}}, {"type": "Feature", "properties": {"crashes": 24, "injury": 11, "fatal": 0, "pedestrian": 0, "density": 1.4}, "geometry": {"type": "Point", "coordinates": [-71.0277, 42.10388]}}, {"type": "Feature", "properties": {"crashes": 23, "injury": 9, "fatal": 0, "pedestrian": 0, "density": 1.4}, "geometry": {"type": "Point", "coordinates": [-70.86775, 42.14369]}}, {"type": "Feature", "properties": {"crashes": 23, "injury": 7, "fatal": 0, "pedestrian": 1, "density": 1.4}, "geometry": {"type": "Point", "coordinates": [-70.88866, 42.23974]}}, {"type": "Feature", "properties": {"crashes": 23, "injury": 5, "fatal": 0, "pedestrian": 0, "density": 1.4}, "geometry": {"type": "Point", "coordinates": [-71.01202, 42.26581]}}, {"type": "Feature", "properties": {"crashes": 23, "injury": 6, "fatal": 1, "pedestrian": 1, "density": 1.4}, "geometry": {"type": "Point", "coordinates": [-71.00591, 42.24182]}}, {"type": "Feature", "properties": {"crashes": 23, "injury": 11, "fatal": 0, "pedestrian": 1, "density": 1.4}, "geometry": {"type": "Point", "coordinates": [-70.97832, 42.2404]}}, {"type": "Feature", "properties": {"crashes": 23, "injury": 2, "fatal": 0, "pedestrian": 1, "density": 1.4}, "geometry": {"type": "Point", "coordinates": [-70.97978, 42.2438]}}, {"type": "Feature", "properties": {"crashes": 23, "injury": 9, "fatal": 0, "pedestrian": 2, "density": 1.4}, "geometry": {"type": "Point", "coordinates": [-71.03019, 42.15218]}}, {"type": "Feature", "properties": {"crashes": 23, "injury": 5, "fatal": 0, "pedestrian": 0, "density": 1.4}, "geometry": {"type": "Point", "coordinates": [-70.87509, 42.16871]}}, {"type": "Feature", "properties": {"crashes": 23, "injury": 6, "fatal": 0, "pedestrian": 0, "density": 1.4}, "geometry": {"type": "Point", "coordinates": [-70.95191, 42.17216]}}, {"type": "Feature", "properties": {"crashes": 23, "injury": 7, "fatal": 0, "pedestrian": 0, "density": 1.4}, "geometry": {"type": "Point", "coordinates": [-70.87592, 42.28579]}}, {"type": "Feature", "properties": {"crashes": 23, "injury": 8, "fatal": 0, "pedestrian": 0, "density": 1.4}, "geometry": {"type": "Point", "coordinates": [-70.95827, 42.19561]}}, {"type": "Feature", "properties": {"crashes": 23, "injury": 7, "fatal": 0, "pedestrian": 0, "density": 1.4}, "geometry": {"type": "Point", "coordinates": [-70.9934, 42.26134]}}, {"type": "Feature", "properties": {"crashes": 23, "injury": 10, "fatal": 0, "pedestrian": 0, "density": 1.4}, "geometry": {"type": "Point", "coordinates": [-70.95265, 42.1418]}}, {"type": "Feature", "properties": {"crashes": 23, "injury": 4, "fatal": 1, "pedestrian": 0, "density": 1.4}, "geometry": {"type": "Point", "coordinates": [-70.88392, 42.16225]}}, {"type": "Feature", "properties": {"crashes": 23, "injury": 6, "fatal": 2, "pedestrian": 1, "density": 1.4}, "geometry": {"type": "Point", "coordinates": [-71.02828, 42.18343]}}, {"type": "Feature", "properties": {"crashes": 23, "injury": 10, "fatal": 0, "pedestrian": 1, "density": 1.4}, "geometry": {"type": "Point", "coordinates": [-71.03797, 42.25762]}}, {"type": "Feature", "properties": {"crashes": 23, "injury": 6, "fatal": 0, "pedestrian": 1, "density": 1.4}, "geometry": {"type": "Point", "coordinates": [-70.93587, 42.21082]}}, {"type": "Feature", "properties": {"crashes": 23, "injury": 6, "fatal": 0, "pedestrian": 0, "density": 1.4}, "geometry": {"type": "Point", "coordinates": [-70.94144, 42.24181]}}, {"type": "Feature", "properties": {"crashes": 23, "injury": 5, "fatal": 0, "pedestrian": 0, "density": 1.4}, "geometry": {"type": "Point", "coordinates": [-70.88381, 42.2398]}}, {"type": "Feature", "properties": {"crashes": 23, "injury": 10, "fatal": 0, "pedestrian": 0, "density": 1.4}, "geometry": {"type": "Point", "coordinates": [-70.9803, 42.23272]}}, {"type": "Feature", "properties": {"crashes": 23, "injury": 5, "fatal": 0, "pedestrian": 0, "density": 1.4}, "geometry": {"type": "Point", "coordinates": [-71.01617, 42.29778]}}, {"type": "Feature", "properties": {"crashes": 23, "injury": 10, "fatal": 1, "pedestrian": 0, "density": 1.4}, "geometry": {"type": "Point", "coordinates": [-71.0223, 42.23228]}}, {"type": "Feature", "properties": {"crashes": 23, "injury": 10, "fatal": 0, "pedestrian": 0, "density": 1.4}, "geometry": {"type": "Point", "coordinates": [-70.99207, 42.22659]}}, {"type": "Feature", "properties": {"crashes": 23, "injury": 5, "fatal": 0, "pedestrian": 0, "density": 1.4}, "geometry": {"type": "Point", "coordinates": [-71.01807, 42.2406]}}, {"type": "Feature", "properties": {"crashes": 23, "injury": 3, "fatal": 0, "pedestrian": 1, "density": 1.4}, "geometry": {"type": "Point", "coordinates": [-70.87633, 42.2278]}}, {"type": "Feature", "properties": {"crashes": 23, "injury": 4, "fatal": 0, "pedestrian": 0, "density": 1.4}, "geometry": {"type": "Point", "coordinates": [-71.00871, 42.27634]}}, {"type": "Feature", "properties": {"crashes": 23, "injury": 4, "fatal": 0, "pedestrian": 0, "density": 1.4}, "geometry": {"type": "Point", "coordinates": [-70.9179, 42.24956]}}, {"type": "Feature", "properties": {"crashes": 23, "injury": 9, "fatal": 0, "pedestrian": 0, "density": 1.4}, "geometry": {"type": "Point", "coordinates": [-70.97461, 42.2208]}}, {"type": "Feature", "properties": {"crashes": 23, "injury": 10, "fatal": 0, "pedestrian": 0, "density": 1.4}, "geometry": {"type": "Point", "coordinates": [-71.00259, 42.23007]}}, {"type": "Feature", "properties": {"crashes": 23, "injury": 4, "fatal": 0, "pedestrian": 1, "density": 1.4}, "geometry": {"type": "Point", "coordinates": [-70.94285, 42.11167]}}, {"type": "Feature", "properties": {"crashes": 23, "injury": 6, "fatal": 0, "pedestrian": 1, "density": 1.4}, "geometry": {"type": "Point", "coordinates": [-70.90075, 42.13686]}}, {"type": "Feature", "properties": {"crashes": 23, "injury": 12, "fatal": 0, "pedestrian": 1, "density": 1.4}, "geometry": {"type": "Point", "coordinates": [-70.99955, 42.19801]}}, {"type": "Feature", "properties": {"crashes": 22, "injury": 8, "fatal": 0, "pedestrian": 0, "density": 1.3}, "geometry": {"type": "Point", "coordinates": [-71.00418, 42.224]}}, {"type": "Feature", "properties": {"crashes": 22, "injury": 4, "fatal": 0, "pedestrian": 0, "density": 1.3}, "geometry": {"type": "Point", "coordinates": [-70.94611, 42.1898]}}, {"type": "Feature", "properties": {"crashes": 22, "injury": 4, "fatal": 0, "pedestrian": 0, "density": 1.3}, "geometry": {"type": "Point", "coordinates": [-70.916, 42.22351]}}, {"type": "Feature", "properties": {"crashes": 22, "injury": 9, "fatal": 0, "pedestrian": 0, "density": 1.3}, "geometry": {"type": "Point", "coordinates": [-70.88201, 42.14431]}}, {"type": "Feature", "properties": {"crashes": 22, "injury": 7, "fatal": 0, "pedestrian": 0, "density": 1.3}, "geometry": {"type": "Point", "coordinates": [-70.95407, 42.24049]}}, {"type": "Feature", "properties": {"crashes": 22, "injury": 8, "fatal": 0, "pedestrian": 1, "density": 1.3}, "geometry": {"type": "Point", "coordinates": [-70.92434, 42.11442]}}, {"type": "Feature", "properties": {"crashes": 22, "injury": 11, "fatal": 0, "pedestrian": 1, "density": 1.3}, "geometry": {"type": "Point", "coordinates": [-71.04179, 42.12971]}}, {"type": "Feature", "properties": {"crashes": 22, "injury": 6, "fatal": 0, "pedestrian": 0, "density": 1.3}, "geometry": {"type": "Point", "coordinates": [-71.03211, 42.28017]}}, {"type": "Feature", "properties": {"crashes": 22, "injury": 10, "fatal": 0, "pedestrian": 2, "density": 1.3}, "geometry": {"type": "Point", "coordinates": [-71.00568, 42.24373]}}, {"type": "Feature", "properties": {"crashes": 22, "injury": 10, "fatal": 0, "pedestrian": 0, "density": 1.3}, "geometry": {"type": "Point", "coordinates": [-70.98815, 42.20393]}}, {"type": "Feature", "properties": {"crashes": 22, "injury": 9, "fatal": 0, "pedestrian": 2, "density": 1.3}, "geometry": {"type": "Point", "coordinates": [-70.94608, 42.2437]}}, {"type": "Feature", "properties": {"crashes": 22, "injury": 9, "fatal": 0, "pedestrian": 0, "density": 1.3}, "geometry": {"type": "Point", "coordinates": [-71.01682, 42.1202]}}, {"type": "Feature", "properties": {"crashes": 22, "injury": 11, "fatal": 0, "pedestrian": 1, "density": 1.3}, "geometry": {"type": "Point", "coordinates": [-70.83964, 42.11639]}}, {"type": "Feature", "properties": {"crashes": 22, "injury": 5, "fatal": 0, "pedestrian": 0, "density": 1.3}, "geometry": {"type": "Point", "coordinates": [-71.04941, 42.16513]}}, {"type": "Feature", "properties": {"crashes": 22, "injury": 8, "fatal": 0, "pedestrian": 1, "density": 1.3}, "geometry": {"type": "Point", "coordinates": [-70.93643, 42.18389]}}, {"type": "Feature", "properties": {"crashes": 22, "injury": 7, "fatal": 0, "pedestrian": 0, "density": 1.3}, "geometry": {"type": "Point", "coordinates": [-70.98206, 42.26192]}}, {"type": "Feature", "properties": {"crashes": 22, "injury": 9, "fatal": 0, "pedestrian": 1, "density": 1.3}, "geometry": {"type": "Point", "coordinates": [-71.00683, 42.16624]}}, {"type": "Feature", "properties": {"crashes": 22, "injury": 5, "fatal": 0, "pedestrian": 0, "density": 1.3}, "geometry": {"type": "Point", "coordinates": [-70.99607, 42.18348]}}, {"type": "Feature", "properties": {"crashes": 22, "injury": 2, "fatal": 0, "pedestrian": 0, "density": 1.3}, "geometry": {"type": "Point", "coordinates": [-70.92735, 42.2188]}}, {"type": "Feature", "properties": {"crashes": 22, "injury": 6, "fatal": 0, "pedestrian": 0, "density": 1.3}, "geometry": {"type": "Point", "coordinates": [-71.00731, 42.20188]}}, {"type": "Feature", "properties": {"crashes": 22, "injury": 14, "fatal": 0, "pedestrian": 0, "density": 1.3}, "geometry": {"type": "Point", "coordinates": [-71.01401, 42.20856]}}, {"type": "Feature", "properties": {"crashes": 22, "injury": 11, "fatal": 0, "pedestrian": 0, "density": 1.3}, "geometry": {"type": "Point", "coordinates": [-71.01605, 42.21005]}}, {"type": "Feature", "properties": {"crashes": 22, "injury": 6, "fatal": 0, "pedestrian": 0, "density": 1.3}, "geometry": {"type": "Point", "coordinates": [-70.98191, 42.22138]}}, {"type": "Feature", "properties": {"crashes": 22, "injury": 6, "fatal": 1, "pedestrian": 3, "density": 1.3}, "geometry": {"type": "Point", "coordinates": [-70.93433, 42.21736]}}, {"type": "Feature", "properties": {"crashes": 22, "injury": 8, "fatal": 0, "pedestrian": 0, "density": 1.3}, "geometry": {"type": "Point", "coordinates": [-70.84787, 42.15469]}}, {"type": "Feature", "properties": {"crashes": 22, "injury": 7, "fatal": 0, "pedestrian": 1, "density": 1.3}, "geometry": {"type": "Point", "coordinates": [-71.03166, 42.25942]}}, {"type": "Feature", "properties": {"crashes": 22, "injury": 4, "fatal": 0, "pedestrian": 0, "density": 1.3}, "geometry": {"type": "Point", "coordinates": [-70.93064, 42.11091]}}, {"type": "Feature", "properties": {"crashes": 22, "injury": 5, "fatal": 0, "pedestrian": 1, "density": 1.3}, "geometry": {"type": "Point", "coordinates": [-70.86569, 42.27771]}}, {"type": "Feature", "properties": {"crashes": 22, "injury": 7, "fatal": 0, "pedestrian": 0, "density": 1.3}, "geometry": {"type": "Point", "coordinates": [-70.94944, 42.10353]}}, {"type": "Feature", "properties": {"crashes": 22, "injury": 4, "fatal": 0, "pedestrian": 1, "density": 1.3}, "geometry": {"type": "Point", "coordinates": [-71.01592, 42.24351]}}, {"type": "Feature", "properties": {"crashes": 22, "injury": 11, "fatal": 0, "pedestrian": 2, "density": 1.3}, "geometry": {"type": "Point", "coordinates": [-71.01361, 42.23651]}}, {"type": "Feature", "properties": {"crashes": 22, "injury": 5, "fatal": 0, "pedestrian": 0, "density": 1.3}, "geometry": {"type": "Point", "coordinates": [-70.95778, 42.24076]}}, {"type": "Feature", "properties": {"crashes": 22, "injury": 8, "fatal": 0, "pedestrian": 1, "density": 1.3}, "geometry": {"type": "Point", "coordinates": [-70.99025, 42.24394]}}, {"type": "Feature", "properties": {"crashes": 22, "injury": 7, "fatal": 0, "pedestrian": 0, "density": 1.3}, "geometry": {"type": "Point", "coordinates": [-70.99126, 42.10049]}}, {"type": "Feature", "properties": {"crashes": 22, "injury": 6, "fatal": 0, "pedestrian": 0, "density": 1.3}, "geometry": {"type": "Point", "coordinates": [-71.02783, 42.24337]}}, {"type": "Feature", "properties": {"crashes": 22, "injury": 9, "fatal": 0, "pedestrian": 1, "density": 1.3}, "geometry": {"type": "Point", "coordinates": [-71.02091, 42.10027]}}, {"type": "Feature", "properties": {"crashes": 22, "injury": 4, "fatal": 0, "pedestrian": 0, "density": 1.3}, "geometry": {"type": "Point", "coordinates": [-71.01559, 42.27839]}}, {"type": "Feature", "properties": {"crashes": 22, "injury": 3, "fatal": 0, "pedestrian": 0, "density": 1.3}, "geometry": {"type": "Point", "coordinates": [-71.0057, 42.26248]}}, {"type": "Feature", "properties": {"crashes": 22, "injury": 7, "fatal": 0, "pedestrian": 0, "density": 1.3}, "geometry": {"type": "Point", "coordinates": [-70.96934, 42.13259]}}, {"type": "Feature", "properties": {"crashes": 22, "injury": 7, "fatal": 0, "pedestrian": 0, "density": 1.3}, "geometry": {"type": "Point", "coordinates": [-71.01383, 42.12248]}}, {"type": "Feature", "properties": {"crashes": 22, "injury": 5, "fatal": 0, "pedestrian": 0, "density": 1.3}, "geometry": {"type": "Point", "coordinates": [-70.92378, 42.19479]}}, {"type": "Feature", "properties": {"crashes": 22, "injury": 2, "fatal": 1, "pedestrian": 1, "density": 1.3}, "geometry": {"type": "Point", "coordinates": [-71.02626, 42.28639]}}, {"type": "Feature", "properties": {"crashes": 22, "injury": 8, "fatal": 0, "pedestrian": 1, "density": 1.3}, "geometry": {"type": "Point", "coordinates": [-71.02863, 42.29482]}}, {"type": "Feature", "properties": {"crashes": 21, "injury": 4, "fatal": 0, "pedestrian": 1, "density": 1.2}, "geometry": {"type": "Point", "coordinates": [-71.01624, 42.26398]}}, {"type": "Feature", "properties": {"crashes": 21, "injury": 4, "fatal": 1, "pedestrian": 1, "density": 1.2}, "geometry": {"type": "Point", "coordinates": [-71.03417, 42.16404]}}, {"type": "Feature", "properties": {"crashes": 21, "injury": 7, "fatal": 0, "pedestrian": 0, "density": 1.2}, "geometry": {"type": "Point", "coordinates": [-70.93166, 42.21179]}}, {"type": "Feature", "properties": {"crashes": 21, "injury": 5, "fatal": 0, "pedestrian": 0, "density": 1.2}, "geometry": {"type": "Point", "coordinates": [-71.0375, 42.16787]}}, {"type": "Feature", "properties": {"crashes": 21, "injury": 4, "fatal": 0, "pedestrian": 0, "density": 1.2}, "geometry": {"type": "Point", "coordinates": [-71.01985, 42.24399]}}, {"type": "Feature", "properties": {"crashes": 21, "injury": 8, "fatal": 0, "pedestrian": 0, "density": 1.2}, "geometry": {"type": "Point", "coordinates": [-70.96818, 42.21598]}}, {"type": "Feature", "properties": {"crashes": 21, "injury": 9, "fatal": 0, "pedestrian": 0, "density": 1.2}, "geometry": {"type": "Point", "coordinates": [-71.01398, 42.10754]}}, {"type": "Feature", "properties": {"crashes": 21, "injury": 4, "fatal": 0, "pedestrian": 0, "density": 1.2}, "geometry": {"type": "Point", "coordinates": [-71.04628, 42.25613]}}, {"type": "Feature", "properties": {"crashes": 21, "injury": 7, "fatal": 0, "pedestrian": 0, "density": 1.2}, "geometry": {"type": "Point", "coordinates": [-70.8486, 42.25194]}}, {"type": "Feature", "properties": {"crashes": 21, "injury": 10, "fatal": 0, "pedestrian": 0, "density": 1.2}, "geometry": {"type": "Point", "coordinates": [-70.97754, 42.24351]}}, {"type": "Feature", "properties": {"crashes": 21, "injury": 3, "fatal": 0, "pedestrian": 0, "density": 1.2}, "geometry": {"type": "Point", "coordinates": [-70.84563, 42.26569]}}, {"type": "Feature", "properties": {"crashes": 21, "injury": 7, "fatal": 0, "pedestrian": 0, "density": 1.2}, "geometry": {"type": "Point", "coordinates": [-70.95582, 42.24049]}}, {"type": "Feature", "properties": {"crashes": 21, "injury": 3, "fatal": 0, "pedestrian": 0, "density": 1.2}, "geometry": {"type": "Point", "coordinates": [-71.0461, 42.26004]}}, {"type": "Feature", "properties": {"crashes": 21, "injury": 1, "fatal": 0, "pedestrian": 0, "density": 1.2}, "geometry": {"type": "Point", "coordinates": [-70.86841, 42.27929]}}, {"type": "Feature", "properties": {"crashes": 21, "injury": 4, "fatal": 0, "pedestrian": 0, "density": 1.2}, "geometry": {"type": "Point", "coordinates": [-71.00763, 42.25249]}}, {"type": "Feature", "properties": {"crashes": 21, "injury": 9, "fatal": 0, "pedestrian": 0, "density": 1.2}, "geometry": {"type": "Point", "coordinates": [-70.838, 42.13204]}}, {"type": "Feature", "properties": {"crashes": 21, "injury": 6, "fatal": 0, "pedestrian": 0, "density": 1.2}, "geometry": {"type": "Point", "coordinates": [-71.02345, 42.14383]}}, {"type": "Feature", "properties": {"crashes": 21, "injury": 6, "fatal": 0, "pedestrian": 0, "density": 1.2}, "geometry": {"type": "Point", "coordinates": [-71.01402, 42.24524]}}, {"type": "Feature", "properties": {"crashes": 21, "injury": 2, "fatal": 0, "pedestrian": 0, "density": 1.2}, "geometry": {"type": "Point", "coordinates": [-70.884, 42.20218]}}, {"type": "Feature", "properties": {"crashes": 21, "injury": 9, "fatal": 0, "pedestrian": 0, "density": 1.2}, "geometry": {"type": "Point", "coordinates": [-70.91584, 42.19173]}}, {"type": "Feature", "properties": {"crashes": 21, "injury": 5, "fatal": 0, "pedestrian": 0, "density": 1.2}, "geometry": {"type": "Point", "coordinates": [-71.0195, 42.28213]}}, {"type": "Feature", "properties": {"crashes": 21, "injury": 4, "fatal": 0, "pedestrian": 0, "density": 1.2}, "geometry": {"type": "Point", "coordinates": [-70.96833, 42.17954]}}, {"type": "Feature", "properties": {"crashes": 21, "injury": 4, "fatal": 0, "pedestrian": 0, "density": 1.2}, "geometry": {"type": "Point", "coordinates": [-71.01392, 42.23981]}}, {"type": "Feature", "properties": {"crashes": 21, "injury": 1, "fatal": 0, "pedestrian": 0, "density": 1.2}, "geometry": {"type": "Point", "coordinates": [-70.93549, 42.22437]}}, {"type": "Feature", "properties": {"crashes": 21, "injury": 2, "fatal": 0, "pedestrian": 0, "density": 1.2}, "geometry": {"type": "Point", "coordinates": [-70.91829, 42.22022]}}, {"type": "Feature", "properties": {"crashes": 21, "injury": 4, "fatal": 0, "pedestrian": 0, "density": 1.2}, "geometry": {"type": "Point", "coordinates": [-71.01196, 42.23555]}}, {"type": "Feature", "properties": {"crashes": 21, "injury": 0, "fatal": 0, "pedestrian": 0, "density": 1.2}, "geometry": {"type": "Point", "coordinates": [-71.02614, 42.2678]}}, {"type": "Feature", "properties": {"crashes": 21, "injury": 9, "fatal": 0, "pedestrian": 0, "density": 1.2}, "geometry": {"type": "Point", "coordinates": [-70.85586, 42.11383]}}, {"type": "Feature", "properties": {"crashes": 21, "injury": 7, "fatal": 0, "pedestrian": 0, "density": 1.2}, "geometry": {"type": "Point", "coordinates": [-70.82607, 42.17449]}}, {"type": "Feature", "properties": {"crashes": 21, "injury": 7, "fatal": 0, "pedestrian": 0, "density": 1.2}, "geometry": {"type": "Point", "coordinates": [-70.96833, 42.2664]}}, {"type": "Feature", "properties": {"crashes": 21, "injury": 2, "fatal": 0, "pedestrian": 0, "density": 1.2}, "geometry": {"type": "Point", "coordinates": [-70.96679, 42.22039]}}, {"type": "Feature", "properties": {"crashes": 21, "injury": 4, "fatal": 0, "pedestrian": 1, "density": 1.2}, "geometry": {"type": "Point", "coordinates": [-71.01216, 42.27225]}}, {"type": "Feature", "properties": {"crashes": 21, "injury": 9, "fatal": 0, "pedestrian": 0, "density": 1.2}, "geometry": {"type": "Point", "coordinates": [-71.00911, 42.20464]}}, {"type": "Feature", "properties": {"crashes": 21, "injury": 2, "fatal": 0, "pedestrian": 0, "density": 1.2}, "geometry": {"type": "Point", "coordinates": [-70.99728, 42.24011]}}, {"type": "Feature", "properties": {"crashes": 21, "injury": 1, "fatal": 0, "pedestrian": 0, "density": 1.2}, "geometry": {"type": "Point", "coordinates": [-71.01245, 42.25974]}}, {"type": "Feature", "properties": {"crashes": 21, "injury": 3, "fatal": 0, "pedestrian": 1, "density": 1.2}, "geometry": {"type": "Point", "coordinates": [-71.01982, 42.26235]}}, {"type": "Feature", "properties": {"crashes": 21, "injury": 4, "fatal": 0, "pedestrian": 0, "density": 1.2}, "geometry": {"type": "Point", "coordinates": [-70.99728, 42.26259]}}, {"type": "Feature", "properties": {"crashes": 20, "injury": 7, "fatal": 1, "pedestrian": 0, "density": 1.2}, "geometry": {"type": "Point", "coordinates": [-71.02367, 42.1641]}}, {"type": "Feature", "properties": {"crashes": 20, "injury": 6, "fatal": 1, "pedestrian": 0, "density": 1.2}, "geometry": {"type": "Point", "coordinates": [-70.99958, 42.26395]}}, {"type": "Feature", "properties": {"crashes": 20, "injury": 4, "fatal": 0, "pedestrian": 1, "density": 1.2}, "geometry": {"type": "Point", "coordinates": [-71.01847, 42.24364]}}, {"type": "Feature", "properties": {"crashes": 20, "injury": 2, "fatal": 0, "pedestrian": 0, "density": 1.2}, "geometry": {"type": "Point", "coordinates": [-71.03207, 42.28207]}}, {"type": "Feature", "properties": {"crashes": 20, "injury": 3, "fatal": 0, "pedestrian": 0, "density": 1.2}, "geometry": {"type": "Point", "coordinates": [-70.94213, 42.13028]}}, {"type": "Feature", "properties": {"crashes": 20, "injury": 5, "fatal": 1, "pedestrian": 0, "density": 1.2}, "geometry": {"type": "Point", "coordinates": [-70.9687, 42.22235]}}, {"type": "Feature", "properties": {"crashes": 20, "injury": 3, "fatal": 0, "pedestrian": 0, "density": 1.2}, "geometry": {"type": "Point", "coordinates": [-70.94415, 42.23612]}}, {"type": "Feature", "properties": {"crashes": 20, "injury": 7, "fatal": 1, "pedestrian": 1, "density": 1.2}, "geometry": {"type": "Point", "coordinates": [-71.02811, 42.24535]}}, {"type": "Feature", "properties": {"crashes": 20, "injury": 3, "fatal": 0, "pedestrian": 0, "density": 1.2}, "geometry": {"type": "Point", "coordinates": [-71.01365, 42.12864]}}, {"type": "Feature", "properties": {"crashes": 20, "injury": 3, "fatal": 0, "pedestrian": 0, "density": 1.2}, "geometry": {"type": "Point", "coordinates": [-70.89409, 42.22165]}}, {"type": "Feature", "properties": {"crashes": 20, "injury": 10, "fatal": 0, "pedestrian": 5, "density": 1.2}, "geometry": {"type": "Point", "coordinates": [-70.93732, 42.12002]}}, {"type": "Feature", "properties": {"crashes": 20, "injury": 7, "fatal": 0, "pedestrian": 0, "density": 1.2}, "geometry": {"type": "Point", "coordinates": [-71.02599, 42.15539]}}, {"type": "Feature", "properties": {"crashes": 20, "injury": 1, "fatal": 0, "pedestrian": 0, "density": 1.2}, "geometry": {"type": "Point", "coordinates": [-71.02834, 42.26986]}}, {"type": "Feature", "properties": {"crashes": 20, "injury": 4, "fatal": 0, "pedestrian": 0, "density": 1.2}, "geometry": {"type": "Point", "coordinates": [-71.03025, 42.25531]}}, {"type": "Feature", "properties": {"crashes": 20, "injury": 8, "fatal": 0, "pedestrian": 1, "density": 1.2}, "geometry": {"type": "Point", "coordinates": [-70.9151, 42.12846]}}, {"type": "Feature", "properties": {"crashes": 20, "injury": 9, "fatal": 0, "pedestrian": 0, "density": 1.2}, "geometry": {"type": "Point", "coordinates": [-71.01453, 42.17823]}}, {"type": "Feature", "properties": {"crashes": 20, "injury": 5, "fatal": 0, "pedestrian": 0, "density": 1.2}, "geometry": {"type": "Point", "coordinates": [-70.93347, 42.22666]}}, {"type": "Feature", "properties": {"crashes": 20, "injury": 9, "fatal": 1, "pedestrian": 3, "density": 1.2}, "geometry": {"type": "Point", "coordinates": [-71.0479, 42.16516]}}, {"type": "Feature", "properties": {"crashes": 20, "injury": 7, "fatal": 0, "pedestrian": 0, "density": 1.2}, "geometry": {"type": "Point", "coordinates": [-70.90093, 42.18817]}}, {"type": "Feature", "properties": {"crashes": 20, "injury": 6, "fatal": 1, "pedestrian": 0, "density": 1.2}, "geometry": {"type": "Point", "coordinates": [-70.99219, 42.23046]}}, {"type": "Feature", "properties": {"crashes": 20, "injury": 4, "fatal": 0, "pedestrian": 0, "density": 1.2}, "geometry": {"type": "Point", "coordinates": [-71.01402, 42.29659]}}, {"type": "Feature", "properties": {"crashes": 20, "injury": 5, "fatal": 0, "pedestrian": 1, "density": 1.2}, "geometry": {"type": "Point", "coordinates": [-70.96188, 42.2659]}}, {"type": "Feature", "properties": {"crashes": 20, "injury": 7, "fatal": 0, "pedestrian": 1, "density": 1.2}, "geometry": {"type": "Point", "coordinates": [-71.00882, 42.14382]}}, {"type": "Feature", "properties": {"crashes": 20, "injury": 5, "fatal": 0, "pedestrian": 0, "density": 1.2}, "geometry": {"type": "Point", "coordinates": [-70.98945, 42.24085]}}, {"type": "Feature", "properties": {"crashes": 20, "injury": 2, "fatal": 0, "pedestrian": 0, "density": 1.2}, "geometry": {"type": "Point", "coordinates": [-70.9376, 42.2102]}}, {"type": "Feature", "properties": {"crashes": 20, "injury": 6, "fatal": 0, "pedestrian": 0, "density": 1.2}, "geometry": {"type": "Point", "coordinates": [-70.94193, 42.21211]}}, {"type": "Feature", "properties": {"crashes": 20, "injury": 5, "fatal": 0, "pedestrian": 0, "density": 1.2}, "geometry": {"type": "Point", "coordinates": [-71.00879, 42.13001]}}, {"type": "Feature", "properties": {"crashes": 20, "injury": 7, "fatal": 0, "pedestrian": 0, "density": 1.2}, "geometry": {"type": "Point", "coordinates": [-71.04937, 42.17639]}}, {"type": "Feature", "properties": {"crashes": 20, "injury": 5, "fatal": 0, "pedestrian": 0, "density": 1.2}, "geometry": {"type": "Point", "coordinates": [-70.99944, 42.23731]}}, {"type": "Feature", "properties": {"crashes": 20, "injury": 4, "fatal": 0, "pedestrian": 1, "density": 1.2}, "geometry": {"type": "Point", "coordinates": [-70.97129, 42.17417]}}, {"type": "Feature", "properties": {"crashes": 20, "injury": 8, "fatal": 0, "pedestrian": 0, "density": 1.2}, "geometry": {"type": "Point", "coordinates": [-70.97228, 42.22123]}}, {"type": "Feature", "properties": {"crashes": 20, "injury": 4, "fatal": 0, "pedestrian": 0, "density": 1.2}, "geometry": {"type": "Point", "coordinates": [-70.9693, 42.22577]}}, {"type": "Feature", "properties": {"crashes": 20, "injury": 9, "fatal": 0, "pedestrian": 0, "density": 1.2}, "geometry": {"type": "Point", "coordinates": [-71.00586, 42.19396]}}, {"type": "Feature", "properties": {"crashes": 20, "injury": 6, "fatal": 2, "pedestrian": 0, "density": 1.2}, "geometry": {"type": "Point", "coordinates": [-71.00639, 42.13813]}}, {"type": "Feature", "properties": {"crashes": 20, "injury": 7, "fatal": 0, "pedestrian": 0, "density": 1.2}, "geometry": {"type": "Point", "coordinates": [-70.92817, 42.17952]}}, {"type": "Feature", "properties": {"crashes": 20, "injury": 4, "fatal": 0, "pedestrian": 0, "density": 1.2}, "geometry": {"type": "Point", "coordinates": [-70.91968, 42.18163]}}, {"type": "Feature", "properties": {"crashes": 20, "injury": 8, "fatal": 0, "pedestrian": 0, "density": 1.2}, "geometry": {"type": "Point", "coordinates": [-71.0024, 42.25943]}}, {"type": "Feature", "properties": {"crashes": 20, "injury": 7, "fatal": 0, "pedestrian": 1, "density": 1.2}, "geometry": {"type": "Point", "coordinates": [-70.9181, 42.12341]}}, {"type": "Feature", "properties": {"crashes": 20, "injury": 4, "fatal": 0, "pedestrian": 0, "density": 1.2}, "geometry": {"type": "Point", "coordinates": [-70.94592, 42.24214]}}, {"type": "Feature", "properties": {"crashes": 20, "injury": 1, "fatal": 0, "pedestrian": 0, "density": 1.2}, "geometry": {"type": "Point", "coordinates": [-70.9454, 42.19388]}}, {"type": "Feature", "properties": {"crashes": 19, "injury": 3, "fatal": 0, "pedestrian": 1, "density": 1.1}, "geometry": {"type": "Point", "coordinates": [-70.99791, 42.15234]}}, {"type": "Feature", "properties": {"crashes": 19, "injury": 9, "fatal": 0, "pedestrian": 1, "density": 1.1}, "geometry": {"type": "Point", "coordinates": [-71.0155, 42.20004]}}, {"type": "Feature", "properties": {"crashes": 19, "injury": 4, "fatal": 0, "pedestrian": 0, "density": 1.1}, "geometry": {"type": "Point", "coordinates": [-70.82181, 42.15755]}}, {"type": "Feature", "properties": {"crashes": 19, "injury": 3, "fatal": 0, "pedestrian": 0, "density": 1.1}, "geometry": {"type": "Point", "coordinates": [-71.03382, 42.15803]}}, {"type": "Feature", "properties": {"crashes": 19, "injury": 10, "fatal": 0, "pedestrian": 1, "density": 1.1}, "geometry": {"type": "Point", "coordinates": [-70.93983, 42.16779]}}, {"type": "Feature", "properties": {"crashes": 19, "injury": 5, "fatal": 0, "pedestrian": 2, "density": 1.1}, "geometry": {"type": "Point", "coordinates": [-71.04977, 42.17724]}}, {"type": "Feature", "properties": {"crashes": 19, "injury": 7, "fatal": 0, "pedestrian": 0, "density": 1.1}, "geometry": {"type": "Point", "coordinates": [-70.95829, 42.10147]}}, {"type": "Feature", "properties": {"crashes": 19, "injury": 4, "fatal": 0, "pedestrian": 0, "density": 1.1}, "geometry": {"type": "Point", "coordinates": [-70.88014, 42.2303]}}, {"type": "Feature", "properties": {"crashes": 19, "injury": 5, "fatal": 0, "pedestrian": 0, "density": 1.1}, "geometry": {"type": "Point", "coordinates": [-70.88617, 42.2223]}}, {"type": "Feature", "properties": {"crashes": 19, "injury": 5, "fatal": 0, "pedestrian": 0, "density": 1.1}, "geometry": {"type": "Point", "coordinates": [-70.87594, 42.22601]}}, {"type": "Feature", "properties": {"crashes": 19, "injury": 4, "fatal": 0, "pedestrian": 0, "density": 1.1}, "geometry": {"type": "Point", "coordinates": [-70.98625, 42.24429]}}, {"type": "Feature", "properties": {"crashes": 19, "injury": 5, "fatal": 0, "pedestrian": 0, "density": 1.1}, "geometry": {"type": "Point", "coordinates": [-71.01809, 42.1551]}}, {"type": "Feature", "properties": {"crashes": 19, "injury": 2, "fatal": 0, "pedestrian": 0, "density": 1.1}, "geometry": {"type": "Point", "coordinates": [-70.972, 42.258]}}, {"type": "Feature", "properties": {"crashes": 19, "injury": 6, "fatal": 0, "pedestrian": 0, "density": 1.1}, "geometry": {"type": "Point", "coordinates": [-70.96061, 42.21958]}}, {"type": "Feature", "properties": {"crashes": 19, "injury": 3, "fatal": 0, "pedestrian": 0, "density": 1.1}, "geometry": {"type": "Point", "coordinates": [-71.02565, 42.24013]}}, {"type": "Feature", "properties": {"crashes": 19, "injury": 7, "fatal": 0, "pedestrian": 0, "density": 1.1}, "geometry": {"type": "Point", "coordinates": [-71.00733, 42.13984]}}, {"type": "Feature", "properties": {"crashes": 19, "injury": 8, "fatal": 0, "pedestrian": 1, "density": 1.1}, "geometry": {"type": "Point", "coordinates": [-71.02063, 42.10367]}}, {"type": "Feature", "properties": {"crashes": 19, "injury": 5, "fatal": 0, "pedestrian": 0, "density": 1.1}, "geometry": {"type": "Point", "coordinates": [-70.96, 42.16223]}}, {"type": "Feature", "properties": {"crashes": 19, "injury": 4, "fatal": 0, "pedestrian": 0, "density": 1.1}, "geometry": {"type": "Point", "coordinates": [-70.99176, 42.1497]}}, {"type": "Feature", "properties": {"crashes": 19, "injury": 6, "fatal": 1, "pedestrian": 0, "density": 1.1}, "geometry": {"type": "Point", "coordinates": [-70.96383, 42.19743]}}, {"type": "Feature", "properties": {"crashes": 19, "injury": 4, "fatal": 0, "pedestrian": 1, "density": 1.1}, "geometry": {"type": "Point", "coordinates": [-70.83267, 42.1292]}}, {"type": "Feature", "properties": {"crashes": 19, "injury": 3, "fatal": 0, "pedestrian": 0, "density": 1.1}, "geometry": {"type": "Point", "coordinates": [-70.93778, 42.21593]}}, {"type": "Feature", "properties": {"crashes": 19, "injury": 3, "fatal": 0, "pedestrian": 0, "density": 1.1}, "geometry": {"type": "Point", "coordinates": [-70.96994, 42.19977]}}, {"type": "Feature", "properties": {"crashes": 19, "injury": 5, "fatal": 0, "pedestrian": 0, "density": 1.1}, "geometry": {"type": "Point", "coordinates": [-70.94977, 42.19581]}}, {"type": "Feature", "properties": {"crashes": 19, "injury": 7, "fatal": 0, "pedestrian": 0, "density": 1.1}, "geometry": {"type": "Point", "coordinates": [-71.01749, 42.10397]}}, {"type": "Feature", "properties": {"crashes": 19, "injury": 3, "fatal": 0, "pedestrian": 0, "density": 1.1}, "geometry": {"type": "Point", "coordinates": [-70.95718, 42.21394]}}, {"type": "Feature", "properties": {"crashes": 19, "injury": 5, "fatal": 0, "pedestrian": 1, "density": 1.1}, "geometry": {"type": "Point", "coordinates": [-70.92993, 42.21236]}}, {"type": "Feature", "properties": {"crashes": 19, "injury": 4, "fatal": 0, "pedestrian": 1, "density": 1.1}, "geometry": {"type": "Point", "coordinates": [-70.95995, 42.2244]}}, {"type": "Feature", "properties": {"crashes": 19, "injury": 8, "fatal": 0, "pedestrian": 0, "density": 1.1}, "geometry": {"type": "Point", "coordinates": [-70.88567, 42.22029]}}, {"type": "Feature", "properties": {"crashes": 19, "injury": 5, "fatal": 0, "pedestrian": 0, "density": 1.1}, "geometry": {"type": "Point", "coordinates": [-70.9086, 42.2494]}}, {"type": "Feature", "properties": {"crashes": 19, "injury": 8, "fatal": 0, "pedestrian": 0, "density": 1.1}, "geometry": {"type": "Point", "coordinates": [-71.02981, 42.18801]}}, {"type": "Feature", "properties": {"crashes": 19, "injury": 8, "fatal": 0, "pedestrian": 1, "density": 1.1}, "geometry": {"type": "Point", "coordinates": [-71.02326, 42.11204]}}, {"type": "Feature", "properties": {"crashes": 19, "injury": 4, "fatal": 0, "pedestrian": 0, "density": 1.1}, "geometry": {"type": "Point", "coordinates": [-70.93773, 42.1074]}}, {"type": "Feature", "properties": {"crashes": 19, "injury": 4, "fatal": 0, "pedestrian": 0, "density": 1.1}, "geometry": {"type": "Point", "coordinates": [-70.9218, 42.19418]}}, {"type": "Feature", "properties": {"crashes": 19, "injury": 3, "fatal": 0, "pedestrian": 0, "density": 1.1}, "geometry": {"type": "Point", "coordinates": [-70.96445, 42.17844]}}, {"type": "Feature", "properties": {"crashes": 19, "injury": 7, "fatal": 0, "pedestrian": 0, "density": 1.1}, "geometry": {"type": "Point", "coordinates": [-70.93671, 42.1184]}}, {"type": "Feature", "properties": {"crashes": 19, "injury": 4, "fatal": 0, "pedestrian": 1, "density": 1.1}, "geometry": {"type": "Point", "coordinates": [-70.99992, 42.20288]}}, {"type": "Feature", "properties": {"crashes": 19, "injury": 13, "fatal": 0, "pedestrian": 0, "density": 1.1}, "geometry": {"type": "Point", "coordinates": [-70.90445, 42.13228]}}, {"type": "Feature", "properties": {"crashes": 19, "injury": 4, "fatal": 0, "pedestrian": 0, "density": 1.1}, "geometry": {"type": "Point", "coordinates": [-71.02036, 42.24841]}}, {"type": "Feature", "properties": {"crashes": 19, "injury": 4, "fatal": 0, "pedestrian": 0, "density": 1.1}, "geometry": {"type": "Point", "coordinates": [-70.95921, 42.10078]}}, {"type": "Feature", "properties": {"crashes": 19, "injury": 5, "fatal": 0, "pedestrian": 0, "density": 1.1}, "geometry": {"type": "Point", "coordinates": [-71.01186, 42.23238]}}, {"type": "Feature", "properties": {"crashes": 18, "injury": 7, "fatal": 0, "pedestrian": 0, "density": 1.1}, "geometry": {"type": "Point", "coordinates": [-70.86972, 42.16531]}}, {"type": "Feature", "properties": {"crashes": 18, "injury": 3, "fatal": 1, "pedestrian": 0, "density": 1.1}, "geometry": {"type": "Point", "coordinates": [-71.02923, 42.14969]}}, {"type": "Feature", "properties": {"crashes": 18, "injury": 6, "fatal": 0, "pedestrian": 2, "density": 1.1}, "geometry": {"type": "Point", "coordinates": [-71.01227, 42.2418]}}, {"type": "Feature", "properties": {"crashes": 18, "injury": 9, "fatal": 0, "pedestrian": 0, "density": 1.1}, "geometry": {"type": "Point", "coordinates": [-70.94453, 42.2382]}}, {"type": "Feature", "properties": {"crashes": 18, "injury": 7, "fatal": 0, "pedestrian": 3, "density": 1.1}, "geometry": {"type": "Point", "coordinates": [-71.03188, 42.17746]}}, {"type": "Feature", "properties": {"crashes": 18, "injury": 4, "fatal": 0, "pedestrian": 2, "density": 1.1}, "geometry": {"type": "Point", "coordinates": [-70.98026, 42.24992]}}, {"type": "Feature", "properties": {"crashes": 18, "injury": 6, "fatal": 0, "pedestrian": 0, "density": 1.1}, "geometry": {"type": "Point", "coordinates": [-71.04802, 42.26819]}}, {"type": "Feature", "properties": {"crashes": 18, "injury": 9, "fatal": 0, "pedestrian": 0, "density": 1.1}, "geometry": {"type": "Point", "coordinates": [-71.00194, 42.12613]}}, {"type": "Feature", "properties": {"crashes": 18, "injury": 7, "fatal": 0, "pedestrian": 2, "density": 1.1}, "geometry": {"type": "Point", "coordinates": [-70.85335, 42.26839]}}, {"type": "Feature", "properties": {"crashes": 18, "injury": 9, "fatal": 0, "pedestrian": 0, "density": 1.1}, "geometry": {"type": "Point", "coordinates": [-71.04481, 42.29357]}}, {"type": "Feature", "properties": {"crashes": 18, "injury": 8, "fatal": 0, "pedestrian": 0, "density": 1.1}, "geometry": {"type": "Point", "coordinates": [-70.94883, 42.11757]}}, {"type": "Feature", "properties": {"crashes": 18, "injury": 6, "fatal": 0, "pedestrian": 0, "density": 1.1}, "geometry": {"type": "Point", "coordinates": [-70.96856, 42.11786]}}, {"type": "Feature", "properties": {"crashes": 18, "injury": 5, "fatal": 0, "pedestrian": 2, "density": 1.1}, "geometry": {"type": "Point", "coordinates": [-71.0205, 42.2855]}}, {"type": "Feature", "properties": {"crashes": 18, "injury": 6, "fatal": 0, "pedestrian": 0, "density": 1.1}, "geometry": {"type": "Point", "coordinates": [-71.01805, 42.13964]}}, {"type": "Feature", "properties": {"crashes": 18, "injury": 8, "fatal": 0, "pedestrian": 0, "density": 1.1}, "geometry": {"type": "Point", "coordinates": [-70.98552, 42.18888]}}, {"type": "Feature", "properties": {"crashes": 18, "injury": 8, "fatal": 0, "pedestrian": 1, "density": 1.1}, "geometry": {"type": "Point", "coordinates": [-71.01258, 42.18215]}}, {"type": "Feature", "properties": {"crashes": 18, "injury": 4, "fatal": 0, "pedestrian": 1, "density": 1.1}, "geometry": {"type": "Point", "coordinates": [-71.01622, 42.13001]}}, {"type": "Feature", "properties": {"crashes": 18, "injury": 6, "fatal": 0, "pedestrian": 0, "density": 1.1}, "geometry": {"type": "Point", "coordinates": [-71.02159, 42.25563]}}, {"type": "Feature", "properties": {"crashes": 18, "injury": 3, "fatal": 0, "pedestrian": 0, "density": 1.1}, "geometry": {"type": "Point", "coordinates": [-71.03633, 42.14769]}}, {"type": "Feature", "properties": {"crashes": 18, "injury": 9, "fatal": 0, "pedestrian": 0, "density": 1.1}, "geometry": {"type": "Point", "coordinates": [-70.85815, 42.2524]}}, {"type": "Feature", "properties": {"crashes": 18, "injury": 5, "fatal": 0, "pedestrian": 0, "density": 1.1}, "geometry": {"type": "Point", "coordinates": [-70.97044, 42.18816]}}, {"type": "Feature", "properties": {"crashes": 18, "injury": 7, "fatal": 0, "pedestrian": 1, "density": 1.1}, "geometry": {"type": "Point", "coordinates": [-70.91816, 42.11803]}}, {"type": "Feature", "properties": {"crashes": 18, "injury": 1, "fatal": 0, "pedestrian": 0, "density": 1.1}, "geometry": {"type": "Point", "coordinates": [-70.85232, 42.26789]}}, {"type": "Feature", "properties": {"crashes": 18, "injury": 3, "fatal": 0, "pedestrian": 0, "density": 1.1}, "geometry": {"type": "Point", "coordinates": [-70.93994, 42.24213]}}, {"type": "Feature", "properties": {"crashes": 18, "injury": 5, "fatal": 0, "pedestrian": 0, "density": 1.1}, "geometry": {"type": "Point", "coordinates": [-70.85552, 42.10217]}}, {"type": "Feature", "properties": {"crashes": 18, "injury": 3, "fatal": 0, "pedestrian": 0, "density": 1.1}, "geometry": {"type": "Point", "coordinates": [-70.89017, 42.21581]}}, {"type": "Feature", "properties": {"crashes": 18, "injury": 5, "fatal": 0, "pedestrian": 0, "density": 1.1}, "geometry": {"type": "Point", "coordinates": [-71.03665, 42.24746]}}, {"type": "Feature", "properties": {"crashes": 18, "injury": 0, "fatal": 0, "pedestrian": 0, "density": 1.1}, "geometry": {"type": "Point", "coordinates": [-71.0055, 42.25031]}}, {"type": "Feature", "properties": {"crashes": 18, "injury": 3, "fatal": 0, "pedestrian": 0, "density": 1.1}, "geometry": {"type": "Point", "coordinates": [-71.03593, 42.15927]}}, {"type": "Feature", "properties": {"crashes": 18, "injury": 3, "fatal": 0, "pedestrian": 0, "density": 1.1}, "geometry": {"type": "Point", "coordinates": [-70.96171, 42.22234]}}, {"type": "Feature", "properties": {"crashes": 18, "injury": 6, "fatal": 0, "pedestrian": 0, "density": 1.1}, "geometry": {"type": "Point", "coordinates": [-70.90445, 42.15392]}}, {"type": "Feature", "properties": {"crashes": 18, "injury": 8, "fatal": 1, "pedestrian": 0, "density": 1.1}, "geometry": {"type": "Point", "coordinates": [-70.9864, 42.22822]}}, {"type": "Feature", "properties": {"crashes": 18, "injury": 7, "fatal": 0, "pedestrian": 0, "density": 1.1}, "geometry": {"type": "Point", "coordinates": [-70.98205, 42.1882]}}, {"type": "Feature", "properties": {"crashes": 18, "injury": 10, "fatal": 0, "pedestrian": 0, "density": 1.1}, "geometry": {"type": "Point", "coordinates": [-70.99679, 42.19541]}}, {"type": "Feature", "properties": {"crashes": 18, "injury": 1, "fatal": 0, "pedestrian": 0, "density": 1.1}, "geometry": {"type": "Point", "coordinates": [-70.89139, 42.16423]}}, {"type": "Feature", "properties": {"crashes": 18, "injury": 3, "fatal": 0, "pedestrian": 0, "density": 1.1}, "geometry": {"type": "Point", "coordinates": [-71.04561, 42.26426]}}, {"type": "Feature", "properties": {"crashes": 18, "injury": 2, "fatal": 0, "pedestrian": 0, "density": 1.1}, "geometry": {"type": "Point", "coordinates": [-70.88473, 42.21552]}}, {"type": "Feature", "properties": {"crashes": 18, "injury": 10, "fatal": 0, "pedestrian": 0, "density": 1.1}, "geometry": {"type": "Point", "coordinates": [-70.9619, 42.10264]}}, {"type": "Feature", "properties": {"crashes": 18, "injury": 8, "fatal": 0, "pedestrian": 0, "density": 1.1}, "geometry": {"type": "Point", "coordinates": [-71.03204, 42.26338]}}, {"type": "Feature", "properties": {"crashes": 18, "injury": 9, "fatal": 0, "pedestrian": 0, "density": 1.1}, "geometry": {"type": "Point", "coordinates": [-71.03935, 42.13007]}}, {"type": "Feature", "properties": {"crashes": 18, "injury": 5, "fatal": 0, "pedestrian": 0, "density": 1.1}, "geometry": {"type": "Point", "coordinates": [-71.01416, 42.10999]}}, {"type": "Feature", "properties": {"crashes": 18, "injury": 5, "fatal": 0, "pedestrian": 0, "density": 1.1}, "geometry": {"type": "Point", "coordinates": [-71.00384, 42.12168]}}, {"type": "Feature", "properties": {"crashes": 18, "injury": 9, "fatal": 0, "pedestrian": 0, "density": 1.1}, "geometry": {"type": "Point", "coordinates": [-71.02165, 42.21435]}}, {"type": "Feature", "properties": {"crashes": 18, "injury": 7, "fatal": 0, "pedestrian": 0, "density": 1.1}, "geometry": {"type": "Point", "coordinates": [-71.02474, 42.21778]}}, {"type": "Feature", "properties": {"crashes": 18, "injury": 6, "fatal": 0, "pedestrian": 0, "density": 1.1}, "geometry": {"type": "Point", "coordinates": [-70.83582, 42.24451]}}, {"type": "Feature", "properties": {"crashes": 17, "injury": 3, "fatal": 1, "pedestrian": 1, "density": 1.0}, "geometry": {"type": "Point", "coordinates": [-71.01952, 42.1551]}}, {"type": "Feature", "properties": {"crashes": 17, "injury": 5, "fatal": 0, "pedestrian": 0, "density": 1.0}, "geometry": {"type": "Point", "coordinates": [-70.88461, 42.13387]}}, {"type": "Feature", "properties": {"crashes": 17, "injury": 2, "fatal": 0, "pedestrian": 0, "density": 1.0}, "geometry": {"type": "Point", "coordinates": [-71.00624, 42.26005]}}, {"type": "Feature", "properties": {"crashes": 17, "injury": 3, "fatal": 0, "pedestrian": 0, "density": 1.0}, "geometry": {"type": "Point", "coordinates": [-70.98377, 42.2503]}}, {"type": "Feature", "properties": {"crashes": 17, "injury": 5, "fatal": 0, "pedestrian": 0, "density": 1.0}, "geometry": {"type": "Point", "coordinates": [-70.9654, 42.22345]}}, {"type": "Feature", "properties": {"crashes": 17, "injury": 4, "fatal": 0, "pedestrian": 1, "density": 1.0}, "geometry": {"type": "Point", "coordinates": [-71.03557, 42.17541]}}, {"type": "Feature", "properties": {"crashes": 17, "injury": 5, "fatal": 0, "pedestrian": 0, "density": 1.0}, "geometry": {"type": "Point", "coordinates": [-70.97062, 42.17827]}}, {"type": "Feature", "properties": {"crashes": 17, "injury": 6, "fatal": 0, "pedestrian": 0, "density": 1.0}, "geometry": {"type": "Point", "coordinates": [-70.86583, 42.16314]}}, {"type": "Feature", "properties": {"crashes": 17, "injury": 5, "fatal": 0, "pedestrian": 0, "density": 1.0}, "geometry": {"type": "Point", "coordinates": [-70.90177, 42.16925]}}, {"type": "Feature", "properties": {"crashes": 17, "injury": 1, "fatal": 0, "pedestrian": 1, "density": 1.0}, "geometry": {"type": "Point", "coordinates": [-70.87651, 42.2874]}}, {"type": "Feature", "properties": {"crashes": 17, "injury": 8, "fatal": 0, "pedestrian": 0, "density": 1.0}, "geometry": {"type": "Point", "coordinates": [-70.99694, 42.2152]}}, {"type": "Feature", "properties": {"crashes": 17, "injury": 5, "fatal": 1, "pedestrian": 0, "density": 1.0}, "geometry": {"type": "Point", "coordinates": [-70.9624, 42.10959]}}, {"type": "Feature", "properties": {"crashes": 17, "injury": 4, "fatal": 0, "pedestrian": 1, "density": 1.0}, "geometry": {"type": "Point", "coordinates": [-71.01437, 42.25018]}}, {"type": "Feature", "properties": {"crashes": 17, "injury": 4, "fatal": 0, "pedestrian": 0, "density": 1.0}, "geometry": {"type": "Point", "coordinates": [-70.87164, 42.21368]}}, {"type": "Feature", "properties": {"crashes": 17, "injury": 9, "fatal": 0, "pedestrian": 0, "density": 1.0}, "geometry": {"type": "Point", "coordinates": [-71.0356, 42.16977]}}, {"type": "Feature", "properties": {"crashes": 17, "injury": 3, "fatal": 0, "pedestrian": 0, "density": 1.0}, "geometry": {"type": "Point", "coordinates": [-70.9556, 42.12954]}}, {"type": "Feature", "properties": {"crashes": 17, "injury": 4, "fatal": 0, "pedestrian": 0, "density": 1.0}, "geometry": {"type": "Point", "coordinates": [-71.02619, 42.28417]}}, {"type": "Feature", "properties": {"crashes": 17, "injury": 10, "fatal": 0, "pedestrian": 0, "density": 1.0}, "geometry": {"type": "Point", "coordinates": [-71.03318, 42.18258]}}, {"type": "Feature", "properties": {"crashes": 17, "injury": 1, "fatal": 0, "pedestrian": 0, "density": 1.0}, "geometry": {"type": "Point", "coordinates": [-71.02387, 42.26809]}}, {"type": "Feature", "properties": {"crashes": 17, "injury": 4, "fatal": 0, "pedestrian": 0, "density": 1.0}, "geometry": {"type": "Point", "coordinates": [-70.91977, 42.2496]}}, {"type": "Feature", "properties": {"crashes": 17, "injury": 5, "fatal": 0, "pedestrian": 0, "density": 1.0}, "geometry": {"type": "Point", "coordinates": [-70.9897, 42.22742]}}, {"type": "Feature", "properties": {"crashes": 17, "injury": 5, "fatal": 0, "pedestrian": 1, "density": 1.0}, "geometry": {"type": "Point", "coordinates": [-71.01218, 42.20055]}}, {"type": "Feature", "properties": {"crashes": 17, "injury": 5, "fatal": 0, "pedestrian": 0, "density": 1.0}, "geometry": {"type": "Point", "coordinates": [-70.96611, 42.18755]}}, {"type": "Feature", "properties": {"crashes": 17, "injury": 6, "fatal": 0, "pedestrian": 0, "density": 1.0}, "geometry": {"type": "Point", "coordinates": [-70.95777, 42.21731]}}, {"type": "Feature", "properties": {"crashes": 17, "injury": 7, "fatal": 0, "pedestrian": 0, "density": 1.0}, "geometry": {"type": "Point", "coordinates": [-70.85202, 42.1561]}}, {"type": "Feature", "properties": {"crashes": 17, "injury": 5, "fatal": 0, "pedestrian": 2, "density": 1.0}, "geometry": {"type": "Point", "coordinates": [-71.03461, 42.12348]}}, {"type": "Feature", "properties": {"crashes": 17, "injury": 2, "fatal": 0, "pedestrian": 0, "density": 1.0}, "geometry": {"type": "Point", "coordinates": [-71.02812, 42.26791]}}, {"type": "Feature", "properties": {"crashes": 17, "injury": 4, "fatal": 0, "pedestrian": 0, "density": 1.0}, "geometry": {"type": "Point", "coordinates": [-71.04614, 42.25875]}}, {"type": "Feature", "properties": {"crashes": 17, "injury": 1, "fatal": 0, "pedestrian": 0, "density": 1.0}, "geometry": {"type": "Point", "coordinates": [-70.95222, 42.24018]}}, {"type": "Feature", "properties": {"crashes": 17, "injury": 7, "fatal": 0, "pedestrian": 0, "density": 1.0}, "geometry": {"type": "Point", "coordinates": [-70.92464, 42.20413]}}, {"type": "Feature", "properties": {"crashes": 17, "injury": 6, "fatal": 0, "pedestrian": 0, "density": 1.0}, "geometry": {"type": "Point", "coordinates": [-70.90167, 42.24068]}}, {"type": "Feature", "properties": {"crashes": 17, "injury": 8, "fatal": 0, "pedestrian": 0, "density": 1.0}, "geometry": {"type": "Point", "coordinates": [-70.95181, 42.14779]}}, {"type": "Feature", "properties": {"crashes": 17, "injury": 7, "fatal": 0, "pedestrian": 0, "density": 1.0}, "geometry": {"type": "Point", "coordinates": [-71.03414, 42.14927]}}, {"type": "Feature", "properties": {"crashes": 17, "injury": 5, "fatal": 0, "pedestrian": 0, "density": 1.0}, "geometry": {"type": "Point", "coordinates": [-70.98796, 42.21233]}}, {"type": "Feature", "properties": {"crashes": 17, "injury": 5, "fatal": 0, "pedestrian": 0, "density": 1.0}, "geometry": {"type": "Point", "coordinates": [-70.90629, 42.15594]}}, {"type": "Feature", "properties": {"crashes": 17, "injury": 1, "fatal": 0, "pedestrian": 1, "density": 1.0}, "geometry": {"type": "Point", "coordinates": [-70.88198, 42.29186]}}, {"type": "Feature", "properties": {"crashes": 17, "injury": 6, "fatal": 0, "pedestrian": 0, "density": 1.0}, "geometry": {"type": "Point", "coordinates": [-70.8401, 42.14214]}}, {"type": "Feature", "properties": {"crashes": 17, "injury": 5, "fatal": 0, "pedestrian": 0, "density": 1.0}, "geometry": {"type": "Point", "coordinates": [-70.89771, 42.16455]}}, {"type": "Feature", "properties": {"crashes": 17, "injury": 6, "fatal": 0, "pedestrian": 0, "density": 1.0}, "geometry": {"type": "Point", "coordinates": [-70.97596, 42.16648]}}, {"type": "Feature", "properties": {"crashes": 17, "injury": 8, "fatal": 0, "pedestrian": 0, "density": 1.0}, "geometry": {"type": "Point", "coordinates": [-71.02407, 42.19856]}}, {"type": "Feature", "properties": {"crashes": 17, "injury": 3, "fatal": 0, "pedestrian": 0, "density": 1.0}, "geometry": {"type": "Point", "coordinates": [-70.86412, 42.27228]}}, {"type": "Feature", "properties": {"crashes": 17, "injury": 5, "fatal": 0, "pedestrian": 0, "density": 1.0}, "geometry": {"type": "Point", "coordinates": [-70.99952, 42.17587]}}, {"type": "Feature", "properties": {"crashes": 17, "injury": 2, "fatal": 0, "pedestrian": 0, "density": 1.0}, "geometry": {"type": "Point", "coordinates": [-70.90185, 42.18049]}}, {"type": "Feature", "properties": {"crashes": 17, "injury": 6, "fatal": 0, "pedestrian": 3, "density": 1.0}, "geometry": {"type": "Point", "coordinates": [-70.982, 42.20615]}}, {"type": "Feature", "properties": {"crashes": 17, "injury": 4, "fatal": 0, "pedestrian": 0, "density": 1.0}, "geometry": {"type": "Point", "coordinates": [-70.8204, 42.11435]}}, {"type": "Feature", "properties": {"crashes": 17, "injury": 7, "fatal": 0, "pedestrian": 0, "density": 1.0}, "geometry": {"type": "Point", "coordinates": [-71.02576, 42.21854]}}, {"type": "Feature", "properties": {"crashes": 16, "injury": 6, "fatal": 0, "pedestrian": 0, "density": 0.9}, "geometry": {"type": "Point", "coordinates": [-70.82139, 42.11619]}}, {"type": "Feature", "properties": {"crashes": 16, "injury": 6, "fatal": 0, "pedestrian": 0, "density": 0.9}, "geometry": {"type": "Point", "coordinates": [-71.04552, 42.28169]}}, {"type": "Feature", "properties": {"crashes": 16, "injury": 7, "fatal": 0, "pedestrian": 0, "density": 0.9}, "geometry": {"type": "Point", "coordinates": [-70.84191, 42.11669]}}, {"type": "Feature", "properties": {"crashes": 16, "injury": 0, "fatal": 0, "pedestrian": 0, "density": 0.9}, "geometry": {"type": "Point", "coordinates": [-71.01822, 42.27814]}}, {"type": "Feature", "properties": {"crashes": 16, "injury": 2, "fatal": 0, "pedestrian": 0, "density": 0.9}, "geometry": {"type": "Point", "coordinates": [-70.94967, 42.22008]}}, {"type": "Feature", "properties": {"crashes": 16, "injury": 4, "fatal": 0, "pedestrian": 0, "density": 0.9}, "geometry": {"type": "Point", "coordinates": [-70.9301, 42.17932]}}, {"type": "Feature", "properties": {"crashes": 16, "injury": 4, "fatal": 0, "pedestrian": 0, "density": 0.9}, "geometry": {"type": "Point", "coordinates": [-70.9417, 42.1776]}}, {"type": "Feature", "properties": {"crashes": 16, "injury": 0, "fatal": 0, "pedestrian": 0, "density": 0.9}, "geometry": {"type": "Point", "coordinates": [-71.02982, 42.27059]}}, {"type": "Feature", "properties": {"crashes": 16, "injury": 3, "fatal": 0, "pedestrian": 0, "density": 0.9}, "geometry": {"type": "Point", "coordinates": [-70.91956, 42.21919]}}, {"type": "Feature", "properties": {"crashes": 16, "injury": 1, "fatal": 0, "pedestrian": 0, "density": 0.9}, "geometry": {"type": "Point", "coordinates": [-70.99593, 42.26415]}}, {"type": "Feature", "properties": {"crashes": 16, "injury": 2, "fatal": 0, "pedestrian": 0, "density": 0.9}, "geometry": {"type": "Point", "coordinates": [-70.88363, 42.21164]}}, {"type": "Feature", "properties": {"crashes": 16, "injury": 2, "fatal": 0, "pedestrian": 0, "density": 0.9}, "geometry": {"type": "Point", "coordinates": [-70.83013, 42.24389]}}, {"type": "Feature", "properties": {"crashes": 16, "injury": 2, "fatal": 0, "pedestrian": 2, "density": 0.9}, "geometry": {"type": "Point", "coordinates": [-70.92176, 42.19852]}}, {"type": "Feature", "properties": {"crashes": 16, "injury": 6, "fatal": 0, "pedestrian": 0, "density": 0.9}, "geometry": {"type": "Point", "coordinates": [-70.83199, 42.24157]}}, {"type": "Feature", "properties": {"crashes": 16, "injury": 4, "fatal": 0, "pedestrian": 1, "density": 0.9}, "geometry": {"type": "Point", "coordinates": [-71.04826, 42.11461]}}, {"type": "Feature", "properties": {"crashes": 16, "injury": 6, "fatal": 0, "pedestrian": 0, "density": 0.9}, "geometry": {"type": "Point", "coordinates": [-71.02476, 42.15996]}}, {"type": "Feature", "properties": {"crashes": 16, "injury": 3, "fatal": 0, "pedestrian": 0, "density": 0.9}, "geometry": {"type": "Point", "coordinates": [-70.85167, 42.24458]}}, {"type": "Feature", "properties": {"crashes": 16, "injury": 8, "fatal": 0, "pedestrian": 0, "density": 0.9}, "geometry": {"type": "Point", "coordinates": [-71.02226, 42.15518]}}, {"type": "Feature", "properties": {"crashes": 16, "injury": 6, "fatal": 0, "pedestrian": 1, "density": 0.9}, "geometry": {"type": "Point", "coordinates": [-70.95427, 42.2658]}}, {"type": "Feature", "properties": {"crashes": 16, "injury": 3, "fatal": 0, "pedestrian": 0, "density": 0.9}, "geometry": {"type": "Point", "coordinates": [-71.03957, 42.24772]}}, {"type": "Feature", "properties": {"crashes": 16, "injury": 9, "fatal": 1, "pedestrian": 0, "density": 0.9}, "geometry": {"type": "Point", "coordinates": [-70.87805, 42.28978]}}, {"type": "Feature", "properties": {"crashes": 16, "injury": 8, "fatal": 0, "pedestrian": 0, "density": 0.9}, "geometry": {"type": "Point", "coordinates": [-71.04402, 42.29171]}}, {"type": "Feature", "properties": {"crashes": 16, "injury": 2, "fatal": 0, "pedestrian": 0, "density": 0.9}, "geometry": {"type": "Point", "coordinates": [-70.9377, 42.12785]}}, {"type": "Feature", "properties": {"crashes": 16, "injury": 2, "fatal": 0, "pedestrian": 0, "density": 0.9}, "geometry": {"type": "Point", "coordinates": [-71.03576, 42.26953]}}, {"type": "Feature", "properties": {"crashes": 16, "injury": 5, "fatal": 0, "pedestrian": 0, "density": 0.9}, "geometry": {"type": "Point", "coordinates": [-70.93209, 42.17838]}}, {"type": "Feature", "properties": {"crashes": 16, "injury": 2, "fatal": 0, "pedestrian": 0, "density": 0.9}, "geometry": {"type": "Point", "coordinates": [-70.96229, 42.12991]}}, {"type": "Feature", "properties": {"crashes": 16, "injury": 6, "fatal": 0, "pedestrian": 0, "density": 0.9}, "geometry": {"type": "Point", "coordinates": [-70.9481, 42.1925]}}, {"type": "Feature", "properties": {"crashes": 16, "injury": 6, "fatal": 0, "pedestrian": 0, "density": 0.9}, "geometry": {"type": "Point", "coordinates": [-70.91466, 42.17781]}}, {"type": "Feature", "properties": {"crashes": 16, "injury": 8, "fatal": 0, "pedestrian": 1, "density": 0.9}, "geometry": {"type": "Point", "coordinates": [-71.02951, 42.17983]}}, {"type": "Feature", "properties": {"crashes": 16, "injury": 5, "fatal": 0, "pedestrian": 0, "density": 0.9}, "geometry": {"type": "Point", "coordinates": [-70.99154, 42.20244]}}, {"type": "Feature", "properties": {"crashes": 16, "injury": 1, "fatal": 0, "pedestrian": 0, "density": 0.9}, "geometry": {"type": "Point", "coordinates": [-70.89935, 42.17229]}}, {"type": "Feature", "properties": {"crashes": 16, "injury": 0, "fatal": 0, "pedestrian": 0, "density": 0.9}, "geometry": {"type": "Point", "coordinates": [-70.95953, 42.19378]}}, {"type": "Feature", "properties": {"crashes": 16, "injury": 6, "fatal": 0, "pedestrian": 2, "density": 0.9}, "geometry": {"type": "Point", "coordinates": [-70.96623, 42.25177]}}, {"type": "Feature", "properties": {"crashes": 16, "injury": 0, "fatal": 0, "pedestrian": 0, "density": 0.9}, "geometry": {"type": "Point", "coordinates": [-71.02777, 42.28361]}}, {"type": "Feature", "properties": {"crashes": 16, "injury": 0, "fatal": 0, "pedestrian": 0, "density": 0.9}, "geometry": {"type": "Point", "coordinates": [-71.04012, 42.25925]}}, {"type": "Feature", "properties": {"crashes": 16, "injury": 2, "fatal": 0, "pedestrian": 0, "density": 0.9}, "geometry": {"type": "Point", "coordinates": [-71.00986, 42.24996]}}, {"type": "Feature", "properties": {"crashes": 16, "injury": 2, "fatal": 0, "pedestrian": 0, "density": 0.9}, "geometry": {"type": "Point", "coordinates": [-70.8928, 42.23431]}}, {"type": "Feature", "properties": {"crashes": 16, "injury": 4, "fatal": 0, "pedestrian": 0, "density": 0.9}, "geometry": {"type": "Point", "coordinates": [-70.94854, 42.23572]}}, {"type": "Feature", "properties": {"crashes": 16, "injury": 4, "fatal": 0, "pedestrian": 0, "density": 0.9}, "geometry": {"type": "Point", "coordinates": [-70.95955, 42.16586]}}, {"type": "Feature", "properties": {"crashes": 16, "injury": 6, "fatal": 0, "pedestrian": 0, "density": 0.9}, "geometry": {"type": "Point", "coordinates": [-70.86779, 42.16425]}}, {"type": "Feature", "properties": {"crashes": 16, "injury": 5, "fatal": 0, "pedestrian": 0, "density": 0.9}, "geometry": {"type": "Point", "coordinates": [-70.95609, 42.26794]}}, {"type": "Feature", "properties": {"crashes": 16, "injury": 5, "fatal": 0, "pedestrian": 0, "density": 0.9}, "geometry": {"type": "Point", "coordinates": [-70.83051, 42.17812]}}, {"type": "Feature", "properties": {"crashes": 16, "injury": 3, "fatal": 0, "pedestrian": 0, "density": 0.9}, "geometry": {"type": "Point", "coordinates": [-71.0216, 42.2928]}}, {"type": "Feature", "properties": {"crashes": 16, "injury": 2, "fatal": 0, "pedestrian": 0, "density": 0.9}, "geometry": {"type": "Point", "coordinates": [-70.9879, 42.24759]}}, {"type": "Feature", "properties": {"crashes": 16, "injury": 4, "fatal": 0, "pedestrian": 1, "density": 0.9}, "geometry": {"type": "Point", "coordinates": [-70.8908, 42.24956]}}, {"type": "Feature", "properties": {"crashes": 16, "injury": 8, "fatal": 1, "pedestrian": 0, "density": 0.9}, "geometry": {"type": "Point", "coordinates": [-70.85394, 42.15535]}}, {"type": "Feature", "properties": {"crashes": 16, "injury": 4, "fatal": 0, "pedestrian": 0, "density": 0.9}, "geometry": {"type": "Point", "coordinates": [-70.88158, 42.12208]}}, {"type": "Feature", "properties": {"crashes": 16, "injury": 4, "fatal": 0, "pedestrian": 1, "density": 0.9}, "geometry": {"type": "Point", "coordinates": [-70.96641, 42.11422]}}, {"type": "Feature", "properties": {"crashes": 16, "injury": 6, "fatal": 0, "pedestrian": 0, "density": 0.9}, "geometry": {"type": "Point", "coordinates": [-70.92624, 42.13076]}}, {"type": "Feature", "properties": {"crashes": 16, "injury": 6, "fatal": 0, "pedestrian": 0, "density": 0.9}, "geometry": {"type": "Point", "coordinates": [-71.01016, 42.22784]}}, {"type": "Feature", "properties": {"crashes": 16, "injury": 1, "fatal": 0, "pedestrian": 0, "density": 0.9}, "geometry": {"type": "Point", "coordinates": [-70.97059, 42.14019]}}, {"type": "Feature", "properties": {"crashes": 16, "injury": 5, "fatal": 0, "pedestrian": 0, "density": 0.9}, "geometry": {"type": "Point", "coordinates": [-70.95762, 42.16971]}}, {"type": "Feature", "properties": {"crashes": 16, "injury": 6, "fatal": 0, "pedestrian": 2, "density": 0.9}, "geometry": {"type": "Point", "coordinates": [-70.98359, 42.21775]}}, {"type": "Feature", "properties": {"crashes": 16, "injury": 9, "fatal": 0, "pedestrian": 0, "density": 0.9}, "geometry": {"type": "Point", "coordinates": [-70.98366, 42.22256]}}, {"type": "Feature", "properties": {"crashes": 16, "injury": 5, "fatal": 0, "pedestrian": 0, "density": 0.9}, "geometry": {"type": "Point", "coordinates": [-71.04756, 42.27951]}}, {"type": "Feature", "properties": {"crashes": 16, "injury": 2, "fatal": 0, "pedestrian": 0, "density": 0.9}, "geometry": {"type": "Point", "coordinates": [-70.97389, 42.16729]}}, {"type": "Feature", "properties": {"crashes": 16, "injury": 3, "fatal": 0, "pedestrian": 0, "density": 0.9}, "geometry": {"type": "Point", "coordinates": [-70.95228, 42.18805]}}, {"type": "Feature", "properties": {"crashes": 16, "injury": 10, "fatal": 0, "pedestrian": 0, "density": 0.9}, "geometry": {"type": "Point", "coordinates": [-71.04673, 42.10172]}}, {"type": "Feature", "properties": {"crashes": 16, "injury": 5, "fatal": 0, "pedestrian": 0, "density": 0.9}, "geometry": {"type": "Point", "coordinates": [-70.94407, 42.17849]}}, {"type": "Feature", "properties": {"crashes": 16, "injury": 7, "fatal": 0, "pedestrian": 0, "density": 0.9}, "geometry": {"type": "Point", "coordinates": [-71.04228, 42.14655]}}, {"type": "Feature", "properties": {"crashes": 16, "injury": 5, "fatal": 0, "pedestrian": 2, "density": 0.9}, "geometry": {"type": "Point", "coordinates": [-71.02668, 42.27802]}}, {"type": "Feature", "properties": {"crashes": 16, "injury": 7, "fatal": 1, "pedestrian": 1, "density": 0.9}, "geometry": {"type": "Point", "coordinates": [-70.85949, 42.26331]}}, {"type": "Feature", "properties": {"crashes": 16, "injury": 0, "fatal": 0, "pedestrian": 0, "density": 0.9}, "geometry": {"type": "Point", "coordinates": [-71.01183, 42.26766]}}, {"type": "Feature", "properties": {"crashes": 16, "injury": 6, "fatal": 0, "pedestrian": 1, "density": 0.9}, "geometry": {"type": "Point", "coordinates": [-70.97655, 42.23366]}}, {"type": "Feature", "properties": {"crashes": 16, "injury": 2, "fatal": 0, "pedestrian": 0, "density": 0.9}, "geometry": {"type": "Point", "coordinates": [-70.89586, 42.16614]}}, {"type": "Feature", "properties": {"crashes": 16, "injury": 4, "fatal": 0, "pedestrian": 1, "density": 0.9}, "geometry": {"type": "Point", "coordinates": [-70.93929, 42.11509]}}, {"type": "Feature", "properties": {"crashes": 16, "injury": 6, "fatal": 0, "pedestrian": 1, "density": 0.9}, "geometry": {"type": "Point", "coordinates": [-70.99748, 42.21121]}}, {"type": "Feature", "properties": {"crashes": 16, "injury": 8, "fatal": 0, "pedestrian": 1, "density": 0.9}, "geometry": {"type": "Point", "coordinates": [-70.97143, 42.22065]}}, {"type": "Feature", "properties": {"crashes": 16, "injury": 6, "fatal": 0, "pedestrian": 0, "density": 0.9}, "geometry": {"type": "Point", "coordinates": [-71.00393, 42.1303]}}, {"type": "Feature", "properties": {"crashes": 15, "injury": 7, "fatal": 0, "pedestrian": 0, "density": 0.9}, "geometry": {"type": "Point", "coordinates": [-71.02168, 42.1361]}}, {"type": "Feature", "properties": {"crashes": 15, "injury": 4, "fatal": 0, "pedestrian": 1, "density": 0.9}, "geometry": {"type": "Point", "coordinates": [-71.01812, 42.29649]}}, {"type": "Feature", "properties": {"crashes": 15, "injury": 1, "fatal": 0, "pedestrian": 0, "density": 0.9}, "geometry": {"type": "Point", "coordinates": [-70.98833, 42.24429]}}, {"type": "Feature", "properties": {"crashes": 15, "injury": 5, "fatal": 0, "pedestrian": 0, "density": 0.9}, "geometry": {"type": "Point", "coordinates": [-70.97668, 42.26084]}}, {"type": "Feature", "properties": {"crashes": 15, "injury": 2, "fatal": 0, "pedestrian": 1, "density": 0.9}, "geometry": {"type": "Point", "coordinates": [-71.02445, 42.27575]}}, {"type": "Feature", "properties": {"crashes": 15, "injury": 5, "fatal": 0, "pedestrian": 0, "density": 0.9}, "geometry": {"type": "Point", "coordinates": [-70.85554, 42.15476]}}, {"type": "Feature", "properties": {"crashes": 15, "injury": 8, "fatal": 0, "pedestrian": 0, "density": 0.9}, "geometry": {"type": "Point", "coordinates": [-70.98041, 42.23739]}}, {"type": "Feature", "properties": {"crashes": 15, "injury": 1, "fatal": 0, "pedestrian": 0, "density": 0.9}, "geometry": {"type": "Point", "coordinates": [-70.87454, 42.16839]}}, {"type": "Feature", "properties": {"crashes": 15, "injury": 3, "fatal": 0, "pedestrian": 0, "density": 0.9}, "geometry": {"type": "Point", "coordinates": [-71.01663, 42.10353]}}, {"type": "Feature", "properties": {"crashes": 15, "injury": 6, "fatal": 0, "pedestrian": 0, "density": 0.9}, "geometry": {"type": "Point", "coordinates": [-70.83396, 42.24182]}}, {"type": "Feature", "properties": {"crashes": 15, "injury": 8, "fatal": 0, "pedestrian": 1, "density": 0.9}, "geometry": {"type": "Point", "coordinates": [-71.04017, 42.13981]}}, {"type": "Feature", "properties": {"crashes": 15, "injury": 1, "fatal": 0, "pedestrian": 0, "density": 0.9}, "geometry": {"type": "Point", "coordinates": [-70.96384, 42.17039]}}, {"type": "Feature", "properties": {"crashes": 15, "injury": 5, "fatal": 0, "pedestrian": 0, "density": 0.9}, "geometry": {"type": "Point", "coordinates": [-70.94433, 42.23973]}}, {"type": "Feature", "properties": {"crashes": 15, "injury": 5, "fatal": 0, "pedestrian": 1, "density": 0.9}, "geometry": {"type": "Point", "coordinates": [-70.99402, 42.15048]}}, {"type": "Feature", "properties": {"crashes": 15, "injury": 10, "fatal": 0, "pedestrian": 0, "density": 0.9}, "geometry": {"type": "Point", "coordinates": [-71.00823, 42.13212]}}, {"type": "Feature", "properties": {"crashes": 15, "injury": 5, "fatal": 0, "pedestrian": 1, "density": 0.9}, "geometry": {"type": "Point", "coordinates": [-71.02399, 42.27778]}}, {"type": "Feature", "properties": {"crashes": 15, "injury": 1, "fatal": 0, "pedestrian": 0, "density": 0.9}, "geometry": {"type": "Point", "coordinates": [-70.93886, 42.21483]}}, {"type": "Feature", "properties": {"crashes": 15, "injury": 9, "fatal": 0, "pedestrian": 0, "density": 0.9}, "geometry": {"type": "Point", "coordinates": [-70.8661, 42.15753]}}, {"type": "Feature", "properties": {"crashes": 15, "injury": 0, "fatal": 0, "pedestrian": 0, "density": 0.9}, "geometry": {"type": "Point", "coordinates": [-70.99379, 42.26422]}}, {"type": "Feature", "properties": {"crashes": 15, "injury": 4, "fatal": 0, "pedestrian": 0, "density": 0.9}, "geometry": {"type": "Point", "coordinates": [-70.94769, 42.12877]}}, {"type": "Feature", "properties": {"crashes": 15, "injury": 3, "fatal": 0, "pedestrian": 0, "density": 0.9}, "geometry": {"type": "Point", "coordinates": [-70.95807, 42.18852]}}, {"type": "Feature", "properties": {"crashes": 15, "injury": 4, "fatal": 0, "pedestrian": 0, "density": 0.9}, "geometry": {"type": "Point", "coordinates": [-70.90815, 42.23005]}}, {"type": "Feature", "properties": {"crashes": 15, "injury": 3, "fatal": 0, "pedestrian": 1, "density": 0.9}, "geometry": {"type": "Point", "coordinates": [-70.94479, 42.13223]}}, {"type": "Feature", "properties": {"crashes": 15, "injury": 5, "fatal": 0, "pedestrian": 0, "density": 0.9}, "geometry": {"type": "Point", "coordinates": [-71.01205, 42.1832]}}, {"type": "Feature", "properties": {"crashes": 15, "injury": 3, "fatal": 0, "pedestrian": 0, "density": 0.9}, "geometry": {"type": "Point", "coordinates": [-70.98378, 42.18865]}}, {"type": "Feature", "properties": {"crashes": 15, "injury": 8, "fatal": 0, "pedestrian": 0, "density": 0.9}, "geometry": {"type": "Point", "coordinates": [-70.99613, 42.20332]}}, {"type": "Feature", "properties": {"crashes": 15, "injury": 3, "fatal": 0, "pedestrian": 0, "density": 0.9}, "geometry": {"type": "Point", "coordinates": [-70.94325, 42.18992]}}, {"type": "Feature", "properties": {"crashes": 15, "injury": 7, "fatal": 0, "pedestrian": 1, "density": 0.9}, "geometry": {"type": "Point", "coordinates": [-70.99205, 42.2117]}}, {"type": "Feature", "properties": {"crashes": 15, "injury": 5, "fatal": 0, "pedestrian": 0, "density": 0.9}, "geometry": {"type": "Point", "coordinates": [-71.02169, 42.19828]}}, {"type": "Feature", "properties": {"crashes": 15, "injury": 2, "fatal": 0, "pedestrian": 0, "density": 0.9}, "geometry": {"type": "Point", "coordinates": [-70.95414, 42.17963]}}, {"type": "Feature", "properties": {"crashes": 15, "injury": 6, "fatal": 0, "pedestrian": 0, "density": 0.9}, "geometry": {"type": "Point", "coordinates": [-71.03166, 42.2377]}}, {"type": "Feature", "properties": {"crashes": 15, "injury": 2, "fatal": 0, "pedestrian": 0, "density": 0.9}, "geometry": {"type": "Point", "coordinates": [-70.91425, 42.13184]}}, {"type": "Feature", "properties": {"crashes": 15, "injury": 7, "fatal": 0, "pedestrian": 0, "density": 0.9}, "geometry": {"type": "Point", "coordinates": [-70.91571, 42.16244]}}, {"type": "Feature", "properties": {"crashes": 15, "injury": 3, "fatal": 0, "pedestrian": 0, "density": 0.9}, "geometry": {"type": "Point", "coordinates": [-70.88272, 42.19618]}}, {"type": "Feature", "properties": {"crashes": 15, "injury": 1, "fatal": 0, "pedestrian": 0, "density": 0.9}, "geometry": {"type": "Point", "coordinates": [-70.88231, 42.23805]}}, {"type": "Feature", "properties": {"crashes": 15, "injury": 7, "fatal": 0, "pedestrian": 0, "density": 0.9}, "geometry": {"type": "Point", "coordinates": [-70.90979, 42.22819]}}, {"type": "Feature", "properties": {"crashes": 15, "injury": 5, "fatal": 0, "pedestrian": 0, "density": 0.9}, "geometry": {"type": "Point", "coordinates": [-70.87256, 42.23859]}}, {"type": "Feature", "properties": {"crashes": 15, "injury": 4, "fatal": 0, "pedestrian": 0, "density": 0.9}, "geometry": {"type": "Point", "coordinates": [-71.02334, 42.23186]}}, {"type": "Feature", "properties": {"crashes": 15, "injury": 0, "fatal": 0, "pedestrian": 0, "density": 0.9}, "geometry": {"type": "Point", "coordinates": [-70.96198, 42.25443]}}, {"type": "Feature", "properties": {"crashes": 15, "injury": 5, "fatal": 0, "pedestrian": 0, "density": 0.9}, "geometry": {"type": "Point", "coordinates": [-70.91849, 42.13798]}}, {"type": "Feature", "properties": {"crashes": 15, "injury": 4, "fatal": 0, "pedestrian": 0, "density": 0.9}, "geometry": {"type": "Point", "coordinates": [-71.03184, 42.26205]}}, {"type": "Feature", "properties": {"crashes": 15, "injury": 5, "fatal": 0, "pedestrian": 0, "density": 0.9}, "geometry": {"type": "Point", "coordinates": [-70.86552, 42.1387]}}, {"type": "Feature", "properties": {"crashes": 15, "injury": 7, "fatal": 0, "pedestrian": 0, "density": 0.9}, "geometry": {"type": "Point", "coordinates": [-71.01028, 42.11401]}}, {"type": "Feature", "properties": {"crashes": 15, "injury": 3, "fatal": 0, "pedestrian": 1, "density": 0.9}, "geometry": {"type": "Point", "coordinates": [-71.01794, 42.2765]}}, {"type": "Feature", "properties": {"crashes": 15, "injury": 1, "fatal": 0, "pedestrian": 0, "density": 0.9}, "geometry": {"type": "Point", "coordinates": [-70.94953, 42.21408]}}, {"type": "Feature", "properties": {"crashes": 15, "injury": 4, "fatal": 0, "pedestrian": 0, "density": 0.9}, "geometry": {"type": "Point", "coordinates": [-71.01608, 42.10992]}}, {"type": "Feature", "properties": {"crashes": 15, "injury": 1, "fatal": 0, "pedestrian": 0, "density": 0.9}, "geometry": {"type": "Point", "coordinates": [-70.96396, 42.21344]}}, {"type": "Feature", "properties": {"crashes": 15, "injury": 5, "fatal": 0, "pedestrian": 1, "density": 0.9}, "geometry": {"type": "Point", "coordinates": [-70.99631, 42.24566]}}, {"type": "Feature", "properties": {"crashes": 15, "injury": 8, "fatal": 0, "pedestrian": 1, "density": 0.9}, "geometry": {"type": "Point", "coordinates": [-71.01848, 42.10799]}}, {"type": "Feature", "properties": {"crashes": 15, "injury": 6, "fatal": 0, "pedestrian": 0, "density": 0.9}, "geometry": {"type": "Point", "coordinates": [-70.9312, 42.1915]}}, {"type": "Feature", "properties": {"crashes": 15, "injury": 4, "fatal": 0, "pedestrian": 0, "density": 0.9}, "geometry": {"type": "Point", "coordinates": [-70.93017, 42.22581]}}, {"type": "Feature", "properties": {"crashes": 15, "injury": 3, "fatal": 0, "pedestrian": 0, "density": 0.9}, "geometry": {"type": "Point", "coordinates": [-70.84493, 42.14576]}}, {"type": "Feature", "properties": {"crashes": 15, "injury": 4, "fatal": 0, "pedestrian": 0, "density": 0.9}, "geometry": {"type": "Point", "coordinates": [-70.92824, 42.22397]}}, {"type": "Feature", "properties": {"crashes": 15, "injury": 1, "fatal": 0, "pedestrian": 0, "density": 0.9}, "geometry": {"type": "Point", "coordinates": [-70.87366, 42.23784]}}, {"type": "Feature", "properties": {"crashes": 15, "injury": 5, "fatal": 0, "pedestrian": 0, "density": 0.9}, "geometry": {"type": "Point", "coordinates": [-70.90422, 42.13576]}}, {"type": "Feature", "properties": {"crashes": 15, "injury": 2, "fatal": 0, "pedestrian": 0, "density": 0.9}, "geometry": {"type": "Point", "coordinates": [-70.94046, 42.12638]}}, {"type": "Feature", "properties": {"crashes": 15, "injury": 5, "fatal": 0, "pedestrian": 1, "density": 0.9}, "geometry": {"type": "Point", "coordinates": [-71.03731, 42.28247]}}, {"type": "Feature", "properties": {"crashes": 15, "injury": 6, "fatal": 0, "pedestrian": 0, "density": 0.9}, "geometry": {"type": "Point", "coordinates": [-70.92207, 42.1321]}}, {"type": "Feature", "properties": {"crashes": 15, "injury": 4, "fatal": 0, "pedestrian": 0, "density": 0.9}, "geometry": {"type": "Point", "coordinates": [-70.90012, 42.13741]}}, {"type": "Feature", "properties": {"crashes": 15, "injury": 6, "fatal": 0, "pedestrian": 0, "density": 0.9}, "geometry": {"type": "Point", "coordinates": [-70.90147, 42.13964]}}, {"type": "Feature", "properties": {"crashes": 15, "injury": 3, "fatal": 0, "pedestrian": 0, "density": 0.9}, "geometry": {"type": "Point", "coordinates": [-70.88018, 42.29384]}}, {"type": "Feature", "properties": {"crashes": 15, "injury": 6, "fatal": 0, "pedestrian": 3, "density": 0.9}, "geometry": {"type": "Point", "coordinates": [-71.028, 42.26586]}}, {"type": "Feature", "properties": {"crashes": 15, "injury": 4, "fatal": 1, "pedestrian": 0, "density": 0.9}, "geometry": {"type": "Point", "coordinates": [-70.94352, 42.22805]}}, {"type": "Feature", "properties": {"crashes": 15, "injury": 1, "fatal": 0, "pedestrian": 0, "density": 0.9}, "geometry": {"type": "Point", "coordinates": [-70.95579, 42.21723]}}, {"type": "Feature", "properties": {"crashes": 15, "injury": 6, "fatal": 0, "pedestrian": 1, "density": 0.9}, "geometry": {"type": "Point", "coordinates": [-71.04692, 42.15825]}}, {"type": "Feature", "properties": {"crashes": 15, "injury": 3, "fatal": 0, "pedestrian": 0, "density": 0.9}, "geometry": {"type": "Point", "coordinates": [-71.00657, 42.19179]}}, {"type": "Feature", "properties": {"crashes": 15, "injury": 3, "fatal": 0, "pedestrian": 0, "density": 0.9}, "geometry": {"type": "Point", "coordinates": [-70.958, 42.26617]}}, {"type": "Feature", "properties": {"crashes": 15, "injury": 3, "fatal": 0, "pedestrian": 1, "density": 0.9}, "geometry": {"type": "Point", "coordinates": [-71.00041, 42.25713]}}, {"type": "Feature", "properties": {"crashes": 15, "injury": 9, "fatal": 0, "pedestrian": 0, "density": 0.9}, "geometry": {"type": "Point", "coordinates": [-70.90867, 42.10208]}}, {"type": "Feature", "properties": {"crashes": 15, "injury": 4, "fatal": 0, "pedestrian": 1, "density": 0.9}, "geometry": {"type": "Point", "coordinates": [-70.99914, 42.20341]}}, {"type": "Feature", "properties": {"crashes": 15, "injury": 6, "fatal": 0, "pedestrian": 0, "density": 0.9}, "geometry": {"type": "Point", "coordinates": [-71.02174, 42.10801]}}, {"type": "Feature", "properties": {"crashes": 15, "injury": 3, "fatal": 0, "pedestrian": 0, "density": 0.9}, "geometry": {"type": "Point", "coordinates": [-70.94932, 42.12623]}}, {"type": "Feature", "properties": {"crashes": 15, "injury": 3, "fatal": 0, "pedestrian": 0, "density": 0.9}, "geometry": {"type": "Point", "coordinates": [-70.84982, 42.15738]}}, {"type": "Feature", "properties": {"crashes": 15, "injury": 7, "fatal": 0, "pedestrian": 1, "density": 0.9}, "geometry": {"type": "Point", "coordinates": [-71.02117, 42.20206]}}, {"type": "Feature", "properties": {"crashes": 15, "injury": 3, "fatal": 0, "pedestrian": 0, "density": 0.9}, "geometry": {"type": "Point", "coordinates": [-70.91979, 42.24482]}}, {"type": "Feature", "properties": {"crashes": 15, "injury": 4, "fatal": 0, "pedestrian": 0, "density": 0.9}, "geometry": {"type": "Point", "coordinates": [-71.01843, 42.22808]}}, {"type": "Feature", "properties": {"crashes": 15, "injury": 5, "fatal": 0, "pedestrian": 0, "density": 0.9}, "geometry": {"type": "Point", "coordinates": [-70.92138, 42.14444]}}, {"type": "Feature", "properties": {"crashes": 15, "injury": 2, "fatal": 0, "pedestrian": 1, "density": 0.9}, "geometry": {"type": "Point", "coordinates": [-71.01885, 42.2339]}}, {"type": "Feature", "properties": {"crashes": 14, "injury": 5, "fatal": 0, "pedestrian": 0, "density": 0.8}, "geometry": {"type": "Point", "coordinates": [-70.82519, 42.12255]}}, {"type": "Feature", "properties": {"crashes": 14, "injury": 4, "fatal": 0, "pedestrian": 0, "density": 0.8}, "geometry": {"type": "Point", "coordinates": [-71.04688, 42.29737]}}, {"type": "Feature", "properties": {"crashes": 14, "injury": 1, "fatal": 0, "pedestrian": 0, "density": 0.8}, "geometry": {"type": "Point", "coordinates": [-71.02374, 42.24963]}}, {"type": "Feature", "properties": {"crashes": 14, "injury": 8, "fatal": 1, "pedestrian": 0, "density": 0.8}, "geometry": {"type": "Point", "coordinates": [-70.86622, 42.13972]}}, {"type": "Feature", "properties": {"crashes": 14, "injury": 3, "fatal": 0, "pedestrian": 1, "density": 0.8}, "geometry": {"type": "Point", "coordinates": [-70.94278, 42.20634]}}, {"type": "Feature", "properties": {"crashes": 14, "injury": 2, "fatal": 1, "pedestrian": 0, "density": 0.8}, "geometry": {"type": "Point", "coordinates": [-70.99149, 42.10157]}}, {"type": "Feature", "properties": {"crashes": 14, "injury": 6, "fatal": 0, "pedestrian": 0, "density": 0.8}, "geometry": {"type": "Point", "coordinates": [-71.04181, 42.21402]}}, {"type": "Feature", "properties": {"crashes": 14, "injury": 3, "fatal": 0, "pedestrian": 0, "density": 0.8}, "geometry": {"type": "Point", "coordinates": [-71.01615, 42.26036]}}, {"type": "Feature", "properties": {"crashes": 14, "injury": 4, "fatal": 0, "pedestrian": 0, "density": 0.8}, "geometry": {"type": "Point", "coordinates": [-70.96612, 42.10205]}}, {"type": "Feature", "properties": {"crashes": 14, "injury": 2, "fatal": 0, "pedestrian": 1, "density": 0.8}, "geometry": {"type": "Point", "coordinates": [-71.00977, 42.24863]}}, {"type": "Feature", "properties": {"crashes": 14, "injury": 5, "fatal": 0, "pedestrian": 0, "density": 0.8}, "geometry": {"type": "Point", "coordinates": [-70.93033, 42.10772]}}, {"type": "Feature", "properties": {"crashes": 14, "injury": 4, "fatal": 0, "pedestrian": 0, "density": 0.8}, "geometry": {"type": "Point", "coordinates": [-71.01198, 42.23764]}}, {"type": "Feature", "properties": {"crashes": 14, "injury": 2, "fatal": 0, "pedestrian": 0, "density": 0.8}, "geometry": {"type": "Point", "coordinates": [-70.9599, 42.16397]}}, {"type": "Feature", "properties": {"crashes": 14, "injury": 3, "fatal": 0, "pedestrian": 0, "density": 0.8}, "geometry": {"type": "Point", "coordinates": [-70.95652, 42.10912]}}, {"type": "Feature", "properties": {"crashes": 14, "injury": 7, "fatal": 0, "pedestrian": 0, "density": 0.8}, "geometry": {"type": "Point", "coordinates": [-70.89174, 42.17632]}}, {"type": "Feature", "properties": {"crashes": 14, "injury": 0, "fatal": 1, "pedestrian": 0, "density": 0.8}, "geometry": {"type": "Point", "coordinates": [-70.86397, 42.24165]}}, {"type": "Feature", "properties": {"crashes": 14, "injury": 1, "fatal": 1, "pedestrian": 0, "density": 0.8}, "geometry": {"type": "Point", "coordinates": [-70.9432, 42.20819]}}, {"type": "Feature", "properties": {"crashes": 14, "injury": 5, "fatal": 0, "pedestrian": 0, "density": 0.8}, "geometry": {"type": "Point", "coordinates": [-70.93348, 42.18355]}}, {"type": "Feature", "properties": {"crashes": 14, "injury": 4, "fatal": 0, "pedestrian": 0, "density": 0.8}, "geometry": {"type": "Point", "coordinates": [-70.92604, 42.17988]}}, {"type": "Feature", "properties": {"crashes": 14, "injury": 3, "fatal": 0, "pedestrian": 0, "density": 0.8}, "geometry": {"type": "Point", "coordinates": [-71.01019, 42.27394]}}, {"type": "Feature", "properties": {"crashes": 14, "injury": 4, "fatal": 0, "pedestrian": 0, "density": 0.8}, "geometry": {"type": "Point", "coordinates": [-70.95026, 42.24558]}}, {"type": "Feature", "properties": {"crashes": 14, "injury": 2, "fatal": 0, "pedestrian": 0, "density": 0.8}, "geometry": {"type": "Point", "coordinates": [-70.86829, 42.10794]}}, {"type": "Feature", "properties": {"crashes": 14, "injury": 4, "fatal": 0, "pedestrian": 0, "density": 0.8}, "geometry": {"type": "Point", "coordinates": [-70.88234, 42.11835]}}, {"type": "Feature", "properties": {"crashes": 14, "injury": 5, "fatal": 0, "pedestrian": 0, "density": 0.8}, "geometry": {"type": "Point", "coordinates": [-71.01619, 42.25649]}}, {"type": "Feature", "properties": {"crashes": 14, "injury": 6, "fatal": 0, "pedestrian": 0, "density": 0.8}, "geometry": {"type": "Point", "coordinates": [-70.97468, 42.18508]}}, {"type": "Feature", "properties": {"crashes": 14, "injury": 2, "fatal": 0, "pedestrian": 0, "density": 0.8}, "geometry": {"type": "Point", "coordinates": [-71.02207, 42.25334]}}, {"type": "Feature", "properties": {"crashes": 14, "injury": 2, "fatal": 0, "pedestrian": 0, "density": 0.8}, "geometry": {"type": "Point", "coordinates": [-70.93441, 42.18242]}}, {"type": "Feature", "properties": {"crashes": 14, "injury": 1, "fatal": 0, "pedestrian": 0, "density": 0.8}, "geometry": {"type": "Point", "coordinates": [-70.82825, 42.15798]}}, {"type": "Feature", "properties": {"crashes": 14, "injury": 4, "fatal": 0, "pedestrian": 0, "density": 0.8}, "geometry": {"type": "Point", "coordinates": [-70.97092, 42.22923]}}, {"type": "Feature", "properties": {"crashes": 14, "injury": 5, "fatal": 0, "pedestrian": 0, "density": 0.8}, "geometry": {"type": "Point", "coordinates": [-71.02788, 42.19613]}}, {"type": "Feature", "properties": {"crashes": 14, "injury": 1, "fatal": 0, "pedestrian": 0, "density": 0.8}, "geometry": {"type": "Point", "coordinates": [-70.85917, 42.13219]}}, {"type": "Feature", "properties": {"crashes": 14, "injury": 3, "fatal": 0, "pedestrian": 0, "density": 0.8}, "geometry": {"type": "Point", "coordinates": [-71.00964, 42.10065]}}, {"type": "Feature", "properties": {"crashes": 14, "injury": 5, "fatal": 0, "pedestrian": 1, "density": 0.8}, "geometry": {"type": "Point", "coordinates": [-71.03562, 42.22357]}}, {"type": "Feature", "properties": {"crashes": 14, "injury": 1, "fatal": 0, "pedestrian": 0, "density": 0.8}, "geometry": {"type": "Point", "coordinates": [-70.83496, 42.15636]}}, {"type": "Feature", "properties": {"crashes": 14, "injury": 5, "fatal": 0, "pedestrian": 0, "density": 0.8}, "geometry": {"type": "Point", "coordinates": [-70.97057, 42.19397]}}, {"type": "Feature", "properties": {"crashes": 14, "injury": 2, "fatal": 0, "pedestrian": 0, "density": 0.8}, "geometry": {"type": "Point", "coordinates": [-70.87192, 42.154]}}, {"type": "Feature", "properties": {"crashes": 14, "injury": 4, "fatal": 0, "pedestrian": 0, "density": 0.8}, "geometry": {"type": "Point", "coordinates": [-70.93804, 42.25165]}}, {"type": "Feature", "properties": {"crashes": 14, "injury": 5, "fatal": 0, "pedestrian": 1, "density": 0.8}, "geometry": {"type": "Point", "coordinates": [-70.99928, 42.11428]}}, {"type": "Feature", "properties": {"crashes": 14, "injury": 2, "fatal": 0, "pedestrian": 0, "density": 0.8}, "geometry": {"type": "Point", "coordinates": [-70.9606, 42.17851]}}, {"type": "Feature", "properties": {"crashes": 14, "injury": 2, "fatal": 0, "pedestrian": 1, "density": 0.8}, "geometry": {"type": "Point", "coordinates": [-70.99159, 42.24634]}}, {"type": "Feature", "properties": {"crashes": 14, "injury": 2, "fatal": 0, "pedestrian": 0, "density": 0.8}, "geometry": {"type": "Point", "coordinates": [-70.85628, 42.15982]}}, {"type": "Feature", "properties": {"crashes": 14, "injury": 6, "fatal": 0, "pedestrian": 0, "density": 0.8}, "geometry": {"type": "Point", "coordinates": [-70.90245, 42.14246]}}, {"type": "Feature", "properties": {"crashes": 14, "injury": 7, "fatal": 0, "pedestrian": 0, "density": 0.8}, "geometry": {"type": "Point", "coordinates": [-70.99203, 42.18636]}}, {"type": "Feature", "properties": {"crashes": 14, "injury": 5, "fatal": 0, "pedestrian": 0, "density": 0.8}, "geometry": {"type": "Point", "coordinates": [-70.98032, 42.23408]}}, {"type": "Feature", "properties": {"crashes": 14, "injury": 5, "fatal": 0, "pedestrian": 0, "density": 0.8}, "geometry": {"type": "Point", "coordinates": [-70.98221, 42.21939]}}, {"type": "Feature", "properties": {"crashes": 14, "injury": 5, "fatal": 0, "pedestrian": 0, "density": 0.8}, "geometry": {"type": "Point", "coordinates": [-70.82985, 42.11465]}}, {"type": "Feature", "properties": {"crashes": 14, "injury": 9, "fatal": 0, "pedestrian": 1, "density": 0.8}, "geometry": {"type": "Point", "coordinates": [-71.01006, 42.17191]}}, {"type": "Feature", "properties": {"crashes": 14, "injury": 2, "fatal": 0, "pedestrian": 0, "density": 0.8}, "geometry": {"type": "Point", "coordinates": [-70.92237, 42.24885]}}, {"type": "Feature", "properties": {"crashes": 14, "injury": 2, "fatal": 0, "pedestrian": 0, "density": 0.8}, "geometry": {"type": "Point", "coordinates": [-71.03431, 42.25156]}}, {"type": "Feature", "properties": {"crashes": 14, "injury": 7, "fatal": 0, "pedestrian": 0, "density": 0.8}, "geometry": {"type": "Point", "coordinates": [-70.95963, 42.15992]}}, {"type": "Feature", "properties": {"crashes": 14, "injury": 5, "fatal": 0, "pedestrian": 0, "density": 0.8}, "geometry": {"type": "Point", "coordinates": [-71.02773, 42.16027]}}, {"type": "Feature", "properties": {"crashes": 14, "injury": 4, "fatal": 0, "pedestrian": 0, "density": 0.8}, "geometry": {"type": "Point", "coordinates": [-71.00753, 42.18834]}}, {"type": "Feature", "properties": {"crashes": 14, "injury": 5, "fatal": 0, "pedestrian": 0, "density": 0.8}, "geometry": {"type": "Point", "coordinates": [-70.97204, 42.21607]}}, {"type": "Feature", "properties": {"crashes": 14, "injury": 4, "fatal": 0, "pedestrian": 0, "density": 0.8}, "geometry": {"type": "Point", "coordinates": [-71.02374, 42.10237]}}, {"type": "Feature", "properties": {"crashes": 14, "injury": 0, "fatal": 0, "pedestrian": 0, "density": 0.8}, "geometry": {"type": "Point", "coordinates": [-70.99424, 42.24805]}}, {"type": "Feature", "properties": {"crashes": 14, "injury": 2, "fatal": 0, "pedestrian": 0, "density": 0.8}, "geometry": {"type": "Point", "coordinates": [-71.00208, 42.26133]}}, {"type": "Feature", "properties": {"crashes": 14, "injury": 2, "fatal": 0, "pedestrian": 0, "density": 0.8}, "geometry": {"type": "Point", "coordinates": [-70.84, 42.14849]}}, {"type": "Feature", "properties": {"crashes": 14, "injury": 3, "fatal": 0, "pedestrian": 0, "density": 0.8}, "geometry": {"type": "Point", "coordinates": [-71.01419, 42.25755]}}, {"type": "Feature", "properties": {"crashes": 14, "injury": 6, "fatal": 0, "pedestrian": 0, "density": 0.8}, "geometry": {"type": "Point", "coordinates": [-70.83982, 42.2605]}}, {"type": "Feature", "properties": {"crashes": 14, "injury": 4, "fatal": 0, "pedestrian": 1, "density": 0.8}, "geometry": {"type": "Point", "coordinates": [-71.00973, 42.2379]}}, {"type": "Feature", "properties": {"crashes": 14, "injury": 3, "fatal": 1, "pedestrian": 0, "density": 0.8}, "geometry": {"type": "Point", "coordinates": [-71.0199, 42.22433]}}, {"type": "Feature", "properties": {"crashes": 14, "injury": 4, "fatal": 0, "pedestrian": 0, "density": 0.8}, "geometry": {"type": "Point", "coordinates": [-70.93821, 42.25029]}}, {"type": "Feature", "properties": {"crashes": 14, "injury": 7, "fatal": 1, "pedestrian": 1, "density": 0.8}, "geometry": {"type": "Point", "coordinates": [-71.03815, 42.12808]}}, {"type": "Feature", "properties": {"crashes": 14, "injury": 8, "fatal": 0, "pedestrian": 0, "density": 0.8}, "geometry": {"type": "Point", "coordinates": [-71.0325, 42.22072]}}, {"type": "Feature", "properties": {"crashes": 14, "injury": 7, "fatal": 0, "pedestrian": 0, "density": 0.8}, "geometry": {"type": "Point", "coordinates": [-71.04768, 42.2703]}}, {"type": "Feature", "properties": {"crashes": 14, "injury": 3, "fatal": 0, "pedestrian": 0, "density": 0.8}, "geometry": {"type": "Point", "coordinates": [-71.00965, 42.25836]}}, {"type": "Feature", "properties": {"crashes": 14, "injury": 7, "fatal": 0, "pedestrian": 0, "density": 0.8}, "geometry": {"type": "Point", "coordinates": [-70.97105, 42.17647]}}, {"type": "Feature", "properties": {"crashes": 14, "injury": 9, "fatal": 0, "pedestrian": 0, "density": 0.8}, "geometry": {"type": "Point", "coordinates": [-70.904, 42.15856]}}, {"type": "Feature", "properties": {"crashes": 14, "injury": 6, "fatal": 0, "pedestrian": 0, "density": 0.8}, "geometry": {"type": "Point", "coordinates": [-70.98583, 42.14426]}}, {"type": "Feature", "properties": {"crashes": 14, "injury": 4, "fatal": 0, "pedestrian": 0, "density": 0.8}, "geometry": {"type": "Point", "coordinates": [-70.93541, 42.18817]}}, {"type": "Feature", "properties": {"crashes": 14, "injury": 3, "fatal": 0, "pedestrian": 1, "density": 0.8}, "geometry": {"type": "Point", "coordinates": [-70.98766, 42.23817]}}, {"type": "Feature", "properties": {"crashes": 13, "injury": 1, "fatal": 0, "pedestrian": 0, "density": 0.8}, "geometry": {"type": "Point", "coordinates": [-71.02192, 42.26205]}}, {"type": "Feature", "properties": {"crashes": 13, "injury": 4, "fatal": 0, "pedestrian": 0, "density": 0.8}, "geometry": {"type": "Point", "coordinates": [-71.03993, 42.26155]}}, {"type": "Feature", "properties": {"crashes": 13, "injury": 8, "fatal": 0, "pedestrian": 0, "density": 0.8}, "geometry": {"type": "Point", "coordinates": [-71.02224, 42.24916]}}, {"type": "Feature", "properties": {"crashes": 13, "injury": 4, "fatal": 0, "pedestrian": 0, "density": 0.8}, "geometry": {"type": "Point", "coordinates": [-71.00515, 42.25834]}}, {"type": "Feature", "properties": {"crashes": 13, "injury": 7, "fatal": 0, "pedestrian": 0, "density": 0.8}, "geometry": {"type": "Point", "coordinates": [-71.03001, 42.23189]}}, {"type": "Feature", "properties": {"crashes": 13, "injury": 1, "fatal": 0, "pedestrian": 1, "density": 0.8}, "geometry": {"type": "Point", "coordinates": [-70.96537, 42.21537]}}, {"type": "Feature", "properties": {"crashes": 13, "injury": 4, "fatal": 0, "pedestrian": 1, "density": 0.8}, "geometry": {"type": "Point", "coordinates": [-71.01599, 42.11142]}}, {"type": "Feature", "properties": {"crashes": 13, "injury": 3, "fatal": 0, "pedestrian": 0, "density": 0.8}, "geometry": {"type": "Point", "coordinates": [-70.93537, 42.21204]}}, {"type": "Feature", "properties": {"crashes": 13, "injury": 2, "fatal": 0, "pedestrian": 1, "density": 0.8}, "geometry": {"type": "Point", "coordinates": [-70.92003, 42.19552]}}, {"type": "Feature", "properties": {"crashes": 13, "injury": 5, "fatal": 0, "pedestrian": 0, "density": 0.8}, "geometry": {"type": "Point", "coordinates": [-70.87165, 42.14593]}}, {"type": "Feature", "properties": {"crashes": 13, "injury": 4, "fatal": 0, "pedestrian": 0, "density": 0.8}, "geometry": {"type": "Point", "coordinates": [-71.00796, 42.22783]}}, {"type": "Feature", "properties": {"crashes": 13, "injury": 3, "fatal": 0, "pedestrian": 0, "density": 0.8}, "geometry": {"type": "Point", "coordinates": [-70.9199, 42.21462]}}, {"type": "Feature", "properties": {"crashes": 13, "injury": 2, "fatal": 0, "pedestrian": 0, "density": 0.8}, "geometry": {"type": "Point", "coordinates": [-70.97018, 42.19599]}}, {"type": "Feature", "properties": {"crashes": 13, "injury": 0, "fatal": 0, "pedestrian": 1, "density": 0.8}, "geometry": {"type": "Point", "coordinates": [-70.84403, 42.26604]}}, {"type": "Feature", "properties": {"crashes": 13, "injury": 3, "fatal": 0, "pedestrian": 1, "density": 0.8}, "geometry": {"type": "Point", "coordinates": [-70.94005, 42.13425]}}, {"type": "Feature", "properties": {"crashes": 13, "injury": 4, "fatal": 0, "pedestrian": 0, "density": 0.8}, "geometry": {"type": "Point", "coordinates": [-71.04636, 42.2804]}}, {"type": "Feature", "properties": {"crashes": 13, "injury": 3, "fatal": 0, "pedestrian": 0, "density": 0.8}, "geometry": {"type": "Point", "coordinates": [-70.89051, 42.22429]}}, {"type": "Feature", "properties": {"crashes": 13, "injury": 10, "fatal": 0, "pedestrian": 1, "density": 0.8}, "geometry": {"type": "Point", "coordinates": [-71.03971, 42.16903]}}, {"type": "Feature", "properties": {"crashes": 13, "injury": 3, "fatal": 0, "pedestrian": 0, "density": 0.8}, "geometry": {"type": "Point", "coordinates": [-71.00795, 42.29769]}}, {"type": "Feature", "properties": {"crashes": 13, "injury": 4, "fatal": 0, "pedestrian": 0, "density": 0.8}, "geometry": {"type": "Point", "coordinates": [-70.8445, 42.24226]}}, {"type": "Feature", "properties": {"crashes": 13, "injury": 3, "fatal": 0, "pedestrian": 0, "density": 0.8}, "geometry": {"type": "Point", "coordinates": [-70.89436, 42.17746]}}, {"type": "Feature", "properties": {"crashes": 13, "injury": 3, "fatal": 0, "pedestrian": 0, "density": 0.8}, "geometry": {"type": "Point", "coordinates": [-70.94317, 42.10978]}}, {"type": "Feature", "properties": {"crashes": 13, "injury": 7, "fatal": 1, "pedestrian": 0, "density": 0.8}, "geometry": {"type": "Point", "coordinates": [-71.04442, 42.17157]}}, {"type": "Feature", "properties": {"crashes": 13, "injury": 3, "fatal": 0, "pedestrian": 0, "density": 0.8}, "geometry": {"type": "Point", "coordinates": [-71.00986, 42.26634]}}, {"type": "Feature", "properties": {"crashes": 13, "injury": 5, "fatal": 0, "pedestrian": 0, "density": 0.8}, "geometry": {"type": "Point", "coordinates": [-70.93464, 42.11182]}}, {"type": "Feature", "properties": {"crashes": 13, "injury": 1, "fatal": 0, "pedestrian": 0, "density": 0.8}, "geometry": {"type": "Point", "coordinates": [-71.03605, 42.21064]}}, {"type": "Feature", "properties": {"crashes": 13, "injury": 7, "fatal": 0, "pedestrian": 0, "density": 0.8}, "geometry": {"type": "Point", "coordinates": [-71.01237, 42.1746]}}, {"type": "Feature", "properties": {"crashes": 13, "injury": 4, "fatal": 0, "pedestrian": 0, "density": 0.8}, "geometry": {"type": "Point", "coordinates": [-70.95233, 42.22672]}}, {"type": "Feature", "properties": {"crashes": 13, "injury": 3, "fatal": 0, "pedestrian": 0, "density": 0.8}, "geometry": {"type": "Point", "coordinates": [-70.95074, 42.27186]}}, {"type": "Feature", "properties": {"crashes": 13, "injury": 2, "fatal": 0, "pedestrian": 0, "density": 0.8}, "geometry": {"type": "Point", "coordinates": [-70.9121, 42.2259]}}, {"type": "Feature", "properties": {"crashes": 13, "injury": 4, "fatal": 0, "pedestrian": 0, "density": 0.8}, "geometry": {"type": "Point", "coordinates": [-70.96404, 42.22402]}}, {"type": "Feature", "properties": {"crashes": 13, "injury": 2, "fatal": 1, "pedestrian": 0, "density": 0.8}, "geometry": {"type": "Point", "coordinates": [-70.84865, 42.15802]}}, {"type": "Feature", "properties": {"crashes": 13, "injury": 2, "fatal": 0, "pedestrian": 0, "density": 0.8}, "geometry": {"type": "Point", "coordinates": [-71.03587, 42.2538]}}, {"type": "Feature", "properties": {"crashes": 13, "injury": 3, "fatal": 0, "pedestrian": 0, "density": 0.8}, "geometry": {"type": "Point", "coordinates": [-71.02145, 42.28633]}}, {"type": "Feature", "properties": {"crashes": 13, "injury": 3, "fatal": 0, "pedestrian": 0, "density": 0.8}, "geometry": {"type": "Point", "coordinates": [-71.00001, 42.20825]}}, {"type": "Feature", "properties": {"crashes": 13, "injury": 4, "fatal": 0, "pedestrian": 0, "density": 0.8}, "geometry": {"type": "Point", "coordinates": [-70.85968, 42.2425]}}, {"type": "Feature", "properties": {"crashes": 13, "injury": 7, "fatal": 0, "pedestrian": 0, "density": 0.8}, "geometry": {"type": "Point", "coordinates": [-70.90033, 42.16261]}}, {"type": "Feature", "properties": {"crashes": 13, "injury": 3, "fatal": 0, "pedestrian": 0, "density": 0.8}, "geometry": {"type": "Point", "coordinates": [-70.92656, 42.22033]}}, {"type": "Feature", "properties": {"crashes": 13, "injury": 1, "fatal": 1, "pedestrian": 0, "density": 0.8}, "geometry": {"type": "Point", "coordinates": [-70.87856, 42.16796]}}, {"type": "Feature", "properties": {"crashes": 13, "injury": 6, "fatal": 0, "pedestrian": 1, "density": 0.8}, "geometry": {"type": "Point", "coordinates": [-71.01776, 42.11833]}}, {"type": "Feature", "properties": {"crashes": 13, "injury": 1, "fatal": 0, "pedestrian": 1, "density": 0.8}, "geometry": {"type": "Point", "coordinates": [-70.9667, 42.21155]}}, {"type": "Feature", "properties": {"crashes": 13, "injury": 2, "fatal": 0, "pedestrian": 0, "density": 0.8}, "geometry": {"type": "Point", "coordinates": [-70.93873, 42.22504]}}, {"type": "Feature", "properties": {"crashes": 13, "injury": 3, "fatal": 0, "pedestrian": 0, "density": 0.8}, "geometry": {"type": "Point", "coordinates": [-70.82409, 42.17417]}}, {"type": "Feature", "properties": {"crashes": 13, "injury": 2, "fatal": 0, "pedestrian": 0, "density": 0.8}, "geometry": {"type": "Point", "coordinates": [-70.92575, 42.19771]}}, {"type": "Feature", "properties": {"crashes": 13, "injury": 6, "fatal": 0, "pedestrian": 0, "density": 0.8}, "geometry": {"type": "Point", "coordinates": [-70.94217, 42.21783]}}, {"type": "Feature", "properties": {"crashes": 13, "injury": 3, "fatal": 0, "pedestrian": 0, "density": 0.8}, "geometry": {"type": "Point", "coordinates": [-70.98122, 42.23642]}}, {"type": "Feature", "properties": {"crashes": 13, "injury": 4, "fatal": 0, "pedestrian": 0, "density": 0.8}, "geometry": {"type": "Point", "coordinates": [-70.95931, 42.15796]}}, {"type": "Feature", "properties": {"crashes": 13, "injury": 2, "fatal": 0, "pedestrian": 0, "density": 0.8}, "geometry": {"type": "Point", "coordinates": [-70.87847, 42.2342]}}, {"type": "Feature", "properties": {"crashes": 13, "injury": 5, "fatal": 1, "pedestrian": 2, "density": 0.8}, "geometry": {"type": "Point", "coordinates": [-70.91443, 42.12604]}}, {"type": "Feature", "properties": {"crashes": 13, "injury": 5, "fatal": 0, "pedestrian": 0, "density": 0.8}, "geometry": {"type": "Point", "coordinates": [-70.90617, 42.13145]}}, {"type": "Feature", "properties": {"crashes": 13, "injury": 9, "fatal": 0, "pedestrian": 0, "density": 0.8}, "geometry": {"type": "Point", "coordinates": [-70.90387, 42.15006]}}, {"type": "Feature", "properties": {"crashes": 13, "injury": 6, "fatal": 0, "pedestrian": 0, "density": 0.8}, "geometry": {"type": "Point", "coordinates": [-71.01356, 42.15496]}}, {"type": "Feature", "properties": {"crashes": 13, "injury": 4, "fatal": 0, "pedestrian": 0, "density": 0.8}, "geometry": {"type": "Point", "coordinates": [-71.0116, 42.12564]}}, {"type": "Feature", "properties": {"crashes": 13, "injury": 3, "fatal": 0, "pedestrian": 0, "density": 0.8}, "geometry": {"type": "Point", "coordinates": [-70.96412, 42.1301]}}, {"type": "Feature", "properties": {"crashes": 13, "injury": 1, "fatal": 0, "pedestrian": 0, "density": 0.8}, "geometry": {"type": "Point", "coordinates": [-70.95562, 42.24599]}}, {"type": "Feature", "properties": {"crashes": 13, "injury": 1, "fatal": 0, "pedestrian": 0, "density": 0.8}, "geometry": {"type": "Point", "coordinates": [-70.96571, 42.16965]}}, {"type": "Feature", "properties": {"crashes": 13, "injury": 7, "fatal": 0, "pedestrian": 0, "density": 0.8}, "geometry": {"type": "Point", "coordinates": [-71.02932, 42.11472]}}, {"type": "Feature", "properties": {"crashes": 13, "injury": 7, "fatal": 0, "pedestrian": 0, "density": 0.8}, "geometry": {"type": "Point", "coordinates": [-70.97392, 42.23152]}}, {"type": "Feature", "properties": {"crashes": 13, "injury": 4, "fatal": 0, "pedestrian": 0, "density": 0.8}, "geometry": {"type": "Point", "coordinates": [-70.97567, 42.23236]}}, {"type": "Feature", "properties": {"crashes": 13, "injury": 7, "fatal": 0, "pedestrian": 0, "density": 0.8}, "geometry": {"type": "Point", "coordinates": [-71.01377, 42.10649]}}, {"type": "Feature", "properties": {"crashes": 13, "injury": 5, "fatal": 2, "pedestrian": 1, "density": 0.8}, "geometry": {"type": "Point", "coordinates": [-71.0314, 42.11859]}}, {"type": "Feature", "properties": {"crashes": 13, "injury": 0, "fatal": 1, "pedestrian": 1, "density": 0.8}, "geometry": {"type": "Point", "coordinates": [-70.98998, 42.26433]}}, {"type": "Feature", "properties": {"crashes": 13, "injury": 2, "fatal": 0, "pedestrian": 0, "density": 0.8}, "geometry": {"type": "Point", "coordinates": [-70.94727, 42.22719]}}, {"type": "Feature", "properties": {"crashes": 13, "injury": 5, "fatal": 0, "pedestrian": 0, "density": 0.8}, "geometry": {"type": "Point", "coordinates": [-70.96184, 42.19664]}}, {"type": "Feature", "properties": {"crashes": 13, "injury": 4, "fatal": 0, "pedestrian": 0, "density": 0.8}, "geometry": {"type": "Point", "coordinates": [-70.90392, 42.1519]}}, {"type": "Feature", "properties": {"crashes": 13, "injury": 6, "fatal": 0, "pedestrian": 0, "density": 0.8}, "geometry": {"type": "Point", "coordinates": [-71.00972, 42.10797]}}, {"type": "Feature", "properties": {"crashes": 13, "injury": 2, "fatal": 0, "pedestrian": 0, "density": 0.8}, "geometry": {"type": "Point", "coordinates": [-70.95043, 42.17541]}}, {"type": "Feature", "properties": {"crashes": 13, "injury": 6, "fatal": 1, "pedestrian": 0, "density": 0.8}, "geometry": {"type": "Point", "coordinates": [-70.89568, 42.12155]}}, {"type": "Feature", "properties": {"crashes": 13, "injury": 3, "fatal": 0, "pedestrian": 0, "density": 0.8}, "geometry": {"type": "Point", "coordinates": [-71.01947, 42.25258]}}, {"type": "Feature", "properties": {"crashes": 13, "injury": 6, "fatal": 0, "pedestrian": 0, "density": 0.8}, "geometry": {"type": "Point", "coordinates": [-71.00216, 42.22399]}}, {"type": "Feature", "properties": {"crashes": 13, "injury": 6, "fatal": 0, "pedestrian": 2, "density": 0.8}, "geometry": {"type": "Point", "coordinates": [-71.0416, 42.12595]}}, {"type": "Feature", "properties": {"crashes": 13, "injury": 5, "fatal": 0, "pedestrian": 0, "density": 0.8}, "geometry": {"type": "Point", "coordinates": [-70.99588, 42.10759]}}, {"type": "Feature", "properties": {"crashes": 13, "injury": 3, "fatal": 0, "pedestrian": 0, "density": 0.8}, "geometry": {"type": "Point", "coordinates": [-71.01525, 42.25726]}}, {"type": "Feature", "properties": {"crashes": 13, "injury": 7, "fatal": 0, "pedestrian": 0, "density": 0.8}, "geometry": {"type": "Point", "coordinates": [-70.95421, 42.12948]}}, {"type": "Feature", "properties": {"crashes": 13, "injury": 1, "fatal": 0, "pedestrian": 0, "density": 0.8}, "geometry": {"type": "Point", "coordinates": [-71.0158, 42.27617]}}, {"type": "Feature", "properties": {"crashes": 13, "injury": 4, "fatal": 0, "pedestrian": 0, "density": 0.8}, "geometry": {"type": "Point", "coordinates": [-70.92631, 42.12681]}}, {"type": "Feature", "properties": {"crashes": 13, "injury": 6, "fatal": 0, "pedestrian": 1, "density": 0.8}, "geometry": {"type": "Point", "coordinates": [-71.04952, 42.28339]}}, {"type": "Feature", "properties": {"crashes": 13, "injury": 4, "fatal": 0, "pedestrian": 0, "density": 0.8}, "geometry": {"type": "Point", "coordinates": [-70.86459, 42.13811]}}, {"type": "Feature", "properties": {"crashes": 13, "injury": 8, "fatal": 0, "pedestrian": 0, "density": 0.8}, "geometry": {"type": "Point", "coordinates": [-71.03186, 42.11981]}}, {"type": "Feature", "properties": {"crashes": 13, "injury": 2, "fatal": 0, "pedestrian": 0, "density": 0.8}, "geometry": {"type": "Point", "coordinates": [-70.83033, 42.24138]}}, {"type": "Feature", "properties": {"crashes": 13, "injury": 4, "fatal": 0, "pedestrian": 0, "density": 0.8}, "geometry": {"type": "Point", "coordinates": [-71.03064, 42.11718]}}, {"type": "Feature", "properties": {"crashes": 13, "injury": 3, "fatal": 1, "pedestrian": 0, "density": 0.8}, "geometry": {"type": "Point", "coordinates": [-70.92006, 42.16821]}}, {"type": "Feature", "properties": {"crashes": 13, "injury": 5, "fatal": 0, "pedestrian": 0, "density": 0.8}, "geometry": {"type": "Point", "coordinates": [-70.94645, 42.12406]}}, {"type": "Feature", "properties": {"crashes": 12, "injury": 1, "fatal": 0, "pedestrian": 0, "density": 0.7}, "geometry": {"type": "Point", "coordinates": [-70.94461, 42.23421]}}, {"type": "Feature", "properties": {"crashes": 12, "injury": 4, "fatal": 0, "pedestrian": 1, "density": 0.7}, "geometry": {"type": "Point", "coordinates": [-71.01979, 42.27435]}}, {"type": "Feature", "properties": {"crashes": 12, "injury": 4, "fatal": 0, "pedestrian": 0, "density": 0.7}, "geometry": {"type": "Point", "coordinates": [-71.02193, 42.16531]}}, {"type": "Feature", "properties": {"crashes": 12, "injury": 5, "fatal": 0, "pedestrian": 0, "density": 0.7}, "geometry": {"type": "Point", "coordinates": [-71.04163, 42.26771]}}, {"type": "Feature", "properties": {"crashes": 12, "injury": 3, "fatal": 0, "pedestrian": 0, "density": 0.7}, "geometry": {"type": "Point", "coordinates": [-70.87381, 42.28646]}}, {"type": "Feature", "properties": {"crashes": 12, "injury": 6, "fatal": 0, "pedestrian": 0, "density": 0.7}, "geometry": {"type": "Point", "coordinates": [-70.94429, 42.11632]}}, {"type": "Feature", "properties": {"crashes": 12, "injury": 3, "fatal": 0, "pedestrian": 0, "density": 0.7}, "geometry": {"type": "Point", "coordinates": [-70.92638, 42.17339]}}, {"type": "Feature", "properties": {"crashes": 12, "injury": 4, "fatal": 0, "pedestrian": 0, "density": 0.7}, "geometry": {"type": "Point", "coordinates": [-70.86972, 42.10777]}}, {"type": "Feature", "properties": {"crashes": 12, "injury": 6, "fatal": 0, "pedestrian": 0, "density": 0.7}, "geometry": {"type": "Point", "coordinates": [-70.86774, 42.14782]}}, {"type": "Feature", "properties": {"crashes": 12, "injury": 4, "fatal": 1, "pedestrian": 0, "density": 0.7}, "geometry": {"type": "Point", "coordinates": [-70.8807, 42.12404]}}, {"type": "Feature", "properties": {"crashes": 12, "injury": 3, "fatal": 0, "pedestrian": 1, "density": 0.7}, "geometry": {"type": "Point", "coordinates": [-70.88244, 42.29948]}}, {"type": "Feature", "properties": {"crashes": 12, "injury": 0, "fatal": 0, "pedestrian": 0, "density": 0.7}, "geometry": {"type": "Point", "coordinates": [-70.94868, 42.24019]}}, {"type": "Feature", "properties": {"crashes": 12, "injury": 1, "fatal": 0, "pedestrian": 0, "density": 0.7}, "geometry": {"type": "Point", "coordinates": [-71.01802, 42.2739]}}, {"type": "Feature", "properties": {"crashes": 12, "injury": 4, "fatal": 0, "pedestrian": 0, "density": 0.7}, "geometry": {"type": "Point", "coordinates": [-70.88245, 42.29367]}}, {"type": "Feature", "properties": {"crashes": 12, "injury": 3, "fatal": 0, "pedestrian": 0, "density": 0.7}, "geometry": {"type": "Point", "coordinates": [-71.00753, 42.15758]}}, {"type": "Feature", "properties": {"crashes": 12, "injury": 3, "fatal": 0, "pedestrian": 0, "density": 0.7}, "geometry": {"type": "Point", "coordinates": [-70.91392, 42.21469]}}, {"type": "Feature", "properties": {"crashes": 12, "injury": 2, "fatal": 0, "pedestrian": 0, "density": 0.7}, "geometry": {"type": "Point", "coordinates": [-71.04451, 42.18226]}}, {"type": "Feature", "properties": {"crashes": 12, "injury": 4, "fatal": 0, "pedestrian": 0, "density": 0.7}, "geometry": {"type": "Point", "coordinates": [-70.89811, 42.17957]}}, {"type": "Feature", "properties": {"crashes": 12, "injury": 5, "fatal": 0, "pedestrian": 0, "density": 0.7}, "geometry": {"type": "Point", "coordinates": [-70.90778, 42.18523]}}, {"type": "Feature", "properties": {"crashes": 12, "injury": 4, "fatal": 0, "pedestrian": 0, "density": 0.7}, "geometry": {"type": "Point", "coordinates": [-71.02481, 42.24769]}}, {"type": "Feature", "properties": {"crashes": 12, "injury": 1, "fatal": 0, "pedestrian": 0, "density": 0.7}, "geometry": {"type": "Point", "coordinates": [-70.93243, 42.18618]}}, {"type": "Feature", "properties": {"crashes": 12, "injury": 4, "fatal": 0, "pedestrian": 0, "density": 0.7}, "geometry": {"type": "Point", "coordinates": [-71.004, 42.11653]}}, {"type": "Feature", "properties": {"crashes": 12, "injury": 1, "fatal": 0, "pedestrian": 0, "density": 0.7}, "geometry": {"type": "Point", "coordinates": [-71.03543, 42.26637]}}, {"type": "Feature", "properties": {"crashes": 12, "injury": 0, "fatal": 0, "pedestrian": 0, "density": 0.7}, "geometry": {"type": "Point", "coordinates": [-71.03185, 42.25406]}}, {"type": "Feature", "properties": {"crashes": 12, "injury": 6, "fatal": 0, "pedestrian": 0, "density": 0.7}, "geometry": {"type": "Point", "coordinates": [-70.86988, 42.24043]}}, {"type": "Feature", "properties": {"crashes": 12, "injury": 2, "fatal": 0, "pedestrian": 0, "density": 0.7}, "geometry": {"type": "Point", "coordinates": [-70.94996, 42.21803]}}, {"type": "Feature", "properties": {"crashes": 12, "injury": 8, "fatal": 0, "pedestrian": 0, "density": 0.7}, "geometry": {"type": "Point", "coordinates": [-70.83194, 42.14426]}}, {"type": "Feature", "properties": {"crashes": 12, "injury": 2, "fatal": 0, "pedestrian": 1, "density": 0.7}, "geometry": {"type": "Point", "coordinates": [-71.02209, 42.27437]}}, {"type": "Feature", "properties": {"crashes": 12, "injury": 4, "fatal": 0, "pedestrian": 0, "density": 0.7}, "geometry": {"type": "Point", "coordinates": [-71.00953, 42.20843]}}, {"type": "Feature", "properties": {"crashes": 12, "injury": 6, "fatal": 0, "pedestrian": 1, "density": 0.7}, "geometry": {"type": "Point", "coordinates": [-70.93665, 42.23754]}}, {"type": "Feature", "properties": {"crashes": 12, "injury": 5, "fatal": 0, "pedestrian": 0, "density": 0.7}, "geometry": {"type": "Point", "coordinates": [-71.04962, 42.25804]}}, {"type": "Feature", "properties": {"crashes": 12, "injury": 3, "fatal": 0, "pedestrian": 0, "density": 0.7}, "geometry": {"type": "Point", "coordinates": [-71.03402, 42.22617]}}, {"type": "Feature", "properties": {"crashes": 12, "injury": 2, "fatal": 0, "pedestrian": 0, "density": 0.7}, "geometry": {"type": "Point", "coordinates": [-71.03945, 42.15997]}}, {"type": "Feature", "properties": {"crashes": 12, "injury": 5, "fatal": 0, "pedestrian": 0, "density": 0.7}, "geometry": {"type": "Point", "coordinates": [-70.98612, 42.22604]}}, {"type": "Feature", "properties": {"crashes": 12, "injury": 3, "fatal": 0, "pedestrian": 0, "density": 0.7}, "geometry": {"type": "Point", "coordinates": [-70.96616, 42.17866]}}, {"type": "Feature", "properties": {"crashes": 12, "injury": 0, "fatal": 0, "pedestrian": 0, "density": 0.7}, "geometry": {"type": "Point", "coordinates": [-70.92069, 42.14445]}}, {"type": "Feature", "properties": {"crashes": 12, "injury": 7, "fatal": 0, "pedestrian": 0, "density": 0.7}, "geometry": {"type": "Point", "coordinates": [-70.99564, 42.20834]}}, {"type": "Feature", "properties": {"crashes": 12, "injury": 3, "fatal": 0, "pedestrian": 0, "density": 0.7}, "geometry": {"type": "Point", "coordinates": [-70.92733, 42.1021]}}, {"type": "Feature", "properties": {"crashes": 12, "injury": 2, "fatal": 0, "pedestrian": 0, "density": 0.7}, "geometry": {"type": "Point", "coordinates": [-70.95237, 42.26817]}}, {"type": "Feature", "properties": {"crashes": 12, "injury": 6, "fatal": 0, "pedestrian": 0, "density": 0.7}, "geometry": {"type": "Point", "coordinates": [-70.93829, 42.23976]}}, {"type": "Feature", "properties": {"crashes": 12, "injury": 3, "fatal": 0, "pedestrian": 0, "density": 0.7}, "geometry": {"type": "Point", "coordinates": [-70.97579, 42.26116]}}, {"type": "Feature", "properties": {"crashes": 12, "injury": 4, "fatal": 0, "pedestrian": 0, "density": 0.7}, "geometry": {"type": "Point", "coordinates": [-70.9962, 42.15155]}}, {"type": "Feature", "properties": {"crashes": 12, "injury": 1, "fatal": 0, "pedestrian": 0, "density": 0.7}, "geometry": {"type": "Point", "coordinates": [-70.88406, 42.29599]}}, {"type": "Feature", "properties": {"crashes": 12, "injury": 5, "fatal": 0, "pedestrian": 1, "density": 0.7}, "geometry": {"type": "Point", "coordinates": [-71.00598, 42.10774]}}, {"type": "Feature", "properties": {"crashes": 12, "injury": 4, "fatal": 1, "pedestrian": 0, "density": 0.7}, "geometry": {"type": "Point", "coordinates": [-70.9202, 42.14538]}}, {"type": "Feature", "properties": {"crashes": 12, "injury": 0, "fatal": 0, "pedestrian": 0, "density": 0.7}, "geometry": {"type": "Point", "coordinates": [-71.02394, 42.26626]}}, {"type": "Feature", "properties": {"crashes": 12, "injury": 5, "fatal": 0, "pedestrian": 0, "density": 0.7}, "geometry": {"type": "Point", "coordinates": [-70.84121, 42.13468]}}, {"type": "Feature", "properties": {"crashes": 12, "injury": 2, "fatal": 0, "pedestrian": 0, "density": 0.7}, "geometry": {"type": "Point", "coordinates": [-70.87062, 42.17533]}}, {"type": "Feature", "properties": {"crashes": 12, "injury": 1, "fatal": 0, "pedestrian": 0, "density": 0.7}, "geometry": {"type": "Point", "coordinates": [-71.03796, 42.17391]}}, {"type": "Feature", "properties": {"crashes": 12, "injury": 4, "fatal": 0, "pedestrian": 0, "density": 0.7}, "geometry": {"type": "Point", "coordinates": [-70.98973, 42.24767]}}, {"type": "Feature", "properties": {"crashes": 12, "injury": 3, "fatal": 1, "pedestrian": 1, "density": 0.7}, "geometry": {"type": "Point", "coordinates": [-70.96968, 42.2019]}}, {"type": "Feature", "properties": {"crashes": 12, "injury": 4, "fatal": 0, "pedestrian": 0, "density": 0.7}, "geometry": {"type": "Point", "coordinates": [-71.02391, 42.16206]}}, {"type": "Feature", "properties": {"crashes": 12, "injury": 6, "fatal": 0, "pedestrian": 0, "density": 0.7}, "geometry": {"type": "Point", "coordinates": [-70.9683, 42.13159]}}, {"type": "Feature", "properties": {"crashes": 12, "injury": 3, "fatal": 1, "pedestrian": 0, "density": 0.7}, "geometry": {"type": "Point", "coordinates": [-71.04126, 42.12231]}}, {"type": "Feature", "properties": {"crashes": 12, "injury": 3, "fatal": 0, "pedestrian": 0, "density": 0.7}, "geometry": {"type": "Point", "coordinates": [-70.94665, 42.14369]}}, {"type": "Feature", "properties": {"crashes": 12, "injury": 2, "fatal": 0, "pedestrian": 0, "density": 0.7}, "geometry": {"type": "Point", "coordinates": [-70.87256, 42.28403]}}, {"type": "Feature", "properties": {"crashes": 12, "injury": 3, "fatal": 1, "pedestrian": 0, "density": 0.7}, "geometry": {"type": "Point", "coordinates": [-70.88777, 42.23816]}}, {"type": "Feature", "properties": {"crashes": 12, "injury": 2, "fatal": 0, "pedestrian": 0, "density": 0.7}, "geometry": {"type": "Point", "coordinates": [-70.91066, 42.18753]}}, {"type": "Feature", "properties": {"crashes": 12, "injury": 7, "fatal": 0, "pedestrian": 0, "density": 0.7}, "geometry": {"type": "Point", "coordinates": [-70.89219, 42.12003]}}, {"type": "Feature", "properties": {"crashes": 12, "injury": 3, "fatal": 0, "pedestrian": 0, "density": 0.7}, "geometry": {"type": "Point", "coordinates": [-71.04746, 42.26159]}}, {"type": "Feature", "properties": {"crashes": 12, "injury": 1, "fatal": 0, "pedestrian": 0, "density": 0.7}, "geometry": {"type": "Point", "coordinates": [-71.01953, 42.27779]}}, {"type": "Feature", "properties": {"crashes": 12, "injury": 1, "fatal": 0, "pedestrian": 0, "density": 0.7}, "geometry": {"type": "Point", "coordinates": [-70.94388, 42.17203]}}, {"type": "Feature", "properties": {"crashes": 12, "injury": 7, "fatal": 0, "pedestrian": 0, "density": 0.7}, "geometry": {"type": "Point", "coordinates": [-70.99213, 42.1043]}}, {"type": "Feature", "properties": {"crashes": 12, "injury": 2, "fatal": 0, "pedestrian": 1, "density": 0.7}, "geometry": {"type": "Point", "coordinates": [-70.95185, 42.20031]}}, {"type": "Feature", "properties": {"crashes": 12, "injury": 1, "fatal": 0, "pedestrian": 0, "density": 0.7}, "geometry": {"type": "Point", "coordinates": [-70.88271, 42.11968]}}, {"type": "Feature", "properties": {"crashes": 12, "injury": 3, "fatal": 0, "pedestrian": 0, "density": 0.7}, "geometry": {"type": "Point", "coordinates": [-70.89999, 42.23995]}}, {"type": "Feature", "properties": {"crashes": 12, "injury": 6, "fatal": 0, "pedestrian": 0, "density": 0.7}, "geometry": {"type": "Point", "coordinates": [-70.99397, 42.10627]}}, {"type": "Feature", "properties": {"crashes": 12, "injury": 2, "fatal": 0, "pedestrian": 0, "density": 0.7}, "geometry": {"type": "Point", "coordinates": [-70.91235, 42.12856]}}, {"type": "Feature", "properties": {"crashes": 12, "injury": 6, "fatal": 0, "pedestrian": 0, "density": 0.7}, "geometry": {"type": "Point", "coordinates": [-70.99725, 42.17914]}}, {"type": "Feature", "properties": {"crashes": 12, "injury": 6, "fatal": 0, "pedestrian": 0, "density": 0.7}, "geometry": {"type": "Point", "coordinates": [-71.03831, 42.2202]}}, {"type": "Feature", "properties": {"crashes": 12, "injury": 6, "fatal": 0, "pedestrian": 0, "density": 0.7}, "geometry": {"type": "Point", "coordinates": [-70.98128, 42.2081]}}, {"type": "Feature", "properties": {"crashes": 12, "injury": 4, "fatal": 0, "pedestrian": 0, "density": 0.7}, "geometry": {"type": "Point", "coordinates": [-70.90344, 42.13416]}}, {"type": "Feature", "properties": {"crashes": 12, "injury": 2, "fatal": 0, "pedestrian": 0, "density": 0.7}, "geometry": {"type": "Point", "coordinates": [-70.92344, 42.24631]}}, {"type": "Feature", "properties": {"crashes": 12, "injury": 4, "fatal": 0, "pedestrian": 0, "density": 0.7}, "geometry": {"type": "Point", "coordinates": [-71.00666, 42.13965]}}, {"type": "Feature", "properties": {"crashes": 12, "injury": 1, "fatal": 0, "pedestrian": 0, "density": 0.7}, "geometry": {"type": "Point", "coordinates": [-70.83027, 42.15804]}}, {"type": "Feature", "properties": {"crashes": 12, "injury": 4, "fatal": 0, "pedestrian": 0, "density": 0.7}, "geometry": {"type": "Point", "coordinates": [-71.03555, 42.25684]}}, {"type": "Feature", "properties": {"crashes": 12, "injury": 6, "fatal": 0, "pedestrian": 2, "density": 0.7}, "geometry": {"type": "Point", "coordinates": [-70.95394, 42.17641]}}, {"type": "Feature", "properties": {"crashes": 12, "injury": 5, "fatal": 0, "pedestrian": 0, "density": 0.7}, "geometry": {"type": "Point", "coordinates": [-70.88029, 42.12821]}}, {"type": "Feature", "properties": {"crashes": 12, "injury": 3, "fatal": 0, "pedestrian": 0, "density": 0.7}, "geometry": {"type": "Point", "coordinates": [-70.97657, 42.13178]}}, {"type": "Feature", "properties": {"crashes": 12, "injury": 8, "fatal": 0, "pedestrian": 0, "density": 0.7}, "geometry": {"type": "Point", "coordinates": [-70.824, 42.11445]}}, {"type": "Feature", "properties": {"crashes": 12, "injury": 2, "fatal": 0, "pedestrian": 0, "density": 0.7}, "geometry": {"type": "Point", "coordinates": [-70.9519, 42.27168]}}, {"type": "Feature", "properties": {"crashes": 12, "injury": 8, "fatal": 0, "pedestrian": 0, "density": 0.7}, "geometry": {"type": "Point", "coordinates": [-70.9194, 42.14003]}}, {"type": "Feature", "properties": {"crashes": 12, "injury": 4, "fatal": 0, "pedestrian": 0, "density": 0.7}, "geometry": {"type": "Point", "coordinates": [-71.02019, 42.13686]}}, {"type": "Feature", "properties": {"crashes": 12, "injury": 4, "fatal": 0, "pedestrian": 0, "density": 0.7}, "geometry": {"type": "Point", "coordinates": [-70.86826, 42.14972]}}, {"type": "Feature", "properties": {"crashes": 12, "injury": 6, "fatal": 0, "pedestrian": 0, "density": 0.7}, "geometry": {"type": "Point", "coordinates": [-70.87565, 42.16026]}}, {"type": "Feature", "properties": {"crashes": 12, "injury": 3, "fatal": 0, "pedestrian": 2, "density": 0.7}, "geometry": {"type": "Point", "coordinates": [-70.95752, 42.26752]}}, {"type": "Feature", "properties": {"crashes": 12, "injury": 3, "fatal": 0, "pedestrian": 1, "density": 0.7}, "geometry": {"type": "Point", "coordinates": [-71.02873, 42.10043]}}, {"type": "Feature", "properties": {"crashes": 12, "injury": 5, "fatal": 0, "pedestrian": 0, "density": 0.7}, "geometry": {"type": "Point", "coordinates": [-70.99775, 42.12424]}}, {"type": "Feature", "properties": {"crashes": 12, "injury": 5, "fatal": 0, "pedestrian": 0, "density": 0.7}, "geometry": {"type": "Point", "coordinates": [-70.88639, 42.14146]}}, {"type": "Feature", "properties": {"crashes": 12, "injury": 4, "fatal": 0, "pedestrian": 0, "density": 0.7}, "geometry": {"type": "Point", "coordinates": [-70.91008, 42.17408]}}, {"type": "Feature", "properties": {"crashes": 12, "injury": 4, "fatal": 0, "pedestrian": 0, "density": 0.7}, "geometry": {"type": "Point", "coordinates": [-70.89726, 42.11174]}}, {"type": "Feature", "properties": {"crashes": 12, "injury": 7, "fatal": 0, "pedestrian": 0, "density": 0.7}, "geometry": {"type": "Point", "coordinates": [-70.89681, 42.16486]}}, {"type": "Feature", "properties": {"crashes": 12, "injury": 2, "fatal": 0, "pedestrian": 1, "density": 0.7}, "geometry": {"type": "Point", "coordinates": [-70.92805, 42.19764]}}, {"type": "Feature", "properties": {"crashes": 12, "injury": 5, "fatal": 1, "pedestrian": 1, "density": 0.7}, "geometry": {"type": "Point", "coordinates": [-71.02842, 42.18204]}}, {"type": "Feature", "properties": {"crashes": 12, "injury": 2, "fatal": 0, "pedestrian": 0, "density": 0.7}, "geometry": {"type": "Point", "coordinates": [-71.02341, 42.24141]}}, {"type": "Feature", "properties": {"crashes": 12, "injury": 5, "fatal": 0, "pedestrian": 0, "density": 0.7}, "geometry": {"type": "Point", "coordinates": [-70.91413, 42.12458]}}, {"type": "Feature", "properties": {"crashes": 12, "injury": 2, "fatal": 0, "pedestrian": 0, "density": 0.7}, "geometry": {"type": "Point", "coordinates": [-70.96249, 42.14985]}}, {"type": "Feature", "properties": {"crashes": 12, "injury": 1, "fatal": 0, "pedestrian": 0, "density": 0.7}, "geometry": {"type": "Point", "coordinates": [-71.01666, 42.23108]}}, {"type": "Feature", "properties": {"crashes": 12, "injury": 5, "fatal": 0, "pedestrian": 0, "density": 0.7}, "geometry": {"type": "Point", "coordinates": [-71.04999, 42.27418]}}, {"type": "Feature", "properties": {"crashes": 12, "injury": 3, "fatal": 0, "pedestrian": 1, "density": 0.7}, "geometry": {"type": "Point", "coordinates": [-70.9537, 42.16631]}}, {"type": "Feature", "properties": {"crashes": 12, "injury": 3, "fatal": 0, "pedestrian": 2, "density": 0.7}, "geometry": {"type": "Point", "coordinates": [-71.03048, 42.29908]}}, {"type": "Feature", "properties": {"crashes": 12, "injury": 1, "fatal": 0, "pedestrian": 0, "density": 0.7}, "geometry": {"type": "Point", "coordinates": [-70.88692, 42.23167]}}, {"type": "Feature", "properties": {"crashes": 12, "injury": 4, "fatal": 0, "pedestrian": 0, "density": 0.7}, "geometry": {"type": "Point", "coordinates": [-71.01108, 42.22985]}}, {"type": "Feature", "properties": {"crashes": 11, "injury": 5, "fatal": 0, "pedestrian": 0, "density": 0.6}, "geometry": {"type": "Point", "coordinates": [-70.92694, 42.11298]}}, {"type": "Feature", "properties": {"crashes": 11, "injury": 5, "fatal": 0, "pedestrian": 0, "density": 0.6}, "geometry": {"type": "Point", "coordinates": [-70.92767, 42.24777]}}, {"type": "Feature", "properties": {"crashes": 11, "injury": 4, "fatal": 0, "pedestrian": 0, "density": 0.6}, "geometry": {"type": "Point", "coordinates": [-70.96379, 42.21261]}}, {"type": "Feature", "properties": {"crashes": 11, "injury": 3, "fatal": 0, "pedestrian": 0, "density": 0.6}, "geometry": {"type": "Point", "coordinates": [-71.01034, 42.25154]}}, {"type": "Feature", "properties": {"crashes": 11, "injury": 7, "fatal": 0, "pedestrian": 0, "density": 0.6}, "geometry": {"type": "Point", "coordinates": [-70.89592, 42.17827]}}, {"type": "Feature", "properties": {"crashes": 11, "injury": 3, "fatal": 0, "pedestrian": 0, "density": 0.6}, "geometry": {"type": "Point", "coordinates": [-70.86222, 42.15706]}}, {"type": "Feature", "properties": {"crashes": 11, "injury": 1, "fatal": 0, "pedestrian": 0, "density": 0.6}, "geometry": {"type": "Point", "coordinates": [-70.9308, 42.22142]}}, {"type": "Feature", "properties": {"crashes": 11, "injury": 1, "fatal": 0, "pedestrian": 0, "density": 0.6}, "geometry": {"type": "Point", "coordinates": [-71.01166, 42.12812]}}, {"type": "Feature", "properties": {"crashes": 11, "injury": 1, "fatal": 0, "pedestrian": 0, "density": 0.6}, "geometry": {"type": "Point", "coordinates": [-70.87602, 42.2823]}}, {"type": "Feature", "properties": {"crashes": 11, "injury": 2, "fatal": 0, "pedestrian": 1, "density": 0.6}, "geometry": {"type": "Point", "coordinates": [-70.93985, 42.248]}}, {"type": "Feature", "properties": {"crashes": 11, "injury": 5, "fatal": 0, "pedestrian": 0, "density": 0.6}, "geometry": {"type": "Point", "coordinates": [-71.03981, 42.24982]}}, {"type": "Feature", "properties": {"crashes": 11, "injury": 4, "fatal": 0, "pedestrian": 0, "density": 0.6}, "geometry": {"type": "Point", "coordinates": [-71.01341, 42.14534]}}, {"type": "Feature", "properties": {"crashes": 11, "injury": 4, "fatal": 0, "pedestrian": 0, "density": 0.6}, "geometry": {"type": "Point", "coordinates": [-70.93943, 42.22229]}}, {"type": "Feature", "properties": {"crashes": 11, "injury": 7, "fatal": 0, "pedestrian": 0, "density": 0.6}, "geometry": {"type": "Point", "coordinates": [-70.94588, 42.22827]}}, {"type": "Feature", "properties": {"crashes": 11, "injury": 4, "fatal": 0, "pedestrian": 0, "density": 0.6}, "geometry": {"type": "Point", "coordinates": [-71.0385, 42.15836]}}, {"type": "Feature", "properties": {"crashes": 11, "injury": 5, "fatal": 0, "pedestrian": 0, "density": 0.6}, "geometry": {"type": "Point", "coordinates": [-70.94136, 42.17009]}}, {"type": "Feature", "properties": {"crashes": 11, "injury": 1, "fatal": 0, "pedestrian": 0, "density": 0.6}, "geometry": {"type": "Point", "coordinates": [-70.94294, 42.20737]}}, {"type": "Feature", "properties": {"crashes": 11, "injury": 1, "fatal": 0, "pedestrian": 0, "density": 0.6}, "geometry": {"type": "Point", "coordinates": [-71.02269, 42.28383]}}, {"type": "Feature", "properties": {"crashes": 11, "injury": 2, "fatal": 0, "pedestrian": 0, "density": 0.6}, "geometry": {"type": "Point", "coordinates": [-70.96212, 42.21821]}}, {"type": "Feature", "properties": {"crashes": 11, "injury": 2, "fatal": 0, "pedestrian": 0, "density": 0.6}, "geometry": {"type": "Point", "coordinates": [-70.82346, 42.10174]}}, {"type": "Feature", "properties": {"crashes": 11, "injury": 5, "fatal": 0, "pedestrian": 0, "density": 0.6}, "geometry": {"type": "Point", "coordinates": [-71.0234, 42.11348]}}, {"type": "Feature", "properties": {"crashes": 11, "injury": 2, "fatal": 0, "pedestrian": 0, "density": 0.6}, "geometry": {"type": "Point", "coordinates": [-71.00788, 42.27361]}}, {"type": "Feature", "properties": {"crashes": 11, "injury": 2, "fatal": 0, "pedestrian": 0, "density": 0.6}, "geometry": {"type": "Point", "coordinates": [-70.85565, 42.24366]}}, {"type": "Feature", "properties": {"crashes": 11, "injury": 5, "fatal": 0, "pedestrian": 0, "density": 0.6}, "geometry": {"type": "Point", "coordinates": [-70.99135, 42.19269]}}, {"type": "Feature", "properties": {"crashes": 11, "injury": 3, "fatal": 0, "pedestrian": 1, "density": 0.6}, "geometry": {"type": "Point", "coordinates": [-70.95518, 42.14685]}}, {"type": "Feature", "properties": {"crashes": 11, "injury": 2, "fatal": 0, "pedestrian": 0, "density": 0.6}, "geometry": {"type": "Point", "coordinates": [-70.82927, 42.12687]}}, {"type": "Feature", "properties": {"crashes": 11, "injury": 2, "fatal": 0, "pedestrian": 0, "density": 0.6}, "geometry": {"type": "Point", "coordinates": [-70.96821, 42.14603]}}, {"type": "Feature", "properties": {"crashes": 11, "injury": 1, "fatal": 0, "pedestrian": 0, "density": 0.6}, "geometry": {"type": "Point", "coordinates": [-71.026, 42.26381]}}, {"type": "Feature", "properties": {"crashes": 11, "injury": 3, "fatal": 0, "pedestrian": 1, "density": 0.6}, "geometry": {"type": "Point", "coordinates": [-70.96562, 42.14736]}}, {"type": "Feature", "properties": {"crashes": 11, "injury": 3, "fatal": 0, "pedestrian": 0, "density": 0.6}, "geometry": {"type": "Point", "coordinates": [-70.94428, 42.12471]}}, {"type": "Feature", "properties": {"crashes": 11, "injury": 2, "fatal": 0, "pedestrian": 0, "density": 0.6}, "geometry": {"type": "Point", "coordinates": [-70.96151, 42.22035]}}, {"type": "Feature", "properties": {"crashes": 11, "injury": 1, "fatal": 0, "pedestrian": 0, "density": 0.6}, "geometry": {"type": "Point", "coordinates": [-71.02593, 42.28225]}}, {"type": "Feature", "properties": {"crashes": 11, "injury": 2, "fatal": 0, "pedestrian": 0, "density": 0.6}, "geometry": {"type": "Point", "coordinates": [-70.83587, 42.19266]}}, {"type": "Feature", "properties": {"crashes": 11, "injury": 2, "fatal": 0, "pedestrian": 1, "density": 0.6}, "geometry": {"type": "Point", "coordinates": [-70.93366, 42.22357]}}, {"type": "Feature", "properties": {"crashes": 11, "injury": 0, "fatal": 0, "pedestrian": 1, "density": 0.6}, "geometry": {"type": "Point", "coordinates": [-70.96622, 42.26761]}}, {"type": "Feature", "properties": {"crashes": 11, "injury": 3, "fatal": 0, "pedestrian": 0, "density": 0.6}, "geometry": {"type": "Point", "coordinates": [-70.97895, 42.23859]}}, {"type": "Feature", "properties": {"crashes": 11, "injury": 2, "fatal": 0, "pedestrian": 1, "density": 0.6}, "geometry": {"type": "Point", "coordinates": [-70.98634, 42.24971]}}, {"type": "Feature", "properties": {"crashes": 11, "injury": 4, "fatal": 0, "pedestrian": 0, "density": 0.6}, "geometry": {"type": "Point", "coordinates": [-70.88822, 42.15434]}}, {"type": "Feature", "properties": {"crashes": 11, "injury": 1, "fatal": 0, "pedestrian": 0, "density": 0.6}, "geometry": {"type": "Point", "coordinates": [-70.95605, 42.24402]}}, {"type": "Feature", "properties": {"crashes": 11, "injury": 3, "fatal": 0, "pedestrian": 0, "density": 0.6}, "geometry": {"type": "Point", "coordinates": [-70.98264, 42.21881]}}, {"type": "Feature", "properties": {"crashes": 11, "injury": 3, "fatal": 0, "pedestrian": 0, "density": 0.6}, "geometry": {"type": "Point", "coordinates": [-70.96169, 42.21013]}}, {"type": "Feature", "properties": {"crashes": 11, "injury": 3, "fatal": 0, "pedestrian": 0, "density": 0.6}, "geometry": {"type": "Point", "coordinates": [-70.99912, 42.2114]}}, {"type": "Feature", "properties": {"crashes": 11, "injury": 4, "fatal": 0, "pedestrian": 0, "density": 0.6}, "geometry": {"type": "Point", "coordinates": [-70.86223, 42.24157]}}, {"type": "Feature", "properties": {"crashes": 11, "injury": 2, "fatal": 0, "pedestrian": 0, "density": 0.6}, "geometry": {"type": "Point", "coordinates": [-70.84414, 42.16802]}}, {"type": "Feature", "properties": {"crashes": 11, "injury": 4, "fatal": 0, "pedestrian": 0, "density": 0.6}, "geometry": {"type": "Point", "coordinates": [-70.93119, 42.1375]}}, {"type": "Feature", "properties": {"crashes": 11, "injury": 3, "fatal": 0, "pedestrian": 0, "density": 0.6}, "geometry": {"type": "Point", "coordinates": [-70.91062, 42.11978]}}, {"type": "Feature", "properties": {"crashes": 11, "injury": 8, "fatal": 0, "pedestrian": 0, "density": 0.6}, "geometry": {"type": "Point", "coordinates": [-71.02349, 42.20381]}}, {"type": "Feature", "properties": {"crashes": 11, "injury": 1, "fatal": 0, "pedestrian": 1, "density": 0.6}, "geometry": {"type": "Point", "coordinates": [-71.0217, 42.13123]}}, {"type": "Feature", "properties": {"crashes": 11, "injury": 8, "fatal": 0, "pedestrian": 0, "density": 0.6}, "geometry": {"type": "Point", "coordinates": [-70.91042, 42.15212]}}, {"type": "Feature", "properties": {"crashes": 11, "injury": 1, "fatal": 0, "pedestrian": 0, "density": 0.6}, "geometry": {"type": "Point", "coordinates": [-70.90248, 42.18423]}}, {"type": "Feature", "properties": {"crashes": 11, "injury": 4, "fatal": 0, "pedestrian": 0, "density": 0.6}, "geometry": {"type": "Point", "coordinates": [-71.0357, 42.2787]}}, {"type": "Feature", "properties": {"crashes": 11, "injury": 5, "fatal": 0, "pedestrian": 0, "density": 0.6}, "geometry": {"type": "Point", "coordinates": [-71.0275, 42.24782]}}, {"type": "Feature", "properties": {"crashes": 11, "injury": 5, "fatal": 0, "pedestrian": 1, "density": 0.6}, "geometry": {"type": "Point", "coordinates": [-70.94794, 42.17346]}}, {"type": "Feature", "properties": {"crashes": 11, "injury": 5, "fatal": 0, "pedestrian": 0, "density": 0.6}, "geometry": {"type": "Point", "coordinates": [-70.87389, 42.11669]}}, {"type": "Feature", "properties": {"crashes": 11, "injury": 3, "fatal": 0, "pedestrian": 0, "density": 0.6}, "geometry": {"type": "Point", "coordinates": [-71.01998, 42.22786]}}, {"type": "Feature", "properties": {"crashes": 11, "injury": 1, "fatal": 0, "pedestrian": 1, "density": 0.6}, "geometry": {"type": "Point", "coordinates": [-70.92559, 42.19968]}}, {"type": "Feature", "properties": {"crashes": 11, "injury": 2, "fatal": 0, "pedestrian": 0, "density": 0.6}, "geometry": {"type": "Point", "coordinates": [-71.03119, 42.2916]}}, {"type": "Feature", "properties": {"crashes": 11, "injury": 4, "fatal": 0, "pedestrian": 0, "density": 0.6}, "geometry": {"type": "Point", "coordinates": [-71.02164, 42.22556]}}, {"type": "Feature", "properties": {"crashes": 11, "injury": 4, "fatal": 0, "pedestrian": 0, "density": 0.6}, "geometry": {"type": "Point", "coordinates": [-70.90249, 42.11226]}}, {"type": "Feature", "properties": {"crashes": 11, "injury": 3, "fatal": 0, "pedestrian": 1, "density": 0.6}, "geometry": {"type": "Point", "coordinates": [-71.02539, 42.25216]}}, {"type": "Feature", "properties": {"crashes": 11, "injury": 4, "fatal": 1, "pedestrian": 1, "density": 0.6}, "geometry": {"type": "Point", "coordinates": [-70.82814, 42.24626]}}, {"type": "Feature", "properties": {"crashes": 11, "injury": 2, "fatal": 0, "pedestrian": 0, "density": 0.6}, "geometry": {"type": "Point", "coordinates": [-70.95445, 42.15171]}}, {"type": "Feature", "properties": {"crashes": 11, "injury": 5, "fatal": 0, "pedestrian": 0, "density": 0.6}, "geometry": {"type": "Point", "coordinates": [-70.9986, 42.20008]}}, {"type": "Feature", "properties": {"crashes": 10, "injury": 3, "fatal": 0, "pedestrian": 1, "density": 0.6}, "geometry": {"type": "Point", "coordinates": [-70.96847, 42.20274]}}, {"type": "Feature", "properties": {"crashes": 10, "injury": 3, "fatal": 0, "pedestrian": 0, "density": 0.6}, "geometry": {"type": "Point", "coordinates": [-70.8766, 42.22934]}}, {"type": "Feature", "properties": {"crashes": 10, "injury": 2, "fatal": 0, "pedestrian": 0, "density": 0.6}, "geometry": {"type": "Point", "coordinates": [-71.02548, 42.24851]}}, {"type": "Feature", "properties": {"crashes": 10, "injury": 0, "fatal": 0, "pedestrian": 0, "density": 0.6}, "geometry": {"type": "Point", "coordinates": [-70.99993, 42.24024]}}, {"type": "Feature", "properties": {"crashes": 10, "injury": 1, "fatal": 0, "pedestrian": 0, "density": 0.6}, "geometry": {"type": "Point", "coordinates": [-70.87759, 42.1104]}}, {"type": "Feature", "properties": {"crashes": 10, "injury": 1, "fatal": 0, "pedestrian": 0, "density": 0.6}, "geometry": {"type": "Point", "coordinates": [-70.88799, 42.13801]}}, {"type": "Feature", "properties": {"crashes": 10, "injury": 4, "fatal": 0, "pedestrian": 0, "density": 0.6}, "geometry": {"type": "Point", "coordinates": [-71.00211, 42.1163]}}, {"type": "Feature", "properties": {"crashes": 10, "injury": 3, "fatal": 0, "pedestrian": 0, "density": 0.6}, "geometry": {"type": "Point", "coordinates": [-71.04239, 42.26437]}}, {"type": "Feature", "properties": {"crashes": 10, "injury": 3, "fatal": 0, "pedestrian": 0, "density": 0.6}, "geometry": {"type": "Point", "coordinates": [-71.01432, 42.26148]}}, {"type": "Feature", "properties": {"crashes": 10, "injury": 4, "fatal": 0, "pedestrian": 0, "density": 0.6}, "geometry": {"type": "Point", "coordinates": [-70.99631, 42.16199]}}, {"type": "Feature", "properties": {"crashes": 10, "injury": 3, "fatal": 0, "pedestrian": 0, "density": 0.6}, "geometry": {"type": "Point", "coordinates": [-70.99348, 42.20623]}}, {"type": "Feature", "properties": {"crashes": 10, "injury": 1, "fatal": 0, "pedestrian": 0, "density": 0.6}, "geometry": {"type": "Point", "coordinates": [-70.93394, 42.20001]}}, {"type": "Feature", "properties": {"crashes": 10, "injury": 2, "fatal": 0, "pedestrian": 0, "density": 0.6}, "geometry": {"type": "Point", "coordinates": [-70.89252, 42.23571]}}, {"type": "Feature", "properties": {"crashes": 10, "injury": 1, "fatal": 0, "pedestrian": 0, "density": 0.6}, "geometry": {"type": "Point", "coordinates": [-70.89389, 42.25197]}}, {"type": "Feature", "properties": {"crashes": 10, "injury": 2, "fatal": 0, "pedestrian": 0, "density": 0.6}, "geometry": {"type": "Point", "coordinates": [-70.97044, 42.12018]}}, {"type": "Feature", "properties": {"crashes": 10, "injury": 2, "fatal": 0, "pedestrian": 0, "density": 0.6}, "geometry": {"type": "Point", "coordinates": [-70.94732, 42.12235]}}, {"type": "Feature", "properties": {"crashes": 10, "injury": 5, "fatal": 0, "pedestrian": 0, "density": 0.6}, "geometry": {"type": "Point", "coordinates": [-70.8586, 42.24278]}}, {"type": "Feature", "properties": {"crashes": 10, "injury": 0, "fatal": 0, "pedestrian": 0, "density": 0.6}, "geometry": {"type": "Point", "coordinates": [-70.83732, 42.24196]}}, {"type": "Feature", "properties": {"crashes": 10, "injury": 5, "fatal": 0, "pedestrian": 1, "density": 0.6}, "geometry": {"type": "Point", "coordinates": [-70.96439, 42.25321]}}, {"type": "Feature", "properties": {"crashes": 10, "injury": 5, "fatal": 0, "pedestrian": 1, "density": 0.6}, "geometry": {"type": "Point", "coordinates": [-71.01804, 42.14454]}}, {"type": "Feature", "properties": {"crashes": 10, "injury": 4, "fatal": 0, "pedestrian": 0, "density": 0.6}, "geometry": {"type": "Point", "coordinates": [-70.95775, 42.15438]}}, {"type": "Feature", "properties": {"crashes": 10, "injury": 5, "fatal": 0, "pedestrian": 0, "density": 0.6}, "geometry": {"type": "Point", "coordinates": [-70.9977, 42.15415]}}, {"type": "Feature", "properties": {"crashes": 10, "injury": 1, "fatal": 0, "pedestrian": 0, "density": 0.6}, "geometry": {"type": "Point", "coordinates": [-70.84612, 42.15825]}}, {"type": "Feature", "properties": {"crashes": 10, "injury": 1, "fatal": 0, "pedestrian": 0, "density": 0.6}, "geometry": {"type": "Point", "coordinates": [-70.99967, 42.23393]}}, {"type": "Feature", "properties": {"crashes": 10, "injury": 5, "fatal": 0, "pedestrian": 0, "density": 0.6}, "geometry": {"type": "Point", "coordinates": [-70.87715, 42.14518]}}, {"type": "Feature", "properties": {"crashes": 10, "injury": 2, "fatal": 0, "pedestrian": 0, "density": 0.6}, "geometry": {"type": "Point", "coordinates": [-70.98407, 42.19565]}}, {"type": "Feature", "properties": {"crashes": 10, "injury": 4, "fatal": 0, "pedestrian": 1, "density": 0.6}, "geometry": {"type": "Point", "coordinates": [-71.01468, 42.22434]}}, {"type": "Feature", "properties": {"crashes": 10, "injury": 4, "fatal": 0, "pedestrian": 0, "density": 0.6}, "geometry": {"type": "Point", "coordinates": [-70.93429, 42.10886]}}, {"type": "Feature", "properties": {"crashes": 10, "injury": 3, "fatal": 0, "pedestrian": 1, "density": 0.6}, "geometry": {"type": "Point", "coordinates": [-70.84779, 42.25818]}}, {"type": "Feature", "properties": {"crashes": 10, "injury": 1, "fatal": 0, "pedestrian": 0, "density": 0.6}, "geometry": {"type": "Point", "coordinates": [-70.9658, 42.13049]}}, {"type": "Feature", "properties": {"crashes": 10, "injury": 5, "fatal": 0, "pedestrian": 0, "density": 0.6}, "geometry": {"type": "Point", "coordinates": [-70.94582, 42.1915]}}, {"type": "Feature", "properties": {"crashes": 10, "injury": 2, "fatal": 0, "pedestrian": 0, "density": 0.6}, "geometry": {"type": "Point", "coordinates": [-71.00023, 42.26225]}}, {"type": "Feature", "properties": {"crashes": 10, "injury": 1, "fatal": 0, "pedestrian": 0, "density": 0.6}, "geometry": {"type": "Point", "coordinates": [-71.02214, 42.23994]}}, {"type": "Feature", "properties": {"crashes": 10, "injury": 0, "fatal": 0, "pedestrian": 0, "density": 0.6}, "geometry": {"type": "Point", "coordinates": [-70.88461, 42.29809]}}, {"type": "Feature", "properties": {"crashes": 10, "injury": 4, "fatal": 0, "pedestrian": 0, "density": 0.6}, "geometry": {"type": "Point", "coordinates": [-71.01359, 42.17357]}}, {"type": "Feature", "properties": {"crashes": 10, "injury": 1, "fatal": 0, "pedestrian": 0, "density": 0.6}, "geometry": {"type": "Point", "coordinates": [-70.90215, 42.2535]}}, {"type": "Feature", "properties": {"crashes": 10, "injury": 5, "fatal": 0, "pedestrian": 0, "density": 0.6}, "geometry": {"type": "Point", "coordinates": [-70.86094, 42.25167]}}, {"type": "Feature", "properties": {"crashes": 10, "injury": 1, "fatal": 0, "pedestrian": 1, "density": 0.6}, "geometry": {"type": "Point", "coordinates": [-70.97997, 42.24629]}}, {"type": "Feature", "properties": {"crashes": 10, "injury": 1, "fatal": 0, "pedestrian": 0, "density": 0.6}, "geometry": {"type": "Point", "coordinates": [-70.89967, 42.25625]}}, {"type": "Feature", "properties": {"crashes": 10, "injury": 2, "fatal": 0, "pedestrian": 0, "density": 0.6}, "geometry": {"type": "Point", "coordinates": [-71.01279, 42.2186]}}, {"type": "Feature", "properties": {"crashes": 10, "injury": 5, "fatal": 0, "pedestrian": 0, "density": 0.6}, "geometry": {"type": "Point", "coordinates": [-71.01542, 42.17237]}}, {"type": "Feature", "properties": {"crashes": 10, "injury": 6, "fatal": 2, "pedestrian": 0, "density": 0.6}, "geometry": {"type": "Point", "coordinates": [-70.90206, 42.12368]}}, {"type": "Feature", "properties": {"crashes": 10, "injury": 1, "fatal": 0, "pedestrian": 0, "density": 0.6}, "geometry": {"type": "Point", "coordinates": [-70.93779, 42.23534]}}, {"type": "Feature", "properties": {"crashes": 10, "injury": 5, "fatal": 0, "pedestrian": 1, "density": 0.6}, "geometry": {"type": "Point", "coordinates": [-70.92011, 42.21817]}}, {"type": "Feature", "properties": {"crashes": 10, "injury": 2, "fatal": 0, "pedestrian": 0, "density": 0.6}, "geometry": {"type": "Point", "coordinates": [-70.95201, 42.24748]}}, {"type": "Feature", "properties": {"crashes": 10, "injury": 3, "fatal": 0, "pedestrian": 0, "density": 0.6}, "geometry": {"type": "Point", "coordinates": [-70.85708, 42.12613]}}, {"type": "Feature", "properties": {"crashes": 10, "injury": 7, "fatal": 0, "pedestrian": 0, "density": 0.6}, "geometry": {"type": "Point", "coordinates": [-71.00592, 42.10365]}}, {"type": "Feature", "properties": {"crashes": 10, "injury": 1, "fatal": 0, "pedestrian": 1, "density": 0.6}, "geometry": {"type": "Point", "coordinates": [-71.04204, 42.24615]}}, {"type": "Feature", "properties": {"crashes": 10, "injury": 2, "fatal": 0, "pedestrian": 1, "density": 0.6}, "geometry": {"type": "Point", "coordinates": [-71.00838, 42.24189]}}, {"type": "Feature", "properties": {"crashes": 10, "injury": 5, "fatal": 0, "pedestrian": 0, "density": 0.6}, "geometry": {"type": "Point", "coordinates": [-70.89391, 42.13845]}}, {"type": "Feature", "properties": {"crashes": 10, "injury": 2, "fatal": 0, "pedestrian": 0, "density": 0.6}, "geometry": {"type": "Point", "coordinates": [-70.86242, 42.13601]}}, {"type": "Feature", "properties": {"crashes": 10, "injury": 5, "fatal": 0, "pedestrian": 0, "density": 0.6}, "geometry": {"type": "Point", "coordinates": [-70.97158, 42.10406]}}, {"type": "Feature", "properties": {"crashes": 10, "injury": 1, "fatal": 0, "pedestrian": 0, "density": 0.6}, "geometry": {"type": "Point", "coordinates": [-70.98561, 42.24575]}}, {"type": "Feature", "properties": {"crashes": 10, "injury": 3, "fatal": 0, "pedestrian": 0, "density": 0.6}, "geometry": {"type": "Point", "coordinates": [-70.98799, 42.16029]}}, {"type": "Feature", "properties": {"crashes": 10, "injury": 2, "fatal": 0, "pedestrian": 0, "density": 0.6}, "geometry": {"type": "Point", "coordinates": [-70.87034, 42.12834]}}, {"type": "Feature", "properties": {"crashes": 10, "injury": 3, "fatal": 0, "pedestrian": 0, "density": 0.6}, "geometry": {"type": "Point", "coordinates": [-70.98766, 42.14777]}}, {"type": "Feature", "properties": {"crashes": 10, "injury": 3, "fatal": 0, "pedestrian": 0, "density": 0.6}, "geometry": {"type": "Point", "coordinates": [-70.90349, 42.14792]}}, {"type": "Feature", "properties": {"crashes": 10, "injury": 4, "fatal": 0, "pedestrian": 0, "density": 0.6}, "geometry": {"type": "Point", "coordinates": [-70.97178, 42.10148]}}, {"type": "Feature", "properties": {"crashes": 10, "injury": 1, "fatal": 0, "pedestrian": 0, "density": 0.6}, "geometry": {"type": "Point", "coordinates": [-70.97061, 42.16993]}}, {"type": "Feature", "properties": {"crashes": 10, "injury": 4, "fatal": 0, "pedestrian": 0, "density": 0.6}, "geometry": {"type": "Point", "coordinates": [-70.84405, 42.15045]}}, {"type": "Feature", "properties": {"crashes": 10, "injury": 1, "fatal": 0, "pedestrian": 0, "density": 0.6}, "geometry": {"type": "Point", "coordinates": [-70.99266, 42.15935]}}, {"type": "Feature", "properties": {"crashes": 10, "injury": 6, "fatal": 0, "pedestrian": 0, "density": 0.6}, "geometry": {"type": "Point", "coordinates": [-71.04946, 42.27044]}}, {"type": "Feature", "properties": {"crashes": 10, "injury": 3, "fatal": 0, "pedestrian": 0, "density": 0.6}, "geometry": {"type": "Point", "coordinates": [-70.88078, 42.1732]}}, {"type": "Feature", "properties": {"crashes": 10, "injury": 3, "fatal": 0, "pedestrian": 1, "density": 0.6}, "geometry": {"type": "Point", "coordinates": [-70.91112, 42.22713]}}, {"type": "Feature", "properties": {"crashes": 10, "injury": 2, "fatal": 0, "pedestrian": 1, "density": 0.6}, "geometry": {"type": "Point", "coordinates": [-70.89755, 42.24198]}}, {"type": "Feature", "properties": {"crashes": 10, "injury": 5, "fatal": 0, "pedestrian": 0, "density": 0.6}, "geometry": {"type": "Point", "coordinates": [-70.99373, 42.2261]}}, {"type": "Feature", "properties": {"crashes": 10, "injury": 2, "fatal": 0, "pedestrian": 0, "density": 0.6}, "geometry": {"type": "Point", "coordinates": [-71.01219, 42.22605]}}, {"type": "Feature", "properties": {"crashes": 10, "injury": 4, "fatal": 0, "pedestrian": 1, "density": 0.6}, "geometry": {"type": "Point", "coordinates": [-71.00009, 42.17427]}}, {"type": "Feature", "properties": {"crashes": 10, "injury": 4, "fatal": 0, "pedestrian": 0, "density": 0.6}, "geometry": {"type": "Point", "coordinates": [-70.98475, 42.19723]}}, {"type": "Feature", "properties": {"crashes": 10, "injury": 3, "fatal": 0, "pedestrian": 0, "density": 0.6}, "geometry": {"type": "Point", "coordinates": [-70.91982, 42.12583]}}, {"type": "Feature", "properties": {"crashes": 10, "injury": 5, "fatal": 0, "pedestrian": 1, "density": 0.6}, "geometry": {"type": "Point", "coordinates": [-70.90883, 42.12545]}}, {"type": "Feature", "properties": {"crashes": 10, "injury": 2, "fatal": 0, "pedestrian": 0, "density": 0.6}, "geometry": {"type": "Point", "coordinates": [-70.85424, 42.2662]}}, {"type": "Feature", "properties": {"crashes": 10, "injury": 2, "fatal": 0, "pedestrian": 0, "density": 0.6}, "geometry": {"type": "Point", "coordinates": [-70.88069, 42.2956]}}, {"type": "Feature", "properties": {"crashes": 10, "injury": 3, "fatal": 0, "pedestrian": 0, "density": 0.6}, "geometry": {"type": "Point", "coordinates": [-70.87771, 42.29198]}}, {"type": "Feature", "properties": {"crashes": 10, "injury": 4, "fatal": 0, "pedestrian": 0, "density": 0.6}, "geometry": {"type": "Point", "coordinates": [-70.85166, 42.15363]}}, {"type": "Feature", "properties": {"crashes": 10, "injury": 2, "fatal": 0, "pedestrian": 0, "density": 0.6}, "geometry": {"type": "Point", "coordinates": [-70.8365, 42.13124]}}, {"type": "Feature", "properties": {"crashes": 10, "injury": 2, "fatal": 0, "pedestrian": 0, "density": 0.6}, "geometry": {"type": "Point", "coordinates": [-70.94632, 42.24638]}}, {"type": "Feature", "properties": {"crashes": 10, "injury": 2, "fatal": 0, "pedestrian": 0, "density": 0.6}, "geometry": {"type": "Point", "coordinates": [-70.95228, 42.24622]}}, {"type": "Feature", "properties": {"crashes": 10, "injury": 4, "fatal": 0, "pedestrian": 0, "density": 0.6}, "geometry": {"type": "Point", "coordinates": [-70.85468, 42.24333]}}, {"type": "Feature", "properties": {"crashes": 10, "injury": 7, "fatal": 0, "pedestrian": 0, "density": 0.6}, "geometry": {"type": "Point", "coordinates": [-70.99668, 42.182]}}, {"type": "Feature", "properties": {"crashes": 10, "injury": 1, "fatal": 0, "pedestrian": 1, "density": 0.6}, "geometry": {"type": "Point", "coordinates": [-70.954, 42.16875]}}, {"type": "Feature", "properties": {"crashes": 10, "injury": 5, "fatal": 0, "pedestrian": 0, "density": 0.6}, "geometry": {"type": "Point", "coordinates": [-70.92382, 42.13183]}}, {"type": "Feature", "properties": {"crashes": 10, "injury": 0, "fatal": 0, "pedestrian": 0, "density": 0.6}, "geometry": {"type": "Point", "coordinates": [-71.01545, 42.27385]}}, {"type": "Feature", "properties": {"crashes": 10, "injury": 6, "fatal": 0, "pedestrian": 0, "density": 0.6}, "geometry": {"type": "Point", "coordinates": [-70.90644, 42.12372]}}, {"type": "Feature", "properties": {"crashes": 10, "injury": 4, "fatal": 0, "pedestrian": 1, "density": 0.6}, "geometry": {"type": "Point", "coordinates": [-71.03501, 42.11477]}}, {"type": "Feature", "properties": {"crashes": 10, "injury": 2, "fatal": 0, "pedestrian": 1, "density": 0.6}, "geometry": {"type": "Point", "coordinates": [-70.9855, 42.21598]}}, {"type": "Feature", "properties": {"crashes": 10, "injury": 2, "fatal": 0, "pedestrian": 0, "density": 0.6}, "geometry": {"type": "Point", "coordinates": [-70.87736, 42.28618]}}, {"type": "Feature", "properties": {"crashes": 10, "injury": 1, "fatal": 0, "pedestrian": 1, "density": 0.6}, "geometry": {"type": "Point", "coordinates": [-70.95993, 42.12974]}}, {"type": "Feature", "properties": {"crashes": 10, "injury": 3, "fatal": 0, "pedestrian": 0, "density": 0.6}, "geometry": {"type": "Point", "coordinates": [-71.04979, 42.25471]}}, {"type": "Feature", "properties": {"crashes": 10, "injury": 0, "fatal": 0, "pedestrian": 0, "density": 0.6}, "geometry": {"type": "Point", "coordinates": [-71.01386, 42.14772]}}, {"type": "Feature", "properties": {"crashes": 10, "injury": 1, "fatal": 0, "pedestrian": 0, "density": 0.6}, "geometry": {"type": "Point", "coordinates": [-70.9001, 42.19391]}}, {"type": "Feature", "properties": {"crashes": 10, "injury": 3, "fatal": 0, "pedestrian": 0, "density": 0.6}, "geometry": {"type": "Point", "coordinates": [-71.02966, 42.25169]}}, {"type": "Feature", "properties": {"crashes": 10, "injury": 5, "fatal": 0, "pedestrian": 0, "density": 0.6}, "geometry": {"type": "Point", "coordinates": [-70.9539, 42.21713]}}, {"type": "Feature", "properties": {"crashes": 10, "injury": 3, "fatal": 0, "pedestrian": 1, "density": 0.6}, "geometry": {"type": "Point", "coordinates": [-70.93743, 42.23869]}}, {"type": "Feature", "properties": {"crashes": 10, "injury": 0, "fatal": 0, "pedestrian": 0, "density": 0.6}, "geometry": {"type": "Point", "coordinates": [-70.89399, 42.24169]}}, {"type": "Feature", "properties": {"crashes": 10, "injury": 1, "fatal": 0, "pedestrian": 0, "density": 0.6}, "geometry": {"type": "Point", "coordinates": [-70.92839, 42.20001]}}, {"type": "Feature", "properties": {"crashes": 10, "injury": 5, "fatal": 0, "pedestrian": 0, "density": 0.6}, "geometry": {"type": "Point", "coordinates": [-70.89059, 42.16181]}}, {"type": "Feature", "properties": {"crashes": 10, "injury": 4, "fatal": 0, "pedestrian": 0, "density": 0.6}, "geometry": {"type": "Point", "coordinates": [-70.94636, 42.21823]}}, {"type": "Feature", "properties": {"crashes": 10, "injury": 2, "fatal": 0, "pedestrian": 0, "density": 0.6}, "geometry": {"type": "Point", "coordinates": [-70.97236, 42.13588]}}, {"type": "Feature", "properties": {"crashes": 10, "injury": 2, "fatal": 0, "pedestrian": 0, "density": 0.6}, "geometry": {"type": "Point", "coordinates": [-70.93055, 42.21684]}}, {"type": "Feature", "properties": {"crashes": 10, "injury": 8, "fatal": 0, "pedestrian": 0, "density": 0.6}, "geometry": {"type": "Point", "coordinates": [-71.01708, 42.11926]}}, {"type": "Feature", "properties": {"crashes": 10, "injury": 1, "fatal": 0, "pedestrian": 0, "density": 0.6}, "geometry": {"type": "Point", "coordinates": [-70.83576, 42.18942]}}, {"type": "Feature", "properties": {"crashes": 10, "injury": 0, "fatal": 0, "pedestrian": 0, "density": 0.6}, "geometry": {"type": "Point", "coordinates": [-70.86617, 42.27183]}}, {"type": "Feature", "properties": {"crashes": 10, "injury": 0, "fatal": 0, "pedestrian": 0, "density": 0.6}, "geometry": {"type": "Point", "coordinates": [-70.86417, 42.27408]}}, {"type": "Feature", "properties": {"crashes": 10, "injury": 3, "fatal": 0, "pedestrian": 1, "density": 0.6}, "geometry": {"type": "Point", "coordinates": [-71.0228, 42.2882]}}, {"type": "Feature", "properties": {"crashes": 10, "injury": 3, "fatal": 0, "pedestrian": 0, "density": 0.6}, "geometry": {"type": "Point", "coordinates": [-71.02827, 42.15428]}}, {"type": "Feature", "properties": {"crashes": 10, "injury": 6, "fatal": 0, "pedestrian": 0, "density": 0.6}, "geometry": {"type": "Point", "coordinates": [-71.01778, 42.19946]}}, {"type": "Feature", "properties": {"crashes": 10, "injury": 1, "fatal": 0, "pedestrian": 1, "density": 0.6}, "geometry": {"type": "Point", "coordinates": [-71.01346, 42.24384]}}, {"type": "Feature", "properties": {"crashes": 10, "injury": 5, "fatal": 0, "pedestrian": 0, "density": 0.6}, "geometry": {"type": "Point", "coordinates": [-71.01386, 42.22606]}}, {"type": "Feature", "properties": {"crashes": 10, "injury": 3, "fatal": 0, "pedestrian": 0, "density": 0.6}, "geometry": {"type": "Point", "coordinates": [-70.99929, 42.12362]}}, {"type": "Feature", "properties": {"crashes": 10, "injury": 5, "fatal": 0, "pedestrian": 0, "density": 0.6}, "geometry": {"type": "Point", "coordinates": [-71.01184, 42.24972]}}, {"type": "Feature", "properties": {"crashes": 10, "injury": 5, "fatal": 0, "pedestrian": 0, "density": 0.6}, "geometry": {"type": "Point", "coordinates": [-71.01781, 42.22577]}}, {"type": "Feature", "properties": {"crashes": 10, "injury": 5, "fatal": 0, "pedestrian": 0, "density": 0.6}, "geometry": {"type": "Point", "coordinates": [-71.00723, 42.1899]}}]}