{
  "type": "FeatureCollection",
  "metadata": {
    "source": "Minnesota DPS Road Safety Information Center (MnCrash via CARTO)",
    "bounding_box": {
      "north": 44.88,
      "south": 44.78,
      "west": -93.4,
      "east": -93.2
    },
    "total_crashes": 23720,
    "years": [
      2016,
      2017,
      2018,
      2019,
      2020,
      2021,
      2022,
      2023,
      2024,
      2025
    ],
    "year_span": 10,
    "severity_breakdown": {
      "No Apparent Injury": 17639,
      "Possible Injury": 3745,
      "Suspected Minor Injury": 1960,
      "Suspected Serious Injury": 315,
      "Killed": 61
    },
    "total_fatalities": 63,
    "total_injuries": 8141,
    "total_pedestrian_crashes": 423,
    "cells_with_10_plus": 489,
    "cell_size_degrees": 0.002,
    "generated": "2026-07-06T19:33:00.757Z"
  },
  "features": [
    {
      "type": "Feature",
      "properties": {
        "crashes": 400,
        "injury": 119,
        "fatal": 0,
        "pedestrian": 12,
        "density": 40
      },
      "geometry": {
        "type": "Point",
        "coordinates": [
          -93.268,
          44.862
        ]
      }
    },
    {
      "type": "Feature",
      "properties": {
        "crashes": 326,
        "injury": 62,
        "fatal": 1,
        "pedestrian": 0,
        "density": 32.6
      },
      "geometry": {
        "type": "Point",
        "coordinates": [
          -93.298,
          44.862
        ]
      }
    },
    {
      "type": "Feature",
      "properties": {
        "crashes": 247,
        "injury": 73,
        "fatal": 0,
        "pedestrian": 2,
        "density": 24.7
      },
      "geometry": {
        "type": "Point",
        "coordinates": [
          -93.258,
          44.862
        ]
      }
    },
    {
      "type": "Feature",
      "properties": {
        "crashes": 230,
        "injury": 32,
        "fatal": 1,
        "pedestrian": 0,
        "density": 23
      },
      "geometry": {
        "type": "Point",
        "coordinates": [
          -93.298,
          44.858
        ]
      }
    },
    {
      "type": "Feature",
      "properties": {
        "crashes": 212,
        "injury": 43,
        "fatal": 0,
        "pedestrian": 1,
        "density": 21.2
      },
      "geometry": {
        "type": "Point",
        "coordinates": [
          -93.308,
          44.862
        ]
      }
    },
    {
      "type": "Feature",
      "properties": {
        "crashes": 202,
        "injury": 35,
        "fatal": 0,
        "pedestrian": 0,
        "density": 20.2
      },
      "geometry": {
        "type": "Point",
        "coordinates": [
          -93.298,
          44.86
        ]
      }
    },
    {
      "type": "Feature",
      "properties": {
        "crashes": 186,
        "injury": 31,
        "fatal": 0,
        "pedestrian": 0,
        "density": 18.6
      },
      "geometry": {
        "type": "Point",
        "coordinates": [
          -93.31,
          44.862
        ]
      }
    },
    {
      "type": "Feature",
      "properties": {
        "crashes": 178,
        "injury": 28,
        "fatal": 1,
        "pedestrian": 6,
        "density": 17.8
      },
      "geometry": {
        "type": "Point",
        "coordinates": [
          -93.278,
          44.862
        ]
      }
    },
    {
      "type": "Feature",
      "properties": {
        "crashes": 162,
        "injury": 44,
        "fatal": 0,
        "pedestrian": 1,
        "density": 16.2
      },
      "geometry": {
        "type": "Point",
        "coordinates": [
          -93.328,
          44.86
        ]
      }
    },
    {
      "type": "Feature",
      "properties": {
        "crashes": 151,
        "injury": 42,
        "fatal": 1,
        "pedestrian": 1,
        "density": 15.1
      },
      "geometry": {
        "type": "Point",
        "coordinates": [
          -93.26,
          44.862
        ]
      }
    },
    {
      "type": "Feature",
      "properties": {
        "crashes": 143,
        "injury": 18,
        "fatal": 0,
        "pedestrian": 0,
        "density": 14.3
      },
      "geometry": {
        "type": "Point",
        "coordinates": [
          -93.274,
          44.862
        ]
      }
    },
    {
      "type": "Feature",
      "properties": {
        "crashes": 142,
        "injury": 28,
        "fatal": 0,
        "pedestrian": 2,
        "density": 14.2
      },
      "geometry": {
        "type": "Point",
        "coordinates": [
          -93.288,
          44.862
        ]
      }
    },
    {
      "type": "Feature",
      "properties": {
        "crashes": 140,
        "injury": 41,
        "fatal": 0,
        "pedestrian": 2,
        "density": 14
      },
      "geometry": {
        "type": "Point",
        "coordinates": [
          -93.224,
          44.79
        ]
      }
    },
    {
      "type": "Feature",
      "properties": {
        "crashes": 138,
        "injury": 21,
        "fatal": 1,
        "pedestrian": 0,
        "density": 13.8
      },
      "geometry": {
        "type": "Point",
        "coordinates": [
          -93.3,
          44.862
        ]
      }
    },
    {
      "type": "Feature",
      "properties": {
        "crashes": 138,
        "injury": 34,
        "fatal": 0,
        "pedestrian": 0,
        "density": 13.8
      },
      "geometry": {
        "type": "Point",
        "coordinates": [
          -93.266,
          44.862
        ]
      }
    },
    {
      "type": "Feature",
      "properties": {
        "crashes": 135,
        "injury": 27,
        "fatal": 0,
        "pedestrian": 0,
        "density": 13.5
      },
      "geometry": {
        "type": "Point",
        "coordinates": [
          -93.296,
          44.862
        ]
      }
    },
    {
      "type": "Feature",
      "properties": {
        "crashes": 130,
        "injury": 27,
        "fatal": 0,
        "pedestrian": 2,
        "density": 13
      },
      "geometry": {
        "type": "Point",
        "coordinates": [
          -93.298,
          44.856
        ]
      }
    },
    {
      "type": "Feature",
      "properties": {
        "crashes": 128,
        "injury": 21,
        "fatal": 0,
        "pedestrian": 2,
        "density": 12.8
      },
      "geometry": {
        "type": "Point",
        "coordinates": [
          -93.33,
          44.858
        ]
      }
    },
    {
      "type": "Feature",
      "properties": {
        "crashes": 127,
        "injury": 27,
        "fatal": 0,
        "pedestrian": 0,
        "density": 12.7
      },
      "geometry": {
        "type": "Point",
        "coordinates": [
          -93.29,
          44.862
        ]
      }
    },
    {
      "type": "Feature",
      "properties": {
        "crashes": 125,
        "injury": 22,
        "fatal": 0,
        "pedestrian": 0,
        "density": 12.5
      },
      "geometry": {
        "type": "Point",
        "coordinates": [
          -93.272,
          44.862
        ]
      }
    },
    {
      "type": "Feature",
      "properties": {
        "crashes": 124,
        "injury": 11,
        "fatal": 0,
        "pedestrian": 0,
        "density": 12.4
      },
      "geometry": {
        "type": "Point",
        "coordinates": [
          -93.304,
          44.862
        ]
      }
    },
    {
      "type": "Feature",
      "properties": {
        "crashes": 122,
        "injury": 27,
        "fatal": 0,
        "pedestrian": 1,
        "density": 12.2
      },
      "geometry": {
        "type": "Point",
        "coordinates": [
          -93.35,
          44.862
        ]
      }
    },
    {
      "type": "Feature",
      "properties": {
        "crashes": 120,
        "injury": 25,
        "fatal": 0,
        "pedestrian": 0,
        "density": 12
      },
      "geometry": {
        "type": "Point",
        "coordinates": [
          -93.294,
          44.862
        ]
      }
    },
    {
      "type": "Feature",
      "properties": {
        "crashes": 120,
        "injury": 21,
        "fatal": 0,
        "pedestrian": 0,
        "density": 12
      },
      "geometry": {
        "type": "Point",
        "coordinates": [
          -93.284,
          44.862
        ]
      }
    },
    {
      "type": "Feature",
      "properties": {
        "crashes": 119,
        "injury": 33,
        "fatal": 0,
        "pedestrian": 0,
        "density": 11.9
      },
      "geometry": {
        "type": "Point",
        "coordinates": [
          -93.298,
          44.854
        ]
      }
    },
    {
      "type": "Feature",
      "properties": {
        "crashes": 118,
        "injury": 27,
        "fatal": 0,
        "pedestrian": 0,
        "density": 11.8
      },
      "geometry": {
        "type": "Point",
        "coordinates": [
          -93.242,
          44.79
        ]
      }
    },
    {
      "type": "Feature",
      "properties": {
        "crashes": 117,
        "injury": 28,
        "fatal": 0,
        "pedestrian": 2,
        "density": 11.7
      },
      "geometry": {
        "type": "Point",
        "coordinates": [
          -93.208,
          44.82
        ]
      }
    },
    {
      "type": "Feature",
      "properties": {
        "crashes": 115,
        "injury": 36,
        "fatal": 0,
        "pedestrian": 3,
        "density": 11.5
      },
      "geometry": {
        "type": "Point",
        "coordinates": [
          -93.218,
          44.79
        ]
      }
    },
    {
      "type": "Feature",
      "properties": {
        "crashes": 112,
        "injury": 18,
        "fatal": 1,
        "pedestrian": 0,
        "density": 11.2
      },
      "geometry": {
        "type": "Point",
        "coordinates": [
          -93.35,
          44.86
        ]
      }
    },
    {
      "type": "Feature",
      "properties": {
        "crashes": 109,
        "injury": 9,
        "fatal": 0,
        "pedestrian": 0,
        "density": 10.9
      },
      "geometry": {
        "type": "Point",
        "coordinates": [
          -93.364,
          44.86
        ]
      }
    },
    {
      "type": "Feature",
      "properties": {
        "crashes": 107,
        "injury": 27,
        "fatal": 0,
        "pedestrian": 3,
        "density": 10.7
      },
      "geometry": {
        "type": "Point",
        "coordinates": [
          -93.208,
          44.79
        ]
      }
    },
    {
      "type": "Feature",
      "properties": {
        "crashes": 106,
        "injury": 11,
        "fatal": 0,
        "pedestrian": 3,
        "density": 10.6
      },
      "geometry": {
        "type": "Point",
        "coordinates": [
          -93.208,
          44.804
        ]
      }
    },
    {
      "type": "Feature",
      "properties": {
        "crashes": 104,
        "injury": 8,
        "fatal": 0,
        "pedestrian": 0,
        "density": 10.4
      },
      "geometry": {
        "type": "Point",
        "coordinates": [
          -93.35,
          44.858
        ]
      }
    },
    {
      "type": "Feature",
      "properties": {
        "crashes": 101,
        "injury": 23,
        "fatal": 1,
        "pedestrian": 0,
        "density": 10.1
      },
      "geometry": {
        "type": "Point",
        "coordinates": [
          -93.298,
          44.848
        ]
      }
    },
    {
      "type": "Feature",
      "properties": {
        "crashes": 101,
        "injury": 11,
        "fatal": 0,
        "pedestrian": 0,
        "density": 10.1
      },
      "geometry": {
        "type": "Point",
        "coordinates": [
          -93.366,
          44.86
        ]
      }
    },
    {
      "type": "Feature",
      "properties": {
        "crashes": 101,
        "injury": 12,
        "fatal": 0,
        "pedestrian": 0,
        "density": 10.1
      },
      "geometry": {
        "type": "Point",
        "coordinates": [
          -93.302,
          44.862
        ]
      }
    },
    {
      "type": "Feature",
      "properties": {
        "crashes": 99,
        "injury": 38,
        "fatal": 0,
        "pedestrian": 5,
        "density": 9.9
      },
      "geometry": {
        "type": "Point",
        "coordinates": [
          -93.278,
          44.864
        ]
      }
    },
    {
      "type": "Feature",
      "properties": {
        "crashes": 97,
        "injury": 14,
        "fatal": 0,
        "pedestrian": 0,
        "density": 9.7
      },
      "geometry": {
        "type": "Point",
        "coordinates": [
          -93.298,
          44.852
        ]
      }
    },
    {
      "type": "Feature",
      "properties": {
        "crashes": 97,
        "injury": 14,
        "fatal": 0,
        "pedestrian": 0,
        "density": 9.7
      },
      "geometry": {
        "type": "Point",
        "coordinates": [
          -93.27,
          44.862
        ]
      }
    },
    {
      "type": "Feature",
      "properties": {
        "crashes": 96,
        "injury": 23,
        "fatal": 0,
        "pedestrian": 1,
        "density": 9.6
      },
      "geometry": {
        "type": "Point",
        "coordinates": [
          -93.254,
          44.862
        ]
      }
    },
    {
      "type": "Feature",
      "properties": {
        "crashes": 95,
        "injury": 16,
        "fatal": 2,
        "pedestrian": 0,
        "density": 9.5
      },
      "geometry": {
        "type": "Point",
        "coordinates": [
          -93.394,
          44.86
        ]
      }
    },
    {
      "type": "Feature",
      "properties": {
        "crashes": 95,
        "injury": 13,
        "fatal": 0,
        "pedestrian": 0,
        "density": 9.5
      },
      "geometry": {
        "type": "Point",
        "coordinates": [
          -93.306,
          44.862
        ]
      }
    },
    {
      "type": "Feature",
      "properties": {
        "crashes": 94,
        "injury": 13,
        "fatal": 0,
        "pedestrian": 0,
        "density": 9.4
      },
      "geometry": {
        "type": "Point",
        "coordinates": [
          -93.248,
          44.862
        ]
      }
    },
    {
      "type": "Feature",
      "properties": {
        "crashes": 93,
        "injury": 37,
        "fatal": 0,
        "pedestrian": 2,
        "density": 9.3
      },
      "geometry": {
        "type": "Point",
        "coordinates": [
          -93.258,
          44.784
        ]
      }
    },
    {
      "type": "Feature",
      "properties": {
        "crashes": 93,
        "injury": 18,
        "fatal": 0,
        "pedestrian": 0,
        "density": 9.3
      },
      "geometry": {
        "type": "Point",
        "coordinates": [
          -93.276,
          44.862
        ]
      }
    },
    {
      "type": "Feature",
      "properties": {
        "crashes": 93,
        "injury": 15,
        "fatal": 2,
        "pedestrian": 1,
        "density": 9.3
      },
      "geometry": {
        "type": "Point",
        "coordinates": [
          -93.252,
          44.862
        ]
      }
    },
    {
      "type": "Feature",
      "properties": {
        "crashes": 92,
        "injury": 18,
        "fatal": 0,
        "pedestrian": 0,
        "density": 9.2
      },
      "geometry": {
        "type": "Point",
        "coordinates": [
          -93.312,
          44.862
        ]
      }
    },
    {
      "type": "Feature",
      "properties": {
        "crashes": 91,
        "injury": 27,
        "fatal": 0,
        "pedestrian": 0,
        "density": 9.1
      },
      "geometry": {
        "type": "Point",
        "coordinates": [
          -93.292,
          44.826
        ]
      }
    },
    {
      "type": "Feature",
      "properties": {
        "crashes": 91,
        "injury": 12,
        "fatal": 0,
        "pedestrian": 0,
        "density": 9.1
      },
      "geometry": {
        "type": "Point",
        "coordinates": [
          -93.394,
          44.858
        ]
      }
    },
    {
      "type": "Feature",
      "properties": {
        "crashes": 91,
        "injury": 15,
        "fatal": 0,
        "pedestrian": 0,
        "density": 9.1
      },
      "geometry": {
        "type": "Point",
        "coordinates": [
          -93.346,
          44.858
        ]
      }
    },
    {
      "type": "Feature",
      "properties": {
        "crashes": 91,
        "injury": 16,
        "fatal": 0,
        "pedestrian": 1,
        "density": 9.1
      },
      "geometry": {
        "type": "Point",
        "coordinates": [
          -93.326,
          44.86
        ]
      }
    },
    {
      "type": "Feature",
      "properties": {
        "crashes": 91,
        "injury": 15,
        "fatal": 0,
        "pedestrian": 0,
        "density": 9.1
      },
      "geometry": {
        "type": "Point",
        "coordinates": [
          -93.292,
          44.862
        ]
      }
    },
    {
      "type": "Feature",
      "properties": {
        "crashes": 89,
        "injury": 13,
        "fatal": 0,
        "pedestrian": 0,
        "density": 8.9
      },
      "geometry": {
        "type": "Point",
        "coordinates": [
          -93.282,
          44.862
        ]
      }
    },
    {
      "type": "Feature",
      "properties": {
        "crashes": 88,
        "injury": 16,
        "fatal": 0,
        "pedestrian": 0,
        "density": 8.8
      },
      "geometry": {
        "type": "Point",
        "coordinates": [
          -93.264,
          44.862
        ]
      }
    },
    {
      "type": "Feature",
      "properties": {
        "crashes": 87,
        "injury": 18,
        "fatal": 0,
        "pedestrian": 0,
        "density": 8.7
      },
      "geometry": {
        "type": "Point",
        "coordinates": [
          -93.29,
          44.8
        ]
      }
    },
    {
      "type": "Feature",
      "properties": {
        "crashes": 86,
        "injury": 23,
        "fatal": 0,
        "pedestrian": 0,
        "density": 8.6
      },
      "geometry": {
        "type": "Point",
        "coordinates": [
          -93.288,
          44.782
        ]
      }
    },
    {
      "type": "Feature",
      "properties": {
        "crashes": 86,
        "injury": 16,
        "fatal": 0,
        "pedestrian": 0,
        "density": 8.6
      },
      "geometry": {
        "type": "Point",
        "coordinates": [
          -93.238,
          44.862
        ]
      }
    },
    {
      "type": "Feature",
      "properties": {
        "crashes": 85,
        "injury": 20,
        "fatal": 0,
        "pedestrian": 0,
        "density": 8.5
      },
      "geometry": {
        "type": "Point",
        "coordinates": [
          -93.246,
          44.862
        ]
      }
    },
    {
      "type": "Feature",
      "properties": {
        "crashes": 84,
        "injury": 13,
        "fatal": 0,
        "pedestrian": 0,
        "density": 8.4
      },
      "geometry": {
        "type": "Point",
        "coordinates": [
          -93.344,
          44.858
        ]
      }
    },
    {
      "type": "Feature",
      "properties": {
        "crashes": 81,
        "injury": 12,
        "fatal": 0,
        "pedestrian": 0,
        "density": 8.1
      },
      "geometry": {
        "type": "Point",
        "coordinates": [
          -93.398,
          44.836
        ]
      }
    },
    {
      "type": "Feature",
      "properties": {
        "crashes": 80,
        "injury": 12,
        "fatal": 0,
        "pedestrian": 0,
        "density": 8
      },
      "geometry": {
        "type": "Point",
        "coordinates": [
          -93.292,
          44.828
        ]
      }
    },
    {
      "type": "Feature",
      "properties": {
        "crashes": 79,
        "injury": 19,
        "fatal": 0,
        "pedestrian": 2,
        "density": 7.9
      },
      "geometry": {
        "type": "Point",
        "coordinates": [
          -93.248,
          44.788
        ]
      }
    },
    {
      "type": "Feature",
      "properties": {
        "crashes": 79,
        "injury": 18,
        "fatal": 1,
        "pedestrian": 3,
        "density": 7.9
      },
      "geometry": {
        "type": "Point",
        "coordinates": [
          -93.298,
          44.84
        ]
      }
    },
    {
      "type": "Feature",
      "properties": {
        "crashes": 77,
        "injury": 11,
        "fatal": 0,
        "pedestrian": 1,
        "density": 7.7
      },
      "geometry": {
        "type": "Point",
        "coordinates": [
          -93.256,
          44.862
        ]
      }
    },
    {
      "type": "Feature",
      "properties": {
        "crashes": 76,
        "injury": 24,
        "fatal": 0,
        "pedestrian": 3,
        "density": 7.6
      },
      "geometry": {
        "type": "Point",
        "coordinates": [
          -93.22,
          44.79
        ]
      }
    },
    {
      "type": "Feature",
      "properties": {
        "crashes": 76,
        "injury": 12,
        "fatal": 1,
        "pedestrian": 0,
        "density": 7.6
      },
      "geometry": {
        "type": "Point",
        "coordinates": [
          -93.368,
          44.86
        ]
      }
    },
    {
      "type": "Feature",
      "properties": {
        "crashes": 75,
        "injury": 5,
        "fatal": 0,
        "pedestrian": 0,
        "density": 7.5
      },
      "geometry": {
        "type": "Point",
        "coordinates": [
          -93.394,
          44.856
        ]
      }
    },
    {
      "type": "Feature",
      "properties": {
        "crashes": 75,
        "injury": 11,
        "fatal": 0,
        "pedestrian": 0,
        "density": 7.5
      },
      "geometry": {
        "type": "Point",
        "coordinates": [
          -93.25,
          44.862
        ]
      }
    },
    {
      "type": "Feature",
      "properties": {
        "crashes": 74,
        "injury": 12,
        "fatal": 1,
        "pedestrian": 1,
        "density": 7.4
      },
      "geometry": {
        "type": "Point",
        "coordinates": [
          -93.398,
          44.842
        ]
      }
    },
    {
      "type": "Feature",
      "properties": {
        "crashes": 74,
        "injury": 16,
        "fatal": 0,
        "pedestrian": 0,
        "density": 7.4
      },
      "geometry": {
        "type": "Point",
        "coordinates": [
          -93.384,
          44.86
        ]
      }
    },
    {
      "type": "Feature",
      "properties": {
        "crashes": 73,
        "injury": 11,
        "fatal": 0,
        "pedestrian": 0,
        "density": 7.3
      },
      "geometry": {
        "type": "Point",
        "coordinates": [
          -93.356,
          44.86
        ]
      }
    },
    {
      "type": "Feature",
      "properties": {
        "crashes": 73,
        "injury": 21,
        "fatal": 0,
        "pedestrian": 1,
        "density": 7.3
      },
      "geometry": {
        "type": "Point",
        "coordinates": [
          -93.362,
          44.86
        ]
      }
    },
    {
      "type": "Feature",
      "properties": {
        "crashes": 72,
        "injury": 16,
        "fatal": 0,
        "pedestrian": 0,
        "density": 7.2
      },
      "geometry": {
        "type": "Point",
        "coordinates": [
          -93.262,
          44.862
        ]
      }
    },
    {
      "type": "Feature",
      "properties": {
        "crashes": 71,
        "injury": 23,
        "fatal": 0,
        "pedestrian": 0,
        "density": 7.1
      },
      "geometry": {
        "type": "Point",
        "coordinates": [
          -93.204,
          44.79
        ]
      }
    },
    {
      "type": "Feature",
      "properties": {
        "crashes": 71,
        "injury": 10,
        "fatal": 0,
        "pedestrian": 0,
        "density": 7.1
      },
      "geometry": {
        "type": "Point",
        "coordinates": [
          -93.352,
          44.858
        ]
      }
    },
    {
      "type": "Feature",
      "properties": {
        "crashes": 70,
        "injury": 10,
        "fatal": 0,
        "pedestrian": 0,
        "density": 7
      },
      "geometry": {
        "type": "Point",
        "coordinates": [
          -93.28,
          44.862
        ]
      }
    },
    {
      "type": "Feature",
      "properties": {
        "crashes": 70,
        "injury": 12,
        "fatal": 0,
        "pedestrian": 0,
        "density": 7
      },
      "geometry": {
        "type": "Point",
        "coordinates": [
          -93.314,
          44.862
        ]
      }
    },
    {
      "type": "Feature",
      "properties": {
        "crashes": 69,
        "injury": 15,
        "fatal": 0,
        "pedestrian": 0,
        "density": 6.9
      },
      "geometry": {
        "type": "Point",
        "coordinates": [
          -93.398,
          44.838
        ]
      }
    },
    {
      "type": "Feature",
      "properties": {
        "crashes": 69,
        "injury": 15,
        "fatal": 0,
        "pedestrian": 0,
        "density": 6.9
      },
      "geometry": {
        "type": "Point",
        "coordinates": [
          -93.318,
          44.862
        ]
      }
    },
    {
      "type": "Feature",
      "properties": {
        "crashes": 68,
        "injury": 14,
        "fatal": 0,
        "pedestrian": 0,
        "density": 6.8
      },
      "geometry": {
        "type": "Point",
        "coordinates": [
          -93.298,
          44.844
        ]
      }
    },
    {
      "type": "Feature",
      "properties": {
        "crashes": 67,
        "injury": 15,
        "fatal": 0,
        "pedestrian": 1,
        "density": 6.7
      },
      "geometry": {
        "type": "Point",
        "coordinates": [
          -93.208,
          44.818
        ]
      }
    },
    {
      "type": "Feature",
      "properties": {
        "crashes": 66,
        "injury": 15,
        "fatal": 0,
        "pedestrian": 0,
        "density": 6.6
      },
      "geometry": {
        "type": "Point",
        "coordinates": [
          -93.298,
          44.842
        ]
      }
    },
    {
      "type": "Feature",
      "properties": {
        "crashes": 66,
        "injury": 24,
        "fatal": 0,
        "pedestrian": 1,
        "density": 6.6
      },
      "geometry": {
        "type": "Point",
        "coordinates": [
          -93.328,
          44.862
        ]
      }
    },
    {
      "type": "Feature",
      "properties": {
        "crashes": 66,
        "injury": 11,
        "fatal": 0,
        "pedestrian": 0,
        "density": 6.6
      },
      "geometry": {
        "type": "Point",
        "coordinates": [
          -93.286,
          44.862
        ]
      }
    },
    {
      "type": "Feature",
      "properties": {
        "crashes": 66,
        "injury": 23,
        "fatal": 0,
        "pedestrian": 2,
        "density": 6.6
      },
      "geometry": {
        "type": "Point",
        "coordinates": [
          -93.268,
          44.866
        ]
      }
    },
    {
      "type": "Feature",
      "properties": {
        "crashes": 64,
        "injury": 6,
        "fatal": 0,
        "pedestrian": 0,
        "density": 6.4
      },
      "geometry": {
        "type": "Point",
        "coordinates": [
          -93.334,
          44.858
        ]
      }
    },
    {
      "type": "Feature",
      "properties": {
        "crashes": 64,
        "injury": 9,
        "fatal": 0,
        "pedestrian": 0,
        "density": 6.4
      },
      "geometry": {
        "type": "Point",
        "coordinates": [
          -93.348,
          44.858
        ]
      }
    },
    {
      "type": "Feature",
      "properties": {
        "crashes": 64,
        "injury": 22,
        "fatal": 0,
        "pedestrian": 7,
        "density": 6.4
      },
      "geometry": {
        "type": "Point",
        "coordinates": [
          -93.268,
          44.864
        ]
      }
    },
    {
      "type": "Feature",
      "properties": {
        "crashes": 64,
        "injury": 21,
        "fatal": 0,
        "pedestrian": 1,
        "density": 6.4
      },
      "geometry": {
        "type": "Point",
        "coordinates": [
          -93.3,
          44.866
        ]
      }
    },
    {
      "type": "Feature",
      "properties": {
        "crashes": 63,
        "injury": 12,
        "fatal": 1,
        "pedestrian": 0,
        "density": 6.3
      },
      "geometry": {
        "type": "Point",
        "coordinates": [
          -93.288,
          44.786
        ]
      }
    },
    {
      "type": "Feature",
      "properties": {
        "crashes": 63,
        "injury": 18,
        "fatal": 0,
        "pedestrian": 0,
        "density": 6.3
      },
      "geometry": {
        "type": "Point",
        "coordinates": [
          -93.298,
          44.85
        ]
      }
    },
    {
      "type": "Feature",
      "properties": {
        "crashes": 63,
        "injury": 14,
        "fatal": 0,
        "pedestrian": 1,
        "density": 6.3
      },
      "geometry": {
        "type": "Point",
        "coordinates": [
          -93.332,
          44.858
        ]
      }
    },
    {
      "type": "Feature",
      "properties": {
        "crashes": 63,
        "injury": 12,
        "fatal": 0,
        "pedestrian": 0,
        "density": 6.3
      },
      "geometry": {
        "type": "Point",
        "coordinates": [
          -93.358,
          44.86
        ]
      }
    },
    {
      "type": "Feature",
      "properties": {
        "crashes": 63,
        "injury": 26,
        "fatal": 0,
        "pedestrian": 4,
        "density": 6.3
      },
      "geometry": {
        "type": "Point",
        "coordinates": [
          -93.268,
          44.86
        ]
      }
    },
    {
      "type": "Feature",
      "properties": {
        "crashes": 62,
        "injury": 12,
        "fatal": 0,
        "pedestrian": 0,
        "density": 6.2
      },
      "geometry": {
        "type": "Point",
        "coordinates": [
          -93.29,
          44.798
        ]
      }
    },
    {
      "type": "Feature",
      "properties": {
        "crashes": 62,
        "injury": 11,
        "fatal": 2,
        "pedestrian": 0,
        "density": 6.2
      },
      "geometry": {
        "type": "Point",
        "coordinates": [
          -93.296,
          44.834
        ]
      }
    },
    {
      "type": "Feature",
      "properties": {
        "crashes": 61,
        "injury": 16,
        "fatal": 0,
        "pedestrian": 0,
        "density": 6.1
      },
      "geometry": {
        "type": "Point",
        "coordinates": [
          -93.294,
          44.832
        ]
      }
    },
    {
      "type": "Feature",
      "properties": {
        "crashes": 61,
        "injury": 16,
        "fatal": 0,
        "pedestrian": 4,
        "density": 6.1
      },
      "geometry": {
        "type": "Point",
        "coordinates": [
          -93.298,
          44.866
        ]
      }
    },
    {
      "type": "Feature",
      "properties": {
        "crashes": 60,
        "injury": 12,
        "fatal": 1,
        "pedestrian": 0,
        "density": 6
      },
      "geometry": {
        "type": "Point",
        "coordinates": [
          -93.398,
          44.85
        ]
      }
    },
    {
      "type": "Feature",
      "properties": {
        "crashes": 59,
        "injury": 19,
        "fatal": 0,
        "pedestrian": 0,
        "density": 5.9
      },
      "geometry": {
        "type": "Point",
        "coordinates": [
          -93.4,
          44.798
        ]
      }
    },
    {
      "type": "Feature",
      "properties": {
        "crashes": 59,
        "injury": 9,
        "fatal": 0,
        "pedestrian": 0,
        "density": 5.9
      },
      "geometry": {
        "type": "Point",
        "coordinates": [
          -93.398,
          44.852
        ]
      }
    },
    {
      "type": "Feature",
      "properties": {
        "crashes": 59,
        "injury": 4,
        "fatal": 0,
        "pedestrian": 0,
        "density": 5.9
      },
      "geometry": {
        "type": "Point",
        "coordinates": [
          -93.37,
          44.86
        ]
      }
    },
    {
      "type": "Feature",
      "properties": {
        "crashes": 58,
        "injury": 24,
        "fatal": 0,
        "pedestrian": 1,
        "density": 5.8
      },
      "geometry": {
        "type": "Point",
        "coordinates": [
          -93.294,
          44.826
        ]
      }
    },
    {
      "type": "Feature",
      "properties": {
        "crashes": 57,
        "injury": 13,
        "fatal": 0,
        "pedestrian": 0,
        "density": 5.7
      },
      "geometry": {
        "type": "Point",
        "coordinates": [
          -93.292,
          44.83
        ]
      }
    },
    {
      "type": "Feature",
      "properties": {
        "crashes": 57,
        "injury": 4,
        "fatal": 0,
        "pedestrian": 0,
        "density": 5.7
      },
      "geometry": {
        "type": "Point",
        "coordinates": [
          -93.324,
          44.86
        ]
      }
    },
    {
      "type": "Feature",
      "properties": {
        "crashes": 55,
        "injury": 18,
        "fatal": 0,
        "pedestrian": 1,
        "density": 5.5
      },
      "geometry": {
        "type": "Point",
        "coordinates": [
          -93.328,
          44.858
        ]
      }
    },
    {
      "type": "Feature",
      "properties": {
        "crashes": 55,
        "injury": 8,
        "fatal": 0,
        "pedestrian": 0,
        "density": 5.5
      },
      "geometry": {
        "type": "Point",
        "coordinates": [
          -93.352,
          44.86
        ]
      }
    },
    {
      "type": "Feature",
      "properties": {
        "crashes": 55,
        "injury": 10,
        "fatal": 0,
        "pedestrian": 0,
        "density": 5.5
      },
      "geometry": {
        "type": "Point",
        "coordinates": [
          -93.244,
          44.862
        ]
      }
    },
    {
      "type": "Feature",
      "properties": {
        "crashes": 54,
        "injury": 10,
        "fatal": 0,
        "pedestrian": 1,
        "density": 5.4
      },
      "geometry": {
        "type": "Point",
        "coordinates": [
          -93.202,
          44.79
        ]
      }
    },
    {
      "type": "Feature",
      "properties": {
        "crashes": 54,
        "injury": 9,
        "fatal": 0,
        "pedestrian": 0,
        "density": 5.4
      },
      "geometry": {
        "type": "Point",
        "coordinates": [
          -93.236,
          44.862
        ]
      }
    },
    {
      "type": "Feature",
      "properties": {
        "crashes": 54,
        "injury": 8,
        "fatal": 0,
        "pedestrian": 0,
        "density": 5.4
      },
      "geometry": {
        "type": "Point",
        "coordinates": [
          -93.24,
          44.862
        ]
      }
    },
    {
      "type": "Feature",
      "properties": {
        "crashes": 54,
        "injury": 13,
        "fatal": 0,
        "pedestrian": 0,
        "density": 5.4
      },
      "geometry": {
        "type": "Point",
        "coordinates": [
          -93.35,
          44.864
        ]
      }
    },
    {
      "type": "Feature",
      "properties": {
        "crashes": 53,
        "injury": 15,
        "fatal": 0,
        "pedestrian": 1,
        "density": 5.3
      },
      "geometry": {
        "type": "Point",
        "coordinates": [
          -93.218,
          44.804
        ]
      }
    },
    {
      "type": "Feature",
      "properties": {
        "crashes": 53,
        "injury": 7,
        "fatal": 0,
        "pedestrian": 0,
        "density": 5.3
      },
      "geometry": {
        "type": "Point",
        "coordinates": [
          -93.36,
          44.86
        ]
      }
    },
    {
      "type": "Feature",
      "properties": {
        "crashes": 53,
        "injury": 7,
        "fatal": 0,
        "pedestrian": 0,
        "density": 5.3
      },
      "geometry": {
        "type": "Point",
        "coordinates": [
          -93.316,
          44.862
        ]
      }
    },
    {
      "type": "Feature",
      "properties": {
        "crashes": 53,
        "injury": 9,
        "fatal": 0,
        "pedestrian": 0,
        "density": 5.3
      },
      "geometry": {
        "type": "Point",
        "coordinates": [
          -93.298,
          44.864
        ]
      }
    },
    {
      "type": "Feature",
      "properties": {
        "crashes": 53,
        "injury": 18,
        "fatal": 0,
        "pedestrian": 2,
        "density": 5.3
      },
      "geometry": {
        "type": "Point",
        "coordinates": [
          -93.288,
          44.864
        ]
      }
    },
    {
      "type": "Feature",
      "properties": {
        "crashes": 52,
        "injury": 14,
        "fatal": 0,
        "pedestrian": 0,
        "density": 5.2
      },
      "geometry": {
        "type": "Point",
        "coordinates": [
          -93.288,
          44.784
        ]
      }
    },
    {
      "type": "Feature",
      "properties": {
        "crashes": 52,
        "injury": 13,
        "fatal": 0,
        "pedestrian": 0,
        "density": 5.2
      },
      "geometry": {
        "type": "Point",
        "coordinates": [
          -93.224,
          44.862
        ]
      }
    },
    {
      "type": "Feature",
      "properties": {
        "crashes": 51,
        "injury": 9,
        "fatal": 0,
        "pedestrian": 1,
        "density": 5.1
      },
      "geometry": {
        "type": "Point",
        "coordinates": [
          -93.268,
          44.782
        ]
      }
    },
    {
      "type": "Feature",
      "properties": {
        "crashes": 51,
        "injury": 12,
        "fatal": 0,
        "pedestrian": 0,
        "density": 5.1
      },
      "geometry": {
        "type": "Point",
        "coordinates": [
          -93.292,
          44.812
        ]
      }
    },
    {
      "type": "Feature",
      "properties": {
        "crashes": 51,
        "injury": 9,
        "fatal": 0,
        "pedestrian": 0,
        "density": 5.1
      },
      "geometry": {
        "type": "Point",
        "coordinates": [
          -93.396,
          44.86
        ]
      }
    },
    {
      "type": "Feature",
      "properties": {
        "crashes": 51,
        "injury": 8,
        "fatal": 0,
        "pedestrian": 0,
        "density": 5.1
      },
      "geometry": {
        "type": "Point",
        "coordinates": [
          -93.392,
          44.86
        ]
      }
    },
    {
      "type": "Feature",
      "properties": {
        "crashes": 51,
        "injury": 22,
        "fatal": 0,
        "pedestrian": 5,
        "density": 5.1
      },
      "geometry": {
        "type": "Point",
        "coordinates": [
          -93.278,
          44.86
        ]
      }
    },
    {
      "type": "Feature",
      "properties": {
        "crashes": 51,
        "injury": 16,
        "fatal": 0,
        "pedestrian": 0,
        "density": 5.1
      },
      "geometry": {
        "type": "Point",
        "coordinates": [
          -93.386,
          44.86
        ]
      }
    },
    {
      "type": "Feature",
      "properties": {
        "crashes": 51,
        "injury": 11,
        "fatal": 0,
        "pedestrian": 0,
        "density": 5.1
      },
      "geometry": {
        "type": "Point",
        "coordinates": [
          -93.382,
          44.86
        ]
      }
    },
    {
      "type": "Feature",
      "properties": {
        "crashes": 51,
        "injury": 13,
        "fatal": 0,
        "pedestrian": 0,
        "density": 5.1
      },
      "geometry": {
        "type": "Point",
        "coordinates": [
          -93.38,
          44.86
        ]
      }
    },
    {
      "type": "Feature",
      "properties": {
        "crashes": 50,
        "injury": 7,
        "fatal": 0,
        "pedestrian": 0,
        "density": 5
      },
      "geometry": {
        "type": "Point",
        "coordinates": [
          -93.398,
          44.808
        ]
      }
    },
    {
      "type": "Feature",
      "properties": {
        "crashes": 50,
        "injury": 13,
        "fatal": 0,
        "pedestrian": 0,
        "density": 5
      },
      "geometry": {
        "type": "Point",
        "coordinates": [
          -93.398,
          44.818
        ]
      }
    },
    {
      "type": "Feature",
      "properties": {
        "crashes": 50,
        "injury": 9,
        "fatal": 0,
        "pedestrian": 2,
        "density": 5
      },
      "geometry": {
        "type": "Point",
        "coordinates": [
          -93.34,
          44.858
        ]
      }
    },
    {
      "type": "Feature",
      "properties": {
        "crashes": 48,
        "injury": 4,
        "fatal": 0,
        "pedestrian": 0,
        "density": 4.8
      },
      "geometry": {
        "type": "Point",
        "coordinates": [
          -93.398,
          44.804
        ]
      }
    },
    {
      "type": "Feature",
      "properties": {
        "crashes": 48,
        "injury": 9,
        "fatal": 1,
        "pedestrian": 0,
        "density": 4.8
      },
      "geometry": {
        "type": "Point",
        "coordinates": [
          -93.398,
          44.844
        ]
      }
    },
    {
      "type": "Feature",
      "properties": {
        "crashes": 47,
        "injury": 14,
        "fatal": 0,
        "pedestrian": 0,
        "density": 4.7
      },
      "geometry": {
        "type": "Point",
        "coordinates": [
          -93.222,
          44.79
        ]
      }
    },
    {
      "type": "Feature",
      "properties": {
        "crashes": 47,
        "injury": 6,
        "fatal": 0,
        "pedestrian": 0,
        "density": 4.7
      },
      "geometry": {
        "type": "Point",
        "coordinates": [
          -93.396,
          44.852
        ]
      }
    },
    {
      "type": "Feature",
      "properties": {
        "crashes": 47,
        "injury": 11,
        "fatal": 0,
        "pedestrian": 1,
        "density": 4.7
      },
      "geometry": {
        "type": "Point",
        "coordinates": [
          -93.39,
          44.86
        ]
      }
    },
    {
      "type": "Feature",
      "properties": {
        "crashes": 47,
        "injury": 7,
        "fatal": 0,
        "pedestrian": 1,
        "density": 4.7
      },
      "geometry": {
        "type": "Point",
        "coordinates": [
          -93.32,
          44.862
        ]
      }
    },
    {
      "type": "Feature",
      "properties": {
        "crashes": 47,
        "injury": 11,
        "fatal": 0,
        "pedestrian": 0,
        "density": 4.7
      },
      "geometry": {
        "type": "Point",
        "coordinates": [
          -93.248,
          44.864
        ]
      }
    },
    {
      "type": "Feature",
      "properties": {
        "crashes": 46,
        "injury": 9,
        "fatal": 0,
        "pedestrian": 0,
        "density": 4.6
      },
      "geometry": {
        "type": "Point",
        "coordinates": [
          -93.244,
          44.79
        ]
      }
    },
    {
      "type": "Feature",
      "properties": {
        "crashes": 46,
        "injury": 14,
        "fatal": 0,
        "pedestrian": 0,
        "density": 4.6
      },
      "geometry": {
        "type": "Point",
        "coordinates": [
          -93.296,
          44.836
        ]
      }
    },
    {
      "type": "Feature",
      "properties": {
        "crashes": 46,
        "injury": 8,
        "fatal": 0,
        "pedestrian": 0,
        "density": 4.6
      },
      "geometry": {
        "type": "Point",
        "coordinates": [
          -93.322,
          44.86
        ]
      }
    },
    {
      "type": "Feature",
      "properties": {
        "crashes": 46,
        "injury": 17,
        "fatal": 0,
        "pedestrian": 1,
        "density": 4.6
      },
      "geometry": {
        "type": "Point",
        "coordinates": [
          -93.328,
          44.866
        ]
      }
    },
    {
      "type": "Feature",
      "properties": {
        "crashes": 45,
        "injury": 8,
        "fatal": 0,
        "pedestrian": 1,
        "density": 4.5
      },
      "geometry": {
        "type": "Point",
        "coordinates": [
          -93.398,
          44.84
        ]
      }
    },
    {
      "type": "Feature",
      "properties": {
        "crashes": 45,
        "injury": 32,
        "fatal": 0,
        "pedestrian": 1,
        "density": 4.5
      },
      "geometry": {
        "type": "Point",
        "coordinates": [
          -93.328,
          44.856
        ]
      }
    },
    {
      "type": "Feature",
      "properties": {
        "crashes": 45,
        "injury": 10,
        "fatal": 0,
        "pedestrian": 0,
        "density": 4.5
      },
      "geometry": {
        "type": "Point",
        "coordinates": [
          -93.398,
          44.86
        ]
      }
    },
    {
      "type": "Feature",
      "properties": {
        "crashes": 45,
        "injury": 7,
        "fatal": 1,
        "pedestrian": 1,
        "density": 4.5
      },
      "geometry": {
        "type": "Point",
        "coordinates": [
          -93.228,
          44.862
        ]
      }
    },
    {
      "type": "Feature",
      "properties": {
        "crashes": 45,
        "injury": 13,
        "fatal": 0,
        "pedestrian": 2,
        "density": 4.5
      },
      "geometry": {
        "type": "Point",
        "coordinates": [
          -93.224,
          44.864
        ]
      }
    },
    {
      "type": "Feature",
      "properties": {
        "crashes": 45,
        "injury": 9,
        "fatal": 0,
        "pedestrian": 0,
        "density": 4.5
      },
      "geometry": {
        "type": "Point",
        "coordinates": [
          -93.35,
          44.866
        ]
      }
    },
    {
      "type": "Feature",
      "properties": {
        "crashes": 44,
        "injury": 7,
        "fatal": 1,
        "pedestrian": 0,
        "density": 4.4
      },
      "geometry": {
        "type": "Point",
        "coordinates": [
          -93.338,
          44.858
        ]
      }
    },
    {
      "type": "Feature",
      "properties": {
        "crashes": 44,
        "injury": 5,
        "fatal": 0,
        "pedestrian": 0,
        "density": 4.4
      },
      "geometry": {
        "type": "Point",
        "coordinates": [
          -93.336,
          44.858
        ]
      }
    },
    {
      "type": "Feature",
      "properties": {
        "crashes": 44,
        "injury": 9,
        "fatal": 0,
        "pedestrian": 0,
        "density": 4.4
      },
      "geometry": {
        "type": "Point",
        "coordinates": [
          -93.248,
          44.86
        ]
      }
    },
    {
      "type": "Feature",
      "properties": {
        "crashes": 44,
        "injury": 8,
        "fatal": 0,
        "pedestrian": 0,
        "density": 4.4
      },
      "geometry": {
        "type": "Point",
        "coordinates": [
          -93.242,
          44.862
        ]
      }
    },
    {
      "type": "Feature",
      "properties": {
        "crashes": 44,
        "injury": 19,
        "fatal": 0,
        "pedestrian": 0,
        "density": 4.4
      },
      "geometry": {
        "type": "Point",
        "coordinates": [
          -93.328,
          44.868
        ]
      }
    },
    {
      "type": "Feature",
      "properties": {
        "crashes": 43,
        "injury": 5,
        "fatal": 0,
        "pedestrian": 0,
        "density": 4.3
      },
      "geometry": {
        "type": "Point",
        "coordinates": [
          -93.388,
          44.86
        ]
      }
    },
    {
      "type": "Feature",
      "properties": {
        "crashes": 43,
        "injury": 10,
        "fatal": 0,
        "pedestrian": 1,
        "density": 4.3
      },
      "geometry": {
        "type": "Point",
        "coordinates": [
          -93.204,
          44.862
        ]
      }
    },
    {
      "type": "Feature",
      "properties": {
        "crashes": 43,
        "injury": 17,
        "fatal": 0,
        "pedestrian": 3,
        "density": 4.3
      },
      "geometry": {
        "type": "Point",
        "coordinates": [
          -93.288,
          44.866
        ]
      }
    },
    {
      "type": "Feature",
      "properties": {
        "crashes": 42,
        "injury": 11,
        "fatal": 0,
        "pedestrian": 0,
        "density": 4.2
      },
      "geometry": {
        "type": "Point",
        "coordinates": [
          -93.288,
          44.78
        ]
      }
    },
    {
      "type": "Feature",
      "properties": {
        "crashes": 42,
        "injury": 9,
        "fatal": 0,
        "pedestrian": 0,
        "density": 4.2
      },
      "geometry": {
        "type": "Point",
        "coordinates": [
          -93.298,
          44.846
        ]
      }
    },
    {
      "type": "Feature",
      "properties": {
        "crashes": 42,
        "injury": 24,
        "fatal": 1,
        "pedestrian": 7,
        "density": 4.2
      },
      "geometry": {
        "type": "Point",
        "coordinates": [
          -93.258,
          44.86
        ]
      }
    },
    {
      "type": "Feature",
      "properties": {
        "crashes": 42,
        "injury": 14,
        "fatal": 0,
        "pedestrian": 0,
        "density": 4.2
      },
      "geometry": {
        "type": "Point",
        "coordinates": [
          -93.308,
          44.866
        ]
      }
    },
    {
      "type": "Feature",
      "properties": {
        "crashes": 41,
        "injury": 5,
        "fatal": 0,
        "pedestrian": 0,
        "density": 4.1
      },
      "geometry": {
        "type": "Point",
        "coordinates": [
          -93.398,
          44.82
        ]
      }
    },
    {
      "type": "Feature",
      "properties": {
        "crashes": 41,
        "injury": 10,
        "fatal": 0,
        "pedestrian": 0,
        "density": 4.1
      },
      "geometry": {
        "type": "Point",
        "coordinates": [
          -93.222,
          44.862
        ]
      }
    },
    {
      "type": "Feature",
      "properties": {
        "crashes": 41,
        "injury": 14,
        "fatal": 0,
        "pedestrian": 4,
        "density": 4.1
      },
      "geometry": {
        "type": "Point",
        "coordinates": [
          -93.258,
          44.864
        ]
      }
    },
    {
      "type": "Feature",
      "properties": {
        "crashes": 40,
        "injury": 8,
        "fatal": 0,
        "pedestrian": 1,
        "density": 4
      },
      "geometry": {
        "type": "Point",
        "coordinates": [
          -93.248,
          44.79
        ]
      }
    },
    {
      "type": "Feature",
      "properties": {
        "crashes": 40,
        "injury": 5,
        "fatal": 0,
        "pedestrian": 0,
        "density": 4
      },
      "geometry": {
        "type": "Point",
        "coordinates": [
          -93.292,
          44.81
        ]
      }
    },
    {
      "type": "Feature",
      "properties": {
        "crashes": 40,
        "injury": 6,
        "fatal": 0,
        "pedestrian": 0,
        "density": 4
      },
      "geometry": {
        "type": "Point",
        "coordinates": [
          -93.292,
          44.822
        ]
      }
    },
    {
      "type": "Feature",
      "properties": {
        "crashes": 40,
        "injury": 7,
        "fatal": 0,
        "pedestrian": 0,
        "density": 4
      },
      "geometry": {
        "type": "Point",
        "coordinates": [
          -93.394,
          44.854
        ]
      }
    },
    {
      "type": "Feature",
      "properties": {
        "crashes": 40,
        "injury": 18,
        "fatal": 0,
        "pedestrian": 0,
        "density": 4
      },
      "geometry": {
        "type": "Point",
        "coordinates": [
          -93.33,
          44.856
        ]
      }
    },
    {
      "type": "Feature",
      "properties": {
        "crashes": 40,
        "injury": 7,
        "fatal": 0,
        "pedestrian": 0,
        "density": 4
      },
      "geometry": {
        "type": "Point",
        "coordinates": [
          -93.354,
          44.86
        ]
      }
    },
    {
      "type": "Feature",
      "properties": {
        "crashes": 40,
        "injury": 9,
        "fatal": 0,
        "pedestrian": 0,
        "density": 4
      },
      "geometry": {
        "type": "Point",
        "coordinates": [
          -93.232,
          44.862
        ]
      }
    },
    {
      "type": "Feature",
      "properties": {
        "crashes": 39,
        "injury": 11,
        "fatal": 0,
        "pedestrian": 0,
        "density": 3.9
      },
      "geometry": {
        "type": "Point",
        "coordinates": [
          -93.398,
          44.806
        ]
      }
    },
    {
      "type": "Feature",
      "properties": {
        "crashes": 39,
        "injury": 6,
        "fatal": 0,
        "pedestrian": 0,
        "density": 3.9
      },
      "geometry": {
        "type": "Point",
        "coordinates": [
          -93.398,
          44.812
        ]
      }
    },
    {
      "type": "Feature",
      "properties": {
        "crashes": 39,
        "injury": 4,
        "fatal": 0,
        "pedestrian": 1,
        "density": 3.9
      },
      "geometry": {
        "type": "Point",
        "coordinates": [
          -93.292,
          44.824
        ]
      }
    },
    {
      "type": "Feature",
      "properties": {
        "crashes": 39,
        "injury": 8,
        "fatal": 0,
        "pedestrian": 1,
        "density": 3.9
      },
      "geometry": {
        "type": "Point",
        "coordinates": [
          -93.268,
          44.87
        ]
      }
    },
    {
      "type": "Feature",
      "properties": {
        "crashes": 38,
        "injury": 5,
        "fatal": 0,
        "pedestrian": 0,
        "density": 3.8
      },
      "geometry": {
        "type": "Point",
        "coordinates": [
          -93.292,
          44.816
        ]
      }
    },
    {
      "type": "Feature",
      "properties": {
        "crashes": 37,
        "injury": 19,
        "fatal": 0,
        "pedestrian": 2,
        "density": 3.7
      },
      "geometry": {
        "type": "Point",
        "coordinates": [
          -93.35,
          44.808
        ]
      }
    },
    {
      "type": "Feature",
      "properties": {
        "crashes": 37,
        "injury": 9,
        "fatal": 1,
        "pedestrian": 0,
        "density": 3.7
      },
      "geometry": {
        "type": "Point",
        "coordinates": [
          -93.246,
          44.86
        ]
      }
    },
    {
      "type": "Feature",
      "properties": {
        "crashes": 37,
        "injury": 4,
        "fatal": 0,
        "pedestrian": 0,
        "density": 3.7
      },
      "geometry": {
        "type": "Point",
        "coordinates": [
          -93.378,
          44.86
        ]
      }
    },
    {
      "type": "Feature",
      "properties": {
        "crashes": 36,
        "injury": 5,
        "fatal": 0,
        "pedestrian": 0,
        "density": 3.6
      },
      "geometry": {
        "type": "Point",
        "coordinates": [
          -93.398,
          44.81
        ]
      }
    },
    {
      "type": "Feature",
      "properties": {
        "crashes": 36,
        "injury": 6,
        "fatal": 0,
        "pedestrian": 1,
        "density": 3.6
      },
      "geometry": {
        "type": "Point",
        "coordinates": [
          -93.398,
          44.834
        ]
      }
    },
    {
      "type": "Feature",
      "properties": {
        "crashes": 36,
        "injury": 13,
        "fatal": 0,
        "pedestrian": 0,
        "density": 3.6
      },
      "geometry": {
        "type": "Point",
        "coordinates": [
          -93.244,
          44.842
        ]
      }
    },
    {
      "type": "Feature",
      "properties": {
        "crashes": 36,
        "injury": 7,
        "fatal": 0,
        "pedestrian": 0,
        "density": 3.6
      },
      "geometry": {
        "type": "Point",
        "coordinates": [
          -93.216,
          44.862
        ]
      }
    },
    {
      "type": "Feature",
      "properties": {
        "crashes": 36,
        "injury": 9,
        "fatal": 0,
        "pedestrian": 0,
        "density": 3.6
      },
      "geometry": {
        "type": "Point",
        "coordinates": [
          -93.234,
          44.862
        ]
      }
    },
    {
      "type": "Feature",
      "properties": {
        "crashes": 36,
        "injury": 12,
        "fatal": 0,
        "pedestrian": 0,
        "density": 3.6
      },
      "geometry": {
        "type": "Point",
        "coordinates": [
          -93.328,
          44.878
        ]
      }
    },
    {
      "type": "Feature",
      "properties": {
        "crashes": 35,
        "injury": 13,
        "fatal": 0,
        "pedestrian": 1,
        "density": 3.5
      },
      "geometry": {
        "type": "Point",
        "coordinates": [
          -93.248,
          44.784
        ]
      }
    },
    {
      "type": "Feature",
      "properties": {
        "crashes": 35,
        "injury": 18,
        "fatal": 0,
        "pedestrian": 3,
        "density": 3.5
      },
      "geometry": {
        "type": "Point",
        "coordinates": [
          -93.234,
          44.79
        ]
      }
    },
    {
      "type": "Feature",
      "properties": {
        "crashes": 35,
        "injury": 23,
        "fatal": 0,
        "pedestrian": 2,
        "density": 3.5
      },
      "geometry": {
        "type": "Point",
        "coordinates": [
          -93.32,
          44.814
        ]
      }
    },
    {
      "type": "Feature",
      "properties": {
        "crashes": 35,
        "injury": 19,
        "fatal": 0,
        "pedestrian": 0,
        "density": 3.5
      },
      "geometry": {
        "type": "Point",
        "coordinates": [
          -93.35,
          44.852
        ]
      }
    },
    {
      "type": "Feature",
      "properties": {
        "crashes": 35,
        "injury": 7,
        "fatal": 0,
        "pedestrian": 0,
        "density": 3.5
      },
      "geometry": {
        "type": "Point",
        "coordinates": [
          -93.396,
          44.854
        ]
      }
    },
    {
      "type": "Feature",
      "properties": {
        "crashes": 35,
        "injury": 5,
        "fatal": 0,
        "pedestrian": 0,
        "density": 3.5
      },
      "geometry": {
        "type": "Point",
        "coordinates": [
          -93.374,
          44.86
        ]
      }
    },
    {
      "type": "Feature",
      "properties": {
        "crashes": 35,
        "injury": 7,
        "fatal": 0,
        "pedestrian": 0,
        "density": 3.5
      },
      "geometry": {
        "type": "Point",
        "coordinates": [
          -93.226,
          44.862
        ]
      }
    },
    {
      "type": "Feature",
      "properties": {
        "crashes": 35,
        "injury": 11,
        "fatal": 0,
        "pedestrian": 0,
        "density": 3.5
      },
      "geometry": {
        "type": "Point",
        "coordinates": [
          -93.35,
          44.868
        ]
      }
    },
    {
      "type": "Feature",
      "properties": {
        "crashes": 34,
        "injury": 8,
        "fatal": 0,
        "pedestrian": 0,
        "density": 3.4
      },
      "geometry": {
        "type": "Point",
        "coordinates": [
          -93.288,
          44.788
        ]
      }
    },
    {
      "type": "Feature",
      "properties": {
        "crashes": 34,
        "injury": 4,
        "fatal": 0,
        "pedestrian": 0,
        "density": 3.4
      },
      "geometry": {
        "type": "Point",
        "coordinates": [
          -93.29,
          44.802
        ]
      }
    },
    {
      "type": "Feature",
      "properties": {
        "crashes": 34,
        "injury": 14,
        "fatal": 0,
        "pedestrian": 0,
        "density": 3.4
      },
      "geometry": {
        "type": "Point",
        "coordinates": [
          -93.22,
          44.804
        ]
      }
    },
    {
      "type": "Feature",
      "properties": {
        "crashes": 34,
        "injury": 7,
        "fatal": 2,
        "pedestrian": 1,
        "density": 3.4
      },
      "geometry": {
        "type": "Point",
        "coordinates": [
          -93.224,
          44.82
        ]
      }
    },
    {
      "type": "Feature",
      "properties": {
        "crashes": 34,
        "injury": 23,
        "fatal": 0,
        "pedestrian": 2,
        "density": 3.4
      },
      "geometry": {
        "type": "Point",
        "coordinates": [
          -93.248,
          44.838
        ]
      }
    },
    {
      "type": "Feature",
      "properties": {
        "crashes": 34,
        "injury": 14,
        "fatal": 0,
        "pedestrian": 2,
        "density": 3.4
      },
      "geometry": {
        "type": "Point",
        "coordinates": [
          -93.33,
          44.86
        ]
      }
    },
    {
      "type": "Feature",
      "properties": {
        "crashes": 34,
        "injury": 8,
        "fatal": 0,
        "pedestrian": 0,
        "density": 3.4
      },
      "geometry": {
        "type": "Point",
        "coordinates": [
          -93.3,
          44.864
        ]
      }
    },
    {
      "type": "Feature",
      "properties": {
        "crashes": 34,
        "injury": 12,
        "fatal": 0,
        "pedestrian": 1,
        "density": 3.4
      },
      "geometry": {
        "type": "Point",
        "coordinates": [
          -93.352,
          44.864
        ]
      }
    },
    {
      "type": "Feature",
      "properties": {
        "crashes": 34,
        "injury": 8,
        "fatal": 0,
        "pedestrian": 0,
        "density": 3.4
      },
      "geometry": {
        "type": "Point",
        "coordinates": [
          -93.278,
          44.866
        ]
      }
    },
    {
      "type": "Feature",
      "properties": {
        "crashes": 33,
        "injury": 7,
        "fatal": 0,
        "pedestrian": 0,
        "density": 3.3
      },
      "geometry": {
        "type": "Point",
        "coordinates": [
          -93.222,
          44.804
        ]
      }
    },
    {
      "type": "Feature",
      "properties": {
        "crashes": 33,
        "injury": 4,
        "fatal": 0,
        "pedestrian": 0,
        "density": 3.3
      },
      "geometry": {
        "type": "Point",
        "coordinates": [
          -93.398,
          44.824
        ]
      }
    },
    {
      "type": "Feature",
      "properties": {
        "crashes": 33,
        "injury": 16,
        "fatal": 0,
        "pedestrian": 3,
        "density": 3.3
      },
      "geometry": {
        "type": "Point",
        "coordinates": [
          -93.278,
          44.826
        ]
      }
    },
    {
      "type": "Feature",
      "properties": {
        "crashes": 33,
        "injury": 4,
        "fatal": 0,
        "pedestrian": 0,
        "density": 3.3
      },
      "geometry": {
        "type": "Point",
        "coordinates": [
          -93.24,
          44.836
        ]
      }
    },
    {
      "type": "Feature",
      "properties": {
        "crashes": 32,
        "injury": 6,
        "fatal": 0,
        "pedestrian": 0,
        "density": 3.2
      },
      "geometry": {
        "type": "Point",
        "coordinates": [
          -93.248,
          44.786
        ]
      }
    },
    {
      "type": "Feature",
      "properties": {
        "crashes": 32,
        "injury": 5,
        "fatal": 0,
        "pedestrian": 0,
        "density": 3.2
      },
      "geometry": {
        "type": "Point",
        "coordinates": [
          -93.398,
          44.8
        ]
      }
    },
    {
      "type": "Feature",
      "properties": {
        "crashes": 32,
        "injury": 5,
        "fatal": 0,
        "pedestrian": 0,
        "density": 3.2
      },
      "geometry": {
        "type": "Point",
        "coordinates": [
          -93.398,
          44.822
        ]
      }
    },
    {
      "type": "Feature",
      "properties": {
        "crashes": 32,
        "injury": 14,
        "fatal": 0,
        "pedestrian": 2,
        "density": 3.2
      },
      "geometry": {
        "type": "Point",
        "coordinates": [
          -93.288,
          44.826
        ]
      }
    },
    {
      "type": "Feature",
      "properties": {
        "crashes": 32,
        "injury": 5,
        "fatal": 0,
        "pedestrian": 0,
        "density": 3.2
      },
      "geometry": {
        "type": "Point",
        "coordinates": [
          -93.298,
          44.838
        ]
      }
    },
    {
      "type": "Feature",
      "properties": {
        "crashes": 32,
        "injury": 9,
        "fatal": 0,
        "pedestrian": 0,
        "density": 3.2
      },
      "geometry": {
        "type": "Point",
        "coordinates": [
          -93.398,
          44.846
        ]
      }
    },
    {
      "type": "Feature",
      "properties": {
        "crashes": 32,
        "injury": 16,
        "fatal": 0,
        "pedestrian": 0,
        "density": 3.2
      },
      "geometry": {
        "type": "Point",
        "coordinates": [
          -93.308,
          44.858
        ]
      }
    },
    {
      "type": "Feature",
      "properties": {
        "crashes": 32,
        "injury": 4,
        "fatal": 0,
        "pedestrian": 0,
        "density": 3.2
      },
      "geometry": {
        "type": "Point",
        "coordinates": [
          -93.372,
          44.86
        ]
      }
    },
    {
      "type": "Feature",
      "properties": {
        "crashes": 32,
        "injury": 6,
        "fatal": 0,
        "pedestrian": 0,
        "density": 3.2
      },
      "geometry": {
        "type": "Point",
        "coordinates": [
          -93.248,
          44.866
        ]
      }
    },
    {
      "type": "Feature",
      "properties": {
        "crashes": 31,
        "injury": 9,
        "fatal": 0,
        "pedestrian": 0,
        "density": 3.1
      },
      "geometry": {
        "type": "Point",
        "coordinates": [
          -93.286,
          44.784
        ]
      }
    },
    {
      "type": "Feature",
      "properties": {
        "crashes": 31,
        "injury": 13,
        "fatal": 0,
        "pedestrian": 1,
        "density": 3.1
      },
      "geometry": {
        "type": "Point",
        "coordinates": [
          -93.232,
          44.802
        ]
      }
    },
    {
      "type": "Feature",
      "properties": {
        "crashes": 31,
        "injury": 6,
        "fatal": 0,
        "pedestrian": 0,
        "density": 3.1
      },
      "geometry": {
        "type": "Point",
        "coordinates": [
          -93.398,
          44.802
        ]
      }
    },
    {
      "type": "Feature",
      "properties": {
        "crashes": 31,
        "injury": 5,
        "fatal": 0,
        "pedestrian": 0,
        "density": 3.1
      },
      "geometry": {
        "type": "Point",
        "coordinates": [
          -93.342,
          44.858
        ]
      }
    },
    {
      "type": "Feature",
      "properties": {
        "crashes": 30,
        "injury": 19,
        "fatal": 0,
        "pedestrian": 3,
        "density": 3
      },
      "geometry": {
        "type": "Point",
        "coordinates": [
          -93.35,
          44.818
        ]
      }
    },
    {
      "type": "Feature",
      "properties": {
        "crashes": 30,
        "injury": 3,
        "fatal": 0,
        "pedestrian": 0,
        "density": 3
      },
      "geometry": {
        "type": "Point",
        "coordinates": [
          -93.21,
          44.82
        ]
      }
    },
    {
      "type": "Feature",
      "properties": {
        "crashes": 30,
        "injury": 10,
        "fatal": 0,
        "pedestrian": 1,
        "density": 3
      },
      "geometry": {
        "type": "Point",
        "coordinates": [
          -93.244,
          44.84
        ]
      }
    },
    {
      "type": "Feature",
      "properties": {
        "crashes": 30,
        "injury": 7,
        "fatal": 0,
        "pedestrian": 1,
        "density": 3
      },
      "geometry": {
        "type": "Point",
        "coordinates": [
          -93.244,
          44.856
        ]
      }
    },
    {
      "type": "Feature",
      "properties": {
        "crashes": 30,
        "injury": 6,
        "fatal": 0,
        "pedestrian": 0,
        "density": 3
      },
      "geometry": {
        "type": "Point",
        "coordinates": [
          -93.396,
          44.862
        ]
      }
    },
    {
      "type": "Feature",
      "properties": {
        "crashes": 30,
        "injury": 5,
        "fatal": 0,
        "pedestrian": 0,
        "density": 3
      },
      "geometry": {
        "type": "Point",
        "coordinates": [
          -93.214,
          44.862
        ]
      }
    },
    {
      "type": "Feature",
      "properties": {
        "crashes": 30,
        "injury": 9,
        "fatal": 1,
        "pedestrian": 1,
        "density": 3
      },
      "geometry": {
        "type": "Point",
        "coordinates": [
          -93.278,
          44.87
        ]
      }
    },
    {
      "type": "Feature",
      "properties": {
        "crashes": 29,
        "injury": 7,
        "fatal": 0,
        "pedestrian": 0,
        "density": 2.9
      },
      "geometry": {
        "type": "Point",
        "coordinates": [
          -93.29,
          44.804
        ]
      }
    },
    {
      "type": "Feature",
      "properties": {
        "crashes": 29,
        "injury": 9,
        "fatal": 0,
        "pedestrian": 0,
        "density": 2.9
      },
      "geometry": {
        "type": "Point",
        "coordinates": [
          -93.292,
          44.814
        ]
      }
    },
    {
      "type": "Feature",
      "properties": {
        "crashes": 29,
        "injury": 8,
        "fatal": 0,
        "pedestrian": 0,
        "density": 2.9
      },
      "geometry": {
        "type": "Point",
        "coordinates": [
          -93.32,
          44.86
        ]
      }
    },
    {
      "type": "Feature",
      "properties": {
        "crashes": 29,
        "injury": 4,
        "fatal": 0,
        "pedestrian": 0,
        "density": 2.9
      },
      "geometry": {
        "type": "Point",
        "coordinates": [
          -93.376,
          44.86
        ]
      }
    },
    {
      "type": "Feature",
      "properties": {
        "crashes": 29,
        "injury": 3,
        "fatal": 0,
        "pedestrian": 0,
        "density": 2.9
      },
      "geometry": {
        "type": "Point",
        "coordinates": [
          -93.23,
          44.862
        ]
      }
    },
    {
      "type": "Feature",
      "properties": {
        "crashes": 29,
        "injury": 11,
        "fatal": 0,
        "pedestrian": 0,
        "density": 2.9
      },
      "geometry": {
        "type": "Point",
        "coordinates": [
          -93.208,
          44.862
        ]
      }
    },
    {
      "type": "Feature",
      "properties": {
        "crashes": 29,
        "injury": 8,
        "fatal": 0,
        "pedestrian": 0,
        "density": 2.9
      },
      "geometry": {
        "type": "Point",
        "coordinates": [
          -93.348,
          44.864
        ]
      }
    },
    {
      "type": "Feature",
      "properties": {
        "crashes": 29,
        "injury": 8,
        "fatal": 0,
        "pedestrian": 0,
        "density": 2.9
      },
      "geometry": {
        "type": "Point",
        "coordinates": [
          -93.224,
          44.866
        ]
      }
    },
    {
      "type": "Feature",
      "properties": {
        "crashes": 29,
        "injury": 8,
        "fatal": 0,
        "pedestrian": 0,
        "density": 2.9
      },
      "geometry": {
        "type": "Point",
        "coordinates": [
          -93.398,
          44.874
        ]
      }
    },
    {
      "type": "Feature",
      "properties": {
        "crashes": 28,
        "injury": 8,
        "fatal": 0,
        "pedestrian": 0,
        "density": 2.8
      },
      "geometry": {
        "type": "Point",
        "coordinates": [
          -93.288,
          44.79
        ]
      }
    },
    {
      "type": "Feature",
      "properties": {
        "crashes": 28,
        "injury": 14,
        "fatal": 1,
        "pedestrian": 2,
        "density": 2.8
      },
      "geometry": {
        "type": "Point",
        "coordinates": [
          -93.33,
          44.82
        ]
      }
    },
    {
      "type": "Feature",
      "properties": {
        "crashes": 28,
        "injury": 6,
        "fatal": 0,
        "pedestrian": 1,
        "density": 2.8
      },
      "geometry": {
        "type": "Point",
        "coordinates": [
          -93.398,
          44.832
        ]
      }
    },
    {
      "type": "Feature",
      "properties": {
        "crashes": 28,
        "injury": 13,
        "fatal": 0,
        "pedestrian": 0,
        "density": 2.8
      },
      "geometry": {
        "type": "Point",
        "coordinates": [
          -93.33,
          44.862
        ]
      }
    },
    {
      "type": "Feature",
      "properties": {
        "crashes": 28,
        "injury": 7,
        "fatal": 1,
        "pedestrian": 0,
        "density": 2.8
      },
      "geometry": {
        "type": "Point",
        "coordinates": [
          -93.218,
          44.862
        ]
      }
    },
    {
      "type": "Feature",
      "properties": {
        "crashes": 28,
        "injury": 6,
        "fatal": 0,
        "pedestrian": 1,
        "density": 2.8
      },
      "geometry": {
        "type": "Point",
        "coordinates": [
          -93.308,
          44.864
        ]
      }
    },
    {
      "type": "Feature",
      "properties": {
        "crashes": 28,
        "injury": 5,
        "fatal": 0,
        "pedestrian": 1,
        "density": 2.8
      },
      "geometry": {
        "type": "Point",
        "coordinates": [
          -93.35,
          44.876
        ]
      }
    },
    {
      "type": "Feature",
      "properties": {
        "crashes": 27,
        "injury": 7,
        "fatal": 0,
        "pedestrian": 0,
        "density": 2.7
      },
      "geometry": {
        "type": "Point",
        "coordinates": [
          -93.386,
          44.78
        ]
      }
    },
    {
      "type": "Feature",
      "properties": {
        "crashes": 27,
        "injury": 3,
        "fatal": 0,
        "pedestrian": 0,
        "density": 2.7
      },
      "geometry": {
        "type": "Point",
        "coordinates": [
          -93.288,
          44.794
        ]
      }
    },
    {
      "type": "Feature",
      "properties": {
        "crashes": 27,
        "injury": 14,
        "fatal": 0,
        "pedestrian": 0,
        "density": 2.7
      },
      "geometry": {
        "type": "Point",
        "coordinates": [
          -93.384,
          44.808
        ]
      }
    },
    {
      "type": "Feature",
      "properties": {
        "crashes": 27,
        "injury": 10,
        "fatal": 0,
        "pedestrian": 0,
        "density": 2.7
      },
      "geometry": {
        "type": "Point",
        "coordinates": [
          -93.33,
          44.828
        ]
      }
    },
    {
      "type": "Feature",
      "properties": {
        "crashes": 27,
        "injury": 15,
        "fatal": 0,
        "pedestrian": 1,
        "density": 2.7
      },
      "geometry": {
        "type": "Point",
        "coordinates": [
          -93.35,
          44.834
        ]
      }
    },
    {
      "type": "Feature",
      "properties": {
        "crashes": 27,
        "injury": 22,
        "fatal": 0,
        "pedestrian": 2,
        "density": 2.7
      },
      "geometry": {
        "type": "Point",
        "coordinates": [
          -93.268,
          44.84
        ]
      }
    },
    {
      "type": "Feature",
      "properties": {
        "crashes": 27,
        "injury": 3,
        "fatal": 0,
        "pedestrian": 0,
        "density": 2.7
      },
      "geometry": {
        "type": "Point",
        "coordinates": [
          -93.212,
          44.862
        ]
      }
    },
    {
      "type": "Feature",
      "properties": {
        "crashes": 27,
        "injury": 5,
        "fatal": 0,
        "pedestrian": 0,
        "density": 2.7
      },
      "geometry": {
        "type": "Point",
        "coordinates": [
          -93.298,
          44.868
        ]
      }
    },
    {
      "type": "Feature",
      "properties": {
        "crashes": 26,
        "injury": 4,
        "fatal": 0,
        "pedestrian": 0,
        "density": 2.6
      },
      "geometry": {
        "type": "Point",
        "coordinates": [
          -93.292,
          44.808
        ]
      }
    },
    {
      "type": "Feature",
      "properties": {
        "crashes": 26,
        "injury": 5,
        "fatal": 0,
        "pedestrian": 0,
        "density": 2.6
      },
      "geometry": {
        "type": "Point",
        "coordinates": [
          -93.248,
          44.856
        ]
      }
    },
    {
      "type": "Feature",
      "properties": {
        "crashes": 26,
        "injury": 3,
        "fatal": 0,
        "pedestrian": 0,
        "density": 2.6
      },
      "geometry": {
        "type": "Point",
        "coordinates": [
          -93.246,
          44.858
        ]
      }
    },
    {
      "type": "Feature",
      "properties": {
        "crashes": 26,
        "injury": 12,
        "fatal": 0,
        "pedestrian": 0,
        "density": 2.6
      },
      "geometry": {
        "type": "Point",
        "coordinates": [
          -93.392,
          44.858
        ]
      }
    },
    {
      "type": "Feature",
      "properties": {
        "crashes": 26,
        "injury": 5,
        "fatal": 0,
        "pedestrian": 0,
        "density": 2.6
      },
      "geometry": {
        "type": "Point",
        "coordinates": [
          -93.246,
          44.864
        ]
      }
    },
    {
      "type": "Feature",
      "properties": {
        "crashes": 25,
        "injury": 7,
        "fatal": 0,
        "pedestrian": 0,
        "density": 2.5
      },
      "geometry": {
        "type": "Point",
        "coordinates": [
          -93.396,
          44.808
        ]
      }
    },
    {
      "type": "Feature",
      "properties": {
        "crashes": 25,
        "injury": 3,
        "fatal": 0,
        "pedestrian": 0,
        "density": 2.5
      },
      "geometry": {
        "type": "Point",
        "coordinates": [
          -93.226,
          44.824
        ]
      }
    },
    {
      "type": "Feature",
      "properties": {
        "crashes": 25,
        "injury": 8,
        "fatal": 0,
        "pedestrian": 0,
        "density": 2.5
      },
      "geometry": {
        "type": "Point",
        "coordinates": [
          -93.288,
          44.84
        ]
      }
    },
    {
      "type": "Feature",
      "properties": {
        "crashes": 25,
        "injury": 5,
        "fatal": 1,
        "pedestrian": 1,
        "density": 2.5
      },
      "geometry": {
        "type": "Point",
        "coordinates": [
          -93.398,
          44.848
        ]
      }
    },
    {
      "type": "Feature",
      "properties": {
        "crashes": 25,
        "injury": 9,
        "fatal": 0,
        "pedestrian": 1,
        "density": 2.5
      },
      "geometry": {
        "type": "Point",
        "coordinates": [
          -93.258,
          44.866
        ]
      }
    },
    {
      "type": "Feature",
      "properties": {
        "crashes": 25,
        "injury": 4,
        "fatal": 0,
        "pedestrian": 0,
        "density": 2.5
      },
      "geometry": {
        "type": "Point",
        "coordinates": [
          -93.3,
          44.868
        ]
      }
    },
    {
      "type": "Feature",
      "properties": {
        "crashes": 25,
        "injury": 10,
        "fatal": 0,
        "pedestrian": 2,
        "density": 2.5
      },
      "geometry": {
        "type": "Point",
        "coordinates": [
          -93.322,
          44.868
        ]
      }
    },
    {
      "type": "Feature",
      "properties": {
        "crashes": 25,
        "injury": 2,
        "fatal": 0,
        "pedestrian": 0,
        "density": 2.5
      },
      "geometry": {
        "type": "Point",
        "coordinates": [
          -93.396,
          44.874
        ]
      }
    },
    {
      "type": "Feature",
      "properties": {
        "crashes": 24,
        "injury": 7,
        "fatal": 0,
        "pedestrian": 0,
        "density": 2.4
      },
      "geometry": {
        "type": "Point",
        "coordinates": [
          -93.258,
          44.782
        ]
      }
    },
    {
      "type": "Feature",
      "properties": {
        "crashes": 24,
        "injury": 12,
        "fatal": 0,
        "pedestrian": 0,
        "density": 2.4
      },
      "geometry": {
        "type": "Point",
        "coordinates": [
          -93.206,
          44.79
        ]
      }
    },
    {
      "type": "Feature",
      "properties": {
        "crashes": 24,
        "injury": 19,
        "fatal": 0,
        "pedestrian": 2,
        "density": 2.4
      },
      "geometry": {
        "type": "Point",
        "coordinates": [
          -93.332,
          44.81
        ]
      }
    },
    {
      "type": "Feature",
      "properties": {
        "crashes": 24,
        "injury": 6,
        "fatal": 1,
        "pedestrian": 0,
        "density": 2.4
      },
      "geometry": {
        "type": "Point",
        "coordinates": [
          -93.22,
          44.814
        ]
      }
    },
    {
      "type": "Feature",
      "properties": {
        "crashes": 24,
        "injury": 0,
        "fatal": 0,
        "pedestrian": 0,
        "density": 2.4
      },
      "geometry": {
        "type": "Point",
        "coordinates": [
          -93.294,
          44.83
        ]
      }
    },
    {
      "type": "Feature",
      "properties": {
        "crashes": 24,
        "injury": 7,
        "fatal": 0,
        "pedestrian": 0,
        "density": 2.4
      },
      "geometry": {
        "type": "Point",
        "coordinates": [
          -93.242,
          44.838
        ]
      }
    },
    {
      "type": "Feature",
      "properties": {
        "crashes": 24,
        "injury": 16,
        "fatal": 0,
        "pedestrian": 0,
        "density": 2.4
      },
      "geometry": {
        "type": "Point",
        "coordinates": [
          -93.33,
          44.842
        ]
      }
    },
    {
      "type": "Feature",
      "properties": {
        "crashes": 24,
        "injury": 11,
        "fatal": 1,
        "pedestrian": 2,
        "density": 2.4
      },
      "geometry": {
        "type": "Point",
        "coordinates": [
          -93.288,
          44.848
        ]
      }
    },
    {
      "type": "Feature",
      "properties": {
        "crashes": 24,
        "injury": 6,
        "fatal": 1,
        "pedestrian": 0,
        "density": 2.4
      },
      "geometry": {
        "type": "Point",
        "coordinates": [
          -93.248,
          44.85
        ]
      }
    },
    {
      "type": "Feature",
      "properties": {
        "crashes": 24,
        "injury": 10,
        "fatal": 0,
        "pedestrian": 0,
        "density": 2.4
      },
      "geometry": {
        "type": "Point",
        "coordinates": [
          -93.238,
          44.856
        ]
      }
    },
    {
      "type": "Feature",
      "properties": {
        "crashes": 24,
        "injury": 12,
        "fatal": 0,
        "pedestrian": 1,
        "density": 2.4
      },
      "geometry": {
        "type": "Point",
        "coordinates": [
          -93.238,
          44.858
        ]
      }
    },
    {
      "type": "Feature",
      "properties": {
        "crashes": 24,
        "injury": 10,
        "fatal": 0,
        "pedestrian": 1,
        "density": 2.4
      },
      "geometry": {
        "type": "Point",
        "coordinates": [
          -93.308,
          44.86
        ]
      }
    },
    {
      "type": "Feature",
      "properties": {
        "crashes": 24,
        "injury": 7,
        "fatal": 0,
        "pedestrian": 0,
        "density": 2.4
      },
      "geometry": {
        "type": "Point",
        "coordinates": [
          -93.298,
          44.878
        ]
      }
    },
    {
      "type": "Feature",
      "properties": {
        "crashes": 24,
        "injury": 11,
        "fatal": 0,
        "pedestrian": 0,
        "density": 2.4
      },
      "geometry": {
        "type": "Point",
        "coordinates": [
          -93.33,
          44.878
        ]
      }
    },
    {
      "type": "Feature",
      "properties": {
        "crashes": 23,
        "injury": 10,
        "fatal": 0,
        "pedestrian": 0,
        "density": 2.3
      },
      "geometry": {
        "type": "Point",
        "coordinates": [
          -93.24,
          44.794
        ]
      }
    },
    {
      "type": "Feature",
      "properties": {
        "crashes": 23,
        "injury": 4,
        "fatal": 0,
        "pedestrian": 1,
        "density": 2.3
      },
      "geometry": {
        "type": "Point",
        "coordinates": [
          -93.4,
          44.808
        ]
      }
    },
    {
      "type": "Feature",
      "properties": {
        "crashes": 23,
        "injury": 6,
        "fatal": 0,
        "pedestrian": 0,
        "density": 2.3
      },
      "geometry": {
        "type": "Point",
        "coordinates": [
          -93.292,
          44.82
        ]
      }
    },
    {
      "type": "Feature",
      "properties": {
        "crashes": 23,
        "injury": 12,
        "fatal": 0,
        "pedestrian": 0,
        "density": 2.3
      },
      "geometry": {
        "type": "Point",
        "coordinates": [
          -93.268,
          44.848
        ]
      }
    },
    {
      "type": "Feature",
      "properties": {
        "crashes": 23,
        "injury": 13,
        "fatal": 0,
        "pedestrian": 0,
        "density": 2.3
      },
      "geometry": {
        "type": "Point",
        "coordinates": [
          -93.33,
          44.852
        ]
      }
    },
    {
      "type": "Feature",
      "properties": {
        "crashes": 23,
        "injury": 9,
        "fatal": 0,
        "pedestrian": 1,
        "density": 2.3
      },
      "geometry": {
        "type": "Point",
        "coordinates": [
          -93.362,
          44.858
        ]
      }
    },
    {
      "type": "Feature",
      "properties": {
        "crashes": 23,
        "injury": 2,
        "fatal": 0,
        "pedestrian": 0,
        "density": 2.3
      },
      "geometry": {
        "type": "Point",
        "coordinates": [
          -93.396,
          44.858
        ]
      }
    },
    {
      "type": "Feature",
      "properties": {
        "crashes": 23,
        "injury": 5,
        "fatal": 0,
        "pedestrian": 0,
        "density": 2.3
      },
      "geometry": {
        "type": "Point",
        "coordinates": [
          -93.354,
          44.858
        ]
      }
    },
    {
      "type": "Feature",
      "properties": {
        "crashes": 23,
        "injury": 7,
        "fatal": 0,
        "pedestrian": 0,
        "density": 2.3
      },
      "geometry": {
        "type": "Point",
        "coordinates": [
          -93.288,
          44.86
        ]
      }
    },
    {
      "type": "Feature",
      "properties": {
        "crashes": 23,
        "injury": 11,
        "fatal": 0,
        "pedestrian": 1,
        "density": 2.3
      },
      "geometry": {
        "type": "Point",
        "coordinates": [
          -93.328,
          44.876
        ]
      }
    },
    {
      "type": "Feature",
      "properties": {
        "crashes": 23,
        "injury": 5,
        "fatal": 0,
        "pedestrian": 0,
        "density": 2.3
      },
      "geometry": {
        "type": "Point",
        "coordinates": [
          -93.248,
          44.878
        ]
      }
    },
    {
      "type": "Feature",
      "properties": {
        "crashes": 22,
        "injury": 4,
        "fatal": 0,
        "pedestrian": 0,
        "density": 2.2
      },
      "geometry": {
        "type": "Point",
        "coordinates": [
          -93.22,
          44.788
        ]
      }
    },
    {
      "type": "Feature",
      "properties": {
        "crashes": 22,
        "injury": 4,
        "fatal": 0,
        "pedestrian": 0,
        "density": 2.2
      },
      "geometry": {
        "type": "Point",
        "coordinates": [
          -93.206,
          44.794
        ]
      }
    },
    {
      "type": "Feature",
      "properties": {
        "crashes": 22,
        "injury": 3,
        "fatal": 0,
        "pedestrian": 0,
        "density": 2.2
      },
      "geometry": {
        "type": "Point",
        "coordinates": [
          -93.228,
          44.804
        ]
      }
    },
    {
      "type": "Feature",
      "properties": {
        "crashes": 22,
        "injury": 10,
        "fatal": 0,
        "pedestrian": 0,
        "density": 2.2
      },
      "geometry": {
        "type": "Point",
        "coordinates": [
          -93.294,
          44.834
        ]
      }
    },
    {
      "type": "Feature",
      "properties": {
        "crashes": 22,
        "injury": 8,
        "fatal": 0,
        "pedestrian": 0,
        "density": 2.2
      },
      "geometry": {
        "type": "Point",
        "coordinates": [
          -93.238,
          44.834
        ]
      }
    },
    {
      "type": "Feature",
      "properties": {
        "crashes": 22,
        "injury": 8,
        "fatal": 0,
        "pedestrian": 0,
        "density": 2.2
      },
      "geometry": {
        "type": "Point",
        "coordinates": [
          -93.248,
          44.854
        ]
      }
    },
    {
      "type": "Feature",
      "properties": {
        "crashes": 22,
        "injury": 4,
        "fatal": 0,
        "pedestrian": 0,
        "density": 2.2
      },
      "geometry": {
        "type": "Point",
        "coordinates": [
          -93.35,
          44.872
        ]
      }
    },
    {
      "type": "Feature",
      "properties": {
        "crashes": 22,
        "injury": 3,
        "fatal": 0,
        "pedestrian": 0,
        "density": 2.2
      },
      "geometry": {
        "type": "Point",
        "coordinates": [
          -93.328,
          44.874
        ]
      }
    },
    {
      "type": "Feature",
      "properties": {
        "crashes": 22,
        "injury": 6,
        "fatal": 0,
        "pedestrian": 1,
        "density": 2.2
      },
      "geometry": {
        "type": "Point",
        "coordinates": [
          -93.268,
          44.876
        ]
      }
    },
    {
      "type": "Feature",
      "properties": {
        "crashes": 22,
        "injury": 9,
        "fatal": 0,
        "pedestrian": 0,
        "density": 2.2
      },
      "geometry": {
        "type": "Point",
        "coordinates": [
          -93.278,
          44.876
        ]
      }
    },
    {
      "type": "Feature",
      "properties": {
        "crashes": 21,
        "injury": 11,
        "fatal": 0,
        "pedestrian": 2,
        "density": 2.1
      },
      "geometry": {
        "type": "Point",
        "coordinates": [
          -93.248,
          44.848
        ]
      }
    },
    {
      "type": "Feature",
      "properties": {
        "crashes": 21,
        "injury": 4,
        "fatal": 0,
        "pedestrian": 0,
        "density": 2.1
      },
      "geometry": {
        "type": "Point",
        "coordinates": [
          -93.246,
          44.852
        ]
      }
    },
    {
      "type": "Feature",
      "properties": {
        "crashes": 21,
        "injury": 16,
        "fatal": 0,
        "pedestrian": 2,
        "density": 2.1
      },
      "geometry": {
        "type": "Point",
        "coordinates": [
          -93.258,
          44.856
        ]
      }
    },
    {
      "type": "Feature",
      "properties": {
        "crashes": 21,
        "injury": 2,
        "fatal": 0,
        "pedestrian": 0,
        "density": 2.1
      },
      "geometry": {
        "type": "Point",
        "coordinates": [
          -93.248,
          44.858
        ]
      }
    },
    {
      "type": "Feature",
      "properties": {
        "crashes": 21,
        "injury": 2,
        "fatal": 0,
        "pedestrian": 0,
        "density": 2.1
      },
      "geometry": {
        "type": "Point",
        "coordinates": [
          -93.4,
          44.86
        ]
      }
    },
    {
      "type": "Feature",
      "properties": {
        "crashes": 21,
        "injury": 1,
        "fatal": 0,
        "pedestrian": 0,
        "density": 2.1
      },
      "geometry": {
        "type": "Point",
        "coordinates": [
          -93.3,
          44.87
        ]
      }
    },
    {
      "type": "Feature",
      "properties": {
        "crashes": 21,
        "injury": 11,
        "fatal": 0,
        "pedestrian": 0,
        "density": 2.1
      },
      "geometry": {
        "type": "Point",
        "coordinates": [
          -93.322,
          44.876
        ]
      }
    },
    {
      "type": "Feature",
      "properties": {
        "crashes": 20,
        "injury": 6,
        "fatal": 0,
        "pedestrian": 0,
        "density": 2
      },
      "geometry": {
        "type": "Point",
        "coordinates": [
          -93.282,
          44.782
        ]
      }
    },
    {
      "type": "Feature",
      "properties": {
        "crashes": 20,
        "injury": 1,
        "fatal": 0,
        "pedestrian": 0,
        "density": 2
      },
      "geometry": {
        "type": "Point",
        "coordinates": [
          -93.206,
          44.786
        ]
      }
    },
    {
      "type": "Feature",
      "properties": {
        "crashes": 20,
        "injury": 2,
        "fatal": 0,
        "pedestrian": 1,
        "density": 2
      },
      "geometry": {
        "type": "Point",
        "coordinates": [
          -93.29,
          44.806
        ]
      }
    },
    {
      "type": "Feature",
      "properties": {
        "crashes": 20,
        "injury": 9,
        "fatal": 0,
        "pedestrian": 1,
        "density": 2
      },
      "geometry": {
        "type": "Point",
        "coordinates": [
          -93.368,
          44.808
        ]
      }
    },
    {
      "type": "Feature",
      "properties": {
        "crashes": 20,
        "injury": 3,
        "fatal": 0,
        "pedestrian": 0,
        "density": 2
      },
      "geometry": {
        "type": "Point",
        "coordinates": [
          -93.22,
          44.81
        ]
      }
    },
    {
      "type": "Feature",
      "properties": {
        "crashes": 20,
        "injury": 3,
        "fatal": 0,
        "pedestrian": 0,
        "density": 2
      },
      "geometry": {
        "type": "Point",
        "coordinates": [
          -93.398,
          44.814
        ]
      }
    },
    {
      "type": "Feature",
      "properties": {
        "crashes": 20,
        "injury": 7,
        "fatal": 0,
        "pedestrian": 0,
        "density": 2
      },
      "geometry": {
        "type": "Point",
        "coordinates": [
          -93.23,
          44.826
        ]
      }
    },
    {
      "type": "Feature",
      "properties": {
        "crashes": 20,
        "injury": 7,
        "fatal": 0,
        "pedestrian": 0,
        "density": 2
      },
      "geometry": {
        "type": "Point",
        "coordinates": [
          -93.246,
          44.844
        ]
      }
    },
    {
      "type": "Feature",
      "properties": {
        "crashes": 20,
        "injury": 5,
        "fatal": 0,
        "pedestrian": 0,
        "density": 2
      },
      "geometry": {
        "type": "Point",
        "coordinates": [
          -93.244,
          44.852
        ]
      }
    },
    {
      "type": "Feature",
      "properties": {
        "crashes": 20,
        "injury": 6,
        "fatal": 0,
        "pedestrian": 0,
        "density": 2
      },
      "geometry": {
        "type": "Point",
        "coordinates": [
          -93.206,
          44.862
        ]
      }
    },
    {
      "type": "Feature",
      "properties": {
        "crashes": 20,
        "injury": 5,
        "fatal": 0,
        "pedestrian": 0,
        "density": 2
      },
      "geometry": {
        "type": "Point",
        "coordinates": [
          -93.396,
          44.872
        ]
      }
    },
    {
      "type": "Feature",
      "properties": {
        "crashes": 20,
        "injury": 8,
        "fatal": 0,
        "pedestrian": 0,
        "density": 2
      },
      "geometry": {
        "type": "Point",
        "coordinates": [
          -93.352,
          44.876
        ]
      }
    },
    {
      "type": "Feature",
      "properties": {
        "crashes": 19,
        "injury": 4,
        "fatal": 0,
        "pedestrian": 0,
        "density": 1.9
      },
      "geometry": {
        "type": "Point",
        "coordinates": [
          -93.384,
          44.78
        ]
      }
    },
    {
      "type": "Feature",
      "properties": {
        "crashes": 19,
        "injury": 3,
        "fatal": 0,
        "pedestrian": 0,
        "density": 1.9
      },
      "geometry": {
        "type": "Point",
        "coordinates": [
          -93.208,
          44.784
        ]
      }
    },
    {
      "type": "Feature",
      "properties": {
        "crashes": 19,
        "injury": 9,
        "fatal": 0,
        "pedestrian": 0,
        "density": 1.9
      },
      "geometry": {
        "type": "Point",
        "coordinates": [
          -93.258,
          44.786
        ]
      }
    },
    {
      "type": "Feature",
      "properties": {
        "crashes": 19,
        "injury": 3,
        "fatal": 0,
        "pedestrian": 0,
        "density": 1.9
      },
      "geometry": {
        "type": "Point",
        "coordinates": [
          -93.204,
          44.788
        ]
      }
    },
    {
      "type": "Feature",
      "properties": {
        "crashes": 19,
        "injury": 6,
        "fatal": 0,
        "pedestrian": 0,
        "density": 1.9
      },
      "geometry": {
        "type": "Point",
        "coordinates": [
          -93.258,
          44.79
        ]
      }
    },
    {
      "type": "Feature",
      "properties": {
        "crashes": 19,
        "injury": 9,
        "fatal": 0,
        "pedestrian": 0,
        "density": 1.9
      },
      "geometry": {
        "type": "Point",
        "coordinates": [
          -93.212,
          44.79
        ]
      }
    },
    {
      "type": "Feature",
      "properties": {
        "crashes": 19,
        "injury": 6,
        "fatal": 0,
        "pedestrian": 0,
        "density": 1.9
      },
      "geometry": {
        "type": "Point",
        "coordinates": [
          -93.216,
          44.79
        ]
      }
    },
    {
      "type": "Feature",
      "properties": {
        "crashes": 19,
        "injury": 2,
        "fatal": 0,
        "pedestrian": 0,
        "density": 1.9
      },
      "geometry": {
        "type": "Point",
        "coordinates": [
          -93.236,
          44.79
        ]
      }
    },
    {
      "type": "Feature",
      "properties": {
        "crashes": 19,
        "injury": 13,
        "fatal": 0,
        "pedestrian": 3,
        "density": 1.9
      },
      "geometry": {
        "type": "Point",
        "coordinates": [
          -93.33,
          44.814
        ]
      }
    },
    {
      "type": "Feature",
      "properties": {
        "crashes": 19,
        "injury": 5,
        "fatal": 0,
        "pedestrian": 0,
        "density": 1.9
      },
      "geometry": {
        "type": "Point",
        "coordinates": [
          -93.222,
          44.816
        ]
      }
    },
    {
      "type": "Feature",
      "properties": {
        "crashes": 19,
        "injury": 3,
        "fatal": 0,
        "pedestrian": 0,
        "density": 1.9
      },
      "geometry": {
        "type": "Point",
        "coordinates": [
          -93.292,
          44.818
        ]
      }
    },
    {
      "type": "Feature",
      "properties": {
        "crashes": 19,
        "injury": 13,
        "fatal": 0,
        "pedestrian": 0,
        "density": 1.9
      },
      "geometry": {
        "type": "Point",
        "coordinates": [
          -93.35,
          44.826
        ]
      }
    },
    {
      "type": "Feature",
      "properties": {
        "crashes": 19,
        "injury": 6,
        "fatal": 1,
        "pedestrian": 0,
        "density": 1.9
      },
      "geometry": {
        "type": "Point",
        "coordinates": [
          -93.29,
          44.826
        ]
      }
    },
    {
      "type": "Feature",
      "properties": {
        "crashes": 19,
        "injury": 6,
        "fatal": 0,
        "pedestrian": 0,
        "density": 1.9
      },
      "geometry": {
        "type": "Point",
        "coordinates": [
          -93.248,
          44.852
        ]
      }
    },
    {
      "type": "Feature",
      "properties": {
        "crashes": 19,
        "injury": 8,
        "fatal": 0,
        "pedestrian": 1,
        "density": 1.9
      },
      "geometry": {
        "type": "Point",
        "coordinates": [
          -93.308,
          44.856
        ]
      }
    },
    {
      "type": "Feature",
      "properties": {
        "crashes": 19,
        "injury": 7,
        "fatal": 0,
        "pedestrian": 0,
        "density": 1.9
      },
      "geometry": {
        "type": "Point",
        "coordinates": [
          -93.248,
          44.87
        ]
      }
    },
    {
      "type": "Feature",
      "properties": {
        "crashes": 18,
        "injury": 3,
        "fatal": 0,
        "pedestrian": 0,
        "density": 1.8
      },
      "geometry": {
        "type": "Point",
        "coordinates": [
          -93.246,
          44.79
        ]
      }
    },
    {
      "type": "Feature",
      "properties": {
        "crashes": 18,
        "injury": 4,
        "fatal": 0,
        "pedestrian": 0,
        "density": 1.8
      },
      "geometry": {
        "type": "Point",
        "coordinates": [
          -93.226,
          44.79
        ]
      }
    },
    {
      "type": "Feature",
      "properties": {
        "crashes": 18,
        "injury": 9,
        "fatal": 0,
        "pedestrian": 0,
        "density": 1.8
      },
      "geometry": {
        "type": "Point",
        "coordinates": [
          -93.222,
          44.792
        ]
      }
    },
    {
      "type": "Feature",
      "properties": {
        "crashes": 18,
        "injury": 3,
        "fatal": 0,
        "pedestrian": 0,
        "density": 1.8
      },
      "geometry": {
        "type": "Point",
        "coordinates": [
          -93.288,
          44.792
        ]
      }
    },
    {
      "type": "Feature",
      "properties": {
        "crashes": 18,
        "injury": 4,
        "fatal": 0,
        "pedestrian": 0,
        "density": 1.8
      },
      "geometry": {
        "type": "Point",
        "coordinates": [
          -93.29,
          44.796
        ]
      }
    },
    {
      "type": "Feature",
      "properties": {
        "crashes": 18,
        "injury": 13,
        "fatal": 0,
        "pedestrian": 1,
        "density": 1.8
      },
      "geometry": {
        "type": "Point",
        "coordinates": [
          -93.268,
          44.826
        ]
      }
    },
    {
      "type": "Feature",
      "properties": {
        "crashes": 18,
        "injury": 9,
        "fatal": 1,
        "pedestrian": 6,
        "density": 1.8
      },
      "geometry": {
        "type": "Point",
        "coordinates": [
          -93.286,
          44.826
        ]
      }
    },
    {
      "type": "Feature",
      "properties": {
        "crashes": 18,
        "injury": 7,
        "fatal": 0,
        "pedestrian": 2,
        "density": 1.8
      },
      "geometry": {
        "type": "Point",
        "coordinates": [
          -93.242,
          44.852
        ]
      }
    },
    {
      "type": "Feature",
      "properties": {
        "crashes": 18,
        "injury": 2,
        "fatal": 0,
        "pedestrian": 0,
        "density": 1.8
      },
      "geometry": {
        "type": "Point",
        "coordinates": [
          -93.22,
          44.862
        ]
      }
    },
    {
      "type": "Feature",
      "properties": {
        "crashes": 18,
        "injury": 4,
        "fatal": 0,
        "pedestrian": 0,
        "density": 1.8
      },
      "geometry": {
        "type": "Point",
        "coordinates": [
          -93.21,
          44.862
        ]
      }
    },
    {
      "type": "Feature",
      "properties": {
        "crashes": 18,
        "injury": 1,
        "fatal": 0,
        "pedestrian": 0,
        "density": 1.8
      },
      "geometry": {
        "type": "Point",
        "coordinates": [
          -93.35,
          44.87
        ]
      }
    },
    {
      "type": "Feature",
      "properties": {
        "crashes": 18,
        "injury": 8,
        "fatal": 0,
        "pedestrian": 0,
        "density": 1.8
      },
      "geometry": {
        "type": "Point",
        "coordinates": [
          -93.328,
          44.87
        ]
      }
    },
    {
      "type": "Feature",
      "properties": {
        "crashes": 18,
        "injury": 2,
        "fatal": 0,
        "pedestrian": 0,
        "density": 1.8
      },
      "geometry": {
        "type": "Point",
        "coordinates": [
          -93.396,
          44.87
        ]
      }
    },
    {
      "type": "Feature",
      "properties": {
        "crashes": 18,
        "injury": 5,
        "fatal": 1,
        "pedestrian": 0,
        "density": 1.8
      },
      "geometry": {
        "type": "Point",
        "coordinates": [
          -93.248,
          44.876
        ]
      }
    },
    {
      "type": "Feature",
      "properties": {
        "crashes": 17,
        "injury": 3,
        "fatal": 0,
        "pedestrian": 0,
        "density": 1.7
      },
      "geometry": {
        "type": "Point",
        "coordinates": [
          -93.22,
          44.786
        ]
      }
    },
    {
      "type": "Feature",
      "properties": {
        "crashes": 17,
        "injury": 2,
        "fatal": 0,
        "pedestrian": 0,
        "density": 1.7
      },
      "geometry": {
        "type": "Point",
        "coordinates": [
          -93.292,
          44.806
        ]
      }
    },
    {
      "type": "Feature",
      "properties": {
        "crashes": 17,
        "injury": 8,
        "fatal": 0,
        "pedestrian": 0,
        "density": 1.7
      },
      "geometry": {
        "type": "Point",
        "coordinates": [
          -93.398,
          44.816
        ]
      }
    },
    {
      "type": "Feature",
      "properties": {
        "crashes": 17,
        "injury": 4,
        "fatal": 0,
        "pedestrian": 0,
        "density": 1.7
      },
      "geometry": {
        "type": "Point",
        "coordinates": [
          -93.246,
          44.842
        ]
      }
    },
    {
      "type": "Feature",
      "properties": {
        "crashes": 17,
        "injury": 8,
        "fatal": 0,
        "pedestrian": 0,
        "density": 1.7
      },
      "geometry": {
        "type": "Point",
        "coordinates": [
          -93.258,
          44.848
        ]
      }
    },
    {
      "type": "Feature",
      "properties": {
        "crashes": 17,
        "injury": 9,
        "fatal": 1,
        "pedestrian": 2,
        "density": 1.7
      },
      "geometry": {
        "type": "Point",
        "coordinates": [
          -93.278,
          44.848
        ]
      }
    },
    {
      "type": "Feature",
      "properties": {
        "crashes": 17,
        "injury": 2,
        "fatal": 1,
        "pedestrian": 0,
        "density": 1.7
      },
      "geometry": {
        "type": "Point",
        "coordinates": [
          -93.348,
          44.86
        ]
      }
    },
    {
      "type": "Feature",
      "properties": {
        "crashes": 17,
        "injury": 1,
        "fatal": 0,
        "pedestrian": 0,
        "density": 1.7
      },
      "geometry": {
        "type": "Point",
        "coordinates": [
          -93.336,
          44.866
        ]
      }
    },
    {
      "type": "Feature",
      "properties": {
        "crashes": 17,
        "injury": 4,
        "fatal": 0,
        "pedestrian": 0,
        "density": 1.7
      },
      "geometry": {
        "type": "Point",
        "coordinates": [
          -93.298,
          44.874
        ]
      }
    },
    {
      "type": "Feature",
      "properties": {
        "crashes": 17,
        "injury": 8,
        "fatal": 0,
        "pedestrian": 2,
        "density": 1.7
      },
      "geometry": {
        "type": "Point",
        "coordinates": [
          -93.322,
          44.878
        ]
      }
    },
    {
      "type": "Feature",
      "properties": {
        "crashes": 16,
        "injury": 3,
        "fatal": 0,
        "pedestrian": 0,
        "density": 1.6
      },
      "geometry": {
        "type": "Point",
        "coordinates": [
          -93.222,
          44.8
        ]
      }
    },
    {
      "type": "Feature",
      "properties": {
        "crashes": 16,
        "injury": 6,
        "fatal": 0,
        "pedestrian": 0,
        "density": 1.6
      },
      "geometry": {
        "type": "Point",
        "coordinates": [
          -93.22,
          44.812
        ]
      }
    },
    {
      "type": "Feature",
      "properties": {
        "crashes": 16,
        "injury": 9,
        "fatal": 0,
        "pedestrian": 0,
        "density": 1.6
      },
      "geometry": {
        "type": "Point",
        "coordinates": [
          -93.378,
          44.812
        ]
      }
    },
    {
      "type": "Feature",
      "properties": {
        "crashes": 16,
        "injury": 3,
        "fatal": 0,
        "pedestrian": 0,
        "density": 1.6
      },
      "geometry": {
        "type": "Point",
        "coordinates": [
          -93.246,
          44.856
        ]
      }
    },
    {
      "type": "Feature",
      "properties": {
        "crashes": 16,
        "injury": 4,
        "fatal": 0,
        "pedestrian": 1,
        "density": 1.6
      },
      "geometry": {
        "type": "Point",
        "coordinates": [
          -93.264,
          44.864
        ]
      }
    },
    {
      "type": "Feature",
      "properties": {
        "crashes": 16,
        "injury": 4,
        "fatal": 0,
        "pedestrian": 0,
        "density": 1.6
      },
      "geometry": {
        "type": "Point",
        "coordinates": [
          -93.248,
          44.868
        ]
      }
    },
    {
      "type": "Feature",
      "properties": {
        "crashes": 16,
        "injury": 5,
        "fatal": 0,
        "pedestrian": 0,
        "density": 1.6
      },
      "geometry": {
        "type": "Point",
        "coordinates": [
          -93.328,
          44.872
        ]
      }
    },
    {
      "type": "Feature",
      "properties": {
        "crashes": 16,
        "injury": 6,
        "fatal": 0,
        "pedestrian": 0,
        "density": 1.6
      },
      "geometry": {
        "type": "Point",
        "coordinates": [
          -93.248,
          44.874
        ]
      }
    },
    {
      "type": "Feature",
      "properties": {
        "crashes": 16,
        "injury": 1,
        "fatal": 0,
        "pedestrian": 1,
        "density": 1.6
      },
      "geometry": {
        "type": "Point",
        "coordinates": [
          -93.288,
          44.88
        ]
      }
    },
    {
      "type": "Feature",
      "properties": {
        "crashes": 15,
        "injury": 8,
        "fatal": 0,
        "pedestrian": 0,
        "density": 1.5
      },
      "geometry": {
        "type": "Point",
        "coordinates": [
          -93.228,
          44.806
        ]
      }
    },
    {
      "type": "Feature",
      "properties": {
        "crashes": 15,
        "injury": 8,
        "fatal": 0,
        "pedestrian": 3,
        "density": 1.5
      },
      "geometry": {
        "type": "Point",
        "coordinates": [
          -93.336,
          44.81
        ]
      }
    },
    {
      "type": "Feature",
      "properties": {
        "crashes": 15,
        "injury": 6,
        "fatal": 0,
        "pedestrian": 3,
        "density": 1.5
      },
      "geometry": {
        "type": "Point",
        "coordinates": [
          -93.33,
          44.81
        ]
      }
    },
    {
      "type": "Feature",
      "properties": {
        "crashes": 15,
        "injury": 11,
        "fatal": 0,
        "pedestrian": 0,
        "density": 1.5
      },
      "geometry": {
        "type": "Point",
        "coordinates": [
          -93.308,
          44.826
        ]
      }
    },
    {
      "type": "Feature",
      "properties": {
        "crashes": 15,
        "injury": 5,
        "fatal": 0,
        "pedestrian": 0,
        "density": 1.5
      },
      "geometry": {
        "type": "Point",
        "coordinates": [
          -93.248,
          44.846
        ]
      }
    },
    {
      "type": "Feature",
      "properties": {
        "crashes": 15,
        "injury": 4,
        "fatal": 0,
        "pedestrian": 1,
        "density": 1.5
      },
      "geometry": {
        "type": "Point",
        "coordinates": [
          -93.292,
          44.864
        ]
      }
    },
    {
      "type": "Feature",
      "properties": {
        "crashes": 15,
        "injury": 6,
        "fatal": 0,
        "pedestrian": 0,
        "density": 1.5
      },
      "geometry": {
        "type": "Point",
        "coordinates": [
          -93.33,
          44.868
        ]
      }
    },
    {
      "type": "Feature",
      "properties": {
        "crashes": 15,
        "injury": 8,
        "fatal": 0,
        "pedestrian": 2,
        "density": 1.5
      },
      "geometry": {
        "type": "Point",
        "coordinates": [
          -93.29,
          44.876
        ]
      }
    },
    {
      "type": "Feature",
      "properties": {
        "crashes": 15,
        "injury": 8,
        "fatal": 0,
        "pedestrian": 2,
        "density": 1.5
      },
      "geometry": {
        "type": "Point",
        "coordinates": [
          -93.314,
          44.878
        ]
      }
    },
    {
      "type": "Feature",
      "properties": {
        "crashes": 15,
        "injury": 6,
        "fatal": 1,
        "pedestrian": 1,
        "density": 1.5
      },
      "geometry": {
        "type": "Point",
        "coordinates": [
          -93.248,
          44.88
        ]
      }
    },
    {
      "type": "Feature",
      "properties": {
        "crashes": 14,
        "injury": 6,
        "fatal": 0,
        "pedestrian": 0,
        "density": 1.4
      },
      "geometry": {
        "type": "Point",
        "coordinates": [
          -93.214,
          44.78
        ]
      }
    },
    {
      "type": "Feature",
      "properties": {
        "crashes": 14,
        "injury": 2,
        "fatal": 0,
        "pedestrian": 0,
        "density": 1.4
      },
      "geometry": {
        "type": "Point",
        "coordinates": [
          -93.218,
          44.782
        ]
      }
    },
    {
      "type": "Feature",
      "properties": {
        "crashes": 14,
        "injury": 4,
        "fatal": 0,
        "pedestrian": 0,
        "density": 1.4
      },
      "geometry": {
        "type": "Point",
        "coordinates": [
          -93.26,
          44.784
        ]
      }
    },
    {
      "type": "Feature",
      "properties": {
        "crashes": 14,
        "injury": 9,
        "fatal": 0,
        "pedestrian": 1,
        "density": 1.4
      },
      "geometry": {
        "type": "Point",
        "coordinates": [
          -93.238,
          44.79
        ]
      }
    },
    {
      "type": "Feature",
      "properties": {
        "crashes": 14,
        "injury": 3,
        "fatal": 0,
        "pedestrian": 0,
        "density": 1.4
      },
      "geometry": {
        "type": "Point",
        "coordinates": [
          -93.202,
          44.804
        ]
      }
    },
    {
      "type": "Feature",
      "properties": {
        "crashes": 14,
        "injury": 2,
        "fatal": 0,
        "pedestrian": 0,
        "density": 1.4
      },
      "geometry": {
        "type": "Point",
        "coordinates": [
          -93.226,
          44.822
        ]
      }
    },
    {
      "type": "Feature",
      "properties": {
        "crashes": 14,
        "injury": 3,
        "fatal": 0,
        "pedestrian": 1,
        "density": 1.4
      },
      "geometry": {
        "type": "Point",
        "coordinates": [
          -93.298,
          44.826
        ]
      }
    },
    {
      "type": "Feature",
      "properties": {
        "crashes": 14,
        "injury": 9,
        "fatal": 0,
        "pedestrian": 0,
        "density": 1.4
      },
      "geometry": {
        "type": "Point",
        "coordinates": [
          -93.29,
          44.84
        ]
      }
    },
    {
      "type": "Feature",
      "properties": {
        "crashes": 14,
        "injury": 7,
        "fatal": 0,
        "pedestrian": 1,
        "density": 1.4
      },
      "geometry": {
        "type": "Point",
        "coordinates": [
          -93.308,
          44.84
        ]
      }
    },
    {
      "type": "Feature",
      "properties": {
        "crashes": 14,
        "injury": 4,
        "fatal": 0,
        "pedestrian": 1,
        "density": 1.4
      },
      "geometry": {
        "type": "Point",
        "coordinates": [
          -93.35,
          44.846
        ]
      }
    },
    {
      "type": "Feature",
      "properties": {
        "crashes": 14,
        "injury": 11,
        "fatal": 0,
        "pedestrian": 0,
        "density": 1.4
      },
      "geometry": {
        "type": "Point",
        "coordinates": [
          -93.268,
          44.852
        ]
      }
    },
    {
      "type": "Feature",
      "properties": {
        "crashes": 14,
        "injury": 8,
        "fatal": 0,
        "pedestrian": 3,
        "density": 1.4
      },
      "geometry": {
        "type": "Point",
        "coordinates": [
          -93.252,
          44.86
        ]
      }
    },
    {
      "type": "Feature",
      "properties": {
        "crashes": 14,
        "injury": 4,
        "fatal": 0,
        "pedestrian": 0,
        "density": 1.4
      },
      "geometry": {
        "type": "Point",
        "coordinates": [
          -93.322,
          44.866
        ]
      }
    },
    {
      "type": "Feature",
      "properties": {
        "crashes": 14,
        "injury": 9,
        "fatal": 0,
        "pedestrian": 0,
        "density": 1.4
      },
      "geometry": {
        "type": "Point",
        "coordinates": [
          -93.224,
          44.87
        ]
      }
    },
    {
      "type": "Feature",
      "properties": {
        "crashes": 14,
        "injury": 5,
        "fatal": 0,
        "pedestrian": 0,
        "density": 1.4
      },
      "geometry": {
        "type": "Point",
        "coordinates": [
          -93.258,
          44.87
        ]
      }
    },
    {
      "type": "Feature",
      "properties": {
        "crashes": 14,
        "injury": 6,
        "fatal": 0,
        "pedestrian": 4,
        "density": 1.4
      },
      "geometry": {
        "type": "Point",
        "coordinates": [
          -93.322,
          44.874
        ]
      }
    },
    {
      "type": "Feature",
      "properties": {
        "crashes": 14,
        "injury": 3,
        "fatal": 0,
        "pedestrian": 0,
        "density": 1.4
      },
      "geometry": {
        "type": "Point",
        "coordinates": [
          -93.396,
          44.876
        ]
      }
    },
    {
      "type": "Feature",
      "properties": {
        "crashes": 13,
        "injury": 2,
        "fatal": 0,
        "pedestrian": 0,
        "density": 1.3
      },
      "geometry": {
        "type": "Point",
        "coordinates": [
          -93.218,
          44.78
        ]
      }
    },
    {
      "type": "Feature",
      "properties": {
        "crashes": 13,
        "injury": 2,
        "fatal": 0,
        "pedestrian": 0,
        "density": 1.3
      },
      "geometry": {
        "type": "Point",
        "coordinates": [
          -93.218,
          44.784
        ]
      }
    },
    {
      "type": "Feature",
      "properties": {
        "crashes": 13,
        "injury": 4,
        "fatal": 0,
        "pedestrian": 0,
        "density": 1.3
      },
      "geometry": {
        "type": "Point",
        "coordinates": [
          -93.246,
          44.788
        ]
      }
    },
    {
      "type": "Feature",
      "properties": {
        "crashes": 13,
        "injury": 1,
        "fatal": 0,
        "pedestrian": 0,
        "density": 1.3
      },
      "geometry": {
        "type": "Point",
        "coordinates": [
          -93.266,
          44.79
        ]
      }
    },
    {
      "type": "Feature",
      "properties": {
        "crashes": 13,
        "injury": 3,
        "fatal": 0,
        "pedestrian": 0,
        "density": 1.3
      },
      "geometry": {
        "type": "Point",
        "coordinates": [
          -93.242,
          44.792
        ]
      }
    },
    {
      "type": "Feature",
      "properties": {
        "crashes": 13,
        "injury": 4,
        "fatal": 0,
        "pedestrian": 0,
        "density": 1.3
      },
      "geometry": {
        "type": "Point",
        "coordinates": [
          -93.222,
          44.798
        ]
      }
    },
    {
      "type": "Feature",
      "properties": {
        "crashes": 13,
        "injury": 4,
        "fatal": 0,
        "pedestrian": 0,
        "density": 1.3
      },
      "geometry": {
        "type": "Point",
        "coordinates": [
          -93.23,
          44.804
        ]
      }
    },
    {
      "type": "Feature",
      "properties": {
        "crashes": 13,
        "injury": 5,
        "fatal": 0,
        "pedestrian": 0,
        "density": 1.3
      },
      "geometry": {
        "type": "Point",
        "coordinates": [
          -93.21,
          44.804
        ]
      }
    },
    {
      "type": "Feature",
      "properties": {
        "crashes": 13,
        "injury": 2,
        "fatal": 0,
        "pedestrian": 0,
        "density": 1.3
      },
      "geometry": {
        "type": "Point",
        "coordinates": [
          -93.22,
          44.806
        ]
      }
    },
    {
      "type": "Feature",
      "properties": {
        "crashes": 13,
        "injury": 8,
        "fatal": 0,
        "pedestrian": 0,
        "density": 1.3
      },
      "geometry": {
        "type": "Point",
        "coordinates": [
          -93.352,
          44.808
        ]
      }
    },
    {
      "type": "Feature",
      "properties": {
        "crashes": 13,
        "injury": 5,
        "fatal": 0,
        "pedestrian": 1,
        "density": 1.3
      },
      "geometry": {
        "type": "Point",
        "coordinates": [
          -93.354,
          44.808
        ]
      }
    },
    {
      "type": "Feature",
      "properties": {
        "crashes": 13,
        "injury": 4,
        "fatal": 0,
        "pedestrian": 1,
        "density": 1.3
      },
      "geometry": {
        "type": "Point",
        "coordinates": [
          -93.32,
          44.812
        ]
      }
    },
    {
      "type": "Feature",
      "properties": {
        "crashes": 13,
        "injury": 1,
        "fatal": 0,
        "pedestrian": 0,
        "density": 1.3
      },
      "geometry": {
        "type": "Point",
        "coordinates": [
          -93.222,
          44.818
        ]
      }
    },
    {
      "type": "Feature",
      "properties": {
        "crashes": 13,
        "injury": 6,
        "fatal": 0,
        "pedestrian": 3,
        "density": 1.3
      },
      "geometry": {
        "type": "Point",
        "coordinates": [
          -93.276,
          44.826
        ]
      }
    },
    {
      "type": "Feature",
      "properties": {
        "crashes": 13,
        "injury": 2,
        "fatal": 0,
        "pedestrian": 0,
        "density": 1.3
      },
      "geometry": {
        "type": "Point",
        "coordinates": [
          -93.398,
          44.83
        ]
      }
    },
    {
      "type": "Feature",
      "properties": {
        "crashes": 13,
        "injury": 5,
        "fatal": 0,
        "pedestrian": 0,
        "density": 1.3
      },
      "geometry": {
        "type": "Point",
        "coordinates": [
          -93.238,
          44.832
        ]
      }
    },
    {
      "type": "Feature",
      "properties": {
        "crashes": 13,
        "injury": 6,
        "fatal": 1,
        "pedestrian": 0,
        "density": 1.3
      },
      "geometry": {
        "type": "Point",
        "coordinates": [
          -93.246,
          44.84
        ]
      }
    },
    {
      "type": "Feature",
      "properties": {
        "crashes": 13,
        "injury": 6,
        "fatal": 0,
        "pedestrian": 1,
        "density": 1.3
      },
      "geometry": {
        "type": "Point",
        "coordinates": [
          -93.278,
          44.84
        ]
      }
    },
    {
      "type": "Feature",
      "properties": {
        "crashes": 13,
        "injury": 7,
        "fatal": 0,
        "pedestrian": 0,
        "density": 1.3
      },
      "geometry": {
        "type": "Point",
        "coordinates": [
          -93.308,
          44.848
        ]
      }
    },
    {
      "type": "Feature",
      "properties": {
        "crashes": 13,
        "injury": 3,
        "fatal": 0,
        "pedestrian": 0,
        "density": 1.3
      },
      "geometry": {
        "type": "Point",
        "coordinates": [
          -93.246,
          44.854
        ]
      }
    },
    {
      "type": "Feature",
      "properties": {
        "crashes": 13,
        "injury": 6,
        "fatal": 0,
        "pedestrian": 0,
        "density": 1.3
      },
      "geometry": {
        "type": "Point",
        "coordinates": [
          -93.318,
          44.86
        ]
      }
    },
    {
      "type": "Feature",
      "properties": {
        "crashes": 13,
        "injury": 3,
        "fatal": 0,
        "pedestrian": 0,
        "density": 1.3
      },
      "geometry": {
        "type": "Point",
        "coordinates": [
          -93.24,
          44.864
        ]
      }
    },
    {
      "type": "Feature",
      "properties": {
        "crashes": 12,
        "injury": 1,
        "fatal": 0,
        "pedestrian": 0,
        "density": 1.2
      },
      "geometry": {
        "type": "Point",
        "coordinates": [
          -93.216,
          44.78
        ]
      }
    },
    {
      "type": "Feature",
      "properties": {
        "crashes": 12,
        "injury": 1,
        "fatal": 0,
        "pedestrian": 0,
        "density": 1.2
      },
      "geometry": {
        "type": "Point",
        "coordinates": [
          -93.388,
          44.78
        ]
      }
    },
    {
      "type": "Feature",
      "properties": {
        "crashes": 12,
        "injury": 3,
        "fatal": 0,
        "pedestrian": 1,
        "density": 1.2
      },
      "geometry": {
        "type": "Point",
        "coordinates": [
          -93.212,
          44.782
        ]
      }
    },
    {
      "type": "Feature",
      "properties": {
        "crashes": 12,
        "injury": 4,
        "fatal": 0,
        "pedestrian": 0,
        "density": 1.2
      },
      "geometry": {
        "type": "Point",
        "coordinates": [
          -93.29,
          44.784
        ]
      }
    },
    {
      "type": "Feature",
      "properties": {
        "crashes": 12,
        "injury": 2,
        "fatal": 0,
        "pedestrian": 0,
        "density": 1.2
      },
      "geometry": {
        "type": "Point",
        "coordinates": [
          -93.396,
          44.784
        ]
      }
    },
    {
      "type": "Feature",
      "properties": {
        "crashes": 12,
        "injury": 4,
        "fatal": 1,
        "pedestrian": 0,
        "density": 1.2
      },
      "geometry": {
        "type": "Point",
        "coordinates": [
          -93.25,
          44.786
        ]
      }
    },
    {
      "type": "Feature",
      "properties": {
        "crashes": 12,
        "injury": 2,
        "fatal": 0,
        "pedestrian": 1,
        "density": 1.2
      },
      "geometry": {
        "type": "Point",
        "coordinates": [
          -93.2,
          44.79
        ]
      }
    },
    {
      "type": "Feature",
      "properties": {
        "crashes": 12,
        "injury": 3,
        "fatal": 0,
        "pedestrian": 0,
        "density": 1.2
      },
      "geometry": {
        "type": "Point",
        "coordinates": [
          -93.262,
          44.79
        ]
      }
    },
    {
      "type": "Feature",
      "properties": {
        "crashes": 12,
        "injury": 5,
        "fatal": 0,
        "pedestrian": 0,
        "density": 1.2
      },
      "geometry": {
        "type": "Point",
        "coordinates": [
          -93.2,
          44.804
        ]
      }
    },
    {
      "type": "Feature",
      "properties": {
        "crashes": 12,
        "injury": 5,
        "fatal": 0,
        "pedestrian": 0,
        "density": 1.2
      },
      "geometry": {
        "type": "Point",
        "coordinates": [
          -93.358,
          44.808
        ]
      }
    },
    {
      "type": "Feature",
      "properties": {
        "crashes": 12,
        "injury": 1,
        "fatal": 0,
        "pedestrian": 0,
        "density": 1.2
      },
      "geometry": {
        "type": "Point",
        "coordinates": [
          -93.224,
          44.818
        ]
      }
    },
    {
      "type": "Feature",
      "properties": {
        "crashes": 12,
        "injury": 2,
        "fatal": 0,
        "pedestrian": 1,
        "density": 1.2
      },
      "geometry": {
        "type": "Point",
        "coordinates": [
          -93.288,
          44.832
        ]
      }
    },
    {
      "type": "Feature",
      "properties": {
        "crashes": 12,
        "injury": 7,
        "fatal": 0,
        "pedestrian": 1,
        "density": 1.2
      },
      "geometry": {
        "type": "Point",
        "coordinates": [
          -93.278,
          44.832
        ]
      }
    },
    {
      "type": "Feature",
      "properties": {
        "crashes": 12,
        "injury": 1,
        "fatal": 0,
        "pedestrian": 0,
        "density": 1.2
      },
      "geometry": {
        "type": "Point",
        "coordinates": [
          -93.24,
          44.834
        ]
      }
    },
    {
      "type": "Feature",
      "properties": {
        "crashes": 12,
        "injury": 6,
        "fatal": 0,
        "pedestrian": 1,
        "density": 1.2
      },
      "geometry": {
        "type": "Point",
        "coordinates": [
          -93.288,
          44.856
        ]
      }
    },
    {
      "type": "Feature",
      "properties": {
        "crashes": 12,
        "injury": 9,
        "fatal": 0,
        "pedestrian": 1,
        "density": 1.2
      },
      "geometry": {
        "type": "Point",
        "coordinates": [
          -93.278,
          44.856
        ]
      }
    },
    {
      "type": "Feature",
      "properties": {
        "crashes": 12,
        "injury": 0,
        "fatal": 0,
        "pedestrian": 0,
        "density": 1.2
      },
      "geometry": {
        "type": "Point",
        "coordinates": [
          -93.244,
          44.858
        ]
      }
    },
    {
      "type": "Feature",
      "properties": {
        "crashes": 12,
        "injury": 1,
        "fatal": 0,
        "pedestrian": 0,
        "density": 1.2
      },
      "geometry": {
        "type": "Point",
        "coordinates": [
          -93.202,
          44.862
        ]
      }
    },
    {
      "type": "Feature",
      "properties": {
        "crashes": 12,
        "injury": 3,
        "fatal": 0,
        "pedestrian": 0,
        "density": 1.2
      },
      "geometry": {
        "type": "Point",
        "coordinates": [
          -93.296,
          44.866
        ]
      }
    },
    {
      "type": "Feature",
      "properties": {
        "crashes": 12,
        "injury": 4,
        "fatal": 0,
        "pedestrian": 2,
        "density": 1.2
      },
      "geometry": {
        "type": "Point",
        "coordinates": [
          -93.308,
          44.868
        ]
      }
    },
    {
      "type": "Feature",
      "properties": {
        "crashes": 12,
        "injury": 4,
        "fatal": 0,
        "pedestrian": 0,
        "density": 1.2
      },
      "geometry": {
        "type": "Point",
        "coordinates": [
          -93.288,
          44.87
        ]
      }
    },
    {
      "type": "Feature",
      "properties": {
        "crashes": 12,
        "injury": 2,
        "fatal": 0,
        "pedestrian": 0,
        "density": 1.2
      },
      "geometry": {
        "type": "Point",
        "coordinates": [
          -93.248,
          44.872
        ]
      }
    },
    {
      "type": "Feature",
      "properties": {
        "crashes": 12,
        "injury": 4,
        "fatal": 0,
        "pedestrian": 0,
        "density": 1.2
      },
      "geometry": {
        "type": "Point",
        "coordinates": [
          -93.298,
          44.872
        ]
      }
    },
    {
      "type": "Feature",
      "properties": {
        "crashes": 12,
        "injury": 3,
        "fatal": 0,
        "pedestrian": 0,
        "density": 1.2
      },
      "geometry": {
        "type": "Point",
        "coordinates": [
          -93.278,
          44.872
        ]
      }
    },
    {
      "type": "Feature",
      "properties": {
        "crashes": 12,
        "injury": 2,
        "fatal": 0,
        "pedestrian": 0,
        "density": 1.2
      },
      "geometry": {
        "type": "Point",
        "coordinates": [
          -93.224,
          44.872
        ]
      }
    },
    {
      "type": "Feature",
      "properties": {
        "crashes": 12,
        "injury": 3,
        "fatal": 0,
        "pedestrian": 0,
        "density": 1.2
      },
      "geometry": {
        "type": "Point",
        "coordinates": [
          -93.35,
          44.878
        ]
      }
    },
    {
      "type": "Feature",
      "properties": {
        "crashes": 12,
        "injury": 3,
        "fatal": 0,
        "pedestrian": 0,
        "density": 1.2
      },
      "geometry": {
        "type": "Point",
        "coordinates": [
          -93.246,
          44.88
        ]
      }
    },
    {
      "type": "Feature",
      "properties": {
        "crashes": 12,
        "injury": 5,
        "fatal": 0,
        "pedestrian": 2,
        "density": 1.2
      },
      "geometry": {
        "type": "Point",
        "coordinates": [
          -93.322,
          44.88
        ]
      }
    },
    {
      "type": "Feature",
      "properties": {
        "crashes": 11,
        "injury": 5,
        "fatal": 0,
        "pedestrian": 0,
        "density": 1.1
      },
      "geometry": {
        "type": "Point",
        "coordinates": [
          -93.398,
          44.784
        ]
      }
    },
    {
      "type": "Feature",
      "properties": {
        "crashes": 11,
        "injury": 4,
        "fatal": 0,
        "pedestrian": 0,
        "density": 1.1
      },
      "geometry": {
        "type": "Point",
        "coordinates": [
          -93.4,
          44.796
        ]
      }
    },
    {
      "type": "Feature",
      "properties": {
        "crashes": 11,
        "injury": 5,
        "fatal": 0,
        "pedestrian": 0,
        "density": 1.1
      },
      "geometry": {
        "type": "Point",
        "coordinates": [
          -93.204,
          44.804
        ]
      }
    },
    {
      "type": "Feature",
      "properties": {
        "crashes": 11,
        "injury": 0,
        "fatal": 0,
        "pedestrian": 0,
        "density": 1.1
      },
      "geometry": {
        "type": "Point",
        "coordinates": [
          -93.22,
          44.808
        ]
      }
    },
    {
      "type": "Feature",
      "properties": {
        "crashes": 11,
        "injury": 5,
        "fatal": 0,
        "pedestrian": 0,
        "density": 1.1
      },
      "geometry": {
        "type": "Point",
        "coordinates": [
          -93.262,
          44.826
        ]
      }
    },
    {
      "type": "Feature",
      "properties": {
        "crashes": 11,
        "injury": 5,
        "fatal": 0,
        "pedestrian": 2,
        "density": 1.1
      },
      "geometry": {
        "type": "Point",
        "coordinates": [
          -93.288,
          44.834
        ]
      }
    },
    {
      "type": "Feature",
      "properties": {
        "crashes": 11,
        "injury": 5,
        "fatal": 0,
        "pedestrian": 0,
        "density": 1.1
      },
      "geometry": {
        "type": "Point",
        "coordinates": [
          -93.258,
          44.84
        ]
      }
    },
    {
      "type": "Feature",
      "properties": {
        "crashes": 11,
        "injury": 3,
        "fatal": 0,
        "pedestrian": 1,
        "density": 1.1
      },
      "geometry": {
        "type": "Point",
        "coordinates": [
          -93.31,
          44.84
        ]
      }
    },
    {
      "type": "Feature",
      "properties": {
        "crashes": 11,
        "injury": 3,
        "fatal": 0,
        "pedestrian": 0,
        "density": 1.1
      },
      "geometry": {
        "type": "Point",
        "coordinates": [
          -93.248,
          44.844
        ]
      }
    },
    {
      "type": "Feature",
      "properties": {
        "crashes": 11,
        "injury": 5,
        "fatal": 0,
        "pedestrian": 1,
        "density": 1.1
      },
      "geometry": {
        "type": "Point",
        "coordinates": [
          -93.308,
          44.852
        ]
      }
    },
    {
      "type": "Feature",
      "properties": {
        "crashes": 11,
        "injury": 6,
        "fatal": 0,
        "pedestrian": 1,
        "density": 1.1
      },
      "geometry": {
        "type": "Point",
        "coordinates": [
          -93.29,
          44.86
        ]
      }
    },
    {
      "type": "Feature",
      "properties": {
        "crashes": 11,
        "injury": 3,
        "fatal": 0,
        "pedestrian": 0,
        "density": 1.1
      },
      "geometry": {
        "type": "Point",
        "coordinates": [
          -93.354,
          44.864
        ]
      }
    },
    {
      "type": "Feature",
      "properties": {
        "crashes": 11,
        "injury": 4,
        "fatal": 0,
        "pedestrian": 4,
        "density": 1.1
      },
      "geometry": {
        "type": "Point",
        "coordinates": [
          -93.302,
          44.866
        ]
      }
    },
    {
      "type": "Feature",
      "properties": {
        "crashes": 11,
        "injury": 7,
        "fatal": 0,
        "pedestrian": 1,
        "density": 1.1
      },
      "geometry": {
        "type": "Point",
        "coordinates": [
          -93.33,
          44.866
        ]
      }
    },
    {
      "type": "Feature",
      "properties": {
        "crashes": 11,
        "injury": 3,
        "fatal": 0,
        "pedestrian": 0,
        "density": 1.1
      },
      "geometry": {
        "type": "Point",
        "coordinates": [
          -93.396,
          44.868
        ]
      }
    },
    {
      "type": "Feature",
      "properties": {
        "crashes": 11,
        "injury": 4,
        "fatal": 0,
        "pedestrian": 1,
        "density": 1.1
      },
      "geometry": {
        "type": "Point",
        "coordinates": [
          -93.278,
          44.874
        ]
      }
    },
    {
      "type": "Feature",
      "properties": {
        "crashes": 11,
        "injury": 6,
        "fatal": 0,
        "pedestrian": 0,
        "density": 1.1
      },
      "geometry": {
        "type": "Point",
        "coordinates": [
          -93.33,
          44.876
        ]
      }
    },
    {
      "type": "Feature",
      "properties": {
        "crashes": 11,
        "injury": 3,
        "fatal": 0,
        "pedestrian": 1,
        "density": 1.1
      },
      "geometry": {
        "type": "Point",
        "coordinates": [
          -93.268,
          44.878
        ]
      }
    },
    {
      "type": "Feature",
      "properties": {
        "crashes": 11,
        "injury": 2,
        "fatal": 0,
        "pedestrian": 0,
        "density": 1.1
      },
      "geometry": {
        "type": "Point",
        "coordinates": [
          -93.308,
          44.878
        ]
      }
    },
    {
      "type": "Feature",
      "properties": {
        "crashes": 10,
        "injury": 1,
        "fatal": 0,
        "pedestrian": 0,
        "density": 1
      },
      "geometry": {
        "type": "Point",
        "coordinates": [
          -93.27,
          44.782
        ]
      }
    },
    {
      "type": "Feature",
      "properties": {
        "crashes": 10,
        "injury": 4,
        "fatal": 0,
        "pedestrian": 0,
        "density": 1
      },
      "geometry": {
        "type": "Point",
        "coordinates": [
          -93.278,
          44.786
        ]
      }
    },
    {
      "type": "Feature",
      "properties": {
        "crashes": 10,
        "injury": 0,
        "fatal": 0,
        "pedestrian": 0,
        "density": 1
      },
      "geometry": {
        "type": "Point",
        "coordinates": [
          -93.202,
          44.792
        ]
      }
    },
    {
      "type": "Feature",
      "properties": {
        "crashes": 10,
        "injury": 0,
        "fatal": 0,
        "pedestrian": 0,
        "density": 1
      },
      "geometry": {
        "type": "Point",
        "coordinates": [
          -93.208,
          44.792
        ]
      }
    },
    {
      "type": "Feature",
      "properties": {
        "crashes": 10,
        "injury": 1,
        "fatal": 0,
        "pedestrian": 0,
        "density": 1
      },
      "geometry": {
        "type": "Point",
        "coordinates": [
          -93.29,
          44.794
        ]
      }
    },
    {
      "type": "Feature",
      "properties": {
        "crashes": 10,
        "injury": 4,
        "fatal": 0,
        "pedestrian": 0,
        "density": 1
      },
      "geometry": {
        "type": "Point",
        "coordinates": [
          -93.398,
          44.798
        ]
      }
    },
    {
      "type": "Feature",
      "properties": {
        "crashes": 10,
        "injury": 3,
        "fatal": 0,
        "pedestrian": 0,
        "density": 1
      },
      "geometry": {
        "type": "Point",
        "coordinates": [
          -93.208,
          44.808
        ]
      }
    },
    {
      "type": "Feature",
      "properties": {
        "crashes": 10,
        "injury": 5,
        "fatal": 0,
        "pedestrian": 0,
        "density": 1
      },
      "geometry": {
        "type": "Point",
        "coordinates": [
          -93.376,
          44.808
        ]
      }
    },
    {
      "type": "Feature",
      "properties": {
        "crashes": 10,
        "injury": 4,
        "fatal": 0,
        "pedestrian": 0,
        "density": 1
      },
      "geometry": {
        "type": "Point",
        "coordinates": [
          -93.4,
          44.818
        ]
      }
    },
    {
      "type": "Feature",
      "properties": {
        "crashes": 10,
        "injury": 8,
        "fatal": 0,
        "pedestrian": 2,
        "density": 1
      },
      "geometry": {
        "type": "Point",
        "coordinates": [
          -93.288,
          44.82
        ]
      }
    },
    {
      "type": "Feature",
      "properties": {
        "crashes": 10,
        "injury": 3,
        "fatal": 0,
        "pedestrian": 0,
        "density": 1
      },
      "geometry": {
        "type": "Point",
        "coordinates": [
          -93.224,
          44.822
        ]
      }
    },
    {
      "type": "Feature",
      "properties": {
        "crashes": 10,
        "injury": 7,
        "fatal": 0,
        "pedestrian": 1,
        "density": 1
      },
      "geometry": {
        "type": "Point",
        "coordinates": [
          -93.394,
          44.826
        ]
      }
    },
    {
      "type": "Feature",
      "properties": {
        "crashes": 10,
        "injury": 2,
        "fatal": 0,
        "pedestrian": 0,
        "density": 1
      },
      "geometry": {
        "type": "Point",
        "coordinates": [
          -93.232,
          44.828
        ]
      }
    },
    {
      "type": "Feature",
      "properties": {
        "crashes": 10,
        "injury": 2,
        "fatal": 0,
        "pedestrian": 0,
        "density": 1
      },
      "geometry": {
        "type": "Point",
        "coordinates": [
          -93.234,
          44.83
        ]
      }
    },
    {
      "type": "Feature",
      "properties": {
        "crashes": 10,
        "injury": 6,
        "fatal": 0,
        "pedestrian": 1,
        "density": 1
      },
      "geometry": {
        "type": "Point",
        "coordinates": [
          -93.288,
          44.838
        ]
      }
    },
    {
      "type": "Feature",
      "properties": {
        "crashes": 10,
        "injury": 3,
        "fatal": 0,
        "pedestrian": 1,
        "density": 1
      },
      "geometry": {
        "type": "Point",
        "coordinates": [
          -93.278,
          44.838
        ]
      }
    },
    {
      "type": "Feature",
      "properties": {
        "crashes": 10,
        "injury": 7,
        "fatal": 0,
        "pedestrian": 0,
        "density": 1
      },
      "geometry": {
        "type": "Point",
        "coordinates": [
          -93.308,
          44.844
        ]
      }
    },
    {
      "type": "Feature",
      "properties": {
        "crashes": 10,
        "injury": 5,
        "fatal": 0,
        "pedestrian": 0,
        "density": 1
      },
      "geometry": {
        "type": "Point",
        "coordinates": [
          -93.278,
          44.852
        ]
      }
    },
    {
      "type": "Feature",
      "properties": {
        "crashes": 10,
        "injury": 3,
        "fatal": 0,
        "pedestrian": 0,
        "density": 1
      },
      "geometry": {
        "type": "Point",
        "coordinates": [
          -93.238,
          44.86
        ]
      }
    },
    {
      "type": "Feature",
      "properties": {
        "crashes": 10,
        "injury": 3,
        "fatal": 0,
        "pedestrian": 0,
        "density": 1
      },
      "geometry": {
        "type": "Point",
        "coordinates": [
          -93.3,
          44.86
        ]
      }
    },
    {
      "type": "Feature",
      "properties": {
        "crashes": 10,
        "injury": 2,
        "fatal": 0,
        "pedestrian": 0,
        "density": 1
      },
      "geometry": {
        "type": "Point",
        "coordinates": [
          -93.396,
          44.866
        ]
      }
    },
    {
      "type": "Feature",
      "properties": {
        "crashes": 10,
        "injury": 4,
        "fatal": 0,
        "pedestrian": 0,
        "density": 1
      },
      "geometry": {
        "type": "Point",
        "coordinates": [
          -93.306,
          44.866
        ]
      }
    },
    {
      "type": "Feature",
      "properties": {
        "crashes": 10,
        "injury": 3,
        "fatal": 0,
        "pedestrian": 0,
        "density": 1
      },
      "geometry": {
        "type": "Point",
        "coordinates": [
          -93.298,
          44.87
        ]
      }
    },
    {
      "type": "Feature",
      "properties": {
        "crashes": 10,
        "injury": 3,
        "fatal": 0,
        "pedestrian": 1,
        "density": 1
      },
      "geometry": {
        "type": "Point",
        "coordinates": [
          -93.322,
          44.872
        ]
      }
    },
    {
      "type": "Feature",
      "properties": {
        "crashes": 10,
        "injury": 2,
        "fatal": 0,
        "pedestrian": 0,
        "density": 1
      },
      "geometry": {
        "type": "Point",
        "coordinates": [
          -93.224,
          44.876
        ]
      }
    },
    {
      "type": "Feature",
      "properties": {
        "crashes": 10,
        "injury": 1,
        "fatal": 0,
        "pedestrian": 0,
        "density": 1
      },
      "geometry": {
        "type": "Point",
        "coordinates": [
          -93.246,
          44.878
        ]
      }
    },
    {
      "type": "Feature",
      "properties": {
        "crashes": 10,
        "injury": 3,
        "fatal": 0,
        "pedestrian": 0,
        "density": 1
      },
      "geometry": {
        "type": "Point",
        "coordinates": [
          -93.296,
          44.88
        ]
      }
    },
    {
      "type": "Feature",
      "properties": {
        "crashes": 10,
        "injury": 4,
        "fatal": 0,
        "pedestrian": 0,
        "density": 1
      },
      "geometry": {
        "type": "Point",
        "coordinates": [
          -93.258,
          44.88
        ]
      }
    },
    {
      "type": "Feature",
      "properties": {
        "crashes": 10,
        "injury": 4,
        "fatal": 0,
        "pedestrian": 2,
        "density": 1
      },
      "geometry": {
        "type": "Point",
        "coordinates": [
          -93.278,
          44.88
        ]
      }
    }
  ]
}