{
  "type": "FeatureCollection",
  "metadata": {
    "source": "TxDOT CRIS via ArcGIS \u2014 all-severity crash density",
    "url": "https://services.arcgis.com/KTcxiTD9dsQw4r7Z/ArcGIS/rest/services/TXDOT_Statewide_Bicyclist_Involved_Crashes/FeatureServer/0",
    "description": "Crash density grid (0.002\u00b0 cells, 10+ crashes) for Arlington TX \u2014 31906 total crashes",
    "bounds": {
      "north": 32.8,
      "south": 32.63,
      "west": -97.2,
      "east": -97.05
    },
    "extracted": "2026-07-06",
    "cell_size_degrees": 0.002,
    "note": "Density = crashes per sq km"
  },
  "features": [
    {
      "type": "Feature",
      "properties": {
        "crashes": 512,
        "injury": 237,
        "fatal": 1,
        "pedestrian": 3,
        "density": 12271.1
      },
      "geometry": {
        "type": "Point",
        "coordinates": [
          -97.135,
          32.675
        ]
      }
    },
    {
      "type": "Feature",
      "properties": {
        "crashes": 356,
        "injury": 170,
        "fatal": 1,
        "pedestrian": 0,
        "density": 8533.8
      },
      "geometry": {
        "type": "Point",
        "coordinates": [
          -97.063,
          32.691
        ]
      }
    },
    {
      "type": "Feature",
      "properties": {
        "crashes": 293,
        "injury": 162,
        "fatal": 0,
        "pedestrian": 0,
        "density": 7022.6
      },
      "geometry": {
        "type": "Point",
        "coordinates": [
          -97.115,
          32.679
        ]
      }
    },
    {
      "type": "Feature",
      "properties": {
        "crashes": 291,
        "injury": 154,
        "fatal": 2,
        "pedestrian": 1,
        "density": 6979.1
      },
      "geometry": {
        "type": "Point",
        "coordinates": [
          -97.063,
          32.735
        ]
      }
    },
    {
      "type": "Feature",
      "properties": {
        "crashes": 281,
        "injury": 130,
        "fatal": 1,
        "pedestrian": 1,
        "density": 6739.8
      },
      "geometry": {
        "type": "Point",
        "coordinates": [
          -97.063,
          32.743
        ]
      }
    },
    {
      "type": "Feature",
      "properties": {
        "crashes": 276,
        "injury": 109,
        "fatal": 2,
        "pedestrian": 0,
        "density": 6615.0
      },
      "geometry": {
        "type": "Point",
        "coordinates": [
          -97.063,
          32.677
        ]
      }
    },
    {
      "type": "Feature",
      "properties": {
        "crashes": 267,
        "injury": 136,
        "fatal": 1,
        "pedestrian": 0,
        "density": 6401.9
      },
      "geometry": {
        "type": "Point",
        "coordinates": [
          -97.063,
          32.713
        ]
      }
    },
    {
      "type": "Feature",
      "properties": {
        "crashes": 258,
        "injury": 123,
        "fatal": 1,
        "pedestrian": 0,
        "density": 6189.3
      },
      "geometry": {
        "type": "Point",
        "coordinates": [
          -97.097,
          32.759
        ]
      }
    },
    {
      "type": "Feature",
      "properties": {
        "crashes": 250,
        "injury": 109,
        "fatal": 0,
        "pedestrian": 0,
        "density": 5997.2
      },
      "geometry": {
        "type": "Point",
        "coordinates": [
          -97.063,
          32.757
        ]
      }
    },
    {
      "type": "Feature",
      "properties": {
        "crashes": 239,
        "injury": 109,
        "fatal": 0,
        "pedestrian": 1,
        "density": 5730.3
      },
      "geometry": {
        "type": "Point",
        "coordinates": [
          -97.115,
          32.709
        ]
      }
    },
    {
      "type": "Feature",
      "properties": {
        "crashes": 213,
        "injury": 103,
        "fatal": 0,
        "pedestrian": 0,
        "density": 5110.2
      },
      "geometry": {
        "type": "Point",
        "coordinates": [
          -97.063,
          32.767
        ]
      }
    },
    {
      "type": "Feature",
      "properties": {
        "crashes": 190,
        "injury": 90,
        "fatal": 1,
        "pedestrian": 0,
        "density": 4557.5
      },
      "geometry": {
        "type": "Point",
        "coordinates": [
          -97.063,
          32.749
        ]
      }
    },
    {
      "type": "Feature",
      "properties": {
        "crashes": 186,
        "injury": 63,
        "fatal": 0,
        "pedestrian": 1,
        "density": 4463.4
      },
      "geometry": {
        "type": "Point",
        "coordinates": [
          -97.059,
          32.785
        ]
      }
    },
    {
      "type": "Feature",
      "properties": {
        "crashes": 183,
        "injury": 72,
        "fatal": 0,
        "pedestrian": 0,
        "density": 4390.8
      },
      "geometry": {
        "type": "Point",
        "coordinates": [
          -97.063,
          32.773
        ]
      }
    },
    {
      "type": "Feature",
      "properties": {
        "crashes": 165,
        "injury": 48,
        "fatal": 0,
        "pedestrian": 0,
        "density": 3953.9
      },
      "geometry": {
        "type": "Point",
        "coordinates": [
          -97.063,
          32.661
        ]
      }
    },
    {
      "type": "Feature",
      "properties": {
        "crashes": 164,
        "injury": 65,
        "fatal": 0,
        "pedestrian": 0,
        "density": 3934.3
      },
      "geometry": {
        "type": "Point",
        "coordinates": [
          -97.063,
          32.759
        ]
      }
    },
    {
      "type": "Feature",
      "properties": {
        "crashes": 159,
        "injury": 74,
        "fatal": 1,
        "pedestrian": 0,
        "density": 3810.7
      },
      "geometry": {
        "type": "Point",
        "coordinates": [
          -97.193,
          32.675
        ]
      }
    },
    {
      "type": "Feature",
      "properties": {
        "crashes": 154,
        "injury": 77,
        "fatal": 0,
        "pedestrian": 2,
        "density": 3692.8
      },
      "geometry": {
        "type": "Point",
        "coordinates": [
          -97.063,
          32.721
        ]
      }
    },
    {
      "type": "Feature",
      "properties": {
        "crashes": 154,
        "injury": 87,
        "fatal": 0,
        "pedestrian": 4,
        "density": 3691.6
      },
      "geometry": {
        "type": "Point",
        "coordinates": [
          -97.129,
          32.691
        ]
      }
    },
    {
      "type": "Feature",
      "properties": {
        "crashes": 148,
        "injury": 66,
        "fatal": 0,
        "pedestrian": 0,
        "density": 3550.7
      },
      "geometry": {
        "type": "Point",
        "coordinates": [
          -97.097,
          32.765
        ]
      }
    },
    {
      "type": "Feature",
      "properties": {
        "crashes": 147,
        "injury": 87,
        "fatal": 0,
        "pedestrian": 1,
        "density": 3524.4
      },
      "geometry": {
        "type": "Point",
        "coordinates": [
          -97.065,
          32.707
        ]
      }
    },
    {
      "type": "Feature",
      "properties": {
        "crashes": 147,
        "injury": 76,
        "fatal": 0,
        "pedestrian": 0,
        "density": 3523.1
      },
      "geometry": {
        "type": "Point",
        "coordinates": [
          -97.201,
          32.673
        ]
      }
    },
    {
      "type": "Feature",
      "properties": {
        "crashes": 146,
        "injury": 69,
        "fatal": 0,
        "pedestrian": 0,
        "density": 3501.0
      },
      "geometry": {
        "type": "Point",
        "coordinates": [
          -97.115,
          32.721
        ]
      }
    },
    {
      "type": "Feature",
      "properties": {
        "crashes": 143,
        "injury": 73,
        "fatal": 1,
        "pedestrian": 0,
        "density": 3428.5
      },
      "geometry": {
        "type": "Point",
        "coordinates": [
          -97.117,
          32.707
        ]
      }
    },
    {
      "type": "Feature",
      "properties": {
        "crashes": 140,
        "injury": 52,
        "fatal": 0,
        "pedestrian": 0,
        "density": 3358.5
      },
      "geometry": {
        "type": "Point",
        "coordinates": [
          -97.131,
          32.759
        ]
      }
    },
    {
      "type": "Feature",
      "properties": {
        "crashes": 136,
        "injury": 67,
        "fatal": 0,
        "pedestrian": 1,
        "density": 3258.4
      },
      "geometry": {
        "type": "Point",
        "coordinates": [
          -97.115,
          32.645
        ]
      }
    },
    {
      "type": "Feature",
      "properties": {
        "crashes": 133,
        "injury": 47,
        "fatal": 0,
        "pedestrian": 0,
        "density": 3190.6
      },
      "geometry": {
        "type": "Point",
        "coordinates": [
          -97.183,
          32.759
        ]
      }
    },
    {
      "type": "Feature",
      "properties": {
        "crashes": 128,
        "injury": 31,
        "fatal": 0,
        "pedestrian": 0,
        "density": 3066.9
      },
      "geometry": {
        "type": "Point",
        "coordinates": [
          -97.061,
          32.649
        ]
      }
    },
    {
      "type": "Feature",
      "properties": {
        "crashes": 125,
        "injury": 23,
        "fatal": 0,
        "pedestrian": 0,
        "density": 2999.8
      },
      "geometry": {
        "type": "Point",
        "coordinates": [
          -97.057,
          32.793
        ]
      }
    },
    {
      "type": "Feature",
      "properties": {
        "crashes": 124,
        "injury": 65,
        "fatal": 2,
        "pedestrian": 0,
        "density": 2971.4
      },
      "geometry": {
        "type": "Point",
        "coordinates": [
          -97.135,
          32.659
        ]
      }
    },
    {
      "type": "Feature",
      "properties": {
        "crashes": 122,
        "injury": 60,
        "fatal": 1,
        "pedestrian": 0,
        "density": 2927.6
      },
      "geometry": {
        "type": "Point",
        "coordinates": [
          -97.095,
          32.785
        ]
      }
    },
    {
      "type": "Feature",
      "properties": {
        "crashes": 122,
        "injury": 60,
        "fatal": 0,
        "pedestrian": 0,
        "density": 2925.6
      },
      "geometry": {
        "type": "Point",
        "coordinates": [
          -97.063,
          32.725
        ]
      }
    },
    {
      "type": "Feature",
      "properties": {
        "crashes": 122,
        "injury": 68,
        "fatal": 0,
        "pedestrian": 0,
        "density": 2923.1
      },
      "geometry": {
        "type": "Point",
        "coordinates": [
          -97.135,
          32.649
        ]
      }
    },
    {
      "type": "Feature",
      "properties": {
        "crashes": 118,
        "injury": 67,
        "fatal": 0,
        "pedestrian": 1,
        "density": 2828.0
      },
      "geometry": {
        "type": "Point",
        "coordinates": [
          -97.135,
          32.673
        ]
      }
    },
    {
      "type": "Feature",
      "properties": {
        "crashes": 118,
        "injury": 51,
        "fatal": 0,
        "pedestrian": 0,
        "density": 2830.8
      },
      "geometry": {
        "type": "Point",
        "coordinates": [
          -97.115,
          32.759
        ]
      }
    },
    {
      "type": "Feature",
      "properties": {
        "crashes": 118,
        "injury": 53,
        "fatal": 0,
        "pedestrian": 3,
        "density": 2830.4
      },
      "geometry": {
        "type": "Point",
        "coordinates": [
          -97.097,
          32.749
        ]
      }
    },
    {
      "type": "Feature",
      "properties": {
        "crashes": 115,
        "injury": 49,
        "fatal": 0,
        "pedestrian": 0,
        "density": 2756.3
      },
      "geometry": {
        "type": "Point",
        "coordinates": [
          -97.135,
          32.679
        ]
      }
    },
    {
      "type": "Feature",
      "properties": {
        "crashes": 114,
        "injury": 59,
        "fatal": 0,
        "pedestrian": 1,
        "density": 2732.5
      },
      "geometry": {
        "type": "Point",
        "coordinates": [
          -97.133,
          32.685
        ]
      }
    },
    {
      "type": "Feature",
      "properties": {
        "crashes": 113,
        "injury": 57,
        "fatal": 0,
        "pedestrian": 1,
        "density": 2708.1
      },
      "geometry": {
        "type": "Point",
        "coordinates": [
          -97.135,
          32.671
        ]
      }
    },
    {
      "type": "Feature",
      "properties": {
        "crashes": 104,
        "injury": 44,
        "fatal": 0,
        "pedestrian": 0,
        "density": 2494.9
      },
      "geometry": {
        "type": "Point",
        "coordinates": [
          -97.057,
          32.759
        ]
      }
    },
    {
      "type": "Feature",
      "properties": {
        "crashes": 103,
        "injury": 56,
        "fatal": 0,
        "pedestrian": 0,
        "density": 2470.4
      },
      "geometry": {
        "type": "Point",
        "coordinates": [
          -97.097,
          32.739
        ]
      }
    },
    {
      "type": "Feature",
      "properties": {
        "crashes": 101,
        "injury": 50,
        "fatal": 0,
        "pedestrian": 0,
        "density": 2422.8
      },
      "geometry": {
        "type": "Point",
        "coordinates": [
          -97.097,
          32.755
        ]
      }
    },
    {
      "type": "Feature",
      "properties": {
        "crashes": 100,
        "injury": 39,
        "fatal": 0,
        "pedestrian": 0,
        "density": 2398.4
      },
      "geometry": {
        "type": "Point",
        "coordinates": [
          -97.115,
          32.739
        ]
      }
    },
    {
      "type": "Feature",
      "properties": {
        "crashes": 99,
        "injury": 52,
        "fatal": 0,
        "pedestrian": 0,
        "density": 2372.8
      },
      "geometry": {
        "type": "Point",
        "coordinates": [
          -97.081,
          32.679
        ]
      }
    },
    {
      "type": "Feature",
      "properties": {
        "crashes": 99,
        "injury": 42,
        "fatal": 2,
        "pedestrian": 1,
        "density": 2372.0
      },
      "geometry": {
        "type": "Point",
        "coordinates": [
          -97.185,
          32.647
        ]
      }
    },
    {
      "type": "Feature",
      "properties": {
        "crashes": 99,
        "injury": 56,
        "fatal": 0,
        "pedestrian": 1,
        "density": 2375.1
      },
      "geometry": {
        "type": "Point",
        "coordinates": [
          -97.065,
          32.763
        ]
      }
    },
    {
      "type": "Feature",
      "properties": {
        "crashes": 98,
        "injury": 39,
        "fatal": 0,
        "pedestrian": 0,
        "density": 2350.7
      },
      "geometry": {
        "type": "Point",
        "coordinates": [
          -97.063,
          32.747
        ]
      }
    },
    {
      "type": "Feature",
      "properties": {
        "crashes": 91,
        "injury": 53,
        "fatal": 1,
        "pedestrian": 0,
        "density": 2180.9
      },
      "geometry": {
        "type": "Point",
        "coordinates": [
          -97.115,
          32.671
        ]
      }
    },
    {
      "type": "Feature",
      "properties": {
        "crashes": 89,
        "injury": 44,
        "fatal": 0,
        "pedestrian": 0,
        "density": 2133.1
      },
      "geometry": {
        "type": "Point",
        "coordinates": [
          -97.149,
          32.675
        ]
      }
    },
    {
      "type": "Feature",
      "properties": {
        "crashes": 87,
        "injury": 37,
        "fatal": 2,
        "pedestrian": 0,
        "density": 2086.8
      },
      "geometry": {
        "type": "Point",
        "coordinates": [
          -97.063,
          32.745
        ]
      }
    },
    {
      "type": "Feature",
      "properties": {
        "crashes": 84,
        "injury": 41,
        "fatal": 1,
        "pedestrian": 0,
        "density": 2015.1
      },
      "geometry": {
        "type": "Point",
        "coordinates": [
          -97.085,
          32.759
        ]
      }
    },
    {
      "type": "Feature",
      "properties": {
        "crashes": 82,
        "injury": 37,
        "fatal": 0,
        "pedestrian": 1,
        "density": 1966.7
      },
      "geometry": {
        "type": "Point",
        "coordinates": [
          -97.083,
          32.741
        ]
      }
    },
    {
      "type": "Feature",
      "properties": {
        "crashes": 82,
        "injury": 29,
        "fatal": 1,
        "pedestrian": 0,
        "density": 1965.3
      },
      "geometry": {
        "type": "Point",
        "coordinates": [
          -97.133,
          32.675
        ]
      }
    },
    {
      "type": "Feature",
      "properties": {
        "crashes": 81,
        "injury": 35,
        "fatal": 1,
        "pedestrian": 2,
        "density": 1942.8
      },
      "geometry": {
        "type": "Point",
        "coordinates": [
          -97.097,
          32.743
        ]
      }
    },
    {
      "type": "Feature",
      "properties": {
        "crashes": 80,
        "injury": 36,
        "fatal": 0,
        "pedestrian": 0,
        "density": 1919.2
      },
      "geometry": {
        "type": "Point",
        "coordinates": [
          -97.075,
          32.759
        ]
      }
    },
    {
      "type": "Feature",
      "properties": {
        "crashes": 78,
        "injury": 32,
        "fatal": 0,
        "pedestrian": 0,
        "density": 1869.5
      },
      "geometry": {
        "type": "Point",
        "coordinates": [
          -97.065,
          32.677
        ]
      }
    },
    {
      "type": "Feature",
      "properties": {
        "crashes": 78,
        "injury": 32,
        "fatal": 0,
        "pedestrian": 0,
        "density": 1869.5
      },
      "geometry": {
        "type": "Point",
        "coordinates": [
          -97.063,
          32.679
        ]
      }
    },
    {
      "type": "Feature",
      "properties": {
        "crashes": 77,
        "injury": 55,
        "fatal": 0,
        "pedestrian": 0,
        "density": 1846.1
      },
      "geometry": {
        "type": "Point",
        "coordinates": [
          -97.067,
          32.707
        ]
      }
    },
    {
      "type": "Feature",
      "properties": {
        "crashes": 76,
        "injury": 33,
        "fatal": 0,
        "pedestrian": 0,
        "density": 1821.6
      },
      "geometry": {
        "type": "Point",
        "coordinates": [
          -97.197,
          32.681
        ]
      }
    },
    {
      "type": "Feature",
      "properties": {
        "crashes": 76,
        "injury": 20,
        "fatal": 0,
        "pedestrian": 0,
        "density": 1822.2
      },
      "geometry": {
        "type": "Point",
        "coordinates": [
          -97.149,
          32.709
        ]
      }
    },
    {
      "type": "Feature",
      "properties": {
        "crashes": 75,
        "injury": 36,
        "fatal": 0,
        "pedestrian": 0,
        "density": 1797.9
      },
      "geometry": {
        "type": "Point",
        "coordinates": [
          -97.063,
          32.693
        ]
      }
    },
    {
      "type": "Feature",
      "properties": {
        "crashes": 75,
        "injury": 35,
        "fatal": 0,
        "pedestrian": 1,
        "density": 1798.7
      },
      "geometry": {
        "type": "Point",
        "coordinates": [
          -97.115,
          32.735
        ]
      }
    },
    {
      "type": "Feature",
      "properties": {
        "crashes": 73,
        "injury": 34,
        "fatal": 0,
        "pedestrian": 0,
        "density": 1751.3
      },
      "geometry": {
        "type": "Point",
        "coordinates": [
          -97.085,
          32.763
        ]
      }
    },
    {
      "type": "Feature",
      "properties": {
        "crashes": 73,
        "injury": 29,
        "fatal": 0,
        "pedestrian": 0,
        "density": 1749.7
      },
      "geometry": {
        "type": "Point",
        "coordinates": [
          -97.063,
          32.681
        ]
      }
    },
    {
      "type": "Feature",
      "properties": {
        "crashes": 73,
        "injury": 42,
        "fatal": 0,
        "pedestrian": 0,
        "density": 1749.4
      },
      "geometry": {
        "type": "Point",
        "coordinates": [
          -97.135,
          32.663
        ]
      }
    },
    {
      "type": "Feature",
      "properties": {
        "crashes": 70,
        "injury": 26,
        "fatal": 1,
        "pedestrian": 0,
        "density": 1677.7
      },
      "geometry": {
        "type": "Point",
        "coordinates": [
          -97.137,
          32.675
        ]
      }
    },
    {
      "type": "Feature",
      "properties": {
        "crashes": 70,
        "injury": 38,
        "fatal": 1,
        "pedestrian": 0,
        "density": 1676.9
      },
      "geometry": {
        "type": "Point",
        "coordinates": [
          -97.065,
          32.635
        ]
      }
    },
    {
      "type": "Feature",
      "properties": {
        "crashes": 69,
        "injury": 33,
        "fatal": 0,
        "pedestrian": 0,
        "density": 1653.4
      },
      "geometry": {
        "type": "Point",
        "coordinates": [
          -97.115,
          32.659
        ]
      }
    },
    {
      "type": "Feature",
      "properties": {
        "crashes": 68,
        "injury": 26,
        "fatal": 0,
        "pedestrian": 0,
        "density": 1629.7
      },
      "geometry": {
        "type": "Point",
        "coordinates": [
          -97.167,
          32.673
        ]
      }
    },
    {
      "type": "Feature",
      "properties": {
        "crashes": 67,
        "injury": 37,
        "fatal": 0,
        "pedestrian": 2,
        "density": 1606.9
      },
      "geometry": {
        "type": "Point",
        "coordinates": [
          -97.149,
          32.735
        ]
      }
    },
    {
      "type": "Feature",
      "properties": {
        "crashes": 66,
        "injury": 35,
        "fatal": 1,
        "pedestrian": 0,
        "density": 1582.4
      },
      "geometry": {
        "type": "Point",
        "coordinates": [
          -97.117,
          32.709
        ]
      }
    },
    {
      "type": "Feature",
      "properties": {
        "crashes": 66,
        "injury": 35,
        "fatal": 1,
        "pedestrian": 0,
        "density": 1583.0
      },
      "geometry": {
        "type": "Point",
        "coordinates": [
          -97.107,
          32.739
        ]
      }
    },
    {
      "type": "Feature",
      "properties": {
        "crashes": 65,
        "injury": 37,
        "fatal": 1,
        "pedestrian": 0,
        "density": 1558.4
      },
      "geometry": {
        "type": "Point",
        "coordinates": [
          -97.081,
          32.707
        ]
      }
    },
    {
      "type": "Feature",
      "properties": {
        "crashes": 64,
        "injury": 28,
        "fatal": 0,
        "pedestrian": 0,
        "density": 1535.2
      },
      "geometry": {
        "type": "Point",
        "coordinates": [
          -97.131,
          32.751
        ]
      }
    },
    {
      "type": "Feature",
      "properties": {
        "crashes": 64,
        "injury": 23,
        "fatal": 1,
        "pedestrian": 0,
        "density": 1534.8
      },
      "geometry": {
        "type": "Point",
        "coordinates": [
          -97.199,
          32.729
        ]
      }
    },
    {
      "type": "Feature",
      "properties": {
        "crashes": 64,
        "injury": 39,
        "fatal": 0,
        "pedestrian": 0,
        "density": 1534.7
      },
      "geometry": {
        "type": "Point",
        "coordinates": [
          -97.081,
          32.721
        ]
      }
    },
    {
      "type": "Feature",
      "properties": {
        "crashes": 63,
        "injury": 21,
        "fatal": 0,
        "pedestrian": 0,
        "density": 1511.4
      },
      "geometry": {
        "type": "Point",
        "coordinates": [
          -97.063,
          32.761
        ]
      }
    },
    {
      "type": "Feature",
      "properties": {
        "crashes": 63,
        "injury": 19,
        "fatal": 0,
        "pedestrian": 0,
        "density": 1509.7
      },
      "geometry": {
        "type": "Point",
        "coordinates": [
          -97.063,
          32.663
        ]
      }
    },
    {
      "type": "Feature",
      "properties": {
        "crashes": 63,
        "injury": 31,
        "fatal": 0,
        "pedestrian": 0,
        "density": 1510.8
      },
      "geometry": {
        "type": "Point",
        "coordinates": [
          -97.063,
          32.729
        ]
      }
    },
    {
      "type": "Feature",
      "properties": {
        "crashes": 63,
        "injury": 21,
        "fatal": 0,
        "pedestrian": 0,
        "density": 1511.4
      },
      "geometry": {
        "type": "Point",
        "coordinates": [
          -97.167,
          32.761
        ]
      }
    },
    {
      "type": "Feature",
      "properties": {
        "crashes": 62,
        "injury": 26,
        "fatal": 0,
        "pedestrian": 0,
        "density": 1487.3
      },
      "geometry": {
        "type": "Point",
        "coordinates": [
          -97.077,
          32.759
        ]
      }
    },
    {
      "type": "Feature",
      "properties": {
        "crashes": 62,
        "injury": 39,
        "fatal": 0,
        "pedestrian": 0,
        "density": 1486.2
      },
      "geometry": {
        "type": "Point",
        "coordinates": [
          -97.081,
          32.691
        ]
      }
    },
    {
      "type": "Feature",
      "properties": {
        "crashes": 62,
        "injury": 36,
        "fatal": 0,
        "pedestrian": 2,
        "density": 1486.5
      },
      "geometry": {
        "type": "Point",
        "coordinates": [
          -97.097,
          32.709
        ]
      }
    },
    {
      "type": "Feature",
      "properties": {
        "crashes": 62,
        "injury": 31,
        "fatal": 0,
        "pedestrian": 0,
        "density": 1486.0
      },
      "geometry": {
        "type": "Point",
        "coordinates": [
          -97.089,
          32.677
        ]
      }
    },
    {
      "type": "Feature",
      "properties": {
        "crashes": 61,
        "injury": 27,
        "fatal": 1,
        "pedestrian": 0,
        "density": 1463.4
      },
      "geometry": {
        "type": "Point",
        "coordinates": [
          -97.073,
          32.759
        ]
      }
    },
    {
      "type": "Feature",
      "properties": {
        "crashes": 61,
        "injury": 28,
        "fatal": 0,
        "pedestrian": 0,
        "density": 1462.8
      },
      "geometry": {
        "type": "Point",
        "coordinates": [
          -97.183,
          32.723
        ]
      }
    },
    {
      "type": "Feature",
      "properties": {
        "crashes": 60,
        "injury": 36,
        "fatal": 0,
        "pedestrian": 0,
        "density": 1439.4
      },
      "geometry": {
        "type": "Point",
        "coordinates": [
          -97.103,
          32.759
        ]
      }
    },
    {
      "type": "Feature",
      "properties": {
        "crashes": 60,
        "injury": 29,
        "fatal": 0,
        "pedestrian": 0,
        "density": 1439.4
      },
      "geometry": {
        "type": "Point",
        "coordinates": [
          -97.135,
          32.759
        ]
      }
    },
    {
      "type": "Feature",
      "properties": {
        "crashes": 59,
        "injury": 26,
        "fatal": 0,
        "pedestrian": 0,
        "density": 1415.4
      },
      "geometry": {
        "type": "Point",
        "coordinates": [
          -97.059,
          32.759
        ]
      }
    },
    {
      "type": "Feature",
      "properties": {
        "crashes": 59,
        "injury": 24,
        "fatal": 0,
        "pedestrian": 0,
        "density": 1415.4
      },
      "geometry": {
        "type": "Point",
        "coordinates": [
          -97.133,
          32.759
        ]
      }
    },
    {
      "type": "Feature",
      "properties": {
        "crashes": 59,
        "injury": 16,
        "fatal": 1,
        "pedestrian": 0,
        "density": 1414.3
      },
      "geometry": {
        "type": "Point",
        "coordinates": [
          -97.061,
          32.691
        ]
      }
    },
    {
      "type": "Feature",
      "properties": {
        "crashes": 58,
        "injury": 27,
        "fatal": 0,
        "pedestrian": 0,
        "density": 1390.1
      },
      "geometry": {
        "type": "Point",
        "coordinates": [
          -97.177,
          32.677
        ]
      }
    },
    {
      "type": "Feature",
      "properties": {
        "crashes": 58,
        "injury": 31,
        "fatal": 0,
        "pedestrian": 0,
        "density": 1390.1
      },
      "geometry": {
        "type": "Point",
        "coordinates": [
          -97.111,
          32.679
        ]
      }
    },
    {
      "type": "Feature",
      "properties": {
        "crashes": 57,
        "injury": 31,
        "fatal": 1,
        "pedestrian": 1,
        "density": 1366.6
      },
      "geometry": {
        "type": "Point",
        "coordinates": [
          -97.107,
          32.709
        ]
      }
    },
    {
      "type": "Feature",
      "properties": {
        "crashes": 57,
        "injury": 26,
        "fatal": 0,
        "pedestrian": 0,
        "density": 1367.4
      },
      "geometry": {
        "type": "Point",
        "coordinates": [
          -97.065,
          32.759
        ]
      }
    },
    {
      "type": "Feature",
      "properties": {
        "crashes": 56,
        "injury": 25,
        "fatal": 2,
        "pedestrian": 0,
        "density": 1342.2
      },
      "geometry": {
        "type": "Point",
        "coordinates": [
          -97.059,
          32.677
        ]
      }
    },
    {
      "type": "Feature",
      "properties": {
        "crashes": 56,
        "injury": 26,
        "fatal": 0,
        "pedestrian": 0,
        "density": 1343.1
      },
      "geometry": {
        "type": "Point",
        "coordinates": [
          -97.063,
          32.741
        ]
      }
    },
    {
      "type": "Feature",
      "properties": {
        "crashes": 56,
        "injury": 31,
        "fatal": 1,
        "pedestrian": 0,
        "density": 1342.7
      },
      "geometry": {
        "type": "Point",
        "coordinates": [
          -97.081,
          32.711
        ]
      }
    },
    {
      "type": "Feature",
      "properties": {
        "crashes": 56,
        "injury": 27,
        "fatal": 0,
        "pedestrian": 0,
        "density": 1342.9
      },
      "geometry": {
        "type": "Point",
        "coordinates": [
          -97.115,
          32.727
        ]
      }
    },
    {
      "type": "Feature",
      "properties": {
        "crashes": 55,
        "injury": 20,
        "fatal": 2,
        "pedestrian": 0,
        "density": 1318.2
      },
      "geometry": {
        "type": "Point",
        "coordinates": [
          -97.061,
          32.677
        ]
      }
    },
    {
      "type": "Feature",
      "properties": {
        "crashes": 55,
        "injury": 16,
        "fatal": 0,
        "pedestrian": 0,
        "density": 1319.7
      },
      "geometry": {
        "type": "Point",
        "coordinates": [
          -97.061,
          32.779
        ]
      }
    },
    {
      "type": "Feature",
      "properties": {
        "crashes": 55,
        "injury": 16,
        "fatal": 0,
        "pedestrian": 0,
        "density": 1318.7
      },
      "geometry": {
        "type": "Point",
        "coordinates": [
          -97.149,
          32.707
        ]
      }
    },
    {
      "type": "Feature",
      "properties": {
        "crashes": 54,
        "injury": 28,
        "fatal": 0,
        "pedestrian": 1,
        "density": 1295.4
      },
      "geometry": {
        "type": "Point",
        "coordinates": [
          -97.097,
          32.757
        ]
      }
    },
    {
      "type": "Feature",
      "properties": {
        "crashes": 54,
        "injury": 23,
        "fatal": 0,
        "pedestrian": 0,
        "density": 1294.9
      },
      "geometry": {
        "type": "Point",
        "coordinates": [
          -97.067,
          32.721
        ]
      }
    },
    {
      "type": "Feature",
      "properties": {
        "crashes": 54,
        "injury": 30,
        "fatal": 0,
        "pedestrian": 0,
        "density": 1294.3
      },
      "geometry": {
        "type": "Point",
        "coordinates": [
          -97.197,
          32.679
        ]
      }
    },
    {
      "type": "Feature",
      "properties": {
        "crashes": 54,
        "injury": 34,
        "fatal": 0,
        "pedestrian": 0,
        "density": 1295.2
      },
      "geometry": {
        "type": "Point",
        "coordinates": [
          -97.091,
          32.741
        ]
      }
    },
    {
      "type": "Feature",
      "properties": {
        "crashes": 53,
        "injury": 24,
        "fatal": 0,
        "pedestrian": 1,
        "density": 1271.0
      },
      "geometry": {
        "type": "Point",
        "coordinates": [
          -97.115,
          32.729
        ]
      }
    },
    {
      "type": "Feature",
      "properties": {
        "crashes": 53,
        "injury": 27,
        "fatal": 0,
        "pedestrian": 1,
        "density": 1270.8
      },
      "geometry": {
        "type": "Point",
        "coordinates": [
          -97.071,
          32.713
        ]
      }
    },
    {
      "type": "Feature",
      "properties": {
        "crashes": 53,
        "injury": 30,
        "fatal": 0,
        "pedestrian": 0,
        "density": 1271.1
      },
      "geometry": {
        "type": "Point",
        "coordinates": [
          -97.131,
          32.737
        ]
      }
    },
    {
      "type": "Feature",
      "properties": {
        "crashes": 52,
        "injury": 23,
        "fatal": 0,
        "pedestrian": 0,
        "density": 1247.5
      },
      "geometry": {
        "type": "Point",
        "coordinates": [
          -97.191,
          32.759
        ]
      }
    },
    {
      "type": "Feature",
      "properties": {
        "crashes": 52,
        "injury": 26,
        "fatal": 0,
        "pedestrian": 0,
        "density": 1246.9
      },
      "geometry": {
        "type": "Point",
        "coordinates": [
          -97.051,
          32.721
        ]
      }
    },
    {
      "type": "Feature",
      "properties": {
        "crashes": 52,
        "injury": 28,
        "fatal": 0,
        "pedestrian": 0,
        "density": 1247.7
      },
      "geometry": {
        "type": "Point",
        "coordinates": [
          -97.097,
          32.775
        ]
      }
    },
    {
      "type": "Feature",
      "properties": {
        "crashes": 52,
        "injury": 24,
        "fatal": 1,
        "pedestrian": 0,
        "density": 1247.1
      },
      "geometry": {
        "type": "Point",
        "coordinates": [
          -97.063,
          32.737
        ]
      }
    },
    {
      "type": "Feature",
      "properties": {
        "crashes": 51,
        "injury": 27,
        "fatal": 0,
        "pedestrian": 0,
        "density": 1222.5
      },
      "geometry": {
        "type": "Point",
        "coordinates": [
          -97.115,
          32.691
        ]
      }
    },
    {
      "type": "Feature",
      "properties": {
        "crashes": 51,
        "injury": 9,
        "fatal": 1,
        "pedestrian": 0,
        "density": 1223.5
      },
      "geometry": {
        "type": "Point",
        "coordinates": [
          -97.175,
          32.761
        ]
      }
    },
    {
      "type": "Feature",
      "properties": {
        "crashes": 51,
        "injury": 27,
        "fatal": 1,
        "pedestrian": 0,
        "density": 1222.0
      },
      "geometry": {
        "type": "Point",
        "coordinates": [
          -97.077,
          32.655
        ]
      }
    },
    {
      "type": "Feature",
      "properties": {
        "crashes": 51,
        "injury": 21,
        "fatal": 0,
        "pedestrian": 0,
        "density": 1223.4
      },
      "geometry": {
        "type": "Point",
        "coordinates": [
          -97.063,
          32.755
        ]
      }
    },
    {
      "type": "Feature",
      "properties": {
        "crashes": 51,
        "injury": 24,
        "fatal": 0,
        "pedestrian": 0,
        "density": 1222.3
      },
      "geometry": {
        "type": "Point",
        "coordinates": [
          -97.097,
          32.677
        ]
      }
    },
    {
      "type": "Feature",
      "properties": {
        "crashes": 51,
        "injury": 20,
        "fatal": 0,
        "pedestrian": 0,
        "density": 1223.5
      },
      "geometry": {
        "type": "Point",
        "coordinates": [
          -97.067,
          32.759
        ]
      }
    },
    {
      "type": "Feature",
      "properties": {
        "crashes": 50,
        "injury": 21,
        "fatal": 0,
        "pedestrian": 0,
        "density": 1199.5
      },
      "geometry": {
        "type": "Point",
        "coordinates": [
          -97.169,
          32.761
        ]
      }
    },
    {
      "type": "Feature",
      "properties": {
        "crashes": 50,
        "injury": 9,
        "fatal": 0,
        "pedestrian": 0,
        "density": 1199.0
      },
      "geometry": {
        "type": "Point",
        "coordinates": [
          -97.149,
          32.721
        ]
      }
    },
    {
      "type": "Feature",
      "properties": {
        "crashes": 50,
        "injury": 22,
        "fatal": 0,
        "pedestrian": 0,
        "density": 1199.5
      },
      "geometry": {
        "type": "Point",
        "coordinates": [
          -97.061,
          32.759
        ]
      }
    },
    {
      "type": "Feature",
      "properties": {
        "crashes": 50,
        "injury": 22,
        "fatal": 0,
        "pedestrian": 0,
        "density": 1199.5
      },
      "geometry": {
        "type": "Point",
        "coordinates": [
          -97.063,
          32.763
        ]
      }
    },
    {
      "type": "Feature",
      "properties": {
        "crashes": 49,
        "injury": 25,
        "fatal": 0,
        "pedestrian": 0,
        "density": 1174.5
      },
      "geometry": {
        "type": "Point",
        "coordinates": [
          -97.131,
          32.687
        ]
      }
    },
    {
      "type": "Feature",
      "properties": {
        "crashes": 49,
        "injury": 21,
        "fatal": 0,
        "pedestrian": 0,
        "density": 1174.4
      },
      "geometry": {
        "type": "Point",
        "coordinates": [
          -97.117,
          32.679
        ]
      }
    },
    {
      "type": "Feature",
      "properties": {
        "crashes": 49,
        "injury": 22,
        "fatal": 0,
        "pedestrian": 0,
        "density": 1174.4
      },
      "geometry": {
        "type": "Point",
        "coordinates": [
          -97.135,
          32.677
        ]
      }
    },
    {
      "type": "Feature",
      "properties": {
        "crashes": 48,
        "injury": 19,
        "fatal": 0,
        "pedestrian": 0,
        "density": 1150.7
      },
      "geometry": {
        "type": "Point",
        "coordinates": [
          -97.063,
          32.695
        ]
      }
    },
    {
      "type": "Feature",
      "properties": {
        "crashes": 48,
        "injury": 22,
        "fatal": 0,
        "pedestrian": 0,
        "density": 1150.3
      },
      "geometry": {
        "type": "Point",
        "coordinates": [
          -97.135,
          32.667
        ]
      }
    },
    {
      "type": "Feature",
      "properties": {
        "crashes": 48,
        "injury": 14,
        "fatal": 1,
        "pedestrian": 0,
        "density": 1151.5
      },
      "geometry": {
        "type": "Point",
        "coordinates": [
          -97.101,
          32.759
        ]
      }
    },
    {
      "type": "Feature",
      "properties": {
        "crashes": 47,
        "injury": 15,
        "fatal": 1,
        "pedestrian": 0,
        "density": 1127.5
      },
      "geometry": {
        "type": "Point",
        "coordinates": [
          -97.055,
          32.759
        ]
      }
    },
    {
      "type": "Feature",
      "properties": {
        "crashes": 47,
        "injury": 17,
        "fatal": 0,
        "pedestrian": 0,
        "density": 1126.4
      },
      "geometry": {
        "type": "Point",
        "coordinates": [
          -97.151,
          32.675
        ]
      }
    },
    {
      "type": "Feature",
      "properties": {
        "crashes": 47,
        "injury": 14,
        "fatal": 1,
        "pedestrian": 0,
        "density": 1127.5
      },
      "geometry": {
        "type": "Point",
        "coordinates": [
          -97.161,
          32.761
        ]
      }
    },
    {
      "type": "Feature",
      "properties": {
        "crashes": 47,
        "injury": 20,
        "fatal": 0,
        "pedestrian": 1,
        "density": 1126.4
      },
      "geometry": {
        "type": "Point",
        "coordinates": [
          -97.199,
          32.673
        ]
      }
    },
    {
      "type": "Feature",
      "properties": {
        "crashes": 47,
        "injury": 11,
        "fatal": 0,
        "pedestrian": 0,
        "density": 1127.7
      },
      "geometry": {
        "type": "Point",
        "coordinates": [
          -97.063,
          32.775
        ]
      }
    },
    {
      "type": "Feature",
      "properties": {
        "crashes": 47,
        "injury": 23,
        "fatal": 1,
        "pedestrian": 0,
        "density": 1127.2
      },
      "geometry": {
        "type": "Point",
        "coordinates": [
          -97.181,
          32.731
        ]
      }
    },
    {
      "type": "Feature",
      "properties": {
        "crashes": 47,
        "injury": 17,
        "fatal": 0,
        "pedestrian": 0,
        "density": 1126.5
      },
      "geometry": {
        "type": "Point",
        "coordinates": [
          -97.149,
          32.677
        ]
      }
    },
    {
      "type": "Feature",
      "properties": {
        "crashes": 47,
        "injury": 23,
        "fatal": 0,
        "pedestrian": 0,
        "density": 1127.7
      },
      "geometry": {
        "type": "Point",
        "coordinates": [
          -97.073,
          32.775
        ]
      }
    },
    {
      "type": "Feature",
      "properties": {
        "crashes": 46,
        "injury": 23,
        "fatal": 0,
        "pedestrian": 0,
        "density": 1103.8
      },
      "geometry": {
        "type": "Point",
        "coordinates": [
          -97.139,
          32.779
        ]
      }
    },
    {
      "type": "Feature",
      "properties": {
        "crashes": 46,
        "injury": 21,
        "fatal": 0,
        "pedestrian": 0,
        "density": 1102.2
      },
      "geometry": {
        "type": "Point",
        "coordinates": [
          -97.135,
          32.655
        ]
      }
    },
    {
      "type": "Feature",
      "properties": {
        "crashes": 46,
        "injury": 21,
        "fatal": 1,
        "pedestrian": 0,
        "density": 1102.5
      },
      "geometry": {
        "type": "Point",
        "coordinates": [
          -97.103,
          32.677
        ]
      }
    },
    {
      "type": "Feature",
      "properties": {
        "crashes": 46,
        "injury": 16,
        "fatal": 0,
        "pedestrian": 0,
        "density": 1103.5
      },
      "geometry": {
        "type": "Point",
        "coordinates": [
          -97.195,
          32.759
        ]
      }
    },
    {
      "type": "Feature",
      "properties": {
        "crashes": 45,
        "injury": 15,
        "fatal": 1,
        "pedestrian": 0,
        "density": 1079.0
      },
      "geometry": {
        "type": "Point",
        "coordinates": [
          -97.063,
          32.719
        ]
      }
    },
    {
      "type": "Feature",
      "properties": {
        "crashes": 45,
        "injury": 30,
        "fatal": 0,
        "pedestrian": 0,
        "density": 1078.1
      },
      "geometry": {
        "type": "Point",
        "coordinates": [
          -97.089,
          32.641
        ]
      }
    },
    {
      "type": "Feature",
      "properties": {
        "crashes": 45,
        "injury": 16,
        "fatal": 0,
        "pedestrian": 0,
        "density": 1078.5
      },
      "geometry": {
        "type": "Point",
        "coordinates": [
          -97.197,
          32.675
        ]
      }
    },
    {
      "type": "Feature",
      "properties": {
        "crashes": 45,
        "injury": 24,
        "fatal": 0,
        "pedestrian": 0,
        "density": 1078.1
      },
      "geometry": {
        "type": "Point",
        "coordinates": [
          -97.185,
          32.645
        ]
      }
    },
    {
      "type": "Feature",
      "properties": {
        "crashes": 44,
        "injury": 25,
        "fatal": 0,
        "pedestrian": 0,
        "density": 1055.3
      },
      "geometry": {
        "type": "Point",
        "coordinates": [
          -97.105,
          32.739
        ]
      }
    },
    {
      "type": "Feature",
      "properties": {
        "crashes": 44,
        "injury": 22,
        "fatal": 2,
        "pedestrian": 0,
        "density": 1054.9
      },
      "geometry": {
        "type": "Point",
        "coordinates": [
          -97.063,
          32.705
        ]
      }
    },
    {
      "type": "Feature",
      "properties": {
        "crashes": 44,
        "injury": 20,
        "fatal": 0,
        "pedestrian": 0,
        "density": 1055.5
      },
      "geometry": {
        "type": "Point",
        "coordinates": [
          -97.089,
          32.759
        ]
      }
    },
    {
      "type": "Feature",
      "properties": {
        "crashes": 43,
        "injury": 25,
        "fatal": 0,
        "pedestrian": 1,
        "density": 1031.7
      },
      "geometry": {
        "type": "Point",
        "coordinates": [
          -97.097,
          32.771
        ]
      }
    },
    {
      "type": "Feature",
      "properties": {
        "crashes": 43,
        "injury": 20,
        "fatal": 0,
        "pedestrian": 0,
        "density": 1030.6
      },
      "geometry": {
        "type": "Point",
        "coordinates": [
          -97.079,
          32.673
        ]
      }
    },
    {
      "type": "Feature",
      "properties": {
        "crashes": 43,
        "injury": 21,
        "fatal": 0,
        "pedestrian": 1,
        "density": 1030.3
      },
      "geometry": {
        "type": "Point",
        "coordinates": [
          -97.063,
          32.649
        ]
      }
    },
    {
      "type": "Feature",
      "properties": {
        "crashes": 43,
        "injury": 15,
        "fatal": 0,
        "pedestrian": 0,
        "density": 1031.3
      },
      "geometry": {
        "type": "Point",
        "coordinates": [
          -97.115,
          32.737
        ]
      }
    },
    {
      "type": "Feature",
      "properties": {
        "crashes": 43,
        "injury": 25,
        "fatal": 0,
        "pedestrian": 0,
        "density": 1030.7
      },
      "geometry": {
        "type": "Point",
        "coordinates": [
          -97.115,
          32.685
        ]
      }
    },
    {
      "type": "Feature",
      "properties": {
        "crashes": 43,
        "injury": 22,
        "fatal": 0,
        "pedestrian": 0,
        "density": 1031.3
      },
      "geometry": {
        "type": "Point",
        "coordinates": [
          -97.085,
          32.735
        ]
      }
    },
    {
      "type": "Feature",
      "properties": {
        "crashes": 43,
        "injury": 19,
        "fatal": 0,
        "pedestrian": 0,
        "density": 1031.6
      },
      "geometry": {
        "type": "Point",
        "coordinates": [
          -97.075,
          32.763
        ]
      }
    },
    {
      "type": "Feature",
      "properties": {
        "crashes": 43,
        "injury": 31,
        "fatal": 0,
        "pedestrian": 0,
        "density": 1030.3
      },
      "geometry": {
        "type": "Point",
        "coordinates": [
          -97.077,
          32.649
        ]
      }
    },
    {
      "type": "Feature",
      "properties": {
        "crashes": 42,
        "injury": 8,
        "fatal": 0,
        "pedestrian": 0,
        "density": 1007.5
      },
      "geometry": {
        "type": "Point",
        "coordinates": [
          -97.167,
          32.757
        ]
      }
    },
    {
      "type": "Feature",
      "properties": {
        "crashes": 42,
        "injury": 20,
        "fatal": 2,
        "pedestrian": 0,
        "density": 1006.6
      },
      "geometry": {
        "type": "Point",
        "coordinates": [
          -97.139,
          32.675
        ]
      }
    },
    {
      "type": "Feature",
      "properties": {
        "crashes": 42,
        "injury": 20,
        "fatal": 0,
        "pedestrian": 0,
        "density": 1006.7
      },
      "geometry": {
        "type": "Point",
        "coordinates": [
          -97.113,
          32.679
        ]
      }
    },
    {
      "type": "Feature",
      "properties": {
        "crashes": 42,
        "injury": 25,
        "fatal": 1,
        "pedestrian": 0,
        "density": 1007.0
      },
      "geometry": {
        "type": "Point",
        "coordinates": [
          -97.089,
          32.709
        ]
      }
    },
    {
      "type": "Feature",
      "properties": {
        "crashes": 41,
        "injury": 15,
        "fatal": 0,
        "pedestrian": 0,
        "density": 983.5
      },
      "geometry": {
        "type": "Point",
        "coordinates": [
          -97.063,
          32.751
        ]
      }
    },
    {
      "type": "Feature",
      "properties": {
        "crashes": 41,
        "injury": 22,
        "fatal": 0,
        "pedestrian": 0,
        "density": 983.0
      },
      "geometry": {
        "type": "Point",
        "coordinates": [
          -97.131,
          32.709
        ]
      }
    },
    {
      "type": "Feature",
      "properties": {
        "crashes": 41,
        "injury": 20,
        "fatal": 0,
        "pedestrian": 0,
        "density": 983.2
      },
      "geometry": {
        "type": "Point",
        "coordinates": [
          -97.063,
          32.723
        ]
      }
    },
    {
      "type": "Feature",
      "properties": {
        "crashes": 41,
        "injury": 17,
        "fatal": 2,
        "pedestrian": 0,
        "density": 982.5
      },
      "geometry": {
        "type": "Point",
        "coordinates": [
          -97.201,
          32.665
        ]
      }
    },
    {
      "type": "Feature",
      "properties": {
        "crashes": 41,
        "injury": 20,
        "fatal": 0,
        "pedestrian": 0,
        "density": 982.3
      },
      "geometry": {
        "type": "Point",
        "coordinates": [
          -97.133,
          32.643
        ]
      }
    },
    {
      "type": "Feature",
      "properties": {
        "crashes": 41,
        "injury": 12,
        "fatal": 0,
        "pedestrian": 0,
        "density": 982.6
      },
      "geometry": {
        "type": "Point",
        "coordinates": [
          -97.203,
          32.667
        ]
      }
    },
    {
      "type": "Feature",
      "properties": {
        "crashes": 40,
        "injury": 24,
        "fatal": 0,
        "pedestrian": 0,
        "density": 958.7
      },
      "geometry": {
        "type": "Point",
        "coordinates": [
          -97.115,
          32.673
        ]
      }
    },
    {
      "type": "Feature",
      "properties": {
        "crashes": 40,
        "injury": 19,
        "fatal": 2,
        "pedestrian": 0,
        "density": 959.6
      },
      "geometry": {
        "type": "Point",
        "coordinates": [
          -97.129,
          32.759
        ]
      }
    },
    {
      "type": "Feature",
      "properties": {
        "crashes": 40,
        "injury": 19,
        "fatal": 0,
        "pedestrian": 1,
        "density": 959.3
      },
      "geometry": {
        "type": "Point",
        "coordinates": [
          -97.097,
          32.735
        ]
      }
    },
    {
      "type": "Feature",
      "properties": {
        "crashes": 40,
        "injury": 15,
        "fatal": 0,
        "pedestrian": 0,
        "density": 959.6
      },
      "geometry": {
        "type": "Point",
        "coordinates": [
          -97.167,
          32.763
        ]
      }
    },
    {
      "type": "Feature",
      "properties": {
        "crashes": 40,
        "injury": 15,
        "fatal": 0,
        "pedestrian": 0,
        "density": 959.6
      },
      "geometry": {
        "type": "Point",
        "coordinates": [
          -97.063,
          32.765
        ]
      }
    },
    {
      "type": "Feature",
      "properties": {
        "crashes": 40,
        "injury": 24,
        "fatal": 0,
        "pedestrian": 0,
        "density": 959.8
      },
      "geometry": {
        "type": "Point",
        "coordinates": [
          -97.131,
          32.779
        ]
      }
    },
    {
      "type": "Feature",
      "properties": {
        "crashes": 40,
        "injury": 15,
        "fatal": 0,
        "pedestrian": 0,
        "density": 959.6
      },
      "geometry": {
        "type": "Point",
        "coordinates": [
          -97.123,
          32.759
        ]
      }
    },
    {
      "type": "Feature",
      "properties": {
        "crashes": 40,
        "injury": 15,
        "fatal": 0,
        "pedestrian": 0,
        "density": 959.6
      },
      "geometry": {
        "type": "Point",
        "coordinates": [
          -97.155,
          32.761
        ]
      }
    },
    {
      "type": "Feature",
      "properties": {
        "crashes": 39,
        "injury": 16,
        "fatal": 0,
        "pedestrian": 0,
        "density": 934.8
      },
      "geometry": {
        "type": "Point",
        "coordinates": [
          -97.119,
          32.679
        ]
      }
    },
    {
      "type": "Feature",
      "properties": {
        "crashes": 39,
        "injury": 20,
        "fatal": 0,
        "pedestrian": 0,
        "density": 935.6
      },
      "geometry": {
        "type": "Point",
        "coordinates": [
          -97.097,
          32.761
        ]
      }
    },
    {
      "type": "Feature",
      "properties": {
        "crashes": 39,
        "injury": 16,
        "fatal": 0,
        "pedestrian": 0,
        "density": 934.7
      },
      "geometry": {
        "type": "Point",
        "coordinates": [
          -97.199,
          32.675
        ]
      }
    },
    {
      "type": "Feature",
      "properties": {
        "crashes": 39,
        "injury": 7,
        "fatal": 0,
        "pedestrian": 0,
        "density": 934.7
      },
      "geometry": {
        "type": "Point",
        "coordinates": [
          -97.053,
          32.677
        ]
      }
    },
    {
      "type": "Feature",
      "properties": {
        "crashes": 39,
        "injury": 17,
        "fatal": 1,
        "pedestrian": 0,
        "density": 934.7
      },
      "geometry": {
        "type": "Point",
        "coordinates": [
          -97.123,
          32.677
        ]
      }
    },
    {
      "type": "Feature",
      "properties": {
        "crashes": 39,
        "injury": 17,
        "fatal": 0,
        "pedestrian": 0,
        "density": 935.4
      },
      "geometry": {
        "type": "Point",
        "coordinates": [
          -97.059,
          32.737
        ]
      }
    },
    {
      "type": "Feature",
      "properties": {
        "crashes": 39,
        "injury": 16,
        "fatal": 0,
        "pedestrian": 0,
        "density": 935.6
      },
      "geometry": {
        "type": "Point",
        "coordinates": [
          -97.165,
          32.757
        ]
      }
    },
    {
      "type": "Feature",
      "properties": {
        "crashes": 39,
        "injury": 16,
        "fatal": 1,
        "pedestrian": 0,
        "density": 935.6
      },
      "geometry": {
        "type": "Point",
        "coordinates": [
          -97.097,
          32.763
        ]
      }
    },
    {
      "type": "Feature",
      "properties": {
        "crashes": 38,
        "injury": 25,
        "fatal": 0,
        "pedestrian": 1,
        "density": 911.1
      },
      "geometry": {
        "type": "Point",
        "coordinates": [
          -97.071,
          32.707
        ]
      }
    },
    {
      "type": "Feature",
      "properties": {
        "crashes": 38,
        "injury": 22,
        "fatal": 2,
        "pedestrian": 0,
        "density": 911.2
      },
      "geometry": {
        "type": "Point",
        "coordinates": [
          -97.057,
          32.721
        ]
      }
    },
    {
      "type": "Feature",
      "properties": {
        "crashes": 38,
        "injury": 20,
        "fatal": 0,
        "pedestrian": 0,
        "density": 911.1
      },
      "geometry": {
        "type": "Point",
        "coordinates": [
          -97.057,
          32.713
        ]
      }
    },
    {
      "type": "Feature",
      "properties": {
        "crashes": 38,
        "injury": 17,
        "fatal": 1,
        "pedestrian": 0,
        "density": 911.1
      },
      "geometry": {
        "type": "Point",
        "coordinates": [
          -97.109,
          32.707
        ]
      }
    },
    {
      "type": "Feature",
      "properties": {
        "crashes": 38,
        "injury": 22,
        "fatal": 1,
        "pedestrian": 0,
        "density": 910.8
      },
      "geometry": {
        "type": "Point",
        "coordinates": [
          -97.105,
          32.677
        ]
      }
    },
    {
      "type": "Feature",
      "properties": {
        "crashes": 38,
        "injury": 25,
        "fatal": 0,
        "pedestrian": 0,
        "density": 911.8
      },
      "geometry": {
        "type": "Point",
        "coordinates": [
          -97.097,
          32.777
        ]
      }
    },
    {
      "type": "Feature",
      "properties": {
        "crashes": 37,
        "injury": 16,
        "fatal": 0,
        "pedestrian": 0,
        "density": 887.3
      },
      "geometry": {
        "type": "Point",
        "coordinates": [
          -97.063,
          32.727
        ]
      }
    },
    {
      "type": "Feature",
      "properties": {
        "crashes": 37,
        "injury": 20,
        "fatal": 1,
        "pedestrian": 0,
        "density": 887.7
      },
      "geometry": {
        "type": "Point",
        "coordinates": [
          -97.063,
          32.769
        ]
      }
    },
    {
      "type": "Feature",
      "properties": {
        "crashes": 37,
        "injury": 15,
        "fatal": 0,
        "pedestrian": 0,
        "density": 887.6
      },
      "geometry": {
        "type": "Point",
        "coordinates": [
          -97.111,
          32.759
        ]
      }
    },
    {
      "type": "Feature",
      "properties": {
        "crashes": 37,
        "injury": 15,
        "fatal": 0,
        "pedestrian": 0,
        "density": 886.8
      },
      "geometry": {
        "type": "Point",
        "coordinates": [
          -97.077,
          32.677
        ]
      }
    },
    {
      "type": "Feature",
      "properties": {
        "crashes": 37,
        "injury": 16,
        "fatal": 0,
        "pedestrian": 0,
        "density": 886.8
      },
      "geometry": {
        "type": "Point",
        "coordinates": [
          -97.067,
          32.677
        ]
      }
    },
    {
      "type": "Feature",
      "properties": {
        "crashes": 37,
        "injury": 22,
        "fatal": 0,
        "pedestrian": 0,
        "density": 887.4
      },
      "geometry": {
        "type": "Point",
        "coordinates": [
          -97.123,
          32.739
        ]
      }
    },
    {
      "type": "Feature",
      "properties": {
        "crashes": 36,
        "injury": 13,
        "fatal": 1,
        "pedestrian": 0,
        "density": 863.6
      },
      "geometry": {
        "type": "Point",
        "coordinates": [
          -97.093,
          32.759
        ]
      }
    },
    {
      "type": "Feature",
      "properties": {
        "crashes": 36,
        "injury": 21,
        "fatal": 1,
        "pedestrian": 0,
        "density": 863.2
      },
      "geometry": {
        "type": "Point",
        "coordinates": [
          -97.115,
          32.715
        ]
      }
    },
    {
      "type": "Feature",
      "properties": {
        "crashes": 36,
        "injury": 26,
        "fatal": 0,
        "pedestrian": 0,
        "density": 863.1
      },
      "geometry": {
        "type": "Point",
        "coordinates": [
          -97.053,
          32.707
        ]
      }
    },
    {
      "type": "Feature",
      "properties": {
        "crashes": 36,
        "injury": 18,
        "fatal": 1,
        "pedestrian": 0,
        "density": 862.8
      },
      "geometry": {
        "type": "Point",
        "coordinates": [
          -97.147,
          32.675
        ]
      }
    },
    {
      "type": "Feature",
      "properties": {
        "crashes": 36,
        "injury": 15,
        "fatal": 1,
        "pedestrian": 0,
        "density": 863.7
      },
      "geometry": {
        "type": "Point",
        "coordinates": [
          -97.097,
          32.767
        ]
      }
    },
    {
      "type": "Feature",
      "properties": {
        "crashes": 36,
        "injury": 15,
        "fatal": 0,
        "pedestrian": 1,
        "density": 863.3
      },
      "geometry": {
        "type": "Point",
        "coordinates": [
          -97.083,
          32.721
        ]
      }
    },
    {
      "type": "Feature",
      "properties": {
        "crashes": 36,
        "injury": 19,
        "fatal": 0,
        "pedestrian": 0,
        "density": 863.5
      },
      "geometry": {
        "type": "Point",
        "coordinates": [
          -97.097,
          32.751
        ]
      }
    },
    {
      "type": "Feature",
      "properties": {
        "crashes": 36,
        "injury": 12,
        "fatal": 0,
        "pedestrian": 0,
        "density": 863.4
      },
      "geometry": {
        "type": "Point",
        "coordinates": [
          -97.107,
          32.731
        ]
      }
    },
    {
      "type": "Feature",
      "properties": {
        "crashes": 36,
        "injury": 19,
        "fatal": 0,
        "pedestrian": 0,
        "density": 862.9
      },
      "geometry": {
        "type": "Point",
        "coordinates": [
          -97.115,
          32.683
        ]
      }
    },
    {
      "type": "Feature",
      "properties": {
        "crashes": 35,
        "injury": 17,
        "fatal": 0,
        "pedestrian": 0,
        "density": 838.8
      },
      "geometry": {
        "type": "Point",
        "coordinates": [
          -97.063,
          32.675
        ]
      }
    },
    {
      "type": "Feature",
      "properties": {
        "crashes": 35,
        "injury": 16,
        "fatal": 0,
        "pedestrian": 0,
        "density": 839.6
      },
      "geometry": {
        "type": "Point",
        "coordinates": [
          -97.063,
          32.753
        ]
      }
    },
    {
      "type": "Feature",
      "properties": {
        "crashes": 35,
        "injury": 10,
        "fatal": 0,
        "pedestrian": 1,
        "density": 839.2
      },
      "geometry": {
        "type": "Point",
        "coordinates": [
          -97.115,
          32.713
        ]
      }
    },
    {
      "type": "Feature",
      "properties": {
        "crashes": 35,
        "injury": 14,
        "fatal": 0,
        "pedestrian": 0,
        "density": 839.6
      },
      "geometry": {
        "type": "Point",
        "coordinates": [
          -97.047,
          32.759
        ]
      }
    },
    {
      "type": "Feature",
      "properties": {
        "crashes": 35,
        "injury": 13,
        "fatal": 0,
        "pedestrian": 1,
        "density": 839.0
      },
      "geometry": {
        "type": "Point",
        "coordinates": [
          -97.107,
          32.691
        ]
      }
    },
    {
      "type": "Feature",
      "properties": {
        "crashes": 35,
        "injury": 16,
        "fatal": 0,
        "pedestrian": 0,
        "density": 839.4
      },
      "geometry": {
        "type": "Point",
        "coordinates": [
          -97.063,
          32.733
        ]
      }
    },
    {
      "type": "Feature",
      "properties": {
        "crashes": 35,
        "injury": 20,
        "fatal": 1,
        "pedestrian": 0,
        "density": 839.0
      },
      "geometry": {
        "type": "Point",
        "coordinates": [
          -97.063,
          32.687
        ]
      }
    },
    {
      "type": "Feature",
      "properties": {
        "crashes": 35,
        "injury": 18,
        "fatal": 0,
        "pedestrian": 1,
        "density": 839.2
      },
      "geometry": {
        "type": "Point",
        "coordinates": [
          -97.081,
          32.713
        ]
      }
    },
    {
      "type": "Feature",
      "properties": {
        "crashes": 35,
        "injury": 9,
        "fatal": 0,
        "pedestrian": 0,
        "density": 839.6
      },
      "geometry": {
        "type": "Point",
        "coordinates": [
          -97.167,
          32.759
        ]
      }
    },
    {
      "type": "Feature",
      "properties": {
        "crashes": 35,
        "injury": 18,
        "fatal": 0,
        "pedestrian": 0,
        "density": 839.6
      },
      "geometry": {
        "type": "Point",
        "coordinates": [
          -97.065,
          32.757
        ]
      }
    },
    {
      "type": "Feature",
      "properties": {
        "crashes": 35,
        "injury": 14,
        "fatal": 0,
        "pedestrian": 0,
        "density": 839.5
      },
      "geometry": {
        "type": "Point",
        "coordinates": [
          -97.069,
          32.743
        ]
      }
    },
    {
      "type": "Feature",
      "properties": {
        "crashes": 35,
        "injury": 17,
        "fatal": 1,
        "pedestrian": 0,
        "density": 838.6
      },
      "geometry": {
        "type": "Point",
        "coordinates": [
          -97.167,
          32.649
        ]
      }
    },
    {
      "type": "Feature",
      "properties": {
        "crashes": 34,
        "injury": 18,
        "fatal": 0,
        "pedestrian": 0,
        "density": 815.2
      },
      "geometry": {
        "type": "Point",
        "coordinates": [
          -97.063,
          32.711
        ]
      }
    },
    {
      "type": "Feature",
      "properties": {
        "crashes": 34,
        "injury": 17,
        "fatal": 1,
        "pedestrian": 0,
        "density": 814.9
      },
      "geometry": {
        "type": "Point",
        "coordinates": [
          -97.179,
          32.677
        ]
      }
    },
    {
      "type": "Feature",
      "properties": {
        "crashes": 34,
        "injury": 13,
        "fatal": 1,
        "pedestrian": 0,
        "density": 815.4
      },
      "geometry": {
        "type": "Point",
        "coordinates": [
          -97.107,
          32.729
        ]
      }
    },
    {
      "type": "Feature",
      "properties": {
        "crashes": 34,
        "injury": 18,
        "fatal": 0,
        "pedestrian": 0,
        "density": 815.3
      },
      "geometry": {
        "type": "Point",
        "coordinates": [
          -97.071,
          32.721
        ]
      }
    },
    {
      "type": "Feature",
      "properties": {
        "crashes": 34,
        "injury": 13,
        "fatal": 0,
        "pedestrian": 0,
        "density": 814.7
      },
      "geometry": {
        "type": "Point",
        "coordinates": [
          -97.063,
          32.659
        ]
      }
    },
    {
      "type": "Feature",
      "properties": {
        "crashes": 33,
        "injury": 16,
        "fatal": 0,
        "pedestrian": 0,
        "density": 790.9
      },
      "geometry": {
        "type": "Point",
        "coordinates": [
          -97.203,
          32.669
        ]
      }
    },
    {
      "type": "Feature",
      "properties": {
        "crashes": 33,
        "injury": 15,
        "fatal": 0,
        "pedestrian": 0,
        "density": 791.6
      },
      "geometry": {
        "type": "Point",
        "coordinates": [
          -97.183,
          32.753
        ]
      }
    },
    {
      "type": "Feature",
      "properties": {
        "crashes": 33,
        "injury": 9,
        "fatal": 0,
        "pedestrian": 0,
        "density": 791.8
      },
      "geometry": {
        "type": "Point",
        "coordinates": [
          -97.063,
          32.771
        ]
      }
    },
    {
      "type": "Feature",
      "properties": {
        "crashes": 33,
        "injury": 14,
        "fatal": 0,
        "pedestrian": 0,
        "density": 791.7
      },
      "geometry": {
        "type": "Point",
        "coordinates": [
          -97.071,
          32.759
        ]
      }
    },
    {
      "type": "Feature",
      "properties": {
        "crashes": 33,
        "injury": 24,
        "fatal": 0,
        "pedestrian": 1,
        "density": 791.1
      },
      "geometry": {
        "type": "Point",
        "coordinates": [
          -97.115,
          32.695
        ]
      }
    },
    {
      "type": "Feature",
      "properties": {
        "crashes": 33,
        "injury": 12,
        "fatal": 0,
        "pedestrian": 0,
        "density": 791.7
      },
      "geometry": {
        "type": "Point",
        "coordinates": [
          -97.199,
          32.759
        ]
      }
    },
    {
      "type": "Feature",
      "properties": {
        "crashes": 33,
        "injury": 14,
        "fatal": 0,
        "pedestrian": 0,
        "density": 791.4
      },
      "geometry": {
        "type": "Point",
        "coordinates": [
          -97.107,
          32.733
        ]
      }
    },
    {
      "type": "Feature",
      "properties": {
        "crashes": 33,
        "injury": 16,
        "fatal": 0,
        "pedestrian": 1,
        "density": 790.8
      },
      "geometry": {
        "type": "Point",
        "coordinates": [
          -97.115,
          32.663
        ]
      }
    },
    {
      "type": "Feature",
      "properties": {
        "crashes": 33,
        "injury": 19,
        "fatal": 0,
        "pedestrian": 0,
        "density": 790.6
      },
      "geometry": {
        "type": "Point",
        "coordinates": [
          -97.103,
          32.645
        ]
      }
    },
    {
      "type": "Feature",
      "properties": {
        "crashes": 33,
        "injury": 18,
        "fatal": 0,
        "pedestrian": 0,
        "density": 791.2
      },
      "geometry": {
        "type": "Point",
        "coordinates": [
          -97.067,
          32.713
        ]
      }
    },
    {
      "type": "Feature",
      "properties": {
        "crashes": 32,
        "injury": 10,
        "fatal": 0,
        "pedestrian": 0,
        "density": 767.7
      },
      "geometry": {
        "type": "Point",
        "coordinates": [
          -97.167,
          32.765
        ]
      }
    },
    {
      "type": "Feature",
      "properties": {
        "crashes": 32,
        "injury": 22,
        "fatal": 0,
        "pedestrian": 0,
        "density": 767.4
      },
      "geometry": {
        "type": "Point",
        "coordinates": [
          -97.063,
          32.731
        ]
      }
    },
    {
      "type": "Feature",
      "properties": {
        "crashes": 32,
        "injury": 17,
        "fatal": 1,
        "pedestrian": 0,
        "density": 766.9
      },
      "geometry": {
        "type": "Point",
        "coordinates": [
          -97.191,
          32.675
        ]
      }
    },
    {
      "type": "Feature",
      "properties": {
        "crashes": 32,
        "injury": 8,
        "fatal": 1,
        "pedestrian": 0,
        "density": 767.7
      },
      "geometry": {
        "type": "Point",
        "coordinates": [
          -97.187,
          32.759
        ]
      }
    },
    {
      "type": "Feature",
      "properties": {
        "crashes": 32,
        "injury": 21,
        "fatal": 0,
        "pedestrian": 0,
        "density": 767.0
      },
      "geometry": {
        "type": "Point",
        "coordinates": [
          -97.115,
          32.677
        ]
      }
    },
    {
      "type": "Feature",
      "properties": {
        "crashes": 32,
        "injury": 3,
        "fatal": 0,
        "pedestrian": 0,
        "density": 767.9
      },
      "geometry": {
        "type": "Point",
        "coordinates": [
          -97.061,
          32.785
        ]
      }
    },
    {
      "type": "Feature",
      "properties": {
        "crashes": 32,
        "injury": 15,
        "fatal": 0,
        "pedestrian": 0,
        "density": 766.9
      },
      "geometry": {
        "type": "Point",
        "coordinates": [
          -97.163,
          32.675
        ]
      }
    },
    {
      "type": "Feature",
      "properties": {
        "crashes": 31,
        "injury": 17,
        "fatal": 1,
        "pedestrian": 0,
        "density": 743.1
      },
      "geometry": {
        "type": "Point",
        "coordinates": [
          -97.063,
          32.689
        ]
      }
    },
    {
      "type": "Feature",
      "properties": {
        "crashes": 31,
        "injury": 11,
        "fatal": 0,
        "pedestrian": 0,
        "density": 743.6
      },
      "geometry": {
        "type": "Point",
        "coordinates": [
          -97.171,
          32.755
        ]
      }
    },
    {
      "type": "Feature",
      "properties": {
        "crashes": 31,
        "injury": 18,
        "fatal": 0,
        "pedestrian": 0,
        "density": 743.5
      },
      "geometry": {
        "type": "Point",
        "coordinates": [
          -97.131,
          32.743
        ]
      }
    },
    {
      "type": "Feature",
      "properties": {
        "crashes": 31,
        "injury": 12,
        "fatal": 0,
        "pedestrian": 0,
        "density": 743.7
      },
      "geometry": {
        "type": "Point",
        "coordinates": [
          -97.117,
          32.759
        ]
      }
    },
    {
      "type": "Feature",
      "properties": {
        "crashes": 31,
        "injury": 15,
        "fatal": 0,
        "pedestrian": 0,
        "density": 743.5
      },
      "geometry": {
        "type": "Point",
        "coordinates": [
          -97.115,
          32.733
        ]
      }
    },
    {
      "type": "Feature",
      "properties": {
        "crashes": 31,
        "injury": 14,
        "fatal": 0,
        "pedestrian": 0,
        "density": 744.0
      },
      "geometry": {
        "type": "Point",
        "coordinates": [
          -97.097,
          32.799
        ]
      }
    },
    {
      "type": "Feature",
      "properties": {
        "crashes": 30,
        "injury": 18,
        "fatal": 0,
        "pedestrian": 0,
        "density": 718.7
      },
      "geometry": {
        "type": "Point",
        "coordinates": [
          -97.177,
          32.633
        ]
      }
    },
    {
      "type": "Feature",
      "properties": {
        "crashes": 30,
        "injury": 14,
        "fatal": 0,
        "pedestrian": 0,
        "density": 719.7
      },
      "geometry": {
        "type": "Point",
        "coordinates": [
          -97.099,
          32.759
        ]
      }
    },
    {
      "type": "Feature",
      "properties": {
        "crashes": 30,
        "injury": 8,
        "fatal": 0,
        "pedestrian": 0,
        "density": 718.8
      },
      "geometry": {
        "type": "Point",
        "coordinates": [
          -97.061,
          32.653
        ]
      }
    },
    {
      "type": "Feature",
      "properties": {
        "crashes": 30,
        "injury": 12,
        "fatal": 1,
        "pedestrian": 0,
        "density": 719.7
      },
      "geometry": {
        "type": "Point",
        "coordinates": [
          -97.081,
          32.759
        ]
      }
    },
    {
      "type": "Feature",
      "properties": {
        "crashes": 30,
        "injury": 15,
        "fatal": 1,
        "pedestrian": 0,
        "density": 719.6
      },
      "geometry": {
        "type": "Point",
        "coordinates": [
          -97.171,
          32.751
        ]
      }
    },
    {
      "type": "Feature",
      "properties": {
        "crashes": 30,
        "injury": 7,
        "fatal": 0,
        "pedestrian": 0,
        "density": 718.8
      },
      "geometry": {
        "type": "Point",
        "coordinates": [
          -97.061,
          32.655
        ]
      }
    },
    {
      "type": "Feature",
      "properties": {
        "crashes": 30,
        "injury": 11,
        "fatal": 0,
        "pedestrian": 0,
        "density": 719.7
      },
      "geometry": {
        "type": "Point",
        "coordinates": [
          -97.183,
          32.757
        ]
      }
    },
    {
      "type": "Feature",
      "properties": {
        "crashes": 29,
        "injury": 14,
        "fatal": 0,
        "pedestrian": 0,
        "density": 695.1
      },
      "geometry": {
        "type": "Point",
        "coordinates": [
          -97.133,
          32.683
        ]
      }
    },
    {
      "type": "Feature",
      "properties": {
        "crashes": 29,
        "injury": 14,
        "fatal": 0,
        "pedestrian": 0,
        "density": 695.5
      },
      "geometry": {
        "type": "Point",
        "coordinates": [
          -97.063,
          32.739
        ]
      }
    },
    {
      "type": "Feature",
      "properties": {
        "crashes": 29,
        "injury": 22,
        "fatal": 0,
        "pedestrian": 0,
        "density": 694.7
      },
      "geometry": {
        "type": "Point",
        "coordinates": [
          -97.115,
          32.633
        ]
      }
    },
    {
      "type": "Feature",
      "properties": {
        "crashes": 29,
        "injury": 18,
        "fatal": 0,
        "pedestrian": 0,
        "density": 695.0
      },
      "geometry": {
        "type": "Point",
        "coordinates": [
          -97.169,
          32.675
        ]
      }
    },
    {
      "type": "Feature",
      "properties": {
        "crashes": 29,
        "injury": 14,
        "fatal": 1,
        "pedestrian": 0,
        "density": 694.8
      },
      "geometry": {
        "type": "Point",
        "coordinates": [
          -97.115,
          32.643
        ]
      }
    },
    {
      "type": "Feature",
      "properties": {
        "crashes": 29,
        "injury": 10,
        "fatal": 0,
        "pedestrian": 0,
        "density": 695.7
      },
      "geometry": {
        "type": "Point",
        "coordinates": [
          -97.141,
          32.759
        ]
      }
    },
    {
      "type": "Feature",
      "properties": {
        "crashes": 29,
        "injury": 10,
        "fatal": 0,
        "pedestrian": 0,
        "density": 695.4
      },
      "geometry": {
        "type": "Point",
        "coordinates": [
          -97.115,
          32.723
        ]
      }
    },
    {
      "type": "Feature",
      "properties": {
        "crashes": 29,
        "injury": 14,
        "fatal": 1,
        "pedestrian": 0,
        "density": 695.1
      },
      "geometry": {
        "type": "Point",
        "coordinates": [
          -97.101,
          32.677
        ]
      }
    },
    {
      "type": "Feature",
      "properties": {
        "crashes": 29,
        "injury": 16,
        "fatal": 0,
        "pedestrian": 0,
        "density": 694.8
      },
      "geometry": {
        "type": "Point",
        "coordinates": [
          -97.133,
          32.645
        ]
      }
    },
    {
      "type": "Feature",
      "properties": {
        "crashes": 29,
        "injury": 20,
        "fatal": 0,
        "pedestrian": 0,
        "density": 695.4
      },
      "geometry": {
        "type": "Point",
        "coordinates": [
          -97.103,
          32.721
        ]
      }
    },
    {
      "type": "Feature",
      "properties": {
        "crashes": 29,
        "injury": 18,
        "fatal": 0,
        "pedestrian": 0,
        "density": 695.1
      },
      "geometry": {
        "type": "Point",
        "coordinates": [
          -97.109,
          32.679
        ]
      }
    },
    {
      "type": "Feature",
      "properties": {
        "crashes": 29,
        "injury": 13,
        "fatal": 0,
        "pedestrian": 0,
        "density": 695.8
      },
      "geometry": {
        "type": "Point",
        "coordinates": [
          -97.097,
          32.769
        ]
      }
    },
    {
      "type": "Feature",
      "properties": {
        "crashes": 28,
        "injury": 12,
        "fatal": 0,
        "pedestrian": 0,
        "density": 671.7
      },
      "geometry": {
        "type": "Point",
        "coordinates": [
          -97.181,
          32.759
        ]
      }
    },
    {
      "type": "Feature",
      "properties": {
        "crashes": 28,
        "injury": 8,
        "fatal": 0,
        "pedestrian": 0,
        "density": 671.7
      },
      "geometry": {
        "type": "Point",
        "coordinates": [
          -97.113,
          32.759
        ]
      }
    },
    {
      "type": "Feature",
      "properties": {
        "crashes": 28,
        "injury": 15,
        "fatal": 0,
        "pedestrian": 0,
        "density": 671.1
      },
      "geometry": {
        "type": "Point",
        "coordinates": [
          -97.153,
          32.675
        ]
      }
    },
    {
      "type": "Feature",
      "properties": {
        "crashes": 28,
        "injury": 21,
        "fatal": 0,
        "pedestrian": 0,
        "density": 671.7
      },
      "geometry": {
        "type": "Point",
        "coordinates": [
          -97.095,
          32.759
        ]
      }
    },
    {
      "type": "Feature",
      "properties": {
        "crashes": 28,
        "injury": 2,
        "fatal": 2,
        "pedestrian": 0,
        "density": 670.9
      },
      "geometry": {
        "type": "Point",
        "coordinates": [
          -97.061,
          32.651
        ]
      }
    },
    {
      "type": "Feature",
      "properties": {
        "crashes": 28,
        "injury": 17,
        "fatal": 0,
        "pedestrian": 0,
        "density": 671.3
      },
      "geometry": {
        "type": "Point",
        "coordinates": [
          -97.115,
          32.707
        ]
      }
    },
    {
      "type": "Feature",
      "properties": {
        "crashes": 28,
        "injury": 16,
        "fatal": 0,
        "pedestrian": 0,
        "density": 671.0
      },
      "geometry": {
        "type": "Point",
        "coordinates": [
          -97.137,
          32.671
        ]
      }
    },
    {
      "type": "Feature",
      "properties": {
        "crashes": 28,
        "injury": 15,
        "fatal": 0,
        "pedestrian": 0,
        "density": 670.8
      },
      "geometry": {
        "type": "Point",
        "coordinates": [
          -97.135,
          32.635
        ]
      }
    },
    {
      "type": "Feature",
      "properties": {
        "crashes": 28,
        "injury": 10,
        "fatal": 0,
        "pedestrian": 0,
        "density": 671.1
      },
      "geometry": {
        "type": "Point",
        "coordinates": [
          -97.085,
          32.677
        ]
      }
    },
    {
      "type": "Feature",
      "properties": {
        "crashes": 28,
        "injury": 11,
        "fatal": 0,
        "pedestrian": 0,
        "density": 671.8
      },
      "geometry": {
        "type": "Point",
        "coordinates": [
          -97.083,
          32.773
        ]
      }
    },
    {
      "type": "Feature",
      "properties": {
        "crashes": 27,
        "injury": 8,
        "fatal": 0,
        "pedestrian": 0,
        "density": 647.0
      },
      "geometry": {
        "type": "Point",
        "coordinates": [
          -97.149,
          32.659
        ]
      }
    },
    {
      "type": "Feature",
      "properties": {
        "crashes": 27,
        "injury": 16,
        "fatal": 0,
        "pedestrian": 0,
        "density": 647.1
      },
      "geometry": {
        "type": "Point",
        "coordinates": [
          -97.181,
          32.677
        ]
      }
    },
    {
      "type": "Feature",
      "properties": {
        "crashes": 27,
        "injury": 7,
        "fatal": 0,
        "pedestrian": 0,
        "density": 647.7
      },
      "geometry": {
        "type": "Point",
        "coordinates": [
          -97.107,
          32.751
        ]
      }
    },
    {
      "type": "Feature",
      "properties": {
        "crashes": 27,
        "injury": 8,
        "fatal": 0,
        "pedestrian": 0,
        "density": 647.6
      },
      "geometry": {
        "type": "Point",
        "coordinates": [
          -97.107,
          32.737
        ]
      }
    },
    {
      "type": "Feature",
      "properties": {
        "crashes": 27,
        "injury": 15,
        "fatal": 0,
        "pedestrian": 0,
        "density": 647.4
      },
      "geometry": {
        "type": "Point",
        "coordinates": [
          -97.123,
          32.721
        ]
      }
    },
    {
      "type": "Feature",
      "properties": {
        "crashes": 27,
        "injury": 7,
        "fatal": 0,
        "pedestrian": 0,
        "density": 647.6
      },
      "geometry": {
        "type": "Point",
        "coordinates": [
          -97.113,
          32.739
        ]
      }
    },
    {
      "type": "Feature",
      "properties": {
        "crashes": 27,
        "injury": 10,
        "fatal": 0,
        "pedestrian": 0,
        "density": 646.9
      },
      "geometry": {
        "type": "Point",
        "coordinates": [
          -97.123,
          32.645
        ]
      }
    },
    {
      "type": "Feature",
      "properties": {
        "crashes": 27,
        "injury": 8,
        "fatal": 0,
        "pedestrian": 0,
        "density": 646.9
      },
      "geometry": {
        "type": "Point",
        "coordinates": [
          -97.063,
          32.647
        ]
      }
    },
    {
      "type": "Feature",
      "properties": {
        "crashes": 27,
        "injury": 5,
        "fatal": 0,
        "pedestrian": 0,
        "density": 647.4
      },
      "geometry": {
        "type": "Point",
        "coordinates": [
          -97.149,
          32.715
        ]
      }
    },
    {
      "type": "Feature",
      "properties": {
        "crashes": 27,
        "injury": 10,
        "fatal": 0,
        "pedestrian": 1,
        "density": 647.9
      },
      "geometry": {
        "type": "Point",
        "coordinates": [
          -97.059,
          32.789
        ]
      }
    },
    {
      "type": "Feature",
      "properties": {
        "crashes": 26,
        "injury": 10,
        "fatal": 0,
        "pedestrian": 1,
        "density": 623.6
      },
      "geometry": {
        "type": "Point",
        "coordinates": [
          -97.097,
          32.745
        ]
      }
    },
    {
      "type": "Feature",
      "properties": {
        "crashes": 26,
        "injury": 8,
        "fatal": 0,
        "pedestrian": 0,
        "density": 623.7
      },
      "geometry": {
        "type": "Point",
        "coordinates": [
          -97.097,
          32.753
        ]
      }
    },
    {
      "type": "Feature",
      "properties": {
        "crashes": 26,
        "injury": 13,
        "fatal": 0,
        "pedestrian": 0,
        "density": 623.1
      },
      "geometry": {
        "type": "Point",
        "coordinates": [
          -97.175,
          32.675
        ]
      }
    },
    {
      "type": "Feature",
      "properties": {
        "crashes": 26,
        "injury": 5,
        "fatal": 0,
        "pedestrian": 0,
        "density": 623.8
      },
      "geometry": {
        "type": "Point",
        "coordinates": [
          -97.169,
          32.763
        ]
      }
    },
    {
      "type": "Feature",
      "properties": {
        "crashes": 26,
        "injury": 17,
        "fatal": 0,
        "pedestrian": 1,
        "density": 622.9
      },
      "geometry": {
        "type": "Point",
        "coordinates": [
          -97.099,
          32.645
        ]
      }
    },
    {
      "type": "Feature",
      "properties": {
        "crashes": 26,
        "injury": 14,
        "fatal": 0,
        "pedestrian": 0,
        "density": 623.9
      },
      "geometry": {
        "type": "Point",
        "coordinates": [
          -97.083,
          32.777
        ]
      }
    },
    {
      "type": "Feature",
      "properties": {
        "crashes": 26,
        "injury": 7,
        "fatal": 0,
        "pedestrian": 0,
        "density": 623.9
      },
      "geometry": {
        "type": "Point",
        "coordinates": [
          -97.059,
          32.787
        ]
      }
    },
    {
      "type": "Feature",
      "properties": {
        "crashes": 26,
        "injury": 15,
        "fatal": 1,
        "pedestrian": 0,
        "density": 623.2
      },
      "geometry": {
        "type": "Point",
        "coordinates": [
          -97.095,
          32.685
        ]
      }
    },
    {
      "type": "Feature",
      "properties": {
        "crashes": 26,
        "injury": 13,
        "fatal": 0,
        "pedestrian": 0,
        "density": 623.9
      },
      "geometry": {
        "type": "Point",
        "coordinates": [
          -97.065,
          32.785
        ]
      }
    },
    {
      "type": "Feature",
      "properties": {
        "crashes": 25,
        "injury": 17,
        "fatal": 0,
        "pedestrian": 0,
        "density": 599.7
      },
      "geometry": {
        "type": "Point",
        "coordinates": [
          -97.123,
          32.751
        ]
      }
    },
    {
      "type": "Feature",
      "properties": {
        "crashes": 25,
        "injury": 10,
        "fatal": 0,
        "pedestrian": 0,
        "density": 599.0
      },
      "geometry": {
        "type": "Point",
        "coordinates": [
          -97.183,
          32.647
        ]
      }
    },
    {
      "type": "Feature",
      "properties": {
        "crashes": 25,
        "injury": 10,
        "fatal": 1,
        "pedestrian": 0,
        "density": 599.4
      },
      "geometry": {
        "type": "Point",
        "coordinates": [
          -97.063,
          32.703
        ]
      }
    },
    {
      "type": "Feature",
      "properties": {
        "crashes": 25,
        "injury": 16,
        "fatal": 0,
        "pedestrian": 1,
        "density": 599.5
      },
      "geometry": {
        "type": "Point",
        "coordinates": [
          -97.089,
          32.721
        ]
      }
    },
    {
      "type": "Feature",
      "properties": {
        "crashes": 25,
        "injury": 11,
        "fatal": 0,
        "pedestrian": 1,
        "density": 599.7
      },
      "geometry": {
        "type": "Point",
        "coordinates": [
          -97.103,
          32.757
        ]
      }
    },
    {
      "type": "Feature",
      "properties": {
        "crashes": 25,
        "injury": 13,
        "fatal": 0,
        "pedestrian": 0,
        "density": 599.5
      },
      "geometry": {
        "type": "Point",
        "coordinates": [
          -97.115,
          32.725
        ]
      }
    },
    {
      "type": "Feature",
      "properties": {
        "crashes": 25,
        "injury": 17,
        "fatal": 0,
        "pedestrian": 0,
        "density": 598.9
      },
      "geometry": {
        "type": "Point",
        "coordinates": [
          -97.115,
          32.639
        ]
      }
    },
    {
      "type": "Feature",
      "properties": {
        "crashes": 25,
        "injury": 17,
        "fatal": 0,
        "pedestrian": 1,
        "density": 599.2
      },
      "geometry": {
        "type": "Point",
        "coordinates": [
          -97.081,
          32.685
        ]
      }
    },
    {
      "type": "Feature",
      "properties": {
        "crashes": 25,
        "injury": 11,
        "fatal": 0,
        "pedestrian": 0,
        "density": 599.5
      },
      "geometry": {
        "type": "Point",
        "coordinates": [
          -97.131,
          32.721
        ]
      }
    },
    {
      "type": "Feature",
      "properties": {
        "crashes": 25,
        "injury": 12,
        "fatal": 0,
        "pedestrian": 0,
        "density": 599.4
      },
      "geometry": {
        "type": "Point",
        "coordinates": [
          -97.085,
          32.709
        ]
      }
    },
    {
      "type": "Feature",
      "properties": {
        "crashes": 25,
        "injury": 14,
        "fatal": 0,
        "pedestrian": 0,
        "density": 599.2
      },
      "geometry": {
        "type": "Point",
        "coordinates": [
          -97.065,
          32.673
        ]
      }
    },
    {
      "type": "Feature",
      "properties": {
        "crashes": 25,
        "injury": 10,
        "fatal": 1,
        "pedestrian": 0,
        "density": 599.2
      },
      "geometry": {
        "type": "Point",
        "coordinates": [
          -97.063,
          32.685
        ]
      }
    },
    {
      "type": "Feature",
      "properties": {
        "crashes": 25,
        "injury": 17,
        "fatal": 0,
        "pedestrian": 0,
        "density": 599.4
      },
      "geometry": {
        "type": "Point",
        "coordinates": [
          -97.063,
          32.707
        ]
      }
    },
    {
      "type": "Feature",
      "properties": {
        "crashes": 24,
        "injury": 10,
        "fatal": 0,
        "pedestrian": 0,
        "density": 576.0
      },
      "geometry": {
        "type": "Point",
        "coordinates": [
          -97.097,
          32.797
        ]
      }
    },
    {
      "type": "Feature",
      "properties": {
        "crashes": 24,
        "injury": 16,
        "fatal": 0,
        "pedestrian": 0,
        "density": 575.9
      },
      "geometry": {
        "type": "Point",
        "coordinates": [
          -97.141,
          32.785
        ]
      }
    },
    {
      "type": "Feature",
      "properties": {
        "crashes": 24,
        "injury": 14,
        "fatal": 0,
        "pedestrian": 0,
        "density": 575.4
      },
      "geometry": {
        "type": "Point",
        "coordinates": [
          -97.123,
          32.709
        ]
      }
    },
    {
      "type": "Feature",
      "properties": {
        "crashes": 24,
        "injury": 11,
        "fatal": 0,
        "pedestrian": 0,
        "density": 575.1
      },
      "geometry": {
        "type": "Point",
        "coordinates": [
          -97.137,
          32.659
        ]
      }
    },
    {
      "type": "Feature",
      "properties": {
        "crashes": 24,
        "injury": 4,
        "fatal": 0,
        "pedestrian": 0,
        "density": 576.0
      },
      "geometry": {
        "type": "Point",
        "coordinates": [
          -97.057,
          32.795
        ]
      }
    },
    {
      "type": "Feature",
      "properties": {
        "crashes": 24,
        "injury": 3,
        "fatal": 0,
        "pedestrian": 0,
        "density": 575.8
      },
      "geometry": {
        "type": "Point",
        "coordinates": [
          -97.165,
          32.761
        ]
      }
    },
    {
      "type": "Feature",
      "properties": {
        "crashes": 24,
        "injury": 13,
        "fatal": 0,
        "pedestrian": 0,
        "density": 575.8
      },
      "geometry": {
        "type": "Point",
        "coordinates": [
          -97.085,
          32.761
        ]
      }
    },
    {
      "type": "Feature",
      "properties": {
        "crashes": 24,
        "injury": 10,
        "fatal": 0,
        "pedestrian": 0,
        "density": 575.1
      },
      "geometry": {
        "type": "Point",
        "coordinates": [
          -97.063,
          32.665
        ]
      }
    },
    {
      "type": "Feature",
      "properties": {
        "crashes": 24,
        "injury": 16,
        "fatal": 0,
        "pedestrian": 0,
        "density": 575.6
      },
      "geometry": {
        "type": "Point",
        "coordinates": [
          -97.071,
          32.735
        ]
      }
    },
    {
      "type": "Feature",
      "properties": {
        "crashes": 24,
        "injury": 12,
        "fatal": 0,
        "pedestrian": 0,
        "density": 575.4
      },
      "geometry": {
        "type": "Point",
        "coordinates": [
          -97.089,
          32.707
        ]
      }
    },
    {
      "type": "Feature",
      "properties": {
        "crashes": 24,
        "injury": 13,
        "fatal": 0,
        "pedestrian": 0,
        "density": 575.2
      },
      "geometry": {
        "type": "Point",
        "coordinates": [
          -97.165,
          32.673
        ]
      }
    },
    {
      "type": "Feature",
      "properties": {
        "crashes": 24,
        "injury": 8,
        "fatal": 0,
        "pedestrian": 0,
        "density": 575.6
      },
      "geometry": {
        "type": "Point",
        "coordinates": [
          -97.107,
          32.735
        ]
      }
    },
    {
      "type": "Feature",
      "properties": {
        "crashes": 24,
        "injury": 11,
        "fatal": 0,
        "pedestrian": 1,
        "density": 575.1
      },
      "geometry": {
        "type": "Point",
        "coordinates": [
          -97.107,
          32.657
        ]
      }
    },
    {
      "type": "Feature",
      "properties": {
        "crashes": 23,
        "injury": 11,
        "fatal": 0,
        "pedestrian": 0,
        "density": 551.1
      },
      "geometry": {
        "type": "Point",
        "coordinates": [
          -97.167,
          32.659
        ]
      }
    },
    {
      "type": "Feature",
      "properties": {
        "crashes": 23,
        "injury": 6,
        "fatal": 0,
        "pedestrian": 0,
        "density": 551.9
      },
      "geometry": {
        "type": "Point",
        "coordinates": [
          -97.061,
          32.781
        ]
      }
    },
    {
      "type": "Feature",
      "properties": {
        "crashes": 23,
        "injury": 13,
        "fatal": 0,
        "pedestrian": 0,
        "density": 551.7
      },
      "geometry": {
        "type": "Point",
        "coordinates": [
          -97.105,
          32.751
        ]
      }
    },
    {
      "type": "Feature",
      "properties": {
        "crashes": 23,
        "injury": 11,
        "fatal": 0,
        "pedestrian": 0,
        "density": 551.7
      },
      "geometry": {
        "type": "Point",
        "coordinates": [
          -97.107,
          32.747
        ]
      }
    },
    {
      "type": "Feature",
      "properties": {
        "crashes": 23,
        "injury": 6,
        "fatal": 0,
        "pedestrian": 0,
        "density": 551.9
      },
      "geometry": {
        "type": "Point",
        "coordinates": [
          -97.061,
          32.777
        ]
      }
    },
    {
      "type": "Feature",
      "properties": {
        "crashes": 23,
        "injury": 15,
        "fatal": 1,
        "pedestrian": 0,
        "density": 551.5
      },
      "geometry": {
        "type": "Point",
        "coordinates": [
          -97.169,
          32.715
        ]
      }
    },
    {
      "type": "Feature",
      "properties": {
        "crashes": 23,
        "injury": 12,
        "fatal": 0,
        "pedestrian": 0,
        "density": 551.1
      },
      "geometry": {
        "type": "Point",
        "coordinates": [
          -97.115,
          32.657
        ]
      }
    },
    {
      "type": "Feature",
      "properties": {
        "crashes": 23,
        "injury": 10,
        "fatal": 1,
        "pedestrian": 0,
        "density": 551.5
      },
      "geometry": {
        "type": "Point",
        "coordinates": [
          -97.097,
          32.721
        ]
      }
    },
    {
      "type": "Feature",
      "properties": {
        "crashes": 23,
        "injury": 12,
        "fatal": 0,
        "pedestrian": 0,
        "density": 551.3
      },
      "geometry": {
        "type": "Point",
        "coordinates": [
          -97.115,
          32.689
        ]
      }
    },
    {
      "type": "Feature",
      "properties": {
        "crashes": 23,
        "injury": 9,
        "fatal": 0,
        "pedestrian": 0,
        "density": 551.2
      },
      "geometry": {
        "type": "Point",
        "coordinates": [
          -97.135,
          32.669
        ]
      }
    },
    {
      "type": "Feature",
      "properties": {
        "crashes": 23,
        "injury": 7,
        "fatal": 0,
        "pedestrian": 0,
        "density": 551.7
      },
      "geometry": {
        "type": "Point",
        "coordinates": [
          -97.199,
          32.757
        ]
      }
    },
    {
      "type": "Feature",
      "properties": {
        "crashes": 23,
        "injury": 6,
        "fatal": 0,
        "pedestrian": 0,
        "density": 551.2
      },
      "geometry": {
        "type": "Point",
        "coordinates": [
          -97.061,
          32.661
        ]
      }
    },
    {
      "type": "Feature",
      "properties": {
        "crashes": 23,
        "injury": 11,
        "fatal": 0,
        "pedestrian": 0,
        "density": 551.4
      },
      "geometry": {
        "type": "Point",
        "coordinates": [
          -97.123,
          32.707
        ]
      }
    },
    {
      "type": "Feature",
      "properties": {
        "crashes": 22,
        "injury": 8,
        "fatal": 0,
        "pedestrian": 0,
        "density": 527.8
      },
      "geometry": {
        "type": "Point",
        "coordinates": [
          -97.175,
          32.759
        ]
      }
    },
    {
      "type": "Feature",
      "properties": {
        "crashes": 22,
        "injury": 4,
        "fatal": 0,
        "pedestrian": 0,
        "density": 527.5
      },
      "geometry": {
        "type": "Point",
        "coordinates": [
          -97.191,
          32.707
        ]
      }
    },
    {
      "type": "Feature",
      "properties": {
        "crashes": 22,
        "injury": 10,
        "fatal": 0,
        "pedestrian": 0,
        "density": 527.3
      },
      "geometry": {
        "type": "Point",
        "coordinates": [
          -97.127,
          32.677
        ]
      }
    },
    {
      "type": "Feature",
      "properties": {
        "crashes": 22,
        "injury": 13,
        "fatal": 0,
        "pedestrian": 1,
        "density": 527.7
      },
      "geometry": {
        "type": "Point",
        "coordinates": [
          -97.097,
          32.741
        ]
      }
    },
    {
      "type": "Feature",
      "properties": {
        "crashes": 22,
        "injury": 4,
        "fatal": 1,
        "pedestrian": 0,
        "density": 527.3
      },
      "geometry": {
        "type": "Point",
        "coordinates": [
          -97.051,
          32.673
        ]
      }
    },
    {
      "type": "Feature",
      "properties": {
        "crashes": 22,
        "injury": 9,
        "fatal": 0,
        "pedestrian": 0,
        "density": 527.2
      },
      "geometry": {
        "type": "Point",
        "coordinates": [
          -97.063,
          32.671
        ]
      }
    },
    {
      "type": "Feature",
      "properties": {
        "crashes": 22,
        "injury": 14,
        "fatal": 1,
        "pedestrian": 0,
        "density": 527.5
      },
      "geometry": {
        "type": "Point",
        "coordinates": [
          -97.077,
          32.721
        ]
      }
    },
    {
      "type": "Feature",
      "properties": {
        "crashes": 22,
        "injury": 10,
        "fatal": 0,
        "pedestrian": 0,
        "density": 527.5
      },
      "geometry": {
        "type": "Point",
        "coordinates": [
          -97.095,
          32.709
        ]
      }
    },
    {
      "type": "Feature",
      "properties": {
        "crashes": 22,
        "injury": 10,
        "fatal": 0,
        "pedestrian": 0,
        "density": 527.6
      },
      "geometry": {
        "type": "Point",
        "coordinates": [
          -97.149,
          32.731
        ]
      }
    },
    {
      "type": "Feature",
      "properties": {
        "crashes": 22,
        "injury": 11,
        "fatal": 0,
        "pedestrian": 0,
        "density": 527.9
      },
      "geometry": {
        "type": "Point",
        "coordinates": [
          -97.075,
          32.777
        ]
      }
    },
    {
      "type": "Feature",
      "properties": {
        "crashes": 22,
        "injury": 11,
        "fatal": 0,
        "pedestrian": 0,
        "density": 527.8
      },
      "geometry": {
        "type": "Point",
        "coordinates": [
          -97.105,
          32.759
        ]
      }
    },
    {
      "type": "Feature",
      "properties": {
        "crashes": 22,
        "injury": 7,
        "fatal": 0,
        "pedestrian": 0,
        "density": 527.8
      },
      "geometry": {
        "type": "Point",
        "coordinates": [
          -97.079,
          32.759
        ]
      }
    },
    {
      "type": "Feature",
      "properties": {
        "crashes": 22,
        "injury": 7,
        "fatal": 0,
        "pedestrian": 0,
        "density": 527.4
      },
      "geometry": {
        "type": "Point",
        "coordinates": [
          -97.055,
          32.691
        ]
      }
    },
    {
      "type": "Feature",
      "properties": {
        "crashes": 22,
        "injury": 13,
        "fatal": 0,
        "pedestrian": 0,
        "density": 527.1
      },
      "geometry": {
        "type": "Point",
        "coordinates": [
          -97.135,
          32.651
        ]
      }
    },
    {
      "type": "Feature",
      "properties": {
        "crashes": 22,
        "injury": 11,
        "fatal": 0,
        "pedestrian": 0,
        "density": 527.2
      },
      "geometry": {
        "type": "Point",
        "coordinates": [
          -97.199,
          32.663
        ]
      }
    },
    {
      "type": "Feature",
      "properties": {
        "crashes": 22,
        "injury": 8,
        "fatal": 0,
        "pedestrian": 0,
        "density": 527.8
      },
      "geometry": {
        "type": "Point",
        "coordinates": [
          -97.101,
          32.761
        ]
      }
    },
    {
      "type": "Feature",
      "properties": {
        "crashes": 22,
        "injury": 11,
        "fatal": 0,
        "pedestrian": 1,
        "density": 527.6
      },
      "geometry": {
        "type": "Point",
        "coordinates": [
          -97.141,
          32.735
        ]
      }
    },
    {
      "type": "Feature",
      "properties": {
        "crashes": 21,
        "injury": 11,
        "fatal": 0,
        "pedestrian": 0,
        "density": 503.9
      },
      "geometry": {
        "type": "Point",
        "coordinates": [
          -97.091,
          32.783
        ]
      }
    },
    {
      "type": "Feature",
      "properties": {
        "crashes": 21,
        "injury": 14,
        "fatal": 0,
        "pedestrian": 0,
        "density": 503.7
      },
      "geometry": {
        "type": "Point",
        "coordinates": [
          -97.097,
          32.747
        ]
      }
    },
    {
      "type": "Feature",
      "properties": {
        "crashes": 21,
        "injury": 6,
        "fatal": 0,
        "pedestrian": 0,
        "density": 503.8
      },
      "geometry": {
        "type": "Point",
        "coordinates": [
          -97.083,
          32.759
        ]
      }
    },
    {
      "type": "Feature",
      "properties": {
        "crashes": 21,
        "injury": 6,
        "fatal": 0,
        "pedestrian": 0,
        "density": 503.6
      },
      "geometry": {
        "type": "Point",
        "coordinates": [
          -97.069,
          32.735
        ]
      }
    },
    {
      "type": "Feature",
      "properties": {
        "crashes": 21,
        "injury": 8,
        "fatal": 0,
        "pedestrian": 0,
        "density": 503.3
      },
      "geometry": {
        "type": "Point",
        "coordinates": [
          -97.195,
          32.675
        ]
      }
    },
    {
      "type": "Feature",
      "properties": {
        "crashes": 21,
        "injury": 8,
        "fatal": 0,
        "pedestrian": 0,
        "density": 503.3
      },
      "geometry": {
        "type": "Point",
        "coordinates": [
          -97.051,
          32.677
        ]
      }
    },
    {
      "type": "Feature",
      "properties": {
        "crashes": 21,
        "injury": 4,
        "fatal": 0,
        "pedestrian": 0,
        "density": 503.5
      },
      "geometry": {
        "type": "Point",
        "coordinates": [
          -97.163,
          32.713
        ]
      }
    },
    {
      "type": "Feature",
      "properties": {
        "crashes": 21,
        "injury": 12,
        "fatal": 0,
        "pedestrian": 0,
        "density": 503.6
      },
      "geometry": {
        "type": "Point",
        "coordinates": [
          -97.149,
          32.725
        ]
      }
    },
    {
      "type": "Feature",
      "properties": {
        "crashes": 21,
        "injury": 9,
        "fatal": 0,
        "pedestrian": 1,
        "density": 503.9
      },
      "geometry": {
        "type": "Point",
        "coordinates": [
          -97.109,
          32.785
        ]
      }
    },
    {
      "type": "Feature",
      "properties": {
        "crashes": 21,
        "injury": 11,
        "fatal": 0,
        "pedestrian": 0,
        "density": 503.4
      },
      "geometry": {
        "type": "Point",
        "coordinates": [
          -97.149,
          32.685
        ]
      }
    },
    {
      "type": "Feature",
      "properties": {
        "crashes": 21,
        "injury": 8,
        "fatal": 0,
        "pedestrian": 0,
        "density": 503.6
      },
      "geometry": {
        "type": "Point",
        "coordinates": [
          -97.081,
          32.719
        ]
      }
    },
    {
      "type": "Feature",
      "properties": {
        "crashes": 21,
        "injury": 7,
        "fatal": 0,
        "pedestrian": 0,
        "density": 503.6
      },
      "geometry": {
        "type": "Point",
        "coordinates": [
          -97.105,
          32.735
        ]
      }
    },
    {
      "type": "Feature",
      "properties": {
        "crashes": 21,
        "injury": 12,
        "fatal": 0,
        "pedestrian": 1,
        "density": 503.2
      },
      "geometry": {
        "type": "Point",
        "coordinates": [
          -97.067,
          32.649
        ]
      }
    },
    {
      "type": "Feature",
      "properties": {
        "crashes": 21,
        "injury": 11,
        "fatal": 0,
        "pedestrian": 0,
        "density": 503.4
      },
      "geometry": {
        "type": "Point",
        "coordinates": [
          -97.123,
          32.699
        ]
      }
    },
    {
      "type": "Feature",
      "properties": {
        "crashes": 21,
        "injury": 9,
        "fatal": 0,
        "pedestrian": 0,
        "density": 503.2
      },
      "geometry": {
        "type": "Point",
        "coordinates": [
          -97.193,
          32.657
        ]
      }
    },
    {
      "type": "Feature",
      "properties": {
        "crashes": 21,
        "injury": 11,
        "fatal": 0,
        "pedestrian": 0,
        "density": 503.2
      },
      "geometry": {
        "type": "Point",
        "coordinates": [
          -97.151,
          32.649
        ]
      }
    },
    {
      "type": "Feature",
      "properties": {
        "crashes": 21,
        "injury": 8,
        "fatal": 1,
        "pedestrian": 0,
        "density": 503.2
      },
      "geometry": {
        "type": "Point",
        "coordinates": [
          -97.187,
          32.649
        ]
      }
    },
    {
      "type": "Feature",
      "properties": {
        "crashes": 20,
        "injury": 15,
        "fatal": 0,
        "pedestrian": 2,
        "density": 479.6
      },
      "geometry": {
        "type": "Point",
        "coordinates": [
          -97.099,
          32.721
        ]
      }
    },
    {
      "type": "Feature",
      "properties": {
        "crashes": 20,
        "injury": 4,
        "fatal": 0,
        "pedestrian": 1,
        "density": 479.4
      },
      "geometry": {
        "type": "Point",
        "coordinates": [
          -97.149,
          32.693
        ]
      }
    },
    {
      "type": "Feature",
      "properties": {
        "crashes": 20,
        "injury": 9,
        "fatal": 0,
        "pedestrian": 0,
        "density": 479.4
      },
      "geometry": {
        "type": "Point",
        "coordinates": [
          -97.123,
          32.679
        ]
      }
    },
    {
      "type": "Feature",
      "properties": {
        "crashes": 20,
        "injury": 8,
        "fatal": 0,
        "pedestrian": 0,
        "density": 479.7
      },
      "geometry": {
        "type": "Point",
        "coordinates": [
          -97.131,
          32.749
        ]
      }
    },
    {
      "type": "Feature",
      "properties": {
        "crashes": 20,
        "injury": 9,
        "fatal": 1,
        "pedestrian": 0,
        "density": 479.3
      },
      "geometry": {
        "type": "Point",
        "coordinates": [
          -97.115,
          32.667
        ]
      }
    },
    {
      "type": "Feature",
      "properties": {
        "crashes": 20,
        "injury": 8,
        "fatal": 0,
        "pedestrian": 0,
        "density": 479.3
      },
      "geometry": {
        "type": "Point",
        "coordinates": [
          -97.107,
          32.677
        ]
      }
    },
    {
      "type": "Feature",
      "properties": {
        "crashes": 20,
        "injury": 9,
        "fatal": 1,
        "pedestrian": 1,
        "density": 479.4
      },
      "geometry": {
        "type": "Point",
        "coordinates": [
          -97.129,
          32.689
        ]
      }
    },
    {
      "type": "Feature",
      "properties": {
        "crashes": 20,
        "injury": 8,
        "fatal": 1,
        "pedestrian": 0,
        "density": 479.5
      },
      "geometry": {
        "type": "Point",
        "coordinates": [
          -97.051,
          32.713
        ]
      }
    },
    {
      "type": "Feature",
      "properties": {
        "crashes": 20,
        "injury": 6,
        "fatal": 0,
        "pedestrian": 0,
        "density": 479.7
      },
      "geometry": {
        "type": "Point",
        "coordinates": [
          -97.081,
          32.749
        ]
      }
    },
    {
      "type": "Feature",
      "properties": {
        "crashes": 20,
        "injury": 7,
        "fatal": 0,
        "pedestrian": 0,
        "density": 479.7
      },
      "geometry": {
        "type": "Point",
        "coordinates": [
          -97.081,
          32.751
        ]
      }
    },
    {
      "type": "Feature",
      "properties": {
        "crashes": 20,
        "injury": 11,
        "fatal": 0,
        "pedestrian": 0,
        "density": 479.8
      },
      "geometry": {
        "type": "Point",
        "coordinates": [
          -97.157,
          32.757
        ]
      }
    },
    {
      "type": "Feature",
      "properties": {
        "crashes": 20,
        "injury": 12,
        "fatal": 0,
        "pedestrian": 1,
        "density": 479.9
      },
      "geometry": {
        "type": "Point",
        "coordinates": [
          -97.135,
          32.779
        ]
      }
    },
    {
      "type": "Feature",
      "properties": {
        "crashes": 20,
        "injury": 13,
        "fatal": 0,
        "pedestrian": 0,
        "density": 479.8
      },
      "geometry": {
        "type": "Point",
        "coordinates": [
          -97.127,
          32.759
        ]
      }
    },
    {
      "type": "Feature",
      "properties": {
        "crashes": 20,
        "injury": 4,
        "fatal": 0,
        "pedestrian": 0,
        "density": 479.5
      },
      "geometry": {
        "type": "Point",
        "coordinates": [
          -97.143,
          32.709
        ]
      }
    },
    {
      "type": "Feature",
      "properties": {
        "crashes": 20,
        "injury": 9,
        "fatal": 0,
        "pedestrian": 0,
        "density": 479.8
      },
      "geometry": {
        "type": "Point",
        "coordinates": [
          -97.157,
          32.761
        ]
      }
    },
    {
      "type": "Feature",
      "properties": {
        "crashes": 20,
        "injury": 9,
        "fatal": 0,
        "pedestrian": 0,
        "density": 479.4
      },
      "geometry": {
        "type": "Point",
        "coordinates": [
          -97.131,
          32.685
        ]
      }
    },
    {
      "type": "Feature",
      "properties": {
        "crashes": 20,
        "injury": 12,
        "fatal": 1,
        "pedestrian": 0,
        "density": 479.5
      },
      "geometry": {
        "type": "Point",
        "coordinates": [
          -97.053,
          32.713
        ]
      }
    },
    {
      "type": "Feature",
      "properties": {
        "crashes": 20,
        "injury": 8,
        "fatal": 0,
        "pedestrian": 0,
        "density": 479.3
      },
      "geometry": {
        "type": "Point",
        "coordinates": [
          -97.063,
          32.673
        ]
      }
    },
    {
      "type": "Feature",
      "properties": {
        "crashes": 20,
        "injury": 8,
        "fatal": 0,
        "pedestrian": 0,
        "density": 479.8
      },
      "geometry": {
        "type": "Point",
        "coordinates": [
          -97.075,
          32.765
        ]
      }
    },
    {
      "type": "Feature",
      "properties": {
        "crashes": 20,
        "injury": 11,
        "fatal": 0,
        "pedestrian": 0,
        "density": 479.4
      },
      "geometry": {
        "type": "Point",
        "coordinates": [
          -97.067,
          32.691
        ]
      }
    },
    {
      "type": "Feature",
      "properties": {
        "crashes": 20,
        "injury": 12,
        "fatal": 0,
        "pedestrian": 0,
        "density": 479.5
      },
      "geometry": {
        "type": "Point",
        "coordinates": [
          -97.087,
          32.707
        ]
      }
    },
    {
      "type": "Feature",
      "properties": {
        "crashes": 20,
        "injury": 10,
        "fatal": 0,
        "pedestrian": 0,
        "density": 479.3
      },
      "geometry": {
        "type": "Point",
        "coordinates": [
          -97.131,
          32.677
        ]
      }
    },
    {
      "type": "Feature",
      "properties": {
        "crashes": 19,
        "injury": 5,
        "fatal": 0,
        "pedestrian": 0,
        "density": 455.2
      },
      "geometry": {
        "type": "Point",
        "coordinates": [
          -97.057,
          32.647
        ]
      }
    },
    {
      "type": "Feature",
      "properties": {
        "crashes": 19,
        "injury": 12,
        "fatal": 0,
        "pedestrian": 0,
        "density": 455.4
      },
      "geometry": {
        "type": "Point",
        "coordinates": [
          -97.115,
          32.681
        ]
      }
    },
    {
      "type": "Feature",
      "properties": {
        "crashes": 19,
        "injury": 5,
        "fatal": 0,
        "pedestrian": 0,
        "density": 456.0
      },
      "geometry": {
        "type": "Point",
        "coordinates": [
          -97.057,
          32.791
        ]
      }
    },
    {
      "type": "Feature",
      "properties": {
        "crashes": 19,
        "injury": 8,
        "fatal": 0,
        "pedestrian": 0,
        "density": 455.8
      },
      "geometry": {
        "type": "Point",
        "coordinates": [
          -97.069,
          32.759
        ]
      }
    },
    {
      "type": "Feature",
      "properties": {
        "crashes": 19,
        "injury": 11,
        "fatal": 0,
        "pedestrian": 1,
        "density": 455.4
      },
      "geometry": {
        "type": "Point",
        "coordinates": [
          -97.081,
          32.681
        ]
      }
    },
    {
      "type": "Feature",
      "properties": {
        "crashes": 19,
        "injury": 5,
        "fatal": 0,
        "pedestrian": 0,
        "density": 455.2
      },
      "geometry": {
        "type": "Point",
        "coordinates": [
          -97.063,
          32.645
        ]
      }
    },
    {
      "type": "Feature",
      "properties": {
        "crashes": 19,
        "injury": 10,
        "fatal": 0,
        "pedestrian": 0,
        "density": 455.4
      },
      "geometry": {
        "type": "Point",
        "coordinates": [
          -97.145,
          32.675
        ]
      }
    },
    {
      "type": "Feature",
      "properties": {
        "crashes": 19,
        "injury": 13,
        "fatal": 0,
        "pedestrian": 0,
        "density": 455.4
      },
      "geometry": {
        "type": "Point",
        "coordinates": [
          -97.103,
          32.685
        ]
      }
    },
    {
      "type": "Feature",
      "properties": {
        "crashes": 19,
        "injury": 5,
        "fatal": 0,
        "pedestrian": 0,
        "density": 455.3
      },
      "geometry": {
        "type": "Point",
        "coordinates": [
          -97.123,
          32.659
        ]
      }
    },
    {
      "type": "Feature",
      "properties": {
        "crashes": 19,
        "injury": 8,
        "fatal": 0,
        "pedestrian": 0,
        "density": 455.2
      },
      "geometry": {
        "type": "Point",
        "coordinates": [
          -97.189,
          32.651
        ]
      }
    },
    {
      "type": "Feature",
      "properties": {
        "crashes": 19,
        "injury": 7,
        "fatal": 0,
        "pedestrian": 0,
        "density": 455.5
      },
      "geometry": {
        "type": "Point",
        "coordinates": [
          -97.063,
          32.709
        ]
      }
    },
    {
      "type": "Feature",
      "properties": {
        "crashes": 19,
        "injury": 8,
        "fatal": 0,
        "pedestrian": 0,
        "density": 455.3
      },
      "geometry": {
        "type": "Point",
        "coordinates": [
          -97.115,
          32.669
        ]
      }
    },
    {
      "type": "Feature",
      "properties": {
        "crashes": 19,
        "injury": 8,
        "fatal": 1,
        "pedestrian": 0,
        "density": 455.6
      },
      "geometry": {
        "type": "Point",
        "coordinates": [
          -97.063,
          32.715
        ]
      }
    },
    {
      "type": "Feature",
      "properties": {
        "crashes": 19,
        "injury": 13,
        "fatal": 0,
        "pedestrian": 0,
        "density": 455.8
      },
      "geometry": {
        "type": "Point",
        "coordinates": [
          -97.123,
          32.765
        ]
      }
    },
    {
      "type": "Feature",
      "properties": {
        "crashes": 19,
        "injury": 11,
        "fatal": 1,
        "pedestrian": 0,
        "density": 455.5
      },
      "geometry": {
        "type": "Point",
        "coordinates": [
          -97.121,
          32.701
        ]
      }
    },
    {
      "type": "Feature",
      "properties": {
        "crashes": 19,
        "injury": 12,
        "fatal": 0,
        "pedestrian": 1,
        "density": 455.9
      },
      "geometry": {
        "type": "Point",
        "coordinates": [
          -97.105,
          32.785
        ]
      }
    },
    {
      "type": "Feature",
      "properties": {
        "crashes": 19,
        "injury": 7,
        "fatal": 0,
        "pedestrian": 0,
        "density": 455.7
      },
      "geometry": {
        "type": "Point",
        "coordinates": [
          -97.107,
          32.743
        ]
      }
    },
    {
      "type": "Feature",
      "properties": {
        "crashes": 19,
        "injury": 8,
        "fatal": 0,
        "pedestrian": 0,
        "density": 455.5
      },
      "geometry": {
        "type": "Point",
        "coordinates": [
          -97.065,
          32.705
        ]
      }
    },
    {
      "type": "Feature",
      "properties": {
        "crashes": 19,
        "injury": 9,
        "fatal": 0,
        "pedestrian": 1,
        "density": 455.5
      },
      "geometry": {
        "type": "Point",
        "coordinates": [
          -97.097,
          32.707
        ]
      }
    },
    {
      "type": "Feature",
      "properties": {
        "crashes": 19,
        "injury": 12,
        "fatal": 1,
        "pedestrian": 0,
        "density": 455.5
      },
      "geometry": {
        "type": "Point",
        "coordinates": [
          -97.073,
          32.707
        ]
      }
    },
    {
      "type": "Feature",
      "properties": {
        "crashes": 19,
        "injury": 11,
        "fatal": 0,
        "pedestrian": 0,
        "density": 455.5
      },
      "geometry": {
        "type": "Point",
        "coordinates": [
          -97.065,
          32.709
        ]
      }
    },
    {
      "type": "Feature",
      "properties": {
        "crashes": 19,
        "injury": 9,
        "fatal": 0,
        "pedestrian": 0,
        "density": 455.4
      },
      "geometry": {
        "type": "Point",
        "coordinates": [
          -97.177,
          32.683
        ]
      }
    },
    {
      "type": "Feature",
      "properties": {
        "crashes": 18,
        "injury": 5,
        "fatal": 1,
        "pedestrian": 0,
        "density": 431.7
      },
      "geometry": {
        "type": "Point",
        "coordinates": [
          -97.111,
          32.739
        ]
      }
    },
    {
      "type": "Feature",
      "properties": {
        "crashes": 18,
        "injury": 7,
        "fatal": 0,
        "pedestrian": 0,
        "density": 431.4
      },
      "geometry": {
        "type": "Point",
        "coordinates": [
          -97.079,
          32.679
        ]
      }
    },
    {
      "type": "Feature",
      "properties": {
        "crashes": 18,
        "injury": 8,
        "fatal": 0,
        "pedestrian": 0,
        "density": 431.8
      },
      "geometry": {
        "type": "Point",
        "coordinates": [
          -97.103,
          32.765
        ]
      }
    },
    {
      "type": "Feature",
      "properties": {
        "crashes": 18,
        "injury": 6,
        "fatal": 0,
        "pedestrian": 0,
        "density": 431.2
      },
      "geometry": {
        "type": "Point",
        "coordinates": [
          -97.075,
          32.641
        ]
      }
    },
    {
      "type": "Feature",
      "properties": {
        "crashes": 18,
        "injury": 7,
        "fatal": 1,
        "pedestrian": 1,
        "density": 431.7
      },
      "geometry": {
        "type": "Point",
        "coordinates": [
          -97.117,
          32.739
        ]
      }
    },
    {
      "type": "Feature",
      "properties": {
        "crashes": 18,
        "injury": 5,
        "fatal": 0,
        "pedestrian": 0,
        "density": 431.2
      },
      "geometry": {
        "type": "Point",
        "coordinates": [
          -97.177,
          32.635
        ]
      }
    },
    {
      "type": "Feature",
      "properties": {
        "crashes": 18,
        "injury": 10,
        "fatal": 1,
        "pedestrian": 0,
        "density": 431.6
      },
      "geometry": {
        "type": "Point",
        "coordinates": [
          -97.079,
          32.707
        ]
      }
    },
    {
      "type": "Feature",
      "properties": {
        "crashes": 18,
        "injury": 4,
        "fatal": 0,
        "pedestrian": 0,
        "density": 431.8
      },
      "geometry": {
        "type": "Point",
        "coordinates": [
          -97.125,
          32.759
        ]
      }
    },
    {
      "type": "Feature",
      "properties": {
        "crashes": 18,
        "injury": 10,
        "fatal": 0,
        "pedestrian": 0,
        "density": 431.6
      },
      "geometry": {
        "type": "Point",
        "coordinates": [
          -97.085,
          32.707
        ]
      }
    },
    {
      "type": "Feature",
      "properties": {
        "crashes": 18,
        "injury": 4,
        "fatal": 0,
        "pedestrian": 0,
        "density": 432.0
      },
      "geometry": {
        "type": "Point",
        "coordinates": [
          -97.055,
          32.799
        ]
      }
    },
    {
      "type": "Feature",
      "properties": {
        "crashes": 18,
        "injury": 7,
        "fatal": 1,
        "pedestrian": 1,
        "density": 431.7
      },
      "geometry": {
        "type": "Point",
        "coordinates": [
          -97.105,
          32.743
        ]
      }
    },
    {
      "type": "Feature",
      "properties": {
        "crashes": 18,
        "injury": 11,
        "fatal": 0,
        "pedestrian": 0,
        "density": 431.8
      },
      "geometry": {
        "type": "Point",
        "coordinates": [
          -97.077,
          32.749
        ]
      }
    },
    {
      "type": "Feature",
      "properties": {
        "crashes": 18,
        "injury": 15,
        "fatal": 0,
        "pedestrian": 0,
        "density": 431.4
      },
      "geometry": {
        "type": "Point",
        "coordinates": [
          -97.171,
          32.675
        ]
      }
    },
    {
      "type": "Feature",
      "properties": {
        "crashes": 18,
        "injury": 8,
        "fatal": 0,
        "pedestrian": 0,
        "density": 431.6
      },
      "geometry": {
        "type": "Point",
        "coordinates": [
          -97.133,
          32.707
        ]
      }
    },
    {
      "type": "Feature",
      "properties": {
        "crashes": 18,
        "injury": 7,
        "fatal": 0,
        "pedestrian": 0,
        "density": 431.2
      },
      "geometry": {
        "type": "Point",
        "coordinates": [
          -97.087,
          32.629
        ]
      }
    },
    {
      "type": "Feature",
      "properties": {
        "crashes": 18,
        "injury": 10,
        "fatal": 0,
        "pedestrian": 0,
        "density": 431.6
      },
      "geometry": {
        "type": "Point",
        "coordinates": [
          -97.169,
          32.717
        ]
      }
    },
    {
      "type": "Feature",
      "properties": {
        "crashes": 18,
        "injury": 9,
        "fatal": 0,
        "pedestrian": 0,
        "density": 431.6
      },
      "geometry": {
        "type": "Point",
        "coordinates": [
          -97.081,
          32.709
        ]
      }
    },
    {
      "type": "Feature",
      "properties": {
        "crashes": 18,
        "injury": 7,
        "fatal": 0,
        "pedestrian": 1,
        "density": 431.5
      },
      "geometry": {
        "type": "Point",
        "coordinates": [
          -97.063,
          32.699
        ]
      }
    },
    {
      "type": "Feature",
      "properties": {
        "crashes": 18,
        "injury": 6,
        "fatal": 0,
        "pedestrian": 0,
        "density": 431.8
      },
      "geometry": {
        "type": "Point",
        "coordinates": [
          -97.105,
          32.747
        ]
      }
    },
    {
      "type": "Feature",
      "properties": {
        "crashes": 18,
        "injury": 8,
        "fatal": 0,
        "pedestrian": 0,
        "density": 431.8
      },
      "geometry": {
        "type": "Point",
        "coordinates": [
          -97.087,
          32.759
        ]
      }
    },
    {
      "type": "Feature",
      "properties": {
        "crashes": 18,
        "injury": 10,
        "fatal": 0,
        "pedestrian": 0,
        "density": 431.5
      },
      "geometry": {
        "type": "Point",
        "coordinates": [
          -97.139,
          32.685
        ]
      }
    },
    {
      "type": "Feature",
      "properties": {
        "crashes": 18,
        "injury": 9,
        "fatal": 0,
        "pedestrian": 0,
        "density": 431.6
      },
      "geometry": {
        "type": "Point",
        "coordinates": [
          -97.155,
          32.707
        ]
      }
    },
    {
      "type": "Feature",
      "properties": {
        "crashes": 18,
        "injury": 9,
        "fatal": 0,
        "pedestrian": 0,
        "density": 431.6
      },
      "geometry": {
        "type": "Point",
        "coordinates": [
          -97.061,
          32.721
        ]
      }
    },
    {
      "type": "Feature",
      "properties": {
        "crashes": 17,
        "injury": 7,
        "fatal": 0,
        "pedestrian": 0,
        "density": 407.9
      },
      "geometry": {
        "type": "Point",
        "coordinates": [
          -97.111,
          32.785
        ]
      }
    },
    {
      "type": "Feature",
      "properties": {
        "crashes": 17,
        "injury": 8,
        "fatal": 0,
        "pedestrian": 0,
        "density": 407.5
      },
      "geometry": {
        "type": "Point",
        "coordinates": [
          -97.133,
          32.693
        ]
      }
    },
    {
      "type": "Feature",
      "properties": {
        "crashes": 17,
        "injury": 9,
        "fatal": 0,
        "pedestrian": 0,
        "density": 407.3
      },
      "geometry": {
        "type": "Point",
        "coordinates": [
          -97.099,
          32.655
        ]
      }
    },
    {
      "type": "Feature",
      "properties": {
        "crashes": 17,
        "injury": 4,
        "fatal": 0,
        "pedestrian": 0,
        "density": 407.3
      },
      "geometry": {
        "type": "Point",
        "coordinates": [
          -97.061,
          32.647
        ]
      }
    },
    {
      "type": "Feature",
      "properties": {
        "crashes": 17,
        "injury": 8,
        "fatal": 0,
        "pedestrian": 0,
        "density": 407.6
      },
      "geometry": {
        "type": "Point",
        "coordinates": [
          -97.079,
          32.721
        ]
      }
    },
    {
      "type": "Feature",
      "properties": {
        "crashes": 17,
        "injury": 8,
        "fatal": 0,
        "pedestrian": 0,
        "density": 407.5
      },
      "geometry": {
        "type": "Point",
        "coordinates": [
          -97.063,
          32.683
        ]
      }
    },
    {
      "type": "Feature",
      "properties": {
        "crashes": 17,
        "injury": 6,
        "fatal": 0,
        "pedestrian": 0,
        "density": 407.4
      },
      "geometry": {
        "type": "Point",
        "coordinates": [
          -97.067,
          32.661
        ]
      }
    },
    {
      "type": "Feature",
      "properties": {
        "crashes": 17,
        "injury": 7,
        "fatal": 0,
        "pedestrian": 0,
        "density": 408.0
      },
      "geometry": {
        "type": "Point",
        "coordinates": [
          -97.157,
          32.803
        ]
      }
    },
    {
      "type": "Feature",
      "properties": {
        "crashes": 17,
        "injury": 8,
        "fatal": 1,
        "pedestrian": 0,
        "density": 407.8
      },
      "geometry": {
        "type": "Point",
        "coordinates": [
          -97.051,
          32.759
        ]
      }
    },
    {
      "type": "Feature",
      "properties": {
        "crashes": 17,
        "injury": 7,
        "fatal": 0,
        "pedestrian": 0,
        "density": 407.5
      },
      "geometry": {
        "type": "Point",
        "coordinates": [
          -97.193,
          32.681
        ]
      }
    },
    {
      "type": "Feature",
      "properties": {
        "crashes": 17,
        "injury": 12,
        "fatal": 0,
        "pedestrian": 0,
        "density": 407.6
      },
      "geometry": {
        "type": "Point",
        "coordinates": [
          -97.081,
          32.701
        ]
      }
    },
    {
      "type": "Feature",
      "properties": {
        "crashes": 17,
        "injury": 10,
        "fatal": 1,
        "pedestrian": 0,
        "density": 407.7
      },
      "geometry": {
        "type": "Point",
        "coordinates": [
          -97.165,
          32.733
        ]
      }
    },
    {
      "type": "Feature",
      "properties": {
        "crashes": 17,
        "injury": 5,
        "fatal": 0,
        "pedestrian": 0,
        "density": 407.7
      },
      "geometry": {
        "type": "Point",
        "coordinates": [
          -97.081,
          32.735
        ]
      }
    },
    {
      "type": "Feature",
      "properties": {
        "crashes": 17,
        "injury": 9,
        "fatal": 0,
        "pedestrian": 0,
        "density": 407.9
      },
      "geometry": {
        "type": "Point",
        "coordinates": [
          -97.065,
          32.775
        ]
      }
    },
    {
      "type": "Feature",
      "properties": {
        "crashes": 17,
        "injury": 15,
        "fatal": 0,
        "pedestrian": 1,
        "density": 407.6
      },
      "geometry": {
        "type": "Point",
        "coordinates": [
          -97.093,
          32.707
        ]
      }
    },
    {
      "type": "Feature",
      "properties": {
        "crashes": 17,
        "injury": 9,
        "fatal": 0,
        "pedestrian": 0,
        "density": 407.7
      },
      "geometry": {
        "type": "Point",
        "coordinates": [
          -97.105,
          32.729
        ]
      }
    },
    {
      "type": "Feature",
      "properties": {
        "crashes": 17,
        "injury": 6,
        "fatal": 0,
        "pedestrian": 0,
        "density": 407.4
      },
      "geometry": {
        "type": "Point",
        "coordinates": [
          -97.197,
          32.677
        ]
      }
    },
    {
      "type": "Feature",
      "properties": {
        "crashes": 17,
        "injury": 9,
        "fatal": 0,
        "pedestrian": 0,
        "density": 407.9
      },
      "geometry": {
        "type": "Point",
        "coordinates": [
          -97.061,
          32.783
        ]
      }
    },
    {
      "type": "Feature",
      "properties": {
        "crashes": 17,
        "injury": 13,
        "fatal": 0,
        "pedestrian": 0,
        "density": 407.9
      },
      "geometry": {
        "type": "Point",
        "coordinates": [
          -97.067,
          32.775
        ]
      }
    },
    {
      "type": "Feature",
      "properties": {
        "crashes": 17,
        "injury": 9,
        "fatal": 0,
        "pedestrian": 0,
        "density": 407.7
      },
      "geometry": {
        "type": "Point",
        "coordinates": [
          -97.071,
          32.725
        ]
      }
    },
    {
      "type": "Feature",
      "properties": {
        "crashes": 17,
        "injury": 8,
        "fatal": 0,
        "pedestrian": 0,
        "density": 407.5
      },
      "geometry": {
        "type": "Point",
        "coordinates": [
          -97.091,
          32.691
        ]
      }
    },
    {
      "type": "Feature",
      "properties": {
        "crashes": 17,
        "injury": 6,
        "fatal": 0,
        "pedestrian": 0,
        "density": 407.3
      },
      "geometry": {
        "type": "Point",
        "coordinates": [
          -97.071,
          32.649
        ]
      }
    },
    {
      "type": "Feature",
      "properties": {
        "crashes": 17,
        "injury": 3,
        "fatal": 0,
        "pedestrian": 0,
        "density": 407.7
      },
      "geometry": {
        "type": "Point",
        "coordinates": [
          -97.131,
          32.725
        ]
      }
    },
    {
      "type": "Feature",
      "properties": {
        "crashes": 17,
        "injury": 9,
        "fatal": 0,
        "pedestrian": 0,
        "density": 407.6
      },
      "geometry": {
        "type": "Point",
        "coordinates": [
          -97.063,
          32.717
        ]
      }
    },
    {
      "type": "Feature",
      "properties": {
        "crashes": 17,
        "injury": 13,
        "fatal": 0,
        "pedestrian": 0,
        "density": 407.5
      },
      "geometry": {
        "type": "Point",
        "coordinates": [
          -97.077,
          32.691
        ]
      }
    },
    {
      "type": "Feature",
      "properties": {
        "crashes": 17,
        "injury": 5,
        "fatal": 0,
        "pedestrian": 0,
        "density": 407.4
      },
      "geometry": {
        "type": "Point",
        "coordinates": [
          -97.149,
          32.671
        ]
      }
    },
    {
      "type": "Feature",
      "properties": {
        "crashes": 17,
        "injury": 9,
        "fatal": 0,
        "pedestrian": 0,
        "density": 407.7
      },
      "geometry": {
        "type": "Point",
        "coordinates": [
          -97.111,
          32.727
        ]
      }
    },
    {
      "type": "Feature",
      "properties": {
        "crashes": 16,
        "injury": 8,
        "fatal": 0,
        "pedestrian": 1,
        "density": 383.9
      },
      "geometry": {
        "type": "Point",
        "coordinates": [
          -97.131,
          32.765
        ]
      }
    },
    {
      "type": "Feature",
      "properties": {
        "crashes": 16,
        "injury": 5,
        "fatal": 0,
        "pedestrian": 0,
        "density": 384.0
      },
      "geometry": {
        "type": "Point",
        "coordinates": [
          -97.183,
          32.803
        ]
      }
    },
    {
      "type": "Feature",
      "properties": {
        "crashes": 16,
        "injury": 10,
        "fatal": 0,
        "pedestrian": 0,
        "density": 383.4
      },
      "geometry": {
        "type": "Point",
        "coordinates": [
          -97.115,
          32.661
        ]
      }
    },
    {
      "type": "Feature",
      "properties": {
        "crashes": 16,
        "injury": 1,
        "fatal": 0,
        "pedestrian": 0,
        "density": 383.9
      },
      "geometry": {
        "type": "Point",
        "coordinates": [
          -97.059,
          32.783
        ]
      }
    },
    {
      "type": "Feature",
      "properties": {
        "crashes": 16,
        "injury": 9,
        "fatal": 0,
        "pedestrian": 0,
        "density": 383.9
      },
      "geometry": {
        "type": "Point",
        "coordinates": [
          -97.195,
          32.765
        ]
      }
    },
    {
      "type": "Feature",
      "properties": {
        "crashes": 16,
        "injury": 8,
        "fatal": 0,
        "pedestrian": 0,
        "density": 383.6
      },
      "geometry": {
        "type": "Point",
        "coordinates": [
          -97.081,
          32.715
        ]
      }
    },
    {
      "type": "Feature",
      "properties": {
        "crashes": 16,
        "injury": 7,
        "fatal": 0,
        "pedestrian": 0,
        "density": 383.7
      },
      "geometry": {
        "type": "Point",
        "coordinates": [
          -97.081,
          32.723
        ]
      }
    },
    {
      "type": "Feature",
      "properties": {
        "crashes": 16,
        "injury": 7,
        "fatal": 0,
        "pedestrian": 0,
        "density": 383.3
      },
      "geometry": {
        "type": "Point",
        "coordinates": [
          -97.183,
          32.643
        ]
      }
    },
    {
      "type": "Feature",
      "properties": {
        "crashes": 16,
        "injury": 7,
        "fatal": 0,
        "pedestrian": 0,
        "density": 383.4
      },
      "geometry": {
        "type": "Point",
        "coordinates": [
          -97.135,
          32.661
        ]
      }
    },
    {
      "type": "Feature",
      "properties": {
        "crashes": 16,
        "injury": 7,
        "fatal": 0,
        "pedestrian": 0,
        "density": 383.5
      },
      "geometry": {
        "type": "Point",
        "coordinates": [
          -97.059,
          32.691
        ]
      }
    },
    {
      "type": "Feature",
      "properties": {
        "crashes": 16,
        "injury": 5,
        "fatal": 1,
        "pedestrian": 0,
        "density": 383.5
      },
      "geometry": {
        "type": "Point",
        "coordinates": [
          -97.115,
          32.675
        ]
      }
    },
    {
      "type": "Feature",
      "properties": {
        "crashes": 16,
        "injury": 6,
        "fatal": 0,
        "pedestrian": 0,
        "density": 383.7
      },
      "geometry": {
        "type": "Point",
        "coordinates": [
          -97.077,
          32.735
        ]
      }
    },
    {
      "type": "Feature",
      "properties": {
        "crashes": 16,
        "injury": 11,
        "fatal": 0,
        "pedestrian": 0,
        "density": 383.8
      },
      "geometry": {
        "type": "Point",
        "coordinates": [
          -97.141,
          32.743
        ]
      }
    },
    {
      "type": "Feature",
      "properties": {
        "crashes": 16,
        "injury": 11,
        "fatal": 0,
        "pedestrian": 0,
        "density": 383.4
      },
      "geometry": {
        "type": "Point",
        "coordinates": [
          -97.115,
          32.649
        ]
      }
    },
    {
      "type": "Feature",
      "properties": {
        "crashes": 16,
        "injury": 4,
        "fatal": 0,
        "pedestrian": 0,
        "density": 383.5
      },
      "geometry": {
        "type": "Point",
        "coordinates": [
          -97.049,
          32.677
        ]
      }
    },
    {
      "type": "Feature",
      "properties": {
        "crashes": 16,
        "injury": 6,
        "fatal": 0,
        "pedestrian": 0,
        "density": 383.5
      },
      "geometry": {
        "type": "Point",
        "coordinates": [
          -97.059,
          32.673
        ]
      }
    },
    {
      "type": "Feature",
      "properties": {
        "crashes": 15,
        "injury": 7,
        "fatal": 0,
        "pedestrian": 0,
        "density": 359.9
      },
      "geometry": {
        "type": "Point",
        "coordinates": [
          -97.057,
          32.761
        ]
      }
    },
    {
      "type": "Feature",
      "properties": {
        "crashes": 15,
        "injury": 8,
        "fatal": 0,
        "pedestrian": 0,
        "density": 359.8
      },
      "geometry": {
        "type": "Point",
        "coordinates": [
          -97.103,
          32.739
        ]
      }
    },
    {
      "type": "Feature",
      "properties": {
        "crashes": 15,
        "injury": 9,
        "fatal": 0,
        "pedestrian": 0,
        "density": 359.5
      },
      "geometry": {
        "type": "Point",
        "coordinates": [
          -97.195,
          32.677
        ]
      }
    },
    {
      "type": "Feature",
      "properties": {
        "crashes": 15,
        "injury": 6,
        "fatal": 0,
        "pedestrian": 0,
        "density": 359.9
      },
      "geometry": {
        "type": "Point",
        "coordinates": [
          -97.073,
          32.767
        ]
      }
    },
    {
      "type": "Feature",
      "properties": {
        "crashes": 15,
        "injury": 7,
        "fatal": 0,
        "pedestrian": 0,
        "density": 359.6
      },
      "geometry": {
        "type": "Point",
        "coordinates": [
          -97.085,
          32.691
        ]
      }
    },
    {
      "type": "Feature",
      "properties": {
        "crashes": 15,
        "injury": 2,
        "fatal": 0,
        "pedestrian": 0,
        "density": 359.6
      },
      "geometry": {
        "type": "Point",
        "coordinates": [
          -97.197,
          32.709
        ]
      }
    },
    {
      "type": "Feature",
      "properties": {
        "crashes": 15,
        "injury": 4,
        "fatal": 2,
        "pedestrian": 0,
        "density": 359.8
      },
      "geometry": {
        "type": "Point",
        "coordinates": [
          -97.151,
          32.757
        ]
      }
    },
    {
      "type": "Feature",
      "properties": {
        "crashes": 15,
        "injury": 4,
        "fatal": 0,
        "pedestrian": 0,
        "density": 359.8
      },
      "geometry": {
        "type": "Point",
        "coordinates": [
          -97.061,
          32.757
        ]
      }
    },
    {
      "type": "Feature",
      "properties": {
        "crashes": 15,
        "injury": 4,
        "fatal": 1,
        "pedestrian": 0,
        "density": 359.5
      },
      "geometry": {
        "type": "Point",
        "coordinates": [
          -97.131,
          32.675
        ]
      }
    },
    {
      "type": "Feature",
      "properties": {
        "crashes": 15,
        "injury": 7,
        "fatal": 0,
        "pedestrian": 0,
        "density": 359.5
      },
      "geometry": {
        "type": "Point",
        "coordinates": [
          -97.143,
          32.675
        ]
      }
    },
    {
      "type": "Feature",
      "properties": {
        "crashes": 15,
        "injury": 11,
        "fatal": 0,
        "pedestrian": 0,
        "density": 359.6
      },
      "geometry": {
        "type": "Point",
        "coordinates": [
          -97.081,
          32.695
        ]
      }
    },
    {
      "type": "Feature",
      "properties": {
        "crashes": 15,
        "injury": 6,
        "fatal": 0,
        "pedestrian": 0,
        "density": 359.8
      },
      "geometry": {
        "type": "Point",
        "coordinates": [
          -97.131,
          32.753
        ]
      }
    },
    {
      "type": "Feature",
      "properties": {
        "crashes": 15,
        "injury": 6,
        "fatal": 0,
        "pedestrian": 0,
        "density": 359.6
      },
      "geometry": {
        "type": "Point",
        "coordinates": [
          -97.149,
          32.699
        ]
      }
    },
    {
      "type": "Feature",
      "properties": {
        "crashes": 15,
        "injury": 6,
        "fatal": 0,
        "pedestrian": 0,
        "density": 359.6
      },
      "geometry": {
        "type": "Point",
        "coordinates": [
          -97.127,
          32.693
        ]
      }
    },
    {
      "type": "Feature",
      "properties": {
        "crashes": 15,
        "injury": 7,
        "fatal": 0,
        "pedestrian": 0,
        "density": 359.5
      },
      "geometry": {
        "type": "Point",
        "coordinates": [
          -97.083,
          32.677
        ]
      }
    },
    {
      "type": "Feature",
      "properties": {
        "crashes": 15,
        "injury": 6,
        "fatal": 1,
        "pedestrian": 0,
        "density": 359.5
      },
      "geometry": {
        "type": "Point",
        "coordinates": [
          -97.077,
          32.663
        ]
      }
    },
    {
      "type": "Feature",
      "properties": {
        "crashes": 15,
        "injury": 2,
        "fatal": 0,
        "pedestrian": 0,
        "density": 359.9
      },
      "geometry": {
        "type": "Point",
        "coordinates": [
          -97.067,
          32.761
        ]
      }
    },
    {
      "type": "Feature",
      "properties": {
        "crashes": 15,
        "injury": 9,
        "fatal": 0,
        "pedestrian": 0,
        "density": 359.7
      },
      "geometry": {
        "type": "Point",
        "coordinates": [
          -97.123,
          32.727
        ]
      }
    },
    {
      "type": "Feature",
      "properties": {
        "crashes": 15,
        "injury": 10,
        "fatal": 0,
        "pedestrian": 0,
        "density": 359.4
      },
      "geometry": {
        "type": "Point",
        "coordinates": [
          -97.187,
          32.647
        ]
      }
    },
    {
      "type": "Feature",
      "properties": {
        "crashes": 15,
        "injury": 4,
        "fatal": 0,
        "pedestrian": 0,
        "density": 359.8
      },
      "geometry": {
        "type": "Point",
        "coordinates": [
          -97.131,
          32.745
        ]
      }
    },
    {
      "type": "Feature",
      "properties": {
        "crashes": 15,
        "injury": 4,
        "fatal": 0,
        "pedestrian": 0,
        "density": 359.3
      },
      "geometry": {
        "type": "Point",
        "coordinates": [
          -97.065,
          32.633
        ]
      }
    },
    {
      "type": "Feature",
      "properties": {
        "crashes": 15,
        "injury": 10,
        "fatal": 0,
        "pedestrian": 1,
        "density": 359.6
      },
      "geometry": {
        "type": "Point",
        "coordinates": [
          -97.097,
          32.701
        ]
      }
    },
    {
      "type": "Feature",
      "properties": {
        "crashes": 15,
        "injury": 7,
        "fatal": 0,
        "pedestrian": 0,
        "density": 359.6
      },
      "geometry": {
        "type": "Point",
        "coordinates": [
          -97.069,
          32.707
        ]
      }
    },
    {
      "type": "Feature",
      "properties": {
        "crashes": 15,
        "injury": 3,
        "fatal": 0,
        "pedestrian": 0,
        "density": 359.8
      },
      "geometry": {
        "type": "Point",
        "coordinates": [
          -97.169,
          32.755
        ]
      }
    },
    {
      "type": "Feature",
      "properties": {
        "crashes": 15,
        "injury": 8,
        "fatal": 0,
        "pedestrian": 0,
        "density": 359.8
      },
      "geometry": {
        "type": "Point",
        "coordinates": [
          -97.133,
          32.751
        ]
      }
    },
    {
      "type": "Feature",
      "properties": {
        "crashes": 15,
        "injury": 3,
        "fatal": 0,
        "pedestrian": 0,
        "density": 359.8
      },
      "geometry": {
        "type": "Point",
        "coordinates": [
          -97.061,
          32.743
        ]
      }
    },
    {
      "type": "Feature",
      "properties": {
        "crashes": 15,
        "injury": 3,
        "fatal": 0,
        "pedestrian": 1,
        "density": 359.4
      },
      "geometry": {
        "type": "Point",
        "coordinates": [
          -97.063,
          32.643
        ]
      }
    },
    {
      "type": "Feature",
      "properties": {
        "crashes": 14,
        "injury": 6,
        "fatal": 1,
        "pedestrian": 0,
        "density": 335.8
      },
      "geometry": {
        "type": "Point",
        "coordinates": [
          -97.089,
          32.751
        ]
      }
    },
    {
      "type": "Feature",
      "properties": {
        "crashes": 14,
        "injury": 6,
        "fatal": 0,
        "pedestrian": 0,
        "density": 335.9
      },
      "geometry": {
        "type": "Point",
        "coordinates": [
          -97.139,
          32.759
        ]
      }
    },
    {
      "type": "Feature",
      "properties": {
        "crashes": 14,
        "injury": 5,
        "fatal": 0,
        "pedestrian": 0,
        "density": 335.7
      },
      "geometry": {
        "type": "Point",
        "coordinates": [
          -97.131,
          32.731
        ]
      }
    },
    {
      "type": "Feature",
      "properties": {
        "crashes": 14,
        "injury": 4,
        "fatal": 2,
        "pedestrian": 0,
        "density": 335.5
      },
      "geometry": {
        "type": "Point",
        "coordinates": [
          -97.159,
          32.675
        ]
      }
    },
    {
      "type": "Feature",
      "properties": {
        "crashes": 14,
        "injury": 6,
        "fatal": 1,
        "pedestrian": 0,
        "density": 336.0
      },
      "geometry": {
        "type": "Point",
        "coordinates": [
          -97.097,
          32.795
        ]
      }
    },
    {
      "type": "Feature",
      "properties": {
        "crashes": 14,
        "injury": 9,
        "fatal": 0,
        "pedestrian": 0,
        "density": 335.8
      },
      "geometry": {
        "type": "Point",
        "coordinates": [
          -97.053,
          32.741
        ]
      }
    },
    {
      "type": "Feature",
      "properties": {
        "crashes": 14,
        "injury": 9,
        "fatal": 0,
        "pedestrian": 0,
        "density": 335.8
      },
      "geometry": {
        "type": "Point",
        "coordinates": [
          -97.133,
          32.737
        ]
      }
    },
    {
      "type": "Feature",
      "properties": {
        "crashes": 14,
        "injury": 5,
        "fatal": 0,
        "pedestrian": 0,
        "density": 336.0
      },
      "geometry": {
        "type": "Point",
        "coordinates": [
          -97.181,
          32.801
        ]
      }
    },
    {
      "type": "Feature",
      "properties": {
        "crashes": 14,
        "injury": 7,
        "fatal": 0,
        "pedestrian": 0,
        "density": 335.4
      },
      "geometry": {
        "type": "Point",
        "coordinates": [
          -97.129,
          32.649
        ]
      }
    },
    {
      "type": "Feature",
      "properties": {
        "crashes": 14,
        "injury": 7,
        "fatal": 0,
        "pedestrian": 0,
        "density": 335.6
      },
      "geometry": {
        "type": "Point",
        "coordinates": [
          -97.071,
          32.705
        ]
      }
    },
    {
      "type": "Feature",
      "properties": {
        "crashes": 14,
        "injury": 6,
        "fatal": 1,
        "pedestrian": 0,
        "density": 335.9
      },
      "geometry": {
        "type": "Point",
        "coordinates": [
          -97.097,
          32.779
        ]
      }
    },
    {
      "type": "Feature",
      "properties": {
        "crashes": 14,
        "injury": 5,
        "fatal": 0,
        "pedestrian": 0,
        "density": 335.7
      },
      "geometry": {
        "type": "Point",
        "coordinates": [
          -97.163,
          32.707
        ]
      }
    },
    {
      "type": "Feature",
      "properties": {
        "crashes": 14,
        "injury": 6,
        "fatal": 0,
        "pedestrian": 0,
        "density": 335.5
      },
      "geometry": {
        "type": "Point",
        "coordinates": [
          -97.055,
          32.677
        ]
      }
    },
    {
      "type": "Feature",
      "properties": {
        "crashes": 14,
        "injury": 6,
        "fatal": 0,
        "pedestrian": 0,
        "density": 335.5
      },
      "geometry": {
        "type": "Point",
        "coordinates": [
          -97.129,
          32.677
        ]
      }
    },
    {
      "type": "Feature",
      "properties": {
        "crashes": 14,
        "injury": 4,
        "fatal": 0,
        "pedestrian": 0,
        "density": 335.7
      },
      "geometry": {
        "type": "Point",
        "coordinates": [
          -97.151,
          32.709
        ]
      }
    },
    {
      "type": "Feature",
      "properties": {
        "crashes": 14,
        "injury": 7,
        "fatal": 0,
        "pedestrian": 0,
        "density": 335.5
      },
      "geometry": {
        "type": "Point",
        "coordinates": [
          -97.073,
          32.677
        ]
      }
    },
    {
      "type": "Feature",
      "properties": {
        "crashes": 14,
        "injury": 8,
        "fatal": 1,
        "pedestrian": 0,
        "density": 335.8
      },
      "geometry": {
        "type": "Point",
        "coordinates": [
          -97.091,
          32.751
        ]
      }
    },
    {
      "type": "Feature",
      "properties": {
        "crashes": 14,
        "injury": 6,
        "fatal": 0,
        "pedestrian": 0,
        "density": 335.9
      },
      "geometry": {
        "type": "Point",
        "coordinates": [
          -97.081,
          32.763
        ]
      }
    },
    {
      "type": "Feature",
      "properties": {
        "crashes": 14,
        "injury": 8,
        "fatal": 0,
        "pedestrian": 0,
        "density": 335.5
      },
      "geometry": {
        "type": "Point",
        "coordinates": [
          -97.065,
          32.661
        ]
      }
    },
    {
      "type": "Feature",
      "properties": {
        "crashes": 14,
        "injury": 7,
        "fatal": 0,
        "pedestrian": 0,
        "density": 335.5
      },
      "geometry": {
        "type": "Point",
        "coordinates": [
          -97.115,
          32.665
        ]
      }
    },
    {
      "type": "Feature",
      "properties": {
        "crashes": 14,
        "injury": 7,
        "fatal": 0,
        "pedestrian": 0,
        "density": 335.8
      },
      "geometry": {
        "type": "Point",
        "coordinates": [
          -97.077,
          32.743
        ]
      }
    },
    {
      "type": "Feature",
      "properties": {
        "crashes": 13,
        "injury": 6,
        "fatal": 0,
        "pedestrian": 0,
        "density": 312.0
      },
      "geometry": {
        "type": "Point",
        "coordinates": [
          -97.053,
          32.793
        ]
      }
    },
    {
      "type": "Feature",
      "properties": {
        "crashes": 13,
        "injury": 6,
        "fatal": 0,
        "pedestrian": 1,
        "density": 311.7
      },
      "geometry": {
        "type": "Point",
        "coordinates": [
          -97.073,
          32.701
        ]
      }
    },
    {
      "type": "Feature",
      "properties": {
        "crashes": 13,
        "injury": 4,
        "fatal": 0,
        "pedestrian": 0,
        "density": 311.7
      },
      "geometry": {
        "type": "Point",
        "coordinates": [
          -97.131,
          32.715
        ]
      }
    },
    {
      "type": "Feature",
      "properties": {
        "crashes": 13,
        "injury": 6,
        "fatal": 0,
        "pedestrian": 0,
        "density": 311.7
      },
      "geometry": {
        "type": "Point",
        "coordinates": [
          -97.059,
          32.707
        ]
      }
    },
    {
      "type": "Feature",
      "properties": {
        "crashes": 13,
        "injury": 4,
        "fatal": 0,
        "pedestrian": 0,
        "density": 311.9
      },
      "geometry": {
        "type": "Point",
        "coordinates": [
          -97.073,
          32.779
        ]
      }
    },
    {
      "type": "Feature",
      "properties": {
        "crashes": 13,
        "injury": 4,
        "fatal": 2,
        "pedestrian": 1,
        "density": 311.9
      },
      "geometry": {
        "type": "Point",
        "coordinates": [
          -97.197,
          32.759
        ]
      }
    },
    {
      "type": "Feature",
      "properties": {
        "crashes": 13,
        "injury": 6,
        "fatal": 0,
        "pedestrian": 0,
        "density": 311.6
      },
      "geometry": {
        "type": "Point",
        "coordinates": [
          -97.071,
          32.677
        ]
      }
    },
    {
      "type": "Feature",
      "properties": {
        "crashes": 13,
        "injury": 6,
        "fatal": 0,
        "pedestrian": 0,
        "density": 311.8
      },
      "geometry": {
        "type": "Point",
        "coordinates": [
          -97.105,
          32.733
        ]
      }
    },
    {
      "type": "Feature",
      "properties": {
        "crashes": 13,
        "injury": 10,
        "fatal": 0,
        "pedestrian": 0,
        "density": 311.5
      },
      "geometry": {
        "type": "Point",
        "coordinates": [
          -97.189,
          32.647
        ]
      }
    },
    {
      "type": "Feature",
      "properties": {
        "crashes": 13,
        "injury": 7,
        "fatal": 0,
        "pedestrian": 0,
        "density": 311.7
      },
      "geometry": {
        "type": "Point",
        "coordinates": [
          -97.155,
          32.711
        ]
      }
    },
    {
      "type": "Feature",
      "properties": {
        "crashes": 13,
        "injury": 8,
        "fatal": 0,
        "pedestrian": 0,
        "density": 311.5
      },
      "geometry": {
        "type": "Point",
        "coordinates": [
          -97.175,
          32.649
        ]
      }
    },
    {
      "type": "Feature",
      "properties": {
        "crashes": 13,
        "injury": 9,
        "fatal": 0,
        "pedestrian": 1,
        "density": 311.5
      },
      "geometry": {
        "type": "Point",
        "coordinates": [
          -97.175,
          32.659
        ]
      }
    },
    {
      "type": "Feature",
      "properties": {
        "crashes": 13,
        "injury": 5,
        "fatal": 0,
        "pedestrian": 0,
        "density": 311.7
      },
      "geometry": {
        "type": "Point",
        "coordinates": [
          -97.069,
          32.713
        ]
      }
    },
    {
      "type": "Feature",
      "properties": {
        "crashes": 13,
        "injury": 6,
        "fatal": 0,
        "pedestrian": 0,
        "density": 311.8
      },
      "geometry": {
        "type": "Point",
        "coordinates": [
          -97.123,
          32.735
        ]
      }
    },
    {
      "type": "Feature",
      "properties": {
        "crashes": 13,
        "injury": 8,
        "fatal": 0,
        "pedestrian": 0,
        "density": 311.6
      },
      "geometry": {
        "type": "Point",
        "coordinates": [
          -97.135,
          32.685
        ]
      }
    },
    {
      "type": "Feature",
      "properties": {
        "crashes": 13,
        "injury": 4,
        "fatal": 0,
        "pedestrian": 0,
        "density": 311.6
      },
      "geometry": {
        "type": "Point",
        "coordinates": [
          -97.063,
          32.697
        ]
      }
    },
    {
      "type": "Feature",
      "properties": {
        "crashes": 13,
        "injury": 6,
        "fatal": 0,
        "pedestrian": 0,
        "density": 311.9
      },
      "geometry": {
        "type": "Point",
        "coordinates": [
          -97.061,
          32.773
        ]
      }
    },
    {
      "type": "Feature",
      "properties": {
        "crashes": 13,
        "injury": 2,
        "fatal": 0,
        "pedestrian": 0,
        "density": 311.9
      },
      "geometry": {
        "type": "Point",
        "coordinates": [
          -97.159,
          32.761
        ]
      }
    },
    {
      "type": "Feature",
      "properties": {
        "crashes": 13,
        "injury": 5,
        "fatal": 0,
        "pedestrian": 1,
        "density": 311.7
      },
      "geometry": {
        "type": "Point",
        "coordinates": [
          -97.177,
          32.707
        ]
      }
    },
    {
      "type": "Feature",
      "properties": {
        "crashes": 13,
        "injury": 5,
        "fatal": 0,
        "pedestrian": 0,
        "density": 311.9
      },
      "geometry": {
        "type": "Point",
        "coordinates": [
          -97.099,
          32.765
        ]
      }
    },
    {
      "type": "Feature",
      "properties": {
        "crashes": 13,
        "injury": 5,
        "fatal": 1,
        "pedestrian": 0,
        "density": 311.6
      },
      "geometry": {
        "type": "Point",
        "coordinates": [
          -97.191,
          32.697
        ]
      }
    },
    {
      "type": "Feature",
      "properties": {
        "crashes": 13,
        "injury": 2,
        "fatal": 0,
        "pedestrian": 0,
        "density": 311.9
      },
      "geometry": {
        "type": "Point",
        "coordinates": [
          -97.149,
          32.761
        ]
      }
    },
    {
      "type": "Feature",
      "properties": {
        "crashes": 13,
        "injury": 3,
        "fatal": 0,
        "pedestrian": 0,
        "density": 311.4
      },
      "geometry": {
        "type": "Point",
        "coordinates": [
          -97.063,
          32.635
        ]
      }
    },
    {
      "type": "Feature",
      "properties": {
        "crashes": 13,
        "injury": 10,
        "fatal": 0,
        "pedestrian": 0,
        "density": 311.6
      },
      "geometry": {
        "type": "Point",
        "coordinates": [
          -97.113,
          32.685
        ]
      }
    },
    {
      "type": "Feature",
      "properties": {
        "crashes": 13,
        "injury": 2,
        "fatal": 0,
        "pedestrian": 0,
        "density": 311.4
      },
      "geometry": {
        "type": "Point",
        "coordinates": [
          -97.115,
          32.635
        ]
      }
    },
    {
      "type": "Feature",
      "properties": {
        "crashes": 13,
        "injury": 7,
        "fatal": 0,
        "pedestrian": 0,
        "density": 311.7
      },
      "geometry": {
        "type": "Point",
        "coordinates": [
          -97.115,
          32.719
        ]
      }
    },
    {
      "type": "Feature",
      "properties": {
        "crashes": 13,
        "injury": 11,
        "fatal": 0,
        "pedestrian": 0,
        "density": 311.5
      },
      "geometry": {
        "type": "Point",
        "coordinates": [
          -97.123,
          32.655
        ]
      }
    },
    {
      "type": "Feature",
      "properties": {
        "crashes": 13,
        "injury": 7,
        "fatal": 0,
        "pedestrian": 0,
        "density": 311.7
      },
      "geometry": {
        "type": "Point",
        "coordinates": [
          -97.053,
          32.721
        ]
      }
    },
    {
      "type": "Feature",
      "properties": {
        "crashes": 13,
        "injury": 11,
        "fatal": 0,
        "pedestrian": 0,
        "density": 311.5
      },
      "geometry": {
        "type": "Point",
        "coordinates": [
          -97.159,
          32.649
        ]
      }
    },
    {
      "type": "Feature",
      "properties": {
        "crashes": 13,
        "injury": 5,
        "fatal": 0,
        "pedestrian": 0,
        "density": 311.5
      },
      "geometry": {
        "type": "Point",
        "coordinates": [
          -97.063,
          32.669
        ]
      }
    },
    {
      "type": "Feature",
      "properties": {
        "crashes": 12,
        "injury": 7,
        "fatal": 0,
        "pedestrian": 0,
        "density": 287.7
      },
      "geometry": {
        "type": "Point",
        "coordinates": [
          -97.107,
          32.701
        ]
      }
    },
    {
      "type": "Feature",
      "properties": {
        "crashes": 12,
        "injury": 4,
        "fatal": 1,
        "pedestrian": 0,
        "density": 287.9
      },
      "geometry": {
        "type": "Point",
        "coordinates": [
          -97.189,
          32.759
        ]
      }
    },
    {
      "type": "Feature",
      "properties": {
        "crashes": 12,
        "injury": 8,
        "fatal": 0,
        "pedestrian": 0,
        "density": 287.6
      },
      "geometry": {
        "type": "Point",
        "coordinates": [
          -97.121,
          32.677
        ]
      }
    },
    {
      "type": "Feature",
      "properties": {
        "crashes": 12,
        "injury": 6,
        "fatal": 0,
        "pedestrian": 0,
        "density": 287.5
      },
      "geometry": {
        "type": "Point",
        "coordinates": [
          -97.075,
          32.635
        ]
      }
    },
    {
      "type": "Feature",
      "properties": {
        "crashes": 12,
        "injury": 4,
        "fatal": 1,
        "pedestrian": 2,
        "density": 287.5
      },
      "geometry": {
        "type": "Point",
        "coordinates": [
          -97.143,
          32.649
        ]
      }
    },
    {
      "type": "Feature",
      "properties": {
        "crashes": 12,
        "injury": 5,
        "fatal": 1,
        "pedestrian": 0,
        "density": 287.6
      },
      "geometry": {
        "type": "Point",
        "coordinates": [
          -97.095,
          32.677
        ]
      }
    },
    {
      "type": "Feature",
      "properties": {
        "crashes": 12,
        "injury": 4,
        "fatal": 0,
        "pedestrian": 0,
        "density": 287.8
      },
      "geometry": {
        "type": "Point",
        "coordinates": [
          -97.105,
          32.749
        ]
      }
    },
    {
      "type": "Feature",
      "properties": {
        "crashes": 12,
        "injury": 5,
        "fatal": 0,
        "pedestrian": 0,
        "density": 287.9
      },
      "geometry": {
        "type": "Point",
        "coordinates": [
          -97.169,
          32.759
        ]
      }
    },
    {
      "type": "Feature",
      "properties": {
        "crashes": 12,
        "injury": 7,
        "fatal": 0,
        "pedestrian": 0,
        "density": 287.6
      },
      "geometry": {
        "type": "Point",
        "coordinates": [
          -97.079,
          32.677
        ]
      }
    },
    {
      "type": "Feature",
      "properties": {
        "crashes": 12,
        "injury": 8,
        "fatal": 0,
        "pedestrian": 0,
        "density": 287.7
      },
      "geometry": {
        "type": "Point",
        "coordinates": [
          -97.073,
          32.691
        ]
      }
    },
    {
      "type": "Feature",
      "properties": {
        "crashes": 12,
        "injury": 7,
        "fatal": 0,
        "pedestrian": 0,
        "density": 287.9
      },
      "geometry": {
        "type": "Point",
        "coordinates": [
          -97.081,
          32.755
        ]
      }
    },
    {
      "type": "Feature",
      "properties": {
        "crashes": 12,
        "injury": 7,
        "fatal": 0,
        "pedestrian": 0,
        "density": 287.5
      },
      "geometry": {
        "type": "Point",
        "coordinates": [
          -97.115,
          32.653
        ]
      }
    },
    {
      "type": "Feature",
      "properties": {
        "crashes": 12,
        "injury": 2,
        "fatal": 0,
        "pedestrian": 1,
        "density": 287.6
      },
      "geometry": {
        "type": "Point",
        "coordinates": [
          -97.149,
          32.687
        ]
      }
    },
    {
      "type": "Feature",
      "properties": {
        "crashes": 12,
        "injury": 6,
        "fatal": 0,
        "pedestrian": 0,
        "density": 288.0
      },
      "geometry": {
        "type": "Point",
        "coordinates": [
          -97.047,
          32.793
        ]
      }
    },
    {
      "type": "Feature",
      "properties": {
        "crashes": 12,
        "injury": 7,
        "fatal": 0,
        "pedestrian": 0,
        "density": 287.8
      },
      "geometry": {
        "type": "Point",
        "coordinates": [
          -97.069,
          32.747
        ]
      }
    },
    {
      "type": "Feature",
      "properties": {
        "crashes": 12,
        "injury": 8,
        "fatal": 1,
        "pedestrian": 0,
        "density": 287.6
      },
      "geometry": {
        "type": "Point",
        "coordinates": [
          -97.141,
          32.675
        ]
      }
    },
    {
      "type": "Feature",
      "properties": {
        "crashes": 12,
        "injury": 2,
        "fatal": 0,
        "pedestrian": 0,
        "density": 287.8
      },
      "geometry": {
        "type": "Point",
        "coordinates": [
          -97.145,
          32.721
        ]
      }
    },
    {
      "type": "Feature",
      "properties": {
        "crashes": 12,
        "injury": 5,
        "fatal": 0,
        "pedestrian": 0,
        "density": 287.9
      },
      "geometry": {
        "type": "Point",
        "coordinates": [
          -97.183,
          32.765
        ]
      }
    },
    {
      "type": "Feature",
      "properties": {
        "crashes": 12,
        "injury": 6,
        "fatal": 0,
        "pedestrian": 0,
        "density": 287.9
      },
      "geometry": {
        "type": "Point",
        "coordinates": [
          -97.193,
          32.759
        ]
      }
    },
    {
      "type": "Feature",
      "properties": {
        "crashes": 12,
        "injury": 8,
        "fatal": 0,
        "pedestrian": 0,
        "density": 287.8
      },
      "geometry": {
        "type": "Point",
        "coordinates": [
          -97.085,
          32.741
        ]
      }
    },
    {
      "type": "Feature",
      "properties": {
        "crashes": 12,
        "injury": 5,
        "fatal": 0,
        "pedestrian": 0,
        "density": 287.8
      },
      "geometry": {
        "type": "Point",
        "coordinates": [
          -97.187,
          32.729
        ]
      }
    },
    {
      "type": "Feature",
      "properties": {
        "crashes": 12,
        "injury": 7,
        "fatal": 0,
        "pedestrian": 0,
        "density": 287.7
      },
      "geometry": {
        "type": "Point",
        "coordinates": [
          -97.131,
          32.719
        ]
      }
    },
    {
      "type": "Feature",
      "properties": {
        "crashes": 12,
        "injury": 4,
        "fatal": 0,
        "pedestrian": 0,
        "density": 287.5
      },
      "geometry": {
        "type": "Point",
        "coordinates": [
          -97.051,
          32.647
        ]
      }
    },
    {
      "type": "Feature",
      "properties": {
        "crashes": 12,
        "injury": 4,
        "fatal": 0,
        "pedestrian": 0,
        "density": 287.9
      },
      "geometry": {
        "type": "Point",
        "coordinates": [
          -97.081,
          32.753
        ]
      }
    },
    {
      "type": "Feature",
      "properties": {
        "crashes": 12,
        "injury": 5,
        "fatal": 0,
        "pedestrian": 0,
        "density": 288.0
      },
      "geometry": {
        "type": "Point",
        "coordinates": [
          -97.117,
          32.783
        ]
      }
    },
    {
      "type": "Feature",
      "properties": {
        "crashes": 12,
        "injury": 6,
        "fatal": 0,
        "pedestrian": 0,
        "density": 287.6
      },
      "geometry": {
        "type": "Point",
        "coordinates": [
          -97.115,
          32.687
        ]
      }
    },
    {
      "type": "Feature",
      "properties": {
        "crashes": 12,
        "injury": 3,
        "fatal": 0,
        "pedestrian": 0,
        "density": 287.6
      },
      "geometry": {
        "type": "Point",
        "coordinates": [
          -97.063,
          32.667
        ]
      }
    },
    {
      "type": "Feature",
      "properties": {
        "crashes": 12,
        "injury": 4,
        "fatal": 0,
        "pedestrian": 0,
        "density": 287.5
      },
      "geometry": {
        "type": "Point",
        "coordinates": [
          -97.089,
          32.653
        ]
      }
    },
    {
      "type": "Feature",
      "properties": {
        "crashes": 12,
        "injury": 6,
        "fatal": 0,
        "pedestrian": 0,
        "density": 287.9
      },
      "geometry": {
        "type": "Point",
        "coordinates": [
          -97.077,
          32.761
        ]
      }
    },
    {
      "type": "Feature",
      "properties": {
        "crashes": 12,
        "injury": 6,
        "fatal": 0,
        "pedestrian": 0,
        "density": 287.9
      },
      "geometry": {
        "type": "Point",
        "coordinates": [
          -97.187,
          32.781
        ]
      }
    },
    {
      "type": "Feature",
      "properties": {
        "crashes": 12,
        "injury": 6,
        "fatal": 1,
        "pedestrian": 0,
        "density": 287.8
      },
      "geometry": {
        "type": "Point",
        "coordinates": [
          -97.105,
          32.725
        ]
      }
    },
    {
      "type": "Feature",
      "properties": {
        "crashes": 12,
        "injury": 5,
        "fatal": 0,
        "pedestrian": 0,
        "density": 287.5
      },
      "geometry": {
        "type": "Point",
        "coordinates": [
          -97.065,
          32.649
        ]
      }
    },
    {
      "type": "Feature",
      "properties": {
        "crashes": 12,
        "injury": 2,
        "fatal": 0,
        "pedestrian": 0,
        "density": 287.9
      },
      "geometry": {
        "type": "Point",
        "coordinates": [
          -97.175,
          32.777
        ]
      }
    },
    {
      "type": "Feature",
      "properties": {
        "crashes": 12,
        "injury": 3,
        "fatal": 0,
        "pedestrian": 0,
        "density": 287.9
      },
      "geometry": {
        "type": "Point",
        "coordinates": [
          -97.131,
          32.757
        ]
      }
    },
    {
      "type": "Feature",
      "properties": {
        "crashes": 12,
        "injury": 6,
        "fatal": 0,
        "pedestrian": 0,
        "density": 287.8
      },
      "geometry": {
        "type": "Point",
        "coordinates": [
          -97.109,
          32.739
        ]
      }
    },
    {
      "type": "Feature",
      "properties": {
        "crashes": 11,
        "injury": 4,
        "fatal": 0,
        "pedestrian": 0,
        "density": 263.8
      },
      "geometry": {
        "type": "Point",
        "coordinates": [
          -97.183,
          32.721
        ]
      }
    },
    {
      "type": "Feature",
      "properties": {
        "crashes": 11,
        "injury": 5,
        "fatal": 1,
        "pedestrian": 0,
        "density": 263.6
      },
      "geometry": {
        "type": "Point",
        "coordinates": [
          -97.135,
          32.665
        ]
      }
    },
    {
      "type": "Feature",
      "properties": {
        "crashes": 11,
        "injury": 3,
        "fatal": 0,
        "pedestrian": 0,
        "density": 263.7
      },
      "geometry": {
        "type": "Point",
        "coordinates": [
          -97.089,
          32.691
        ]
      }
    },
    {
      "type": "Feature",
      "properties": {
        "crashes": 11,
        "injury": 8,
        "fatal": 1,
        "pedestrian": 0,
        "density": 263.6
      },
      "geometry": {
        "type": "Point",
        "coordinates": [
          -97.077,
          32.657
        ]
      }
    },
    {
      "type": "Feature",
      "properties": {
        "crashes": 11,
        "injury": 7,
        "fatal": 0,
        "pedestrian": 0,
        "density": 263.6
      },
      "geometry": {
        "type": "Point",
        "coordinates": [
          -97.071,
          32.659
        ]
      }
    },
    {
      "type": "Feature",
      "properties": {
        "crashes": 11,
        "injury": 6,
        "fatal": 0,
        "pedestrian": 0,
        "density": 263.7
      },
      "geometry": {
        "type": "Point",
        "coordinates": [
          -97.201,
          32.689
        ]
      }
    },
    {
      "type": "Feature",
      "properties": {
        "crashes": 11,
        "injury": 3,
        "fatal": 0,
        "pedestrian": 1,
        "density": 263.8
      },
      "geometry": {
        "type": "Point",
        "coordinates": [
          -97.139,
          32.721
        ]
      }
    },
    {
      "type": "Feature",
      "properties": {
        "crashes": 11,
        "injury": 7,
        "fatal": 0,
        "pedestrian": 0,
        "density": 263.8
      },
      "geometry": {
        "type": "Point",
        "coordinates": [
          -97.093,
          32.721
        ]
      }
    },
    {
      "type": "Feature",
      "properties": {
        "crashes": 11,
        "injury": 4,
        "fatal": 0,
        "pedestrian": 0,
        "density": 263.9
      },
      "geometry": {
        "type": "Point",
        "coordinates": [
          -97.173,
          32.753
        ]
      }
    },
    {
      "type": "Feature",
      "properties": {
        "crashes": 11,
        "injury": 3,
        "fatal": 0,
        "pedestrian": 0,
        "density": 263.9
      },
      "geometry": {
        "type": "Point",
        "coordinates": [
          -97.085,
          32.749
        ]
      }
    },
    {
      "type": "Feature",
      "properties": {
        "crashes": 11,
        "injury": 3,
        "fatal": 0,
        "pedestrian": 0,
        "density": 263.9
      },
      "geometry": {
        "type": "Point",
        "coordinates": [
          -97.163,
          32.761
        ]
      }
    },
    {
      "type": "Feature",
      "properties": {
        "crashes": 11,
        "injury": 5,
        "fatal": 0,
        "pedestrian": 0,
        "density": 263.6
      },
      "geometry": {
        "type": "Point",
        "coordinates": [
          -97.091,
          32.677
        ]
      }
    },
    {
      "type": "Feature",
      "properties": {
        "crashes": 11,
        "injury": 3,
        "fatal": 0,
        "pedestrian": 0,
        "density": 263.9
      },
      "geometry": {
        "type": "Point",
        "coordinates": [
          -97.067,
          32.755
        ]
      }
    },
    {
      "type": "Feature",
      "properties": {
        "crashes": 11,
        "injury": 5,
        "fatal": 0,
        "pedestrian": 0,
        "density": 263.5
      },
      "geometry": {
        "type": "Point",
        "coordinates": [
          -97.073,
          32.633
        ]
      }
    },
    {
      "type": "Feature",
      "properties": {
        "crashes": 11,
        "injury": 7,
        "fatal": 0,
        "pedestrian": 0,
        "density": 263.6
      },
      "geometry": {
        "type": "Point",
        "coordinates": [
          -97.081,
          32.647
        ]
      }
    },
    {
      "type": "Feature",
      "properties": {
        "crashes": 11,
        "injury": 4,
        "fatal": 0,
        "pedestrian": 0,
        "density": 263.9
      },
      "geometry": {
        "type": "Point",
        "coordinates": [
          -97.119,
          32.759
        ]
      }
    },
    {
      "type": "Feature",
      "properties": {
        "crashes": 11,
        "injury": 4,
        "fatal": 0,
        "pedestrian": 0,
        "density": 264.0
      },
      "geometry": {
        "type": "Point",
        "coordinates": [
          -97.177,
          32.795
        ]
      }
    },
    {
      "type": "Feature",
      "properties": {
        "crashes": 11,
        "injury": 6,
        "fatal": 0,
        "pedestrian": 0,
        "density": 263.9
      },
      "geometry": {
        "type": "Point",
        "coordinates": [
          -97.121,
          32.759
        ]
      }
    },
    {
      "type": "Feature",
      "properties": {
        "crashes": 11,
        "injury": 6,
        "fatal": 0,
        "pedestrian": 0,
        "density": 263.6
      },
      "geometry": {
        "type": "Point",
        "coordinates": [
          -97.135,
          32.653
        ]
      }
    },
    {
      "type": "Feature",
      "properties": {
        "crashes": 11,
        "injury": 6,
        "fatal": 0,
        "pedestrian": 0,
        "density": 263.6
      },
      "geometry": {
        "type": "Point",
        "coordinates": [
          -97.131,
          32.671
        ]
      }
    },
    {
      "type": "Feature",
      "properties": {
        "crashes": 11,
        "injury": 8,
        "fatal": 0,
        "pedestrian": 0,
        "density": 263.9
      },
      "geometry": {
        "type": "Point",
        "coordinates": [
          -97.097,
          32.773
        ]
      }
    },
    {
      "type": "Feature",
      "properties": {
        "crashes": 11,
        "injury": 7,
        "fatal": 0,
        "pedestrian": 0,
        "density": 263.6
      },
      "geometry": {
        "type": "Point",
        "coordinates": [
          -97.099,
          32.677
        ]
      }
    },
    {
      "type": "Feature",
      "properties": {
        "crashes": 11,
        "injury": 6,
        "fatal": 0,
        "pedestrian": 0,
        "density": 263.9
      },
      "geometry": {
        "type": "Point",
        "coordinates": [
          -97.191,
          32.757
        ]
      }
    },
    {
      "type": "Feature",
      "properties": {
        "crashes": 11,
        "injury": 3,
        "fatal": 0,
        "pedestrian": 0,
        "density": 263.8
      },
      "geometry": {
        "type": "Point",
        "coordinates": [
          -97.083,
          32.727
        ]
      }
    },
    {
      "type": "Feature",
      "properties": {
        "crashes": 11,
        "injury": 7,
        "fatal": 0,
        "pedestrian": 0,
        "density": 263.6
      },
      "geometry": {
        "type": "Point",
        "coordinates": [
          -97.149,
          32.679
        ]
      }
    },
    {
      "type": "Feature",
      "properties": {
        "crashes": 11,
        "injury": 8,
        "fatal": 0,
        "pedestrian": 0,
        "density": 263.9
      },
      "geometry": {
        "type": "Point",
        "coordinates": [
          -97.085,
          32.773
        ]
      }
    },
    {
      "type": "Feature",
      "properties": {
        "crashes": 11,
        "injury": 6,
        "fatal": 0,
        "pedestrian": 0,
        "density": 263.8
      },
      "geometry": {
        "type": "Point",
        "coordinates": [
          -97.113,
          32.721
        ]
      }
    },
    {
      "type": "Feature",
      "properties": {
        "crashes": 11,
        "injury": 5,
        "fatal": 0,
        "pedestrian": 0,
        "density": 263.9
      },
      "geometry": {
        "type": "Point",
        "coordinates": [
          -97.141,
          32.751
        ]
      }
    },
    {
      "type": "Feature",
      "properties": {
        "crashes": 11,
        "injury": 3,
        "fatal": 0,
        "pedestrian": 0,
        "density": 263.9
      },
      "geometry": {
        "type": "Point",
        "coordinates": [
          -97.161,
          32.763
        ]
      }
    },
    {
      "type": "Feature",
      "properties": {
        "crashes": 11,
        "injury": 8,
        "fatal": 0,
        "pedestrian": 0,
        "density": 263.7
      },
      "geometry": {
        "type": "Point",
        "coordinates": [
          -97.179,
          32.707
        ]
      }
    },
    {
      "type": "Feature",
      "properties": {
        "crashes": 11,
        "injury": 6,
        "fatal": 0,
        "pedestrian": 0,
        "density": 263.8
      },
      "geometry": {
        "type": "Point",
        "coordinates": [
          -97.197,
          32.725
        ]
      }
    },
    {
      "type": "Feature",
      "properties": {
        "crashes": 11,
        "injury": 4,
        "fatal": 0,
        "pedestrian": 0,
        "density": 263.7
      },
      "geometry": {
        "type": "Point",
        "coordinates": [
          -97.063,
          32.701
        ]
      }
    },
    {
      "type": "Feature",
      "properties": {
        "crashes": 11,
        "injury": 7,
        "fatal": 0,
        "pedestrian": 0,
        "density": 263.5
      },
      "geometry": {
        "type": "Point",
        "coordinates": [
          -97.115,
          32.631
        ]
      }
    },
    {
      "type": "Feature",
      "properties": {
        "crashes": 11,
        "injury": 6,
        "fatal": 0,
        "pedestrian": 0,
        "density": 263.6
      },
      "geometry": {
        "type": "Point",
        "coordinates": [
          -97.069,
          32.659
        ]
      }
    },
    {
      "type": "Feature",
      "properties": {
        "crashes": 11,
        "injury": 7,
        "fatal": 0,
        "pedestrian": 0,
        "density": 263.9
      },
      "geometry": {
        "type": "Point",
        "coordinates": [
          -97.067,
          32.767
        ]
      }
    },
    {
      "type": "Feature",
      "properties": {
        "crashes": 11,
        "injury": 4,
        "fatal": 0,
        "pedestrian": 1,
        "density": 263.8
      },
      "geometry": {
        "type": "Point",
        "coordinates": [
          -97.123,
          32.725
        ]
      }
    },
    {
      "type": "Feature",
      "properties": {
        "crashes": 11,
        "injury": 6,
        "fatal": 0,
        "pedestrian": 0,
        "density": 263.7
      },
      "geometry": {
        "type": "Point",
        "coordinates": [
          -97.081,
          32.703
        ]
      }
    },
    {
      "type": "Feature",
      "properties": {
        "crashes": 11,
        "injury": 5,
        "fatal": 0,
        "pedestrian": 0,
        "density": 263.7
      },
      "geometry": {
        "type": "Point",
        "coordinates": [
          -97.119,
          32.703
        ]
      }
    },
    {
      "type": "Feature",
      "properties": {
        "crashes": 11,
        "injury": 0,
        "fatal": 0,
        "pedestrian": 0,
        "density": 263.7
      },
      "geometry": {
        "type": "Point",
        "coordinates": [
          -97.067,
          32.701
        ]
      }
    },
    {
      "type": "Feature",
      "properties": {
        "crashes": 11,
        "injury": 9,
        "fatal": 0,
        "pedestrian": 0,
        "density": 263.9
      },
      "geometry": {
        "type": "Point",
        "coordinates": [
          -97.109,
          32.751
        ]
      }
    },
    {
      "type": "Feature",
      "properties": {
        "crashes": 11,
        "injury": 6,
        "fatal": 0,
        "pedestrian": 0,
        "density": 263.8
      },
      "geometry": {
        "type": "Point",
        "coordinates": [
          -97.197,
          32.729
        ]
      }
    },
    {
      "type": "Feature",
      "properties": {
        "crashes": 11,
        "injury": 8,
        "fatal": 0,
        "pedestrian": 0,
        "density": 263.9
      },
      "geometry": {
        "type": "Point",
        "coordinates": [
          -97.079,
          32.777
        ]
      }
    },
    {
      "type": "Feature",
      "properties": {
        "crashes": 11,
        "injury": 3,
        "fatal": 0,
        "pedestrian": 0,
        "density": 263.7
      },
      "geometry": {
        "type": "Point",
        "coordinates": [
          -97.141,
          32.707
        ]
      }
    },
    {
      "type": "Feature",
      "properties": {
        "crashes": 11,
        "injury": 6,
        "fatal": 0,
        "pedestrian": 0,
        "density": 263.8
      },
      "geometry": {
        "type": "Point",
        "coordinates": [
          -97.059,
          32.721
        ]
      }
    },
    {
      "type": "Feature",
      "properties": {
        "crashes": 11,
        "injury": 6,
        "fatal": 0,
        "pedestrian": 0,
        "density": 263.9
      },
      "geometry": {
        "type": "Point",
        "coordinates": [
          -97.119,
          32.761
        ]
      }
    },
    {
      "type": "Feature",
      "properties": {
        "crashes": 11,
        "injury": 5,
        "fatal": 0,
        "pedestrian": 0,
        "density": 263.6
      },
      "geometry": {
        "type": "Point",
        "coordinates": [
          -97.109,
          32.677
        ]
      }
    },
    {
      "type": "Feature",
      "properties": {
        "crashes": 11,
        "injury": 4,
        "fatal": 0,
        "pedestrian": 0,
        "density": 264.0
      },
      "geometry": {
        "type": "Point",
        "coordinates": [
          -97.097,
          32.785
        ]
      }
    },
    {
      "type": "Feature",
      "properties": {
        "crashes": 11,
        "injury": 6,
        "fatal": 0,
        "pedestrian": 1,
        "density": 263.7
      },
      "geometry": {
        "type": "Point",
        "coordinates": [
          -97.131,
          32.699
        ]
      }
    },
    {
      "type": "Feature",
      "properties": {
        "crashes": 10,
        "injury": 3,
        "fatal": 0,
        "pedestrian": 0,
        "density": 239.8
      },
      "geometry": {
        "type": "Point",
        "coordinates": [
          -97.101,
          32.735
        ]
      }
    },
    {
      "type": "Feature",
      "properties": {
        "crashes": 10,
        "injury": 6,
        "fatal": 0,
        "pedestrian": 0,
        "density": 239.7
      },
      "geometry": {
        "type": "Point",
        "coordinates": [
          -97.123,
          32.681
        ]
      }
    },
    {
      "type": "Feature",
      "properties": {
        "crashes": 10,
        "injury": 6,
        "fatal": 0,
        "pedestrian": 0,
        "density": 239.8
      },
      "geometry": {
        "type": "Point",
        "coordinates": [
          -97.121,
          32.739
        ]
      }
    },
    {
      "type": "Feature",
      "properties": {
        "crashes": 10,
        "injury": 6,
        "fatal": 0,
        "pedestrian": 0,
        "density": 239.9
      },
      "geometry": {
        "type": "Point",
        "coordinates": [
          -97.099,
          32.751
        ]
      }
    },
    {
      "type": "Feature",
      "properties": {
        "crashes": 10,
        "injury": 2,
        "fatal": 0,
        "pedestrian": 0,
        "density": 240.0
      },
      "geometry": {
        "type": "Point",
        "coordinates": [
          -97.097,
          32.781
        ]
      }
    },
    {
      "type": "Feature",
      "properties": {
        "crashes": 10,
        "injury": 3,
        "fatal": 0,
        "pedestrian": 0,
        "density": 239.9
      },
      "geometry": {
        "type": "Point",
        "coordinates": [
          -97.199,
          32.755
        ]
      }
    },
    {
      "type": "Feature",
      "properties": {
        "crashes": 10,
        "injury": 7,
        "fatal": 0,
        "pedestrian": 0,
        "density": 239.8
      },
      "geometry": {
        "type": "Point",
        "coordinates": [
          -97.081,
          32.717
        ]
      }
    },
    {
      "type": "Feature",
      "properties": {
        "crashes": 10,
        "injury": 3,
        "fatal": 0,
        "pedestrian": 0,
        "density": 239.7
      },
      "geometry": {
        "type": "Point",
        "coordinates": [
          -97.115,
          32.705
        ]
      }
    },
    {
      "type": "Feature",
      "properties": {
        "crashes": 10,
        "injury": 2,
        "fatal": 0,
        "pedestrian": 0,
        "density": 239.7
      },
      "geometry": {
        "type": "Point",
        "coordinates": [
          -97.057,
          32.673
        ]
      }
    },
    {
      "type": "Feature",
      "properties": {
        "crashes": 10,
        "injury": 1,
        "fatal": 0,
        "pedestrian": 0,
        "density": 239.6
      },
      "geometry": {
        "type": "Point",
        "coordinates": [
          -97.067,
          32.631
        ]
      }
    },
    {
      "type": "Feature",
      "properties": {
        "crashes": 10,
        "injury": 5,
        "fatal": 1,
        "pedestrian": 0,
        "density": 239.5
      },
      "geometry": {
        "type": "Point",
        "coordinates": [
          -97.103,
          32.629
        ]
      }
    },
    {
      "type": "Feature",
      "properties": {
        "crashes": 10,
        "injury": 4,
        "fatal": 0,
        "pedestrian": 0,
        "density": 239.8
      },
      "geometry": {
        "type": "Point",
        "coordinates": [
          -97.111,
          32.721
        ]
      }
    },
    {
      "type": "Feature",
      "properties": {
        "crashes": 10,
        "injury": 8,
        "fatal": 0,
        "pedestrian": 0,
        "density": 239.9
      },
      "geometry": {
        "type": "Point",
        "coordinates": [
          -97.089,
          32.765
        ]
      }
    },
    {
      "type": "Feature",
      "properties": {
        "crashes": 10,
        "injury": 3,
        "fatal": 0,
        "pedestrian": 0,
        "density": 239.7
      },
      "geometry": {
        "type": "Point",
        "coordinates": [
          -97.097,
          32.691
        ]
      }
    },
    {
      "type": "Feature",
      "properties": {
        "crashes": 10,
        "injury": 2,
        "fatal": 0,
        "pedestrian": 0,
        "density": 240.0
      },
      "geometry": {
        "type": "Point",
        "coordinates": [
          -97.069,
          32.783
        ]
      }
    },
    {
      "type": "Feature",
      "properties": {
        "crashes": 10,
        "injury": 5,
        "fatal": 0,
        "pedestrian": 0,
        "density": 239.6
      },
      "geometry": {
        "type": "Point",
        "coordinates": [
          -97.133,
          32.647
        ]
      }
    },
    {
      "type": "Feature",
      "properties": {
        "crashes": 10,
        "injury": 3,
        "fatal": 0,
        "pedestrian": 0,
        "density": 239.6
      },
      "geometry": {
        "type": "Point",
        "coordinates": [
          -97.179,
          32.637
        ]
      }
    },
    {
      "type": "Feature",
      "properties": {
        "crashes": 10,
        "injury": 5,
        "fatal": 0,
        "pedestrian": 0,
        "density": 240.0
      },
      "geometry": {
        "type": "Point",
        "coordinates": [
          -97.169,
          32.803
        ]
      }
    },
    {
      "type": "Feature",
      "properties": {
        "crashes": 10,
        "injury": 5,
        "fatal": 0,
        "pedestrian": 0,
        "density": 239.9
      },
      "geometry": {
        "type": "Point",
        "coordinates": [
          -97.089,
          32.753
        ]
      }
    },
    {
      "type": "Feature",
      "properties": {
        "crashes": 10,
        "injury": 7,
        "fatal": 0,
        "pedestrian": 0,
        "density": 239.7
      },
      "geometry": {
        "type": "Point",
        "coordinates": [
          -97.081,
          32.705
        ]
      }
    },
    {
      "type": "Feature",
      "properties": {
        "crashes": 10,
        "injury": 2,
        "fatal": 0,
        "pedestrian": 0,
        "density": 239.7
      },
      "geometry": {
        "type": "Point",
        "coordinates": [
          -97.115,
          32.693
        ]
      }
    },
    {
      "type": "Feature",
      "properties": {
        "crashes": 10,
        "injury": 4,
        "fatal": 1,
        "pedestrian": 0,
        "density": 239.9
      },
      "geometry": {
        "type": "Point",
        "coordinates": [
          -97.115,
          32.757
        ]
      }
    },
    {
      "type": "Feature",
      "properties": {
        "crashes": 10,
        "injury": 3,
        "fatal": 0,
        "pedestrian": 0,
        "density": 240.0
      },
      "geometry": {
        "type": "Point",
        "coordinates": [
          -97.195,
          32.803
        ]
      }
    },
    {
      "type": "Feature",
      "properties": {
        "crashes": 10,
        "injury": 6,
        "fatal": 0,
        "pedestrian": 0,
        "density": 239.8
      },
      "geometry": {
        "type": "Point",
        "coordinates": [
          -97.075,
          32.721
        ]
      }
    },
    {
      "type": "Feature",
      "properties": {
        "crashes": 10,
        "injury": 3,
        "fatal": 0,
        "pedestrian": 0,
        "density": 239.8
      },
      "geometry": {
        "type": "Point",
        "coordinates": [
          -97.147,
          32.735
        ]
      }
    },
    {
      "type": "Feature",
      "properties": {
        "crashes": 10,
        "injury": 3,
        "fatal": 0,
        "pedestrian": 0,
        "density": 239.7
      },
      "geometry": {
        "type": "Point",
        "coordinates": [
          -97.065,
          32.679
        ]
      }
    },
    {
      "type": "Feature",
      "properties": {
        "crashes": 10,
        "injury": 6,
        "fatal": 0,
        "pedestrian": 0,
        "density": 239.7
      },
      "geometry": {
        "type": "Point",
        "coordinates": [
          -97.167,
          32.681
        ]
      }
    },
    {
      "type": "Feature",
      "properties": {
        "crashes": 10,
        "injury": 4,
        "fatal": 0,
        "pedestrian": 0,
        "density": 239.7
      },
      "geometry": {
        "type": "Point",
        "coordinates": [
          -97.049,
          32.691
        ]
      }
    },
    {
      "type": "Feature",
      "properties": {
        "crashes": 10,
        "injury": 4,
        "fatal": 0,
        "pedestrian": 0,
        "density": 239.9
      },
      "geometry": {
        "type": "Point",
        "coordinates": [
          -97.163,
          32.757
        ]
      }
    },
    {
      "type": "Feature",
      "properties": {
        "crashes": 10,
        "injury": 3,
        "fatal": 1,
        "pedestrian": 0,
        "density": 239.8
      },
      "geometry": {
        "type": "Point",
        "coordinates": [
          -97.157,
          32.707
        ]
      }
    },
    {
      "type": "Feature",
      "properties": {
        "crashes": 10,
        "injury": 3,
        "fatal": 0,
        "pedestrian": 0,
        "density": 239.6
      },
      "geometry": {
        "type": "Point",
        "coordinates": [
          -97.183,
          32.645
        ]
      }
    },
    {
      "type": "Feature",
      "properties": {
        "crashes": 10,
        "injury": 6,
        "fatal": 0,
        "pedestrian": 0,
        "density": 239.7
      },
      "geometry": {
        "type": "Point",
        "coordinates": [
          -97.119,
          32.705
        ]
      }
    },
    {
      "type": "Feature",
      "properties": {
        "crashes": 10,
        "injury": 4,
        "fatal": 0,
        "pedestrian": 0,
        "density": 239.8
      },
      "geometry": {
        "type": "Point",
        "coordinates": [
          -97.105,
          32.737
        ]
      }
    }
  ]
}